{"type":"FeatureCollection","features":[{"type":"Feature","properties":{"parcel_id":"qiantan_xuhui_riverside:parcel:0003","geometry_method":"road_barrier_raster_plus_buildings","functional_type":"residential","dominant_type":"residential","confidence":0.81,"building_count":1,"avg_building_area_m2":3548,"centroid_lng":121.458828,"centroid_lat":31.13333,"parcel_area_m2":833800,"safety_clipped":false,"classification_source":"osm_tags+building_morphology+spatial_prior","synthetic_classification":true,"qc_flags":""},"geometry":{"type":"MultiPolygon","coordinates":[[[[121.45990934897156,31.133093263245907],[121.46987877996848,31.133093263245907],[121.46987877996848,31.1333839983939],[121.45990934897156,31.1333839983939],[121.45990934897156,31.133093263245907]]],[[[121.45990934897156,31.1333839983939],[121.46952272886145,31.1333839983939],[121.46952272886145,31.13367473354189],[121.45990934897156,31.13367473354189],[121.45990934897156,31.1333839983939]]],[[[121.4591972467575,31.13367473354189],[121.46952272886145,31.13367473354189],[121.46952272886145,31.133965468689883],[121.4591972467575,31.133965468689883],[121.4591972467575,31.13367473354189]]],[[[121.45848514454343,31.133965468689883],[121.46952272886145,31.133965468689883],[121.46952272886145,31.134256203837875],[121.45848514454343,31.134256203837875],[121.45848514454343,31.133965468689883]]],[[[121.45848514454343,31.134256203837875],[121.46916667775442,31.134256203837875],[121.46916667775442,31.134546938985867],[121.45848514454343,31.134546938985867],[121.45848514454343,31.134256203837875]]],[[[121.4581290934364,31.134546938985864],[121.46881062664738,31.134546938985864],[121.46881062664738,31.134837674133856],[121.4581290934364,31.134837674133856],[121.4581290934364,31.134546938985864]]],[[[121.4581290934364,31.134837674133856],[121.46845457554035,31.134837674133856],[121.46845457554035,31.135128409281847],[121.4581290934364,31.135128409281847],[121.4581290934364,31.134837674133856]]],[[[121.45777304232936,31.135128409281847],[121.46809852443332,31.135128409281847],[121.46809852443332,31.13541914442984],[121.45777304232936,31.13541914442984],[121.45777304232936,31.135128409281847]]],[[[121.45741699122233,31.13541914442984],[121.46774247332628,31.13541914442984],[121.46774247332628,31.13570987957783],[121.45741699122233,31.13570987957783],[121.45741699122233,31.13541914442984]]],[[[121.45741699122233,31.13570987957783],[121.46525011557705,31.13570987957783],[121.46525011557705,31.136000614725823],[121.45741699122233,31.136000614725823],[121.45741699122233,31.13570987957783]]],[[[121.46667432000518,31.13570987957783],[121.46738642221925,31.13570987957783],[121.46738642221925,31.136000614725823],[121.46667432000518,31.136000614725823],[121.46667432000518,31.13570987957783]]],[[[121.45741699122233,31.136000614725823],[121.46525011557705,31.136000614725823],[121.46525011557705,31.136291349873815],[121.45741699122233,31.136291349873815],[121.45741699122233,31.136000614725823]]],[[[121.46703037111222,31.136000614725823],[121.46738642221925,31.136000614725823],[121.46738642221925,31.136291349873815],[121.46703037111222,31.136291349873815],[121.46703037111222,31.136000614725823]]],[[[121.4570609401153,31.136291349873815],[121.46525011557705,31.136291349873815],[121.46525011557705,31.136582085021807],[121.4570609401153,31.136582085021807],[121.4570609401153,31.136291349873815]]],[[[121.4570609401153,31.136582085021807],[121.46596221779112,31.136582085021807],[121.46596221779112,31.1368728201698],[121.4570609401153,31.1368728201698],[121.4570609401153,31.136582085021807]]],[[[121.45670488900826,31.136872820169796],[121.46631826889815,31.136872820169796],[121.46631826889815,31.137163555317787],[121.45670488900826,31.137163555317787],[121.45670488900826,31.136872820169796]]],[[[121.45670488900826,31.137163555317787],[121.46596221779112,31.137163555317787],[121.46596221779112,31.13745429046578],[121.45670488900826,31.13745429046578],[121.45670488900826,31.137163555317787]]],[[[121.45670488900826,31.13745429046578],[121.46560616668408,31.13745429046578],[121.46560616668408,31.13774502561377],[121.45670488900826,31.13774502561377],[121.45670488900826,31.13745429046578]]],[[[121.45670488900826,31.13774502561377],[121.46525011557705,31.13774502561377],[121.46525011557705,31.138035760761763],[121.45670488900826,31.138035760761763],[121.45670488900826,31.13774502561377]]],[[[121.45634883790123,31.138035760761763],[121.46489406447002,31.138035760761763],[121.46489406447002,31.138326495909755],[121.45634883790123,31.138326495909755],[121.45634883790123,31.138035760761763]]],[[[121.45634883790123,31.138326495909755],[121.46453801336298,31.138326495909755],[121.46453801336298,31.138617231057747],[121.45634883790123,31.138617231057747],[121.45634883790123,31.138326495909755]]],[[[121.4559927867942,31.138617231057747],[121.46418196225595,31.138617231057747],[121.46418196225595,31.13890796620574],[121.4559927867942,31.13890796620574],[121.4559927867942,31.138617231057747]]],[[[121.4559927867942,31.13890796620574],[121.46382591114892,31.13890796620574],[121.46382591114892,31.13919870135373],[121.4559927867942,31.13919870135373],[121.4559927867942,31.13890796620574]]],[[[121.4559927867942,31.139198701353727],[121.46346986004188,31.139198701353727],[121.46346986004188,31.13948943650172],[121.4559927867942,31.13948943650172],[121.4559927867942,31.139198701353727]]],[[[121.4559927867942,31.13948943650172],[121.46346986004188,31.13948943650172],[121.46346986004188,31.13978017164971],[121.4559927867942,31.13978017164971],[121.4559927867942,31.13948943650172]]],[[[121.4559927867942,31.13978017164971],[121.46311380893485,31.13978017164971],[121.46311380893485,31.140070906797703],[121.4559927867942,31.140070906797703],[121.4559927867942,31.13978017164971]]],[[[121.45563673568716,31.140070906797703],[121.46275775782782,31.140070906797703],[121.46275775782782,31.140361641945695],[121.45563673568716,31.140361641945695],[121.45563673568716,31.140070906797703]]],[[[121.45563673568716,31.140361641945695],[121.46240170672078,31.140361641945695],[121.46240170672078,31.140652377093687],[121.45563673568716,31.140652377093687],[121.45563673568716,31.140361641945695]]],[[[121.45563673568716,31.140652377093687],[121.46204565561375,31.140652377093687],[121.46204565561375,31.14094311224168],[121.45563673568716,31.14094311224168],[121.45563673568716,31.140652377093687]]],[[[121.45563673568716,31.14094311224168],[121.46168960450672,31.14094311224168],[121.46168960450672,31.14123384738967],[121.45563673568716,31.14123384738967],[121.45563673568716,31.14094311224168]]],[[[121.45563673568716,31.14123384738967],[121.46133355339968,31.14123384738967],[121.46133355339968,31.141524582537663],[121.45563673568716,31.141524582537663],[121.45563673568716,31.14123384738967]]],[[[121.45563673568716,31.14152458253766],[121.46133355339968,31.14152458253766],[121.46133355339968,31.14181531768565],[121.45563673568716,31.14181531768565],[121.45563673568716,31.14152458253766]]],[[[121.45563673568716,31.14181531768565],[121.46097750229265,31.14181531768565],[121.46097750229265,31.142106052833643],[121.45563673568716,31.142106052833643],[121.45563673568716,31.14181531768565]]],[[[121.45528068458013,31.142106052833643],[121.46097750229265,31.142106052833643],[121.46097750229265,31.142396787981635],[121.45528068458013,31.142396787981635],[121.45528068458013,31.142106052833643]]],[[[121.45528068458013,31.142396787981635],[121.46062145118563,31.142396787981635],[121.46062145118563,31.142687523129627],[121.45528068458013,31.142687523129627],[121.45528068458013,31.142396787981635]]]]}},{"type":"Feature","properties":{"parcel_id":"qiantan_xuhui_riverside:parcel:0006","geometry_method":"road_barrier_raster_plus_buildings","functional_type":"mixed","dominant_type":"residential","confidence":0.49,"building_count":65,"avg_building_area_m2":431,"centroid_lng":121.454804,"centroid_lat":31.134377,"parcel_area_m2":53407,"safety_clipped":false,"classification_source":"osm_tags+building_morphology+spatial_prior","synthetic_classification":true,"qc_flags":"low_confidence"},"geometry":{"type":"MultiPolygon","coordinates":[[[[121.45528068458013,31.1333839983939],[121.4559927867942,31.1333839983939],[121.4559927867942,31.13367473354189],[121.45528068458013,31.13367473354189],[121.45528068458013,31.1333839983939]]],[[[121.45528068458013,31.13367473354189],[121.4570609401153,31.13367473354189],[121.4570609401153,31.133965468689883],[121.45528068458013,31.133965468689883],[121.45528068458013,31.13367473354189]]],[[[121.45528068458013,31.133965468689883],[121.45670488900826,31.133965468689883],[121.45670488900826,31.134256203837875],[121.45528068458013,31.134256203837875],[121.45528068458013,31.133965468689883]]],[[[121.4549246334731,31.134256203837875],[121.45670488900826,31.134256203837875],[121.45670488900826,31.134546938985867],[121.4549246334731,31.134546938985867],[121.4549246334731,31.134256203837875]]],[[[121.4549246334731,31.134546938985864],[121.45670488900826,31.134546938985864],[121.45670488900826,31.134837674133856],[121.4549246334731,31.134837674133856],[121.4549246334731,31.134546938985864]]],[[[121.45456858236606,31.134837674133856],[121.45634883790123,31.134837674133856],[121.45634883790123,31.135128409281847],[121.45456858236606,31.135128409281847],[121.45456858236606,31.134837674133856]]],[[[121.45456858236606,31.135128409281847],[121.4559927867942,31.135128409281847],[121.4559927867942,31.13541914442984],[121.45456858236606,31.13541914442984],[121.45456858236606,31.135128409281847]]],[[[121.45456858236606,31.13541914442984],[121.4559927867942,31.13541914442984],[121.4559927867942,31.13570987957783],[121.45456858236606,31.13570987957783],[121.45456858236606,31.13541914442984]]],[[[121.45421253125903,31.13570987957783],[121.45563673568716,31.13570987957783],[121.45563673568716,31.136000614725823],[121.45421253125903,31.136000614725823],[121.45421253125903,31.13570987957783]]],[[[121.45421253125903,31.136000614725823],[121.45563673568716,31.136000614725823],[121.45563673568716,31.136291349873815],[121.45421253125903,31.136291349873815],[121.45421253125903,31.136000614725823]]],[[[121.45421253125903,31.136291349873815],[121.45563673568716,31.136291349873815],[121.45563673568716,31.136582085021807],[121.45421253125903,31.136582085021807],[121.45421253125903,31.136291349873815]]],[[[121.45456858236606,31.136582085021807],[121.45528068458013,31.136582085021807],[121.45528068458013,31.1368728201698],[121.45456858236606,31.1368728201698],[121.45456858236606,31.136582085021807]]],[[[121.4549246334731,31.136872820169796],[121.45528068458013,31.136872820169796],[121.45528068458013,31.137163555317787],[121.4549246334731,31.137163555317787],[121.4549246334731,31.136872820169796]]]]}},{"type":"Feature","properties":{"parcel_id":"qiantan_xuhui_riverside:parcel:0009","geometry_method":"road_barrier_raster_plus_buildings","functional_type":"residential","dominant_type":"residential","confidence":0.79,"building_count":8,"avg_building_area_m2":506,"centroid_lng":121.483899,"centroid_lat":31.135444,"parcel_area_m2":842520,"safety_clipped":false,"classification_source":"osm_tags+building_morphology+spatial_prior","synthetic_classification":true,"qc_flags":""},"geometry":{"type":"MultiPolygon","coordinates":[[[[121.47699980210913,31.13367473354189],[121.48340872203573,31.13367473354189],[121.48340872203573,31.133965468689883],[121.47699980210913,31.133965468689883],[121.47699980210913,31.13367473354189]]],[[[121.47735585321617,31.133965468689883],[121.48447687535683,31.133965468689883],[121.48447687535683,31.134256203837875],[121.47735585321617,31.134256203837875],[121.47735585321617,31.133965468689883]]],[[[121.47735585321617,31.134256203837875],[121.48447687535683,31.134256203837875],[121.48447687535683,31.134546938985867],[121.47735585321617,31.134546938985867],[121.47735585321617,31.134256203837875]]],[[[121.4777119043232,31.134546938985864],[121.4819845176076,31.134546938985864],[121.4819845176076,31.134837674133856],[121.4777119043232,31.134837674133856],[121.4777119043232,31.134546938985864]]],[[[121.4777119043232,31.134837674133856],[121.48340872203573,31.134837674133856],[121.48340872203573,31.135128409281847],[121.4777119043232,31.135128409281847],[121.4777119043232,31.134837674133856]]],[[[121.4841208242498,31.134837674133856],[121.48554502867793,31.134837674133856],[121.48554502867793,31.135128409281847],[121.4841208242498,31.135128409281847],[121.4841208242498,31.134837674133856]]],[[[121.4777119043232,31.135128409281847],[121.48768133532013,31.135128409281847],[121.48768133532013,31.13541914442984],[121.4777119043232,31.13541914442984],[121.4777119043232,31.135128409281847]]],[[[121.47806795543023,31.13541914442984],[121.48803738642717,31.13541914442984],[121.48803738642717,31.13570987957783],[121.47806795543023,31.13570987957783],[121.47806795543023,31.13541914442984]]],[[[121.47806795543023,31.13570987957783],[121.48803738642717,31.13570987957783],[121.48803738642717,31.136000614725823],[121.47806795543023,31.136000614725823],[121.47806795543023,31.13570987957783]]],[[[121.47806795543023,31.136000614725823],[121.48803738642717,31.136000614725823],[121.48803738642717,31.136291349873815],[121.47806795543023,31.136291349873815],[121.47806795543023,31.136000614725823]]],[[[121.47806795543023,31.136291349873815],[121.48768133532013,31.136291349873815],[121.48768133532013,31.136582085021807],[121.47806795543023,31.136582085021807],[121.47806795543023,31.136291349873815]]],[[[121.47806795543023,31.136582085021807],[121.48768133532013,31.136582085021807],[121.48768133532013,31.1368728201698],[121.47806795543023,31.1368728201698],[121.47806795543023,31.136582085021807]]],[[[121.47842400653727,31.136872820169796],[121.48768133532013,31.136872820169796],[121.48768133532013,31.137163555317787],[121.47842400653727,31.137163555317787],[121.47842400653727,31.136872820169796]]],[[[121.47842400653727,31.137163555317787],[121.48768133532013,31.137163555317787],[121.48768133532013,31.13745429046578],[121.47842400653727,31.13745429046578],[121.47842400653727,31.137163555317787]]],[[[121.47842400653727,31.13745429046578],[121.4873252842131,31.13745429046578],[121.4873252842131,31.13774502561377],[121.47842400653727,31.13774502561377],[121.47842400653727,31.13745429046578]]],[[[121.47842400653727,31.13774502561377],[121.4873252842131,31.13774502561377],[121.4873252842131,31.138035760761763],[121.47842400653727,31.138035760761763],[121.47842400653727,31.13774502561377]]],[[[121.47842400653727,31.138035760761763],[121.4873252842131,31.138035760761763],[121.4873252842131,31.138326495909755],[121.47842400653727,31.138326495909755],[121.47842400653727,31.138035760761763]]],[[[121.47842400653727,31.138326495909755],[121.48696923310607,31.138326495909755],[121.48696923310607,31.138617231057747],[121.47842400653727,31.138617231057747],[121.47842400653727,31.138326495909755]]],[[[121.47842400653727,31.138617231057747],[121.4830526709287,31.138617231057747],[121.4830526709287,31.13890796620574],[121.47842400653727,31.13890796620574],[121.47842400653727,31.138617231057747]]],[[[121.48483292646387,31.138617231057747],[121.48696923310607,31.138617231057747],[121.48696923310607,31.13890796620574],[121.48483292646387,31.13890796620574],[121.48483292646387,31.138617231057747]]],[[[121.47842400653727,31.13890796620574],[121.4830526709287,31.13890796620574],[121.4830526709287,31.13919870135373],[121.47842400653727,31.13919870135373],[121.47842400653727,31.13890796620574]]],[[[121.48554502867793,31.13890796620574],[121.48696923310607,31.13890796620574],[121.48696923310607,31.13919870135373],[121.48554502867793,31.13919870135373],[121.48554502867793,31.13890796620574]]],[[[121.47806795543023,31.139198701353727],[121.4830526709287,31.139198701353727],[121.4830526709287,31.13948943650172],[121.47806795543023,31.13948943650172],[121.47806795543023,31.139198701353727]]],[[[121.47806795543023,31.13948943650172],[121.4830526709287,31.13948943650172],[121.4830526709287,31.13978017164971],[121.47806795543023,31.13978017164971],[121.47806795543023,31.13948943650172]]],[[[121.47806795543023,31.13978017164971],[121.48269661982167,31.13978017164971],[121.48269661982167,31.140070906797703],[121.47806795543023,31.140070906797703],[121.47806795543023,31.13978017164971]]],[[[121.47806795543023,31.140070906797703],[121.48269661982167,31.140070906797703],[121.48269661982167,31.140361641945695],[121.47806795543023,31.140361641945695],[121.47806795543023,31.140070906797703]]],[[[121.47806795543023,31.140361641945695],[121.48269661982167,31.140361641945695],[121.48269661982167,31.140652377093687],[121.47806795543023,31.140652377093687],[121.47806795543023,31.140361641945695]]],[[[121.47806795543023,31.140652377093687],[121.48269661982167,31.140652377093687],[121.48269661982167,31.14094311224168],[121.47806795543023,31.14094311224168],[121.47806795543023,31.140652377093687]]],[[[121.47806795543023,31.14094311224168],[121.48269661982167,31.14094311224168],[121.48269661982167,31.14123384738967],[121.47806795543023,31.14123384738967],[121.47806795543023,31.14094311224168]]],[[[121.47806795543023,31.14123384738967],[121.48269661982167,31.14123384738967],[121.48269661982167,31.141524582537663],[121.47806795543023,31.141524582537663],[121.47806795543023,31.14123384738967]]],[[[121.4777119043232,31.14152458253766],[121.48127241539353,31.14152458253766],[121.48127241539353,31.14181531768565],[121.4777119043232,31.14181531768565],[121.4777119043232,31.14152458253766]]],[[[121.4777119043232,31.14181531768565],[121.48127241539353,31.14181531768565],[121.48127241539353,31.142106052833643],[121.4777119043232,31.142106052833643],[121.4777119043232,31.14181531768565]]],[[[121.4777119043232,31.142106052833643],[121.48127241539353,31.142106052833643],[121.48127241539353,31.142396787981635],[121.4777119043232,31.142396787981635],[121.4777119043232,31.142106052833643]]],[[[121.4777119043232,31.142396787981635],[121.4819845176076,31.142396787981635],[121.4819845176076,31.142687523129627],[121.4777119043232,31.142687523129627],[121.4777119043232,31.142396787981635]]],[[[121.4777119043232,31.142687523129627],[121.48340872203573,31.142687523129627],[121.48340872203573,31.14297825827762],[121.4777119043232,31.14297825827762],[121.4777119043232,31.142687523129627]]],[[[121.4777119043232,31.14297825827762],[121.48127241539353,31.14297825827762],[121.48127241539353,31.14326899342561],[121.4777119043232,31.14326899342561],[121.4777119043232,31.14297825827762]]],[[[121.4777119043232,31.14326899342561],[121.48127241539353,31.14326899342561],[121.48127241539353,31.143559728573603],[121.4777119043232,31.143559728573603],[121.4777119043232,31.14326899342561]]],[[[121.47735585321617,31.143559728573603],[121.48127241539353,31.143559728573603],[121.48127241539353,31.143850463721595],[121.47735585321617,31.143850463721595],[121.47735585321617,31.143559728573603]]],[[[121.47735585321617,31.143850463721595],[121.48234056871463,31.143850463721595],[121.48234056871463,31.144141198869587],[121.47735585321617,31.144141198869587],[121.47735585321617,31.143850463721595]]],[[[121.47735585321617,31.144141198869583],[121.48447687535683,31.144141198869583],[121.48447687535683,31.144431934017575],[121.47735585321617,31.144431934017575],[121.47735585321617,31.144141198869583]]],[[[121.47735585321617,31.144431934017575],[121.48483292646387,31.144431934017575],[121.48483292646387,31.144722669165567],[121.47735585321617,31.144722669165567],[121.47735585321617,31.144431934017575]]],[[[121.47735585321617,31.144722669165567],[121.48483292646387,31.144722669165567],[121.48483292646387,31.14501340431356],[121.47735585321617,31.14501340431356],[121.47735585321617,31.144722669165567]]],[[[121.47699980210913,31.14501340431356],[121.48483292646387,31.14501340431356],[121.48483292646387,31.14530413946155],[121.47699980210913,31.14530413946155],[121.47699980210913,31.14501340431356]]],[[[121.47842400653727,31.14530413946155],[121.48483292646387,31.14530413946155],[121.48483292646387,31.145594874609543],[121.47842400653727,31.145594874609543],[121.47842400653727,31.14530413946155]]],[[[121.48020426207243,31.145594874609543],[121.48483292646387,31.145594874609543],[121.48483292646387,31.145885609757535],[121.48020426207243,31.145885609757535],[121.48020426207243,31.145594874609543]]],[[[121.48234056871463,31.145885609757535],[121.48447687535683,31.145885609757535],[121.48447687535683,31.146176344905527],[121.48234056871463,31.146176344905527],[121.48234056871463,31.145885609757535]]]]}},{"type":"Feature","properties":{"parcel_id":"qiantan_xuhui_riverside:parcel:0059","geometry_method":"road_barrier_raster_plus_buildings","functional_type":"residential","dominant_type":"residential","confidence":0.67,"building_count":59,"avg_building_area_m2":1013,"centroid_lng":121.447468,"centroid_lat":31.146109,"parcel_area_m2":766224,"safety_clipped":false,"classification_source":"osm_tags+building_morphology+spatial_prior","synthetic_classification":true,"qc_flags":""},"geometry":{"type":"MultiPolygon","coordinates":[[[[121.43961443587068,31.14297825827762],[121.44103864029881,31.14297825827762],[121.44103864029881,31.14326899342561],[121.43961443587068,31.14326899342561],[121.43961443587068,31.14297825827762]]],[[[121.43961443587068,31.14326899342561],[121.44388704915508,31.14326899342561],[121.44388704915508,31.143559728573603],[121.43961443587068,31.143559728573603],[121.43961443587068,31.14326899342561]]],[[[121.43961443587068,31.143559728573603],[121.44531125358321,31.143559728573603],[121.44531125358321,31.143850463721595],[121.43961443587068,31.143850463721595],[121.43961443587068,31.143559728573603]]],[[[121.43961443587068,31.143850463721595],[121.44531125358321,31.143850463721595],[121.44531125358321,31.144141198869587],[121.43961443587068,31.144141198869587],[121.43961443587068,31.143850463721595]]],[[[121.43961443587068,31.144141198869583],[121.44531125358321,31.144141198869583],[121.44531125358321,31.144431934017575],[121.43961443587068,31.144431934017575],[121.43961443587068,31.144141198869583]]],[[[121.43961443587068,31.144431934017575],[121.44495520247618,31.144431934017575],[121.44495520247618,31.144722669165567],[121.43961443587068,31.144722669165567],[121.43961443587068,31.144431934017575]]],[[[121.44780361133243,31.144431934017575],[121.4495838668676,31.144431934017575],[121.4495838668676,31.144722669165567],[121.44780361133243,31.144722669165567],[121.44780361133243,31.144431934017575]]],[[[121.43961443587068,31.144722669165567],[121.44566730469025,31.144722669165567],[121.44566730469025,31.14501340431356],[121.43961443587068,31.14501340431356],[121.43961443587068,31.144722669165567]]],[[[121.44780361133243,31.144722669165567],[121.4495838668676,31.144722669165567],[121.4495838668676,31.14501340431356],[121.44780361133243,31.14501340431356],[121.44780361133243,31.144722669165567]]],[[[121.43961443587068,31.14501340431356],[121.44637940690431,31.14501340431356],[121.44637940690431,31.14530413946155],[121.43961443587068,31.14530413946155],[121.43961443587068,31.14501340431356]]],[[[121.4485157135465,31.14501340431356],[121.4495838668676,31.14501340431356],[121.4495838668676,31.14530413946155],[121.4485157135465,31.14530413946155],[121.4485157135465,31.14501340431356]]],[[[121.43961443587068,31.14530413946155],[121.4474475602254,31.14530413946155],[121.4474475602254,31.145594874609543],[121.43961443587068,31.145594874609543],[121.43961443587068,31.14530413946155]]],[[[121.44815966243947,31.14530413946155],[121.4495838668676,31.14530413946155],[121.4495838668676,31.145594874609543],[121.44815966243947,31.145594874609543],[121.44815966243947,31.14530413946155]]],[[[121.43961443587068,31.145594874609543],[121.4495838668676,31.145594874609543],[121.4495838668676,31.145885609757535],[121.43961443587068,31.145885609757535],[121.43961443587068,31.145594874609543]]],[[[121.43961443587068,31.145885609757535],[121.4495838668676,31.145885609757535],[121.4495838668676,31.146176344905527],[121.43961443587068,31.146176344905527],[121.43961443587068,31.145885609757535]]],[[[121.43961443587068,31.146176344905527],[121.4495838668676,31.146176344905527],[121.4495838668676,31.14646708005352],[121.43961443587068,31.14646708005352],[121.43961443587068,31.146176344905527]]],[[[121.43961443587068,31.146467080053515],[121.4495838668676,31.146467080053515],[121.4495838668676,31.146757815201507],[121.43961443587068,31.146757815201507],[121.43961443587068,31.146467080053515]]],[[[121.43961443587068,31.146757815201507],[121.44922781576057,31.146757815201507],[121.44922781576057,31.1470485503495],[121.43961443587068,31.1470485503495],[121.43961443587068,31.146757815201507]]],[[[121.43961443587068,31.1470485503495],[121.44922781576057,31.1470485503495],[121.44922781576057,31.14733928549749],[121.43961443587068,31.14733928549749],[121.43961443587068,31.1470485503495]]],[[[121.43961443587068,31.14733928549749],[121.44922781576057,31.14733928549749],[121.44922781576057,31.147630020645483],[121.43961443587068,31.147630020645483],[121.43961443587068,31.14733928549749]]],[[[121.43961443587068,31.147630020645483],[121.44922781576057,31.147630020645483],[121.44922781576057,31.147920755793475],[121.43961443587068,31.147920755793475],[121.43961443587068,31.147630020645483]]],[[[121.43961443587068,31.147920755793475],[121.44922781576057,31.147920755793475],[121.44922781576057,31.148211490941467],[121.43961443587068,31.148211490941467],[121.43961443587068,31.147920755793475]]],[[[121.43961443587068,31.148211490941467],[121.44887176465353,31.148211490941467],[121.44887176465353,31.14850222608946],[121.43961443587068,31.14850222608946],[121.43961443587068,31.148211490941467]]],[[[121.43961443587068,31.14850222608946],[121.44887176465353,31.14850222608946],[121.44887176465353,31.14879296123745],[121.43961443587068,31.14879296123745],[121.43961443587068,31.14850222608946]]],[[[121.43961443587068,31.148792961237447],[121.44887176465353,31.148792961237447],[121.44887176465353,31.14908369638544],[121.43961443587068,31.14908369638544],[121.43961443587068,31.148792961237447]]],[[[121.43961443587068,31.14908369638544],[121.44887176465353,31.14908369638544],[121.44887176465353,31.14937443153343],[121.43961443587068,31.14937443153343],[121.43961443587068,31.14908369638544]]],[[[121.43961443587068,31.14937443153343],[121.44887176465353,31.14937443153343],[121.44887176465353,31.149665166681423],[121.43961443587068,31.149665166681423],[121.43961443587068,31.14937443153343]]],[[[121.43997048697771,31.149665166681423],[121.44887176465353,31.149665166681423],[121.44887176465353,31.149955901829415],[121.43997048697771,31.149955901829415],[121.43997048697771,31.149665166681423]]],[[[121.43997048697771,31.149955901829415],[121.44887176465353,31.149955901829415],[121.44887176465353,31.150246636977407],[121.43997048697771,31.150246636977407],[121.43997048697771,31.149955901829415]]],[[[121.43997048697771,31.150246636977407],[121.44887176465353,31.150246636977407],[121.44887176465353,31.1505373721254],[121.43997048697771,31.1505373721254],[121.43997048697771,31.150246636977407]]],[[[121.44068258919178,31.1505373721254],[121.44887176465353,31.1505373721254],[121.44887176465353,31.15082810727339],[121.44068258919178,31.15082810727339],[121.44068258919178,31.1505373721254]]],[[[121.44139469140585,31.15082810727339],[121.44887176465353,31.15082810727339],[121.44887176465353,31.151118842421383],[121.44139469140585,31.151118842421383],[121.44139469140585,31.15082810727339]]],[[[121.44281889583398,31.151118842421383],[121.44887176465353,31.151118842421383],[121.44887176465353,31.151409577569375],[121.44281889583398,31.151409577569375],[121.44281889583398,31.151118842421383]]],[[[121.44388704915508,31.15140957756937],[121.44887176465353,31.15140957756937],[121.44887176465353,31.151700312717363],[121.44388704915508,31.151700312717363],[121.44388704915508,31.15140957756937]]],[[[121.44531125358321,31.151700312717363],[121.44887176465353,31.151700312717363],[121.44887176465353,31.151991047865355],[121.44531125358321,31.151991047865355],[121.44531125358321,31.151700312717363]]],[[[121.44637940690431,31.151991047865355],[121.44887176465353,31.151991047865355],[121.44887176465353,31.152281783013347],[121.44637940690431,31.152281783013347],[121.44637940690431,31.151991047865355]]],[[[121.4474475602254,31.152281783013347],[121.44887176465353,31.152281783013347],[121.44887176465353,31.15257251816134],[121.4474475602254,31.15257251816134],[121.4474475602254,31.152281783013347]]],[[[121.4485157135465,31.15257251816134],[121.44887176465353,31.15257251816134],[121.44887176465353,31.15286325330933],[121.4485157135465,31.15286325330933],[121.4485157135465,31.15257251816134]]]]}},{"type":"Feature","properties":{"parcel_id":"qiantan_xuhui_riverside:parcel:0067","geometry_method":"road_barrier_raster_plus_buildings","functional_type":"mixed","dominant_type":"residential","confidence":0.51,"building_count":10,"avg_building_area_m2":783,"centroid_lng":121.447296,"centroid_lat":31.144824,"parcel_area_m2":3270,"safety_clipped":false,"classification_source":"osm_tags+building_morphology+spatial_prior","synthetic_classification":true,"qc_flags":"low_confidence"},"geometry":{"type":"MultiPolygon","coordinates":[[[[121.44709150911837,31.144141198869583],[121.4474475602254,31.144141198869583],[121.4474475602254,31.144431934017575],[121.44709150911837,31.144431934017575],[121.44709150911837,31.144141198869583]]],[[[121.44709150911837,31.144431934017575],[121.4474475602254,31.144431934017575],[121.4474475602254,31.144722669165567],[121.44709150911837,31.144722669165567],[121.44709150911837,31.144431934017575]]],[[[121.44709150911837,31.144722669165567],[121.4474475602254,31.144722669165567],[121.4474475602254,31.14501340431356],[121.44709150911837,31.14501340431356],[121.44709150911837,31.144722669165567]]]]}},{"type":"Feature","properties":{"parcel_id":"qiantan_xuhui_riverside:parcel:0069","geometry_method":"road_barrier_raster_plus_buildings","functional_type":"commercial","dominant_type":"commercial","confidence":0.72,"building_count":67,"avg_building_area_m2":737,"centroid_lng":121.466534,"centroid_lat":31.15852,"parcel_area_m2":1737356,"safety_clipped":false,"classification_source":"osm_tags+building_morphology+spatial_prior","synthetic_classification":true,"qc_flags":""},"geometry":{"type":"MultiPolygon","coordinates":[[[[121.45528068458013,31.144431934017575],[121.45955329786453,31.144431934017575],[121.45955329786453,31.144722669165567],[121.45528068458013,31.144722669165567],[121.45528068458013,31.144431934017575]]],[[[121.45528068458013,31.144722669165567],[121.46062145118563,31.144722669165567],[121.46062145118563,31.14501340431356],[121.45528068458013,31.14501340431356],[121.45528068458013,31.144722669165567]]],[[[121.45528068458013,31.14501340431356],[121.46062145118563,31.14501340431356],[121.46062145118563,31.14530413946155],[121.45528068458013,31.14530413946155],[121.45528068458013,31.14501340431356]]],[[[121.45528068458013,31.14530413946155],[121.46062145118563,31.14530413946155],[121.46062145118563,31.145594874609543],[121.45528068458013,31.145594874609543],[121.45528068458013,31.14530413946155]]],[[[121.45528068458013,31.145594874609543],[121.46062145118563,31.145594874609543],[121.46062145118563,31.145885609757535],[121.45528068458013,31.145885609757535],[121.45528068458013,31.145594874609543]]],[[[121.45563673568716,31.145885609757535],[121.46062145118563,31.145885609757535],[121.46062145118563,31.146176344905527],[121.45563673568716,31.146176344905527],[121.45563673568716,31.145885609757535]]],[[[121.45563673568716,31.146176344905527],[121.46062145118563,31.146176344905527],[121.46062145118563,31.14646708005352],[121.45563673568716,31.14646708005352],[121.45563673568716,31.146176344905527]]],[[[121.45563673568716,31.146467080053515],[121.46062145118563,31.146467080053515],[121.46062145118563,31.146757815201507],[121.45563673568716,31.146757815201507],[121.45563673568716,31.146467080053515]]],[[[121.45563673568716,31.146757815201507],[121.46097750229265,31.146757815201507],[121.46097750229265,31.1470485503495],[121.45563673568716,31.1470485503495],[121.45563673568716,31.146757815201507]]],[[[121.45563673568716,31.1470485503495],[121.46133355339968,31.1470485503495],[121.46133355339968,31.14733928549749],[121.45563673568716,31.14733928549749],[121.45563673568716,31.1470485503495]]],[[[121.4559927867942,31.14733928549749],[121.46168960450672,31.14733928549749],[121.46168960450672,31.147630020645483],[121.4559927867942,31.147630020645483],[121.4559927867942,31.14733928549749]]],[[[121.4559927867942,31.147630020645483],[121.46204565561375,31.147630020645483],[121.46204565561375,31.147920755793475],[121.4559927867942,31.147920755793475],[121.4559927867942,31.147630020645483]]],[[[121.4559927867942,31.147920755793475],[121.46240170672078,31.147920755793475],[121.46240170672078,31.148211490941467],[121.4559927867942,31.148211490941467],[121.4559927867942,31.147920755793475]]],[[[121.45634883790123,31.148211490941467],[121.46275775782782,31.148211490941467],[121.46275775782782,31.14850222608946],[121.45634883790123,31.14850222608946],[121.45634883790123,31.148211490941467]]],[[[121.45634883790123,31.14850222608946],[121.46346986004188,31.14850222608946],[121.46346986004188,31.14879296123745],[121.45634883790123,31.14879296123745],[121.45634883790123,31.14850222608946]]],[[[121.45670488900826,31.148792961237447],[121.46382591114892,31.148792961237447],[121.46382591114892,31.14908369638544],[121.45670488900826,31.14908369638544],[121.45670488900826,31.148792961237447]]],[[[121.45670488900826,31.14908369638544],[121.46418196225595,31.14908369638544],[121.46418196225595,31.14937443153343],[121.45670488900826,31.14937443153343],[121.45670488900826,31.14908369638544]]],[[[121.4570609401153,31.14937443153343],[121.46489406447002,31.14937443153343],[121.46489406447002,31.149665166681423],[121.4570609401153,31.149665166681423],[121.4570609401153,31.14937443153343]]],[[[121.45741699122233,31.149665166681423],[121.46525011557705,31.149665166681423],[121.46525011557705,31.149955901829415],[121.45741699122233,31.149955901829415],[121.45741699122233,31.149665166681423]]],[[[121.45777304232936,31.149955901829415],[121.46596221779112,31.149955901829415],[121.46596221779112,31.150246636977407],[121.45777304232936,31.150246636977407],[121.45777304232936,31.149955901829415]]],[[[121.4581290934364,31.150246636977407],[121.46631826889815,31.150246636977407],[121.46631826889815,31.1505373721254],[121.4581290934364,31.1505373721254],[121.4581290934364,31.150246636977407]]],[[[121.45848514454343,31.1505373721254],[121.46703037111222,31.1505373721254],[121.46703037111222,31.15082810727339],[121.45848514454343,31.15082810727339],[121.45848514454343,31.1505373721254]]],[[[121.45884119565046,31.15082810727339],[121.46738642221925,31.15082810727339],[121.46738642221925,31.151118842421383],[121.45884119565046,31.151118842421383],[121.45884119565046,31.15082810727339]]],[[[121.4591972467575,31.151118842421383],[121.46774247332628,31.151118842421383],[121.46774247332628,31.151409577569375],[121.4591972467575,31.151409577569375],[121.4591972467575,31.151118842421383]]],[[[121.4591972467575,31.15140957756937],[121.46845457554035,31.15140957756937],[121.46845457554035,31.151700312717363],[121.4591972467575,31.151700312717363],[121.4591972467575,31.15140957756937]]],[[[121.45955329786453,31.151700312717363],[121.46881062664738,31.151700312717363],[121.46881062664738,31.151991047865355],[121.45955329786453,31.151991047865355],[121.45955329786453,31.151700312717363]]],[[[121.45990934897156,31.151991047865355],[121.46952272886145,31.151991047865355],[121.46952272886145,31.152281783013347],[121.45990934897156,31.152281783013347],[121.45990934897156,31.151991047865355]]],[[[121.4602654000786,31.152281783013347],[121.47023483107552,31.152281783013347],[121.47023483107552,31.15257251816134],[121.4602654000786,31.15257251816134],[121.4602654000786,31.152281783013347]]],[[[121.46062145118563,31.15257251816134],[121.47059088218255,31.15257251816134],[121.47059088218255,31.15286325330933],[121.46062145118563,31.15286325330933],[121.46062145118563,31.15257251816134]]],[[[121.46062145118563,31.15286325330933],[121.47059088218255,31.15286325330933],[121.47059088218255,31.153153988457323],[121.46062145118563,31.153153988457323],[121.46062145118563,31.15286325330933]]],[[[121.46097750229265,31.153153988457323],[121.47094693328958,31.153153988457323],[121.47094693328958,31.153444723605315],[121.46097750229265,31.153444723605315],[121.46097750229265,31.153153988457323]]],[[[121.46097750229265,31.153444723605315],[121.47094693328958,31.153444723605315],[121.47094693328958,31.153735458753307],[121.46097750229265,31.153735458753307],[121.46097750229265,31.153444723605315]]],[[[121.46133355339968,31.153735458753303],[121.47094693328958,31.153735458753303],[121.47094693328958,31.154026193901295],[121.46133355339968,31.154026193901295],[121.46133355339968,31.153735458753303]]],[[[121.46133355339968,31.154026193901295],[121.47094693328958,31.154026193901295],[121.47094693328958,31.154316929049287],[121.46133355339968,31.154316929049287],[121.46133355339968,31.154026193901295]]],[[[121.46168960450672,31.154316929049287],[121.47130298439662,31.154316929049287],[121.47130298439662,31.15460766419728],[121.46168960450672,31.15460766419728],[121.46168960450672,31.154316929049287]]],[[[121.46168960450672,31.15460766419728],[121.47130298439662,31.15460766419728],[121.47130298439662,31.15489839934527],[121.46168960450672,31.15489839934527],[121.46168960450672,31.15460766419728]]],[[[121.46204565561375,31.15489839934527],[121.47165903550365,31.15489839934527],[121.47165903550365,31.155189134493263],[121.46204565561375,31.155189134493263],[121.46204565561375,31.15489839934527]]],[[[121.46240170672078,31.155189134493263],[121.47165903550365,31.155189134493263],[121.47165903550365,31.155479869641255],[121.46240170672078,31.155479869641255],[121.46240170672078,31.155189134493263]]],[[[121.46240170672078,31.155479869641255],[121.47165903550365,31.155479869641255],[121.47165903550365,31.155770604789247],[121.46240170672078,31.155770604789247],[121.46240170672078,31.155479869641255]]],[[[121.46275775782782,31.155770604789247],[121.47165903550365,31.155770604789247],[121.47165903550365,31.15606133993724],[121.46275775782782,31.15606133993724],[121.46275775782782,31.155770604789247]]],[[[121.46311380893485,31.156061339937235],[121.47201508661068,31.156061339937235],[121.47201508661068,31.156352075085227],[121.46311380893485,31.156352075085227],[121.46311380893485,31.156061339937235]]],[[[121.46346986004188,31.156352075085227],[121.47201508661068,31.156352075085227],[121.47201508661068,31.15664281023322],[121.46346986004188,31.15664281023322],[121.46346986004188,31.156352075085227]]],[[[121.46346986004188,31.15664281023322],[121.47237113771772,31.15664281023322],[121.47237113771772,31.15693354538121],[121.46346986004188,31.15693354538121],[121.46346986004188,31.15664281023322]]],[[[121.46382591114892,31.15693354538121],[121.47237113771772,31.15693354538121],[121.47237113771772,31.157224280529203],[121.46382591114892,31.157224280529203],[121.46382591114892,31.15693354538121]]],[[[121.46382591114892,31.157224280529203],[121.47237113771772,31.157224280529203],[121.47237113771772,31.157515015677195],[121.46382591114892,31.157515015677195],[121.46382591114892,31.157224280529203]]],[[[121.46418196225595,31.157515015677195],[121.47237113771772,31.157515015677195],[121.47237113771772,31.157805750825187],[121.46418196225595,31.157805750825187],[121.46418196225595,31.157515015677195]]],[[[121.46453801336298,31.157805750825187],[121.47272718882475,31.157805750825187],[121.47272718882475,31.15809648597318],[121.46453801336298,31.15809648597318],[121.46453801336298,31.157805750825187]]],[[[121.46489406447002,31.15809648597318],[121.47308323993178,31.15809648597318],[121.47308323993178,31.15838722112117],[121.46489406447002,31.15838722112117],[121.46489406447002,31.15809648597318]]],[[[121.46525011557705,31.158387221121167],[121.47343929103882,31.158387221121167],[121.47343929103882,31.15867795626916],[121.46525011557705,31.15867795626916],[121.46525011557705,31.158387221121167]]],[[[121.46525011557705,31.15867795626916],[121.47343929103882,31.15867795626916],[121.47343929103882,31.15896869141715],[121.46525011557705,31.15896869141715],[121.46525011557705,31.15867795626916]]],[[[121.46525011557705,31.15896869141715],[121.47343929103882,31.15896869141715],[121.47343929103882,31.159259426565143],[121.46525011557705,31.159259426565143],[121.46525011557705,31.15896869141715]]],[[[121.46560616668408,31.159259426565143],[121.47343929103882,31.159259426565143],[121.47343929103882,31.159550161713135],[121.46560616668408,31.159550161713135],[121.46560616668408,31.159259426565143]]],[[[121.46560616668408,31.159550161713135],[121.47343929103882,31.159550161713135],[121.47343929103882,31.159840896861127],[121.46560616668408,31.159840896861127],[121.46560616668408,31.159550161713135]]],[[[121.46560616668408,31.159840896861127],[121.47379534214585,31.159840896861127],[121.47379534214585,31.16013163200912],[121.46560616668408,31.16013163200912],[121.46560616668408,31.159840896861127]]],[[[121.46560616668408,31.16013163200912],[121.47379534214585,31.16013163200912],[121.47379534214585,31.16042236715711],[121.46560616668408,31.16042236715711],[121.46560616668408,31.16013163200912]]],[[[121.46560616668408,31.16042236715711],[121.47379534214585,31.16042236715711],[121.47379534214585,31.160713102305102],[121.46560616668408,31.160713102305102],[121.46560616668408,31.16042236715711]]],[[[121.46560616668408,31.160713102305102],[121.47415139325288,31.160713102305102],[121.47415139325288,31.161003837453094],[121.46560616668408,31.161003837453094],[121.46560616668408,31.160713102305102]]],[[[121.46560616668408,31.16100383745309],[121.47450744435992,31.16100383745309],[121.47450744435992,31.161294572601083],[121.46560616668408,31.161294572601083],[121.46560616668408,31.16100383745309]]],[[[121.46560616668408,31.161294572601083],[121.47415139325288,31.161294572601083],[121.47415139325288,31.161585307749075],[121.46560616668408,31.161585307749075],[121.46560616668408,31.161294572601083]]],[[[121.46525011557705,31.161585307749075],[121.47415139325288,31.161585307749075],[121.47415139325288,31.161876042897067],[121.46525011557705,31.161876042897067],[121.46525011557705,31.161585307749075]]],[[[121.46525011557705,31.161876042897067],[121.47415139325288,31.161876042897067],[121.47415139325288,31.16216677804506],[121.46525011557705,31.16216677804506],[121.46525011557705,31.161876042897067]]],[[[121.46525011557705,31.16216677804506],[121.47415139325288,31.16216677804506],[121.47415139325288,31.16245751319305],[121.46525011557705,31.16245751319305],[121.46525011557705,31.16216677804506]]],[[[121.46489406447002,31.16245751319305],[121.47415139325288,31.16245751319305],[121.47415139325288,31.162748248341043],[121.46489406447002,31.162748248341043],[121.46489406447002,31.16245751319305]]],[[[121.46489406447002,31.162748248341043],[121.47379534214585,31.162748248341043],[121.47379534214585,31.163038983489034],[121.46489406447002,31.163038983489034],[121.46489406447002,31.162748248341043]]],[[[121.46453801336298,31.163038983489034],[121.47343929103882,31.163038983489034],[121.47343929103882,31.163329718637026],[121.46453801336298,31.163329718637026],[121.46453801336298,31.163038983489034]]],[[[121.46489406447002,31.163329718637023],[121.47272718882475,31.163329718637023],[121.47272718882475,31.163620453785015],[121.46489406447002,31.163620453785015],[121.46489406447002,31.163329718637023]]],[[[121.46525011557705,31.163620453785015],[121.47272718882475,31.163620453785015],[121.47272718882475,31.163911188933007],[121.46525011557705,31.163911188933007],[121.46525011557705,31.163620453785015]]],[[[121.46596221779112,31.163911188933007],[121.47272718882475,31.163911188933007],[121.47272718882475,31.164201924081],[121.46596221779112,31.164201924081],[121.46596221779112,31.163911188933007]]],[[[121.46667432000518,31.164201924081],[121.47272718882475,31.164201924081],[121.47272718882475,31.16449265922899],[121.46667432000518,31.16449265922899],[121.46667432000518,31.164201924081]]],[[[121.46703037111222,31.16449265922899],[121.47272718882475,31.16449265922899],[121.47272718882475,31.164783394376983],[121.46703037111222,31.164783394376983],[121.46703037111222,31.16449265922899]]],[[[121.46774247332628,31.164783394376983],[121.47237113771772,31.164783394376983],[121.47237113771772,31.165074129524974],[121.46774247332628,31.165074129524974],[121.46774247332628,31.164783394376983]]],[[[121.46845457554035,31.165074129524974],[121.47237113771772,31.165074129524974],[121.47237113771772,31.165364864672966],[121.46845457554035,31.165364864672966],[121.46845457554035,31.165074129524974]]],[[[121.46952272886145,31.165364864672966],[121.47237113771772,31.165364864672966],[121.47237113771772,31.16565559982096],[121.46952272886145,31.16565559982096],[121.46952272886145,31.165364864672966]]],[[[121.47165903550365,31.165655599820955],[121.47237113771772,31.165655599820955],[121.47237113771772,31.165946334968947],[121.47165903550365,31.165946334968947],[121.47165903550365,31.165655599820955]]]]}},{"type":"Feature","properties":{"parcel_id":"qiantan_xuhui_riverside:parcel:0100","geometry_method":"road_barrier_raster_plus_buildings","functional_type":"mixed","dominant_type":"industrial","confidence":0.39,"building_count":18,"avg_building_area_m2":2246,"centroid_lng":121.487282,"centroid_lat":31.153704,"parcel_area_m2":118803,"safety_clipped":false,"classification_source":"osm_tags+building_morphology+spatial_prior","synthetic_classification":true,"qc_flags":"low_confidence"},"geometry":{"type":"MultiPolygon","coordinates":[[[[121.49017369306935,31.14908369638544],[121.49266605081858,31.14908369638544],[121.49266605081858,31.14937443153343],[121.49017369306935,31.14937443153343],[121.49017369306935,31.14908369638544]]],[[[121.48981764196232,31.14937443153343],[121.49266605081858,31.14937443153343],[121.49266605081858,31.149665166681423],[121.48981764196232,31.149665166681423],[121.48981764196232,31.14937443153343]]],[[[121.48910553974827,31.149665166681423],[121.49230999971155,31.149665166681423],[121.49230999971155,31.149955901829415],[121.48910553974827,31.149955901829415],[121.48910553974827,31.149665166681423]]],[[[121.4883934375342,31.149955901829415],[121.49195394860452,31.149955901829415],[121.49195394860452,31.150246636977407],[121.4883934375342,31.150246636977407],[121.4883934375342,31.149955901829415]]],[[[121.48803738642717,31.150246636977407],[121.48946159085529,31.150246636977407],[121.48946159085529,31.1505373721254],[121.48803738642717,31.1505373721254],[121.48803738642717,31.150246636977407]]],[[[121.49017369306935,31.150246636977407],[121.49195394860452,31.150246636977407],[121.49195394860452,31.1505373721254],[121.49017369306935,31.1505373721254],[121.49017369306935,31.150246636977407]]],[[[121.48803738642717,31.1505373721254],[121.48874948864123,31.1505373721254],[121.48874948864123,31.15082810727339],[121.48803738642717,31.15082810727339],[121.48803738642717,31.1505373721254]]],[[[121.49088579528342,31.1505373721254],[121.49195394860452,31.1505373721254],[121.49195394860452,31.15082810727339],[121.49088579528342,31.15082810727339],[121.49088579528342,31.1505373721254]]],[[[121.48768133532013,31.15082810727339],[121.4883934375342,31.15082810727339],[121.4883934375342,31.151118842421383],[121.48768133532013,31.151118842421383],[121.48768133532013,31.15082810727339]]],[[[121.48768133532013,31.151118842421383],[121.4883934375342,31.151118842421383],[121.4883934375342,31.151409577569375],[121.48768133532013,31.151409577569375],[121.48768133532013,31.151118842421383]]],[[[121.4873252842131,31.15140957756937],[121.4883934375342,31.15140957756937],[121.4883934375342,31.151700312717363],[121.4873252842131,31.151700312717363],[121.4873252842131,31.15140957756937]]],[[[121.4873252842131,31.151700312717363],[121.4883934375342,31.151700312717363],[121.4883934375342,31.151991047865355],[121.4873252842131,31.151991047865355],[121.4873252842131,31.151700312717363]]],[[[121.4873252842131,31.151991047865355],[121.48803738642717,31.151991047865355],[121.48803738642717,31.152281783013347],[121.4873252842131,31.152281783013347],[121.4873252842131,31.151991047865355]]],[[[121.4873252842131,31.152281783013347],[121.48803738642717,31.152281783013347],[121.48803738642717,31.15257251816134],[121.4873252842131,31.15257251816134],[121.4873252842131,31.152281783013347]]],[[[121.48696923310607,31.15257251816134],[121.48803738642717,31.15257251816134],[121.48803738642717,31.15286325330933],[121.48696923310607,31.15286325330933],[121.48696923310607,31.15257251816134]]],[[[121.48696923310607,31.15286325330933],[121.48803738642717,31.15286325330933],[121.48803738642717,31.153153988457323],[121.48696923310607,31.153153988457323],[121.48696923310607,31.15286325330933]]],[[[121.48696923310607,31.153153988457323],[121.48803738642717,31.153153988457323],[121.48803738642717,31.153444723605315],[121.48696923310607,31.153444723605315],[121.48696923310607,31.153153988457323]]],[[[121.48661318199903,31.153444723605315],[121.48803738642717,31.153444723605315],[121.48803738642717,31.153735458753307],[121.48661318199903,31.153735458753307],[121.48661318199903,31.153444723605315]]],[[[121.48661318199903,31.153735458753303],[121.48768133532013,31.153735458753303],[121.48768133532013,31.154026193901295],[121.48661318199903,31.154026193901295],[121.48661318199903,31.153735458753303]]],[[[121.48661318199903,31.154026193901295],[121.48768133532013,31.154026193901295],[121.48768133532013,31.154316929049287],[121.48661318199903,31.154316929049287],[121.48661318199903,31.154026193901295]]],[[[121.48661318199903,31.154316929049287],[121.48768133532013,31.154316929049287],[121.48768133532013,31.15460766419728],[121.48661318199903,31.15460766419728],[121.48661318199903,31.154316929049287]]],[[[121.486257130892,31.15460766419728],[121.48768133532013,31.15460766419728],[121.48768133532013,31.15489839934527],[121.486257130892,31.15489839934527],[121.486257130892,31.15460766419728]]],[[[121.486257130892,31.15489839934527],[121.4873252842131,31.15489839934527],[121.4873252842131,31.155189134493263],[121.486257130892,31.155189134493263],[121.486257130892,31.15489839934527]]],[[[121.486257130892,31.155189134493263],[121.4873252842131,31.155189134493263],[121.4873252842131,31.155479869641255],[121.486257130892,31.155479869641255],[121.486257130892,31.155189134493263]]],[[[121.48590107978497,31.155479869641255],[121.4873252842131,31.155479869641255],[121.4873252842131,31.155770604789247],[121.48590107978497,31.155770604789247],[121.48590107978497,31.155479869641255]]],[[[121.48590107978497,31.155770604789247],[121.4873252842131,31.155770604789247],[121.4873252842131,31.15606133993724],[121.48590107978497,31.15606133993724],[121.48590107978497,31.155770604789247]]],[[[121.48590107978497,31.156061339937235],[121.48696923310607,31.156061339937235],[121.48696923310607,31.156352075085227],[121.48590107978497,31.156352075085227],[121.48590107978497,31.156061339937235]]],[[[121.48590107978497,31.156352075085227],[121.48696923310607,31.156352075085227],[121.48696923310607,31.15664281023322],[121.48590107978497,31.15664281023322],[121.48590107978497,31.156352075085227]]],[[[121.48661318199903,31.15664281023322],[121.48696923310607,31.15664281023322],[121.48696923310607,31.15693354538121],[121.48661318199903,31.15693354538121],[121.48661318199903,31.15664281023322]]]]}},{"type":"Feature","properties":{"parcel_id":"qiantan_xuhui_riverside:parcel:0143","geometry_method":"road_barrier_raster_plus_buildings","functional_type":"mixed","dominant_type":"public_service","confidence":0.51,"building_count":4,"avg_building_area_m2":12678,"centroid_lng":121.477644,"centroid_lat":31.156451,"parcel_area_m2":164580,"safety_clipped":false,"classification_source":"osm_tags+building_morphology+spatial_prior","synthetic_classification":true,"qc_flags":"low_confidence"},"geometry":{"type":"MultiPolygon","coordinates":[[[[121.47913610875133,31.153444723605315],[121.47949215985837,31.153444723605315],[121.47949215985837,31.153735458753307],[121.47913610875133,31.153735458753307],[121.47913610875133,31.153444723605315]]],[[[121.47842400653727,31.153735458753303],[121.4798482109654,31.153735458753303],[121.4798482109654,31.154026193901295],[121.47842400653727,31.154026193901295],[121.47842400653727,31.153735458753303]]],[[[121.47699980210913,31.154026193901295],[121.4798482109654,31.154026193901295],[121.4798482109654,31.154316929049287],[121.47699980210913,31.154316929049287],[121.47699980210913,31.154026193901295]]],[[[121.4766437510021,31.154316929049287],[121.48020426207243,31.154316929049287],[121.48020426207243,31.15460766419728],[121.4766437510021,31.15460766419728],[121.4766437510021,31.154316929049287]]],[[[121.4766437510021,31.15460766419728],[121.48020426207243,31.15460766419728],[121.48020426207243,31.15489839934527],[121.4766437510021,31.15489839934527],[121.4766437510021,31.15460766419728]]],[[[121.4766437510021,31.15489839934527],[121.48056031317947,31.15489839934527],[121.48056031317947,31.155189134493263],[121.4766437510021,31.155189134493263],[121.4766437510021,31.15489839934527]]],[[[121.47699980210913,31.155189134493263],[121.4809163642865,31.155189134493263],[121.4809163642865,31.155479869641255],[121.47699980210913,31.155479869641255],[121.47699980210913,31.155189134493263]]],[[[121.47699980210913,31.155479869641255],[121.4809163642865,31.155479869641255],[121.4809163642865,31.155770604789247],[121.47699980210913,31.155770604789247],[121.47699980210913,31.155479869641255]]],[[[121.47699980210913,31.155770604789247],[121.4809163642865,31.155770604789247],[121.4809163642865,31.15606133993724],[121.47699980210913,31.15606133993724],[121.47699980210913,31.155770604789247]]],[[[121.47699980210913,31.156061339937235],[121.4809163642865,31.156061339937235],[121.4809163642865,31.156352075085227],[121.47699980210913,31.156352075085227],[121.47699980210913,31.156061339937235]]],[[[121.47699980210913,31.156352075085227],[121.48056031317947,31.156352075085227],[121.48056031317947,31.15664281023322],[121.47699980210913,31.15664281023322],[121.47699980210913,31.156352075085227]]],[[[121.47699980210913,31.15664281023322],[121.48056031317947,31.15664281023322],[121.48056031317947,31.15693354538121],[121.47699980210913,31.15693354538121],[121.47699980210913,31.15664281023322]]],[[[121.47699980210913,31.15693354538121],[121.48056031317947,31.15693354538121],[121.48056031317947,31.157224280529203],[121.47699980210913,31.157224280529203],[121.47699980210913,31.15693354538121]]],[[[121.47699980210913,31.157224280529203],[121.48056031317947,31.157224280529203],[121.48056031317947,31.157515015677195],[121.47699980210913,31.157515015677195],[121.47699980210913,31.157224280529203]]],[[[121.47699980210913,31.157515015677195],[121.48020426207243,31.157515015677195],[121.48020426207243,31.157805750825187],[121.47699980210913,31.157805750825187],[121.47699980210913,31.157515015677195]]],[[[121.47699980210913,31.157805750825187],[121.48020426207243,31.157805750825187],[121.48020426207243,31.15809648597318],[121.47699980210913,31.15809648597318],[121.47699980210913,31.157805750825187]]],[[[121.47842400653727,31.15809648597318],[121.48020426207243,31.15809648597318],[121.48020426207243,31.15838722112117],[121.47842400653727,31.15838722112117],[121.47842400653727,31.15809648597318]]]]}},{"type":"Feature","properties":{"parcel_id":"qiantan_xuhui_riverside:parcel:0160","geometry_method":"road_barrier_raster_plus_buildings","functional_type":"mixed","dominant_type":"residential","confidence":0.54,"building_count":13,"avg_building_area_m2":656,"centroid_lng":121.523766,"centroid_lat":31.157288,"parcel_area_m2":19619,"safety_clipped":false,"classification_source":"osm_tags+building_morphology+spatial_prior","synthetic_classification":true,"qc_flags":"low_confidence"},"geometry":{"type":"MultiPolygon","coordinates":[[[[121.52293039491639,31.155770604789247],[121.52364249713045,31.155770604789247],[121.52364249713045,31.15606133993724],[121.52293039491639,31.15606133993724],[121.52293039491639,31.155770604789247]]],[[[121.52293039491639,31.156061339937235],[121.52399854823749,31.156061339937235],[121.52399854823749,31.156352075085227],[121.52293039491639,31.156352075085227],[121.52293039491639,31.156061339937235]]],[[[121.52293039491639,31.156352075085227],[121.52399854823749,31.156352075085227],[121.52399854823749,31.15664281023322],[121.52293039491639,31.15664281023322],[121.52293039491639,31.156352075085227]]],[[[121.52257434380935,31.15664281023322],[121.52364249713045,31.15664281023322],[121.52364249713045,31.15693354538121],[121.52257434380935,31.15693354538121],[121.52257434380935,31.15664281023322]]],[[[121.52293039491639,31.15693354538121],[121.52364249713045,31.15693354538121],[121.52364249713045,31.157224280529203],[121.52293039491639,31.157224280529203],[121.52293039491639,31.15693354538121]]],[[[121.52293039491639,31.157224280529203],[121.52328644602342,31.157224280529203],[121.52328644602342,31.157515015677195],[121.52293039491639,31.157515015677195],[121.52293039491639,31.157224280529203]]],[[[121.52257434380935,31.157515015677195],[121.52328644602342,31.157515015677195],[121.52328644602342,31.157805750825187],[121.52257434380935,31.157805750825187],[121.52257434380935,31.157515015677195]]],[[[121.52257434380935,31.157805750825187],[121.52293039491639,31.157805750825187],[121.52293039491639,31.15809648597318],[121.52257434380935,31.15809648597318],[121.52257434380935,31.157805750825187]]],[[[121.52257434380935,31.15809648597318],[121.52293039491639,31.15809648597318],[121.52293039491639,31.15838722112117],[121.52257434380935,31.15838722112117],[121.52257434380935,31.15809648597318]]]]}},{"type":"Feature","properties":{"parcel_id":"qiantan_xuhui_riverside:parcel:0233","geometry_method":"road_barrier_raster_plus_buildings","functional_type":"residential","dominant_type":"residential","confidence":0.57,"building_count":49,"avg_building_area_m2":1053,"centroid_lng":121.466963,"centroid_lat":31.172909,"parcel_area_m2":1634902,"safety_clipped":false,"classification_source":"osm_tags+building_morphology+spatial_prior","synthetic_classification":true,"qc_flags":""},"geometry":{"type":"MultiPolygon","coordinates":[[[[121.46346986004188,31.16449265922899],[121.46418196225595,31.16449265922899],[121.46418196225595,31.164783394376983],[121.46346986004188,31.164783394376983],[121.46346986004188,31.16449265922899]]],[[[121.46346986004188,31.164783394376983],[121.46489406447002,31.164783394376983],[121.46489406447002,31.165074129524974],[121.46346986004188,31.165074129524974],[121.46346986004188,31.164783394376983]]],[[[121.46346986004188,31.165074129524974],[121.46525011557705,31.165074129524974],[121.46525011557705,31.165364864672966],[121.46346986004188,31.165364864672966],[121.46346986004188,31.165074129524974]]],[[[121.46311380893485,31.165364864672966],[121.46596221779112,31.165364864672966],[121.46596221779112,31.16565559982096],[121.46311380893485,31.16565559982096],[121.46311380893485,31.165364864672966]]],[[[121.46346986004188,31.165655599820955],[121.46667432000518,31.165655599820955],[121.46667432000518,31.165946334968947],[121.46346986004188,31.165946334968947],[121.46346986004188,31.165655599820955]]],[[[121.46346986004188,31.165946334968947],[121.46738642221925,31.165946334968947],[121.46738642221925,31.16623707011694],[121.46346986004188,31.16623707011694],[121.46346986004188,31.165946334968947]]],[[[121.46346986004188,31.16623707011694],[121.46774247332628,31.16623707011694],[121.46774247332628,31.16652780526493],[121.46346986004188,31.16652780526493],[121.46346986004188,31.16623707011694]]],[[[121.46346986004188,31.16652780526493],[121.46845457554035,31.16652780526493],[121.46845457554035,31.166818540412923],[121.46346986004188,31.166818540412923],[121.46346986004188,31.16652780526493]]],[[[121.46453801336298,31.166818540412923],[121.47165903550365,31.166818540412923],[121.47165903550365,31.167109275560914],[121.46453801336298,31.167109275560914],[121.46453801336298,31.166818540412923]]],[[[121.46382591114892,31.167109275560914],[121.47165903550365,31.167109275560914],[121.47165903550365,31.167400010708906],[121.46382591114892,31.167400010708906],[121.46382591114892,31.167109275560914]]],[[[121.46382591114892,31.167400010708906],[121.47165903550365,31.167400010708906],[121.47165903550365,31.1676907458569],[121.46382591114892,31.1676907458569],[121.46382591114892,31.167400010708906]]],[[[121.46382591114892,31.1676907458569],[121.47165903550365,31.1676907458569],[121.47165903550365,31.16798148100489],[121.46382591114892,31.16798148100489],[121.46382591114892,31.1676907458569]]],[[[121.46418196225595,31.167981481004887],[121.47201508661068,31.167981481004887],[121.47201508661068,31.16827221615288],[121.46418196225595,31.16827221615288],[121.46418196225595,31.167981481004887]]],[[[121.46418196225595,31.16827221615288],[121.47165903550365,31.16827221615288],[121.47165903550365,31.16856295130087],[121.46418196225595,31.16856295130087],[121.46418196225595,31.16827221615288]]],[[[121.46418196225595,31.16856295130087],[121.47165903550365,31.16856295130087],[121.47165903550365,31.168853686448863],[121.46418196225595,31.168853686448863],[121.46418196225595,31.16856295130087]]],[[[121.46418196225595,31.168853686448863],[121.47130298439662,31.168853686448863],[121.47130298439662,31.169144421596854],[121.46418196225595,31.169144421596854],[121.46418196225595,31.168853686448863]]],[[[121.46418196225595,31.169144421596854],[121.47130298439662,31.169144421596854],[121.47130298439662,31.169435156744846],[121.46418196225595,31.169435156744846],[121.46418196225595,31.169144421596854]]],[[[121.46418196225595,31.169435156744846],[121.47130298439662,31.169435156744846],[121.47130298439662,31.16972589189284],[121.46418196225595,31.16972589189284],[121.46418196225595,31.169435156744846]]],[[[121.46382591114892,31.16972589189284],[121.47130298439662,31.16972589189284],[121.47130298439662,31.17001662704083],[121.46382591114892,31.17001662704083],[121.46382591114892,31.16972589189284]]],[[[121.46382591114892,31.17001662704083],[121.47094693328958,31.17001662704083],[121.47094693328958,31.170307362188822],[121.46382591114892,31.170307362188822],[121.46382591114892,31.17001662704083]]],[[[121.46382591114892,31.170307362188822],[121.47094693328958,31.170307362188822],[121.47094693328958,31.170598097336814],[121.46382591114892,31.170598097336814],[121.46382591114892,31.170307362188822]]],[[[121.46346986004188,31.17059809733681],[121.47059088218255,31.17059809733681],[121.47059088218255,31.170888832484803],[121.46346986004188,31.170888832484803],[121.46346986004188,31.17059809733681]]],[[[121.46346986004188,31.170888832484803],[121.47059088218255,31.170888832484803],[121.47059088218255,31.171179567632795],[121.46346986004188,31.171179567632795],[121.46346986004188,31.170888832484803]]],[[[121.46346986004188,31.171179567632795],[121.47023483107552,31.171179567632795],[121.47023483107552,31.171470302780786],[121.46346986004188,31.171470302780786],[121.46346986004188,31.171179567632795]]],[[[121.46346986004188,31.171470302780786],[121.46987877996848,31.171470302780786],[121.46987877996848,31.17176103792878],[121.46346986004188,31.17176103792878],[121.46346986004188,31.171470302780786]]],[[[121.46311380893485,31.17176103792878],[121.46952272886145,31.17176103792878],[121.46952272886145,31.17205177307677],[121.46311380893485,31.17205177307677],[121.46311380893485,31.17176103792878]]],[[[121.46275775782782,31.17205177307677],[121.46916667775442,31.17205177307677],[121.46916667775442,31.172342508224762],[121.46275775782782,31.172342508224762],[121.46275775782782,31.17205177307677]]],[[[121.46275775782782,31.172342508224762],[121.46916667775442,31.172342508224762],[121.46916667775442,31.172633243372754],[121.46275775782782,31.172633243372754],[121.46275775782782,31.172342508224762]]],[[[121.46275775782782,31.172633243372754],[121.46916667775442,31.172633243372754],[121.46916667775442,31.172923978520746],[121.46275775782782,31.172923978520746],[121.46275775782782,31.172633243372754]]],[[[121.46275775782782,31.172923978520743],[121.46952272886145,31.172923978520743],[121.46952272886145,31.173214713668735],[121.46275775782782,31.173214713668735],[121.46275775782782,31.172923978520743]]],[[[121.46275775782782,31.173214713668735],[121.46916667775442,31.173214713668735],[121.46916667775442,31.173505448816726],[121.46275775782782,31.173505448816726],[121.46275775782782,31.173214713668735]]],[[[121.46275775782782,31.173505448816726],[121.46916667775442,31.173505448816726],[121.46916667775442,31.17379618396472],[121.46275775782782,31.17379618396472],[121.46275775782782,31.173505448816726]]],[[[121.46275775782782,31.17379618396472],[121.46881062664738,31.17379618396472],[121.46881062664738,31.17408691911271],[121.46275775782782,31.17408691911271],[121.46275775782782,31.17379618396472]]],[[[121.46240170672078,31.17408691911271],[121.46881062664738,31.17408691911271],[121.46881062664738,31.174377654260702],[121.46240170672078,31.174377654260702],[121.46240170672078,31.17408691911271]]],[[[121.46240170672078,31.174377654260702],[121.46845457554035,31.174377654260702],[121.46845457554035,31.174668389408694],[121.46240170672078,31.174668389408694],[121.46240170672078,31.174377654260702]]],[[[121.46240170672078,31.174668389408694],[121.46809852443332,31.174668389408694],[121.46809852443332,31.174959124556686],[121.46240170672078,31.174959124556686],[121.46240170672078,31.174668389408694]]],[[[121.46240170672078,31.174959124556686],[121.46809852443332,31.174959124556686],[121.46809852443332,31.175249859704678],[121.46240170672078,31.175249859704678],[121.46240170672078,31.174959124556686]]],[[[121.46240170672078,31.175249859704675],[121.46809852443332,31.175249859704675],[121.46809852443332,31.175540594852666],[121.46240170672078,31.175540594852666],[121.46240170672078,31.175249859704675]]],[[[121.46240170672078,31.175540594852666],[121.46845457554035,31.175540594852666],[121.46845457554035,31.17583133000066],[121.46240170672078,31.17583133000066],[121.46240170672078,31.175540594852666]]],[[[121.46240170672078,31.17583133000066],[121.46845457554035,31.17583133000066],[121.46845457554035,31.17612206514865],[121.46240170672078,31.17612206514865],[121.46240170672078,31.17583133000066]]],[[[121.46240170672078,31.17612206514865],[121.46845457554035,31.17612206514865],[121.46845457554035,31.176412800296642],[121.46240170672078,31.176412800296642],[121.46240170672078,31.17612206514865]]],[[[121.46240170672078,31.176412800296642],[121.46845457554035,31.176412800296642],[121.46845457554035,31.176703535444634],[121.46240170672078,31.176703535444634],[121.46240170672078,31.176412800296642]]],[[[121.46240170672078,31.176703535444634],[121.46845457554035,31.176703535444634],[121.46845457554035,31.176994270592626],[121.46240170672078,31.176994270592626],[121.46240170672078,31.176703535444634]]],[[[121.46240170672078,31.176994270592626],[121.46845457554035,31.176994270592626],[121.46845457554035,31.177285005740618],[121.46240170672078,31.177285005740618],[121.46240170672078,31.176994270592626]]],[[[121.46240170672078,31.177285005740618],[121.46845457554035,31.177285005740618],[121.46845457554035,31.17757574088861],[121.46240170672078,31.17757574088861],[121.46240170672078,31.177285005740618]]],[[[121.46275775782782,31.17757574088861],[121.46845457554035,31.17757574088861],[121.46845457554035,31.177866476036602],[121.46275775782782,31.177866476036602],[121.46275775782782,31.17757574088861]]],[[[121.46275775782782,31.1778664760366],[121.46845457554035,31.1778664760366],[121.46845457554035,31.17815721118459],[121.46275775782782,31.17815721118459],[121.46275775782782,31.1778664760366]]],[[[121.46275775782782,31.17815721118459],[121.46845457554035,31.17815721118459],[121.46845457554035,31.178447946332582],[121.46275775782782,31.178447946332582],[121.46275775782782,31.17815721118459]]],[[[121.46311380893485,31.178447946332582],[121.46845457554035,31.178447946332582],[121.46845457554035,31.178738681480574],[121.46311380893485,31.178738681480574],[121.46311380893485,31.178447946332582]]],[[[121.46311380893485,31.178738681480574],[121.46845457554035,31.178738681480574],[121.46845457554035,31.179029416628566],[121.46311380893485,31.179029416628566],[121.46311380893485,31.178738681480574]]],[[[121.46311380893485,31.179029416628566],[121.46845457554035,31.179029416628566],[121.46845457554035,31.179320151776558],[121.46311380893485,31.179320151776558],[121.46311380893485,31.179029416628566]]],[[[121.46346986004188,31.179320151776558],[121.46881062664738,31.179320151776558],[121.46881062664738,31.17961088692455],[121.46346986004188,31.17961088692455],[121.46346986004188,31.179320151776558]]],[[[121.46346986004188,31.17961088692455],[121.46881062664738,31.17961088692455],[121.46881062664738,31.179901622072542],[121.46346986004188,31.179901622072542],[121.46346986004188,31.17961088692455]]],[[[121.46382591114892,31.179901622072542],[121.46881062664738,31.179901622072542],[121.46881062664738,31.180192357220534],[121.46382591114892,31.180192357220534],[121.46382591114892,31.179901622072542]]],[[[121.46382591114892,31.18019235722053],[121.46881062664738,31.18019235722053],[121.46881062664738,31.180483092368522],[121.46382591114892,31.180483092368522],[121.46382591114892,31.18019235722053]]],[[[121.46418196225595,31.180483092368522],[121.46916667775442,31.180483092368522],[121.46916667775442,31.180773827516514],[121.46418196225595,31.180773827516514],[121.46418196225595,31.180483092368522]]],[[[121.46418196225595,31.180773827516514],[121.46916667775442,31.180773827516514],[121.46916667775442,31.181064562664506],[121.46418196225595,31.181064562664506],[121.46418196225595,31.180773827516514]]],[[[121.46418196225595,31.181064562664506],[121.46952272886145,31.181064562664506],[121.46952272886145,31.181355297812498],[121.46418196225595,31.181355297812498],[121.46418196225595,31.181064562664506]]],[[[121.46418196225595,31.181355297812498],[121.46952272886145,31.181355297812498],[121.46952272886145,31.18164603296049],[121.46418196225595,31.18164603296049],[121.46418196225595,31.181355297812498]]],[[[121.46453801336298,31.18164603296049],[121.46987877996848,31.18164603296049],[121.46987877996848,31.181936768108482],[121.46453801336298,31.181936768108482],[121.46453801336298,31.18164603296049]]],[[[121.46489406447002,31.181936768108482],[121.47023483107552,31.181936768108482],[121.47023483107552,31.182227503256474],[121.46489406447002,31.182227503256474],[121.46489406447002,31.181936768108482]]],[[[121.46489406447002,31.182227503256474],[121.47059088218255,31.182227503256474],[121.47059088218255,31.182518238404466],[121.46489406447002,31.182518238404466],[121.46489406447002,31.182227503256474]]],[[[121.46489406447002,31.182518238404462],[121.47059088218255,31.182518238404462],[121.47059088218255,31.182808973552454],[121.46489406447002,31.182808973552454],[121.46489406447002,31.182518238404462]]],[[[121.46489406447002,31.182808973552454],[121.47094693328958,31.182808973552454],[121.47094693328958,31.183099708700446],[121.46489406447002,31.183099708700446],[121.46489406447002,31.182808973552454]]],[[[121.46489406447002,31.183099708700446],[121.47130298439662,31.183099708700446],[121.47130298439662,31.183390443848438],[121.46489406447002,31.183390443848438],[121.46489406447002,31.183099708700446]]],[[[121.46489406447002,31.183390443848438],[121.47165903550365,31.183390443848438],[121.47165903550365,31.18368117899643],[121.46489406447002,31.18368117899643],[121.46489406447002,31.183390443848438]]],[[[121.46489406447002,31.18368117899643],[121.47201508661068,31.18368117899643],[121.47201508661068,31.183971914144422],[121.46489406447002,31.183971914144422],[121.46489406447002,31.18368117899643]]],[[[121.46453801336298,31.183971914144422],[121.47272718882475,31.183971914144422],[121.47272718882475,31.184262649292414],[121.46453801336298,31.184262649292414],[121.46453801336298,31.183971914144422]]],[[[121.46489406447002,31.184262649292414],[121.47343929103882,31.184262649292414],[121.47343929103882,31.184553384440406],[121.46489406447002,31.184553384440406],[121.46489406447002,31.184262649292414]]],[[[121.46560616668408,31.184553384440406],[121.47415139325288,31.184553384440406],[121.47415139325288,31.184844119588398],[121.46560616668408,31.184844119588398],[121.46560616668408,31.184553384440406]]],[[[121.46631826889815,31.184844119588394],[121.47450744435992,31.184844119588394],[121.47450744435992,31.185134854736386],[121.46631826889815,31.185134854736386],[121.46631826889815,31.184844119588394]]],[[[121.46703037111222,31.185134854736386],[121.475575597681,31.185134854736386],[121.475575597681,31.185425589884378],[121.46703037111222,31.185425589884378],[121.46703037111222,31.185134854736386]]],[[[121.46738642221925,31.185425589884378],[121.47628769989507,31.185425589884378],[121.47628769989507,31.18571632503237],[121.46738642221925,31.18571632503237],[121.46738642221925,31.185425589884378]]],[[[121.46774247332628,31.18571632503237],[121.47628769989507,31.18571632503237],[121.47628769989507,31.186007060180362],[121.46774247332628,31.186007060180362],[121.46774247332628,31.18571632503237]]],[[[121.46809852443332,31.186007060180362],[121.47628769989507,31.186007060180362],[121.47628769989507,31.186297795328354],[121.46809852443332,31.186297795328354],[121.46809852443332,31.186007060180362]]],[[[121.46845457554035,31.186297795328354],[121.47628769989507,31.186297795328354],[121.47628769989507,31.186588530476346],[121.46845457554035,31.186588530476346],[121.46845457554035,31.186297795328354]]],[[[121.46881062664738,31.186588530476346],[121.47628769989507,31.186588530476346],[121.47628769989507,31.186879265624338],[121.46881062664738,31.186879265624338],[121.46881062664738,31.186588530476346]]],[[[121.46952272886145,31.186879265624338],[121.47593164878803,31.186879265624338],[121.47593164878803,31.18717000077233],[121.46952272886145,31.18717000077233],[121.46952272886145,31.186879265624338]]],[[[121.46987877996848,31.18717000077233],[121.47593164878803,31.18717000077233],[121.47593164878803,31.18746073592032],[121.46987877996848,31.18746073592032],[121.46987877996848,31.18717000077233]]],[[[121.47023483107552,31.187460735920318],[121.47593164878803,31.187460735920318],[121.47593164878803,31.18775147106831],[121.47023483107552,31.18775147106831],[121.47023483107552,31.187460735920318]]],[[[121.47059088218255,31.18775147106831],[121.475575597681,31.18775147106831],[121.475575597681,31.188042206216302],[121.47059088218255,31.188042206216302],[121.47059088218255,31.18775147106831]]],[[[121.47059088218255,31.188042206216302],[121.475575597681,31.188042206216302],[121.475575597681,31.188332941364294],[121.47059088218255,31.188332941364294],[121.47059088218255,31.188042206216302]]],[[[121.47094693328958,31.188332941364294],[121.475575597681,31.188332941364294],[121.475575597681,31.188623676512286],[121.47094693328958,31.188623676512286],[121.47094693328958,31.188332941364294]]],[[[121.47094693328958,31.188623676512286],[121.47521954657398,31.188623676512286],[121.47521954657398,31.188914411660278],[121.47094693328958,31.188914411660278],[121.47094693328958,31.188623676512286]]],[[[121.47094693328958,31.188914411660278],[121.47521954657398,31.188914411660278],[121.47521954657398,31.18920514680827],[121.47094693328958,31.18920514680827],[121.47094693328958,31.188914411660278]]],[[[121.47094693328958,31.18920514680827],[121.47521954657398,31.18920514680827],[121.47521954657398,31.18949588195626],[121.47094693328958,31.18949588195626],[121.47094693328958,31.18920514680827]]],[[[121.47094693328958,31.18949588195626],[121.47486349546695,31.18949588195626],[121.47486349546695,31.189786617104254],[121.47094693328958,31.189786617104254],[121.47094693328958,31.18949588195626]]],[[[121.47094693328958,31.18978661710425],[121.47486349546695,31.18978661710425],[121.47486349546695,31.190077352252242],[121.47094693328958,31.190077352252242],[121.47094693328958,31.18978661710425]]],[[[121.47130298439662,31.190077352252242],[121.47486349546695,31.190077352252242],[121.47486349546695,31.190368087400234],[121.47130298439662,31.190368087400234],[121.47130298439662,31.190077352252242]]],[[[121.47272718882475,31.190368087400234],[121.47379534214585,31.190368087400234],[121.47379534214585,31.190658822548226],[121.47272718882475,31.190658822548226],[121.47272718882475,31.190368087400234]]]]}},{"type":"Feature","properties":{"parcel_id":"qiantan_xuhui_riverside:parcel:0257","geometry_method":"road_barrier_raster_plus_buildings","functional_type":"mixed","dominant_type":"public_service","confidence":0.36,"building_count":8,"avg_building_area_m2":2343,"centroid_lng":121.534579,"centroid_lat":31.16909,"parcel_area_m2":26158,"safety_clipped":false,"classification_source":"osm_tags+building_morphology+spatial_prior","synthetic_classification":true,"qc_flags":"low_confidence"},"geometry":{"type":"MultiPolygon","coordinates":[[[[121.53361192812737,31.16856295130087],[121.53574823476957,31.16856295130087],[121.53574823476957,31.168853686448863],[121.53361192812737,31.168853686448863],[121.53361192812737,31.16856295130087]]],[[[121.53361192812737,31.168853686448863],[121.53574823476957,31.168853686448863],[121.53574823476957,31.169144421596854],[121.53361192812737,31.169144421596854],[121.53361192812737,31.168853686448863]]],[[[121.53361192812737,31.169144421596854],[121.53539218366254,31.169144421596854],[121.53539218366254,31.169435156744846],[121.53361192812737,31.169435156744846],[121.53361192812737,31.169144421596854]]],[[[121.53361192812737,31.169435156744846],[121.53539218366254,31.169435156744846],[121.53539218366254,31.16972589189284],[121.53361192812737,31.16972589189284],[121.53361192812737,31.169435156744846]]],[[[121.53432403034144,31.16972589189284],[121.5350361325555,31.16972589189284],[121.5350361325555,31.17001662704083],[121.53432403034144,31.17001662704083],[121.53432403034144,31.16972589189284]]]]}},{"type":"Feature","properties":{"parcel_id":"qiantan_xuhui_riverside:parcel:0271","geometry_method":"road_barrier_raster_plus_buildings","functional_type":"mixed","dominant_type":"commercial","confidence":0.53,"building_count":13,"avg_building_area_m2":3922,"centroid_lng":121.516142,"centroid_lat":31.171624,"parcel_area_m2":68666,"safety_clipped":false,"classification_source":"osm_tags+building_morphology+spatial_prior","synthetic_classification":true,"qc_flags":"low_confidence"},"geometry":{"type":"MultiPolygon","coordinates":[[[[121.51509727056167,31.17001662704083],[121.51580937277573,31.17001662704083],[121.51580937277573,31.170307362188822],[121.51509727056167,31.170307362188822],[121.51509727056167,31.17001662704083]]],[[[121.51509727056167,31.170307362188822],[121.51723357720387,31.170307362188822],[121.51723357720387,31.170598097336814],[121.51509727056167,31.170598097336814],[121.51509727056167,31.170307362188822]]],[[[121.51474121945463,31.17059809733681],[121.51794567941792,31.17059809733681],[121.51794567941792,31.170888832484803],[121.51474121945463,31.170888832484803],[121.51474121945463,31.17059809733681]]],[[[121.51474121945463,31.170888832484803],[121.51794567941792,31.170888832484803],[121.51794567941792,31.171179567632795],[121.51474121945463,31.171179567632795],[121.51474121945463,31.170888832484803]]],[[[121.51474121945463,31.171179567632795],[121.51794567941792,31.171179567632795],[121.51794567941792,31.171470302780786],[121.51474121945463,31.171470302780786],[121.51474121945463,31.171179567632795]]],[[[121.51474121945463,31.171470302780786],[121.51794567941792,31.171470302780786],[121.51794567941792,31.17176103792878],[121.51474121945463,31.17176103792878],[121.51474121945463,31.171470302780786]]],[[[121.51474121945463,31.17176103792878],[121.51794567941792,31.17176103792878],[121.51794567941792,31.17205177307677],[121.51474121945463,31.17205177307677],[121.51474121945463,31.17176103792878]]],[[[121.5154533216687,31.17205177307677],[121.5175896283109,31.17205177307677],[121.5175896283109,31.172342508224762],[121.5154533216687,31.172342508224762],[121.5154533216687,31.17205177307677]]],[[[121.5165214749898,31.172342508224762],[121.5175896283109,31.172342508224762],[121.5175896283109,31.172633243372754],[121.5165214749898,31.172633243372754],[121.5165214749898,31.172342508224762]]],[[[121.51723357720387,31.172633243372754],[121.5175896283109,31.172633243372754],[121.5175896283109,31.172923978520746],[121.51723357720387,31.172923978520746],[121.51723357720387,31.172633243372754]]]]}},{"type":"Feature","properties":{"parcel_id":"qiantan_xuhui_riverside:parcel:0273","geometry_method":"road_barrier_raster_plus_buildings","functional_type":"mixed","dominant_type":"public_service","confidence":0.36,"building_count":22,"avg_building_area_m2":1268,"centroid_lng":121.456117,"centroid_lat":31.17178,"parcel_area_m2":62126,"safety_clipped":false,"classification_source":"osm_tags+building_morphology+spatial_prior","synthetic_classification":true,"qc_flags":"low_confidence"},"geometry":{"type":"MultiPolygon","coordinates":[[[[121.45421253125903,31.17059809733681],[121.45528068458013,31.17059809733681],[121.45528068458013,31.170888832484803],[121.45421253125903,31.170888832484803],[121.45421253125903,31.17059809733681]]],[[[121.45563673568716,31.17059809733681],[121.4559927867942,31.17059809733681],[121.4559927867942,31.170888832484803],[121.45563673568716,31.170888832484803],[121.45563673568716,31.17059809733681]]],[[[121.45421253125903,31.170888832484803],[121.45528068458013,31.170888832484803],[121.45528068458013,31.171179567632795],[121.45421253125903,31.171179567632795],[121.45421253125903,31.170888832484803]]],[[[121.45563673568716,31.170888832484803],[121.4570609401153,31.170888832484803],[121.4570609401153,31.171179567632795],[121.45563673568716,31.171179567632795],[121.45563673568716,31.170888832484803]]],[[[121.45421253125903,31.171179567632795],[121.4570609401153,31.171179567632795],[121.4570609401153,31.171470302780786],[121.45421253125903,31.171470302780786],[121.45421253125903,31.171179567632795]]],[[[121.45456858236606,31.171470302780786],[121.4570609401153,31.171470302780786],[121.4570609401153,31.17176103792878],[121.45456858236606,31.17176103792878],[121.45456858236606,31.171470302780786]]],[[[121.45456858236606,31.17176103792878],[121.4570609401153,31.17176103792878],[121.4570609401153,31.17205177307677],[121.45456858236606,31.17205177307677],[121.45456858236606,31.17176103792878]]],[[[121.45456858236606,31.17205177307677],[121.4570609401153,31.17205177307677],[121.4570609401153,31.172342508224762],[121.45456858236606,31.172342508224762],[121.45456858236606,31.17205177307677]]],[[[121.4549246334731,31.172342508224762],[121.4570609401153,31.172342508224762],[121.4570609401153,31.172633243372754],[121.4549246334731,31.172633243372754],[121.4549246334731,31.172342508224762]]],[[[121.4549246334731,31.172633243372754],[121.45670488900826,31.172633243372754],[121.45670488900826,31.172923978520746],[121.4549246334731,31.172923978520746],[121.4549246334731,31.172633243372754]]],[[[121.4549246334731,31.172923978520743],[121.45670488900826,31.172923978520743],[121.45670488900826,31.173214713668735],[121.4549246334731,31.173214713668735],[121.4549246334731,31.172923978520743]]],[[[121.45563673568716,31.173214713668735],[121.4559927867942,31.173214713668735],[121.4559927867942,31.173505448816726],[121.45563673568716,31.173505448816726],[121.45563673568716,31.173214713668735]]]]}},{"type":"Feature","properties":{"parcel_id":"qiantan_xuhui_riverside:parcel:0303","geometry_method":"road_barrier_raster_plus_buildings","functional_type":"office","dominant_type":"office","confidence":0.57,"building_count":32,"avg_building_area_m2":1613,"centroid_lng":121.474969,"centroid_lat":31.181617,"parcel_area_m2":586385,"safety_clipped":false,"classification_source":"osm_tags+building_morphology+spatial_prior","synthetic_classification":true,"qc_flags":""},"geometry":{"type":"MultiPolygon","coordinates":[[[[121.47450744435992,31.17379618396472],[121.475575597681,31.17379618396472],[121.475575597681,31.17408691911271],[121.47450744435992,31.17408691911271],[121.47450744435992,31.17379618396472]]],[[[121.47450744435992,31.17408691911271],[121.47628769989507,31.17408691911271],[121.47628769989507,31.174377654260702],[121.47450744435992,31.174377654260702],[121.47450744435992,31.17408691911271]]],[[[121.47450744435992,31.174377654260702],[121.47699980210913,31.174377654260702],[121.47699980210913,31.174668389408694],[121.47450744435992,31.174668389408694],[121.47450744435992,31.174377654260702]]],[[[121.47450744435992,31.174668389408694],[121.47735585321617,31.174668389408694],[121.47735585321617,31.174959124556686],[121.47450744435992,31.174959124556686],[121.47450744435992,31.174668389408694]]],[[[121.47415139325288,31.174959124556686],[121.4777119043232,31.174959124556686],[121.4777119043232,31.175249859704678],[121.47415139325288,31.175249859704678],[121.47415139325288,31.174959124556686]]],[[[121.47415139325288,31.175249859704675],[121.47806795543023,31.175249859704675],[121.47806795543023,31.175540594852666],[121.47415139325288,31.175540594852666],[121.47415139325288,31.175249859704675]]],[[[121.47415139325288,31.175540594852666],[121.47842400653727,31.175540594852666],[121.47842400653727,31.17583133000066],[121.47415139325288,31.17583133000066],[121.47415139325288,31.175540594852666]]],[[[121.47415139325288,31.17583133000066],[121.4787800576443,31.17583133000066],[121.4787800576443,31.17612206514865],[121.47415139325288,31.17612206514865],[121.47415139325288,31.17583133000066]]],[[[121.47379534214585,31.17612206514865],[121.47949215985837,31.17612206514865],[121.47949215985837,31.176412800296642],[121.47379534214585,31.176412800296642],[121.47379534214585,31.17612206514865]]],[[[121.47379534214585,31.176412800296642],[121.4798482109654,31.176412800296642],[121.4798482109654,31.176703535444634],[121.47379534214585,31.176703535444634],[121.47379534214585,31.176412800296642]]],[[[121.47379534214585,31.176703535444634],[121.48020426207243,31.176703535444634],[121.48020426207243,31.176994270592626],[121.47379534214585,31.176994270592626],[121.47379534214585,31.176703535444634]]],[[[121.47343929103882,31.176994270592626],[121.4809163642865,31.176994270592626],[121.4809163642865,31.177285005740618],[121.47343929103882,31.177285005740618],[121.47343929103882,31.176994270592626]]],[[[121.47343929103882,31.177285005740618],[121.4819845176076,31.177285005740618],[121.4819845176076,31.17757574088861],[121.47343929103882,31.17757574088861],[121.47343929103882,31.177285005740618]]],[[[121.47343929103882,31.17757574088861],[121.48234056871463,31.17757574088861],[121.48234056871463,31.177866476036602],[121.47343929103882,31.177866476036602],[121.47343929103882,31.17757574088861]]],[[[121.47308323993178,31.1778664760366],[121.48269661982167,31.1778664760366],[121.48269661982167,31.17815721118459],[121.47308323993178,31.17815721118459],[121.47308323993178,31.1778664760366]]],[[[121.47308323993178,31.17815721118459],[121.48234056871463,31.17815721118459],[121.48234056871463,31.178447946332582],[121.47308323993178,31.178447946332582],[121.47308323993178,31.17815721118459]]],[[[121.47237113771772,31.178447946332582],[121.4819845176076,31.178447946332582],[121.4819845176076,31.178738681480574],[121.47237113771772,31.178738681480574],[121.47237113771772,31.178447946332582]]],[[[121.47237113771772,31.178738681480574],[121.48162846650057,31.178738681480574],[121.48162846650057,31.179029416628566],[121.47237113771772,31.179029416628566],[121.47237113771772,31.178738681480574]]],[[[121.47201508661068,31.179029416628566],[121.4809163642865,31.179029416628566],[121.4809163642865,31.179320151776558],[121.47201508661068,31.179320151776558],[121.47201508661068,31.179029416628566]]],[[[121.47201508661068,31.179320151776558],[121.48020426207243,31.179320151776558],[121.48020426207243,31.17961088692455],[121.47201508661068,31.17961088692455],[121.47201508661068,31.179320151776558]]],[[[121.47201508661068,31.17961088692455],[121.4798482109654,31.17961088692455],[121.4798482109654,31.179901622072542],[121.47201508661068,31.179901622072542],[121.47201508661068,31.17961088692455]]],[[[121.47165903550365,31.179901622072542],[121.47949215985837,31.179901622072542],[121.47949215985837,31.180192357220534],[121.47165903550365,31.180192357220534],[121.47165903550365,31.179901622072542]]],[[[121.47165903550365,31.18019235722053],[121.47913610875133,31.18019235722053],[121.47913610875133,31.180483092368522],[121.47165903550365,31.180483092368522],[121.47165903550365,31.18019235722053]]],[[[121.47165903550365,31.180483092368522],[121.4787800576443,31.180483092368522],[121.4787800576443,31.180773827516514],[121.47165903550365,31.180773827516514],[121.47165903550365,31.180483092368522]]],[[[121.47201508661068,31.180773827516514],[121.4787800576443,31.180773827516514],[121.4787800576443,31.181064562664506],[121.47201508661068,31.181064562664506],[121.47201508661068,31.180773827516514]]],[[[121.47237113771772,31.181064562664506],[121.47842400653727,31.181064562664506],[121.47842400653727,31.181355297812498],[121.47237113771772,31.181355297812498],[121.47237113771772,31.181064562664506]]],[[[121.47272718882475,31.181355297812498],[121.47806795543023,31.181355297812498],[121.47806795543023,31.18164603296049],[121.47272718882475,31.18164603296049],[121.47272718882475,31.181355297812498]]],[[[121.47308323993178,31.18164603296049],[121.47806795543023,31.18164603296049],[121.47806795543023,31.181936768108482],[121.47308323993178,31.181936768108482],[121.47308323993178,31.18164603296049]]],[[[121.47379534214585,31.181936768108482],[121.47806795543023,31.181936768108482],[121.47806795543023,31.182227503256474],[121.47379534214585,31.182227503256474],[121.47379534214585,31.181936768108482]]],[[[121.47415139325288,31.182227503256474],[121.4777119043232,31.182227503256474],[121.4777119043232,31.182518238404466],[121.47415139325288,31.182518238404466],[121.47415139325288,31.182227503256474]]],[[[121.47450744435992,31.182518238404462],[121.4777119043232,31.182518238404462],[121.4777119043232,31.182808973552454],[121.47450744435992,31.182808973552454],[121.47450744435992,31.182518238404462]]],[[[121.47521954657398,31.182808973552454],[121.4777119043232,31.182808973552454],[121.4777119043232,31.183099708700446],[121.47521954657398,31.183099708700446],[121.47521954657398,31.182808973552454]]],[[[121.47593164878803,31.183099708700446],[121.47735585321617,31.183099708700446],[121.47735585321617,31.183390443848438],[121.47593164878803,31.183390443848438],[121.47593164878803,31.183099708700446]]],[[[121.4766437510021,31.183390443848438],[121.47735585321617,31.183390443848438],[121.47735585321617,31.18368117899643],[121.4766437510021,31.18368117899643],[121.4766437510021,31.183390443848438]]]]}},{"type":"Feature","properties":{"parcel_id":"qiantan_xuhui_riverside:parcel:0380","geometry_method":"road_barrier_raster_plus_buildings","functional_type":"mixed","dominant_type":"residential","confidence":0.49,"building_count":10,"avg_building_area_m2":1340,"centroid_lng":121.453554,"centroid_lat":31.183781,"parcel_area_m2":44687,"safety_clipped":false,"classification_source":"osm_tags+building_morphology+spatial_prior","synthetic_classification":true,"qc_flags":"low_confidence"},"geometry":{"type":"MultiPolygon","coordinates":[[[[121.4527883268309,31.183390443848438],[121.45350042904496,31.183390443848438],[121.45350042904496,31.18368117899643],[121.4527883268309,31.18368117899643],[121.4527883268309,31.183390443848438]]],[[[121.45243227572387,31.18368117899643],[121.453856480152,31.18368117899643],[121.453856480152,31.183971914144422],[121.45243227572387,31.183971914144422],[121.45243227572387,31.18368117899643]]],[[[121.45207622461683,31.183971914144422],[121.45421253125903,31.183971914144422],[121.45421253125903,31.184262649292414],[121.45207622461683,31.184262649292414],[121.45207622461683,31.183971914144422]]],[[[121.45207622461683,31.184262649292414],[121.45456858236606,31.184262649292414],[121.45456858236606,31.184553384440406],[121.45207622461683,31.184553384440406],[121.45207622461683,31.184262649292414]]],[[[121.45207622461683,31.184553384440406],[121.4549246334731,31.184553384440406],[121.4549246334731,31.184844119588398],[121.45207622461683,31.184844119588398],[121.45207622461683,31.184553384440406]]],[[[121.45350042904496,31.184844119588394],[121.45563673568716,31.184844119588394],[121.45563673568716,31.185134854736386],[121.45350042904496,31.185134854736386],[121.45350042904496,31.184844119588394]]],[[[121.45421253125903,31.185134854736386],[121.4559927867942,31.185134854736386],[121.4559927867942,31.185425589884378],[121.45421253125903,31.185425589884378],[121.45421253125903,31.185134854736386]]],[[[121.45528068458013,31.185425589884378],[121.45634883790123,31.185425589884378],[121.45634883790123,31.18571632503237],[121.45528068458013,31.18571632503237],[121.45528068458013,31.185425589884378]]]]}},{"type":"Feature","properties":{"parcel_id":"qiantan_xuhui_riverside:parcel:0389","geometry_method":"road_barrier_raster_plus_buildings","functional_type":"mixed","dominant_type":"residential","confidence":0.52,"building_count":4,"avg_building_area_m2":906,"centroid_lng":121.448248,"centroid_lat":31.18638,"parcel_area_m2":39238,"safety_clipped":false,"classification_source":"osm_tags+building_morphology+spatial_prior","synthetic_classification":true,"qc_flags":"low_confidence"},"geometry":{"type":"MultiPolygon","coordinates":[[[[121.44780361133243,31.184553384440406],[121.44815966243947,31.184553384440406],[121.44815966243947,31.184844119588398],[121.44780361133243,31.184844119588398],[121.44780361133243,31.184553384440406]]],[[[121.44780361133243,31.184844119588394],[121.4485157135465,31.184844119588394],[121.4485157135465,31.185134854736386],[121.44780361133243,31.185134854736386],[121.44780361133243,31.184844119588394]]],[[[121.4474475602254,31.185134854736386],[121.44887176465353,31.185134854736386],[121.44887176465353,31.185425589884378],[121.4474475602254,31.185425589884378],[121.4474475602254,31.185134854736386]]],[[[121.4474475602254,31.185425589884378],[121.44922781576057,31.185425589884378],[121.44922781576057,31.18571632503237],[121.4474475602254,31.18571632503237],[121.4474475602254,31.185425589884378]]],[[[121.4474475602254,31.18571632503237],[121.4495838668676,31.18571632503237],[121.4495838668676,31.186007060180362],[121.4474475602254,31.186007060180362],[121.4474475602254,31.18571632503237]]],[[[121.44709150911837,31.186007060180362],[121.44922781576057,31.186007060180362],[121.44922781576057,31.186297795328354],[121.44709150911837,31.186297795328354],[121.44709150911837,31.186007060180362]]],[[[121.44709150911837,31.186297795328354],[121.44922781576057,31.186297795328354],[121.44922781576057,31.186588530476346],[121.44709150911837,31.186588530476346],[121.44709150911837,31.186297795328354]]],[[[121.44709150911837,31.186588530476346],[121.4474475602254,31.186588530476346],[121.4474475602254,31.186879265624338],[121.44709150911837,31.186879265624338],[121.44709150911837,31.186588530476346]]],[[[121.44815966243947,31.186588530476346],[121.44922781576057,31.186588530476346],[121.44922781576057,31.186879265624338],[121.44815966243947,31.186879265624338],[121.44815966243947,31.186588530476346]]],[[[121.4485157135465,31.186879265624338],[121.44887176465353,31.186879265624338],[121.44887176465353,31.18717000077233],[121.4485157135465,31.18717000077233],[121.4485157135465,31.186879265624338]]],[[[121.4485157135465,31.18717000077233],[121.44887176465353,31.18717000077233],[121.44887176465353,31.18746073592032],[121.4485157135465,31.18746073592032],[121.4485157135465,31.18717000077233]]]]}},{"type":"Feature","properties":{"parcel_id":"qiantan_xuhui_riverside:parcel:0404","geometry_method":"road_barrier_raster_plus_buildings","functional_type":"mixed","dominant_type":"commercial","confidence":0.51,"building_count":16,"avg_building_area_m2":5185,"centroid_lng":121.4897,"centroid_lat":31.191613,"parcel_area_m2":853419,"safety_clipped":false,"classification_source":"osm_tags+building_morphology+spatial_prior","synthetic_classification":true,"qc_flags":"low_confidence"},"geometry":{"type":"MultiPolygon","coordinates":[[[[121.48340872203573,31.186297795328354],[121.48768133532013,31.186297795328354],[121.48768133532013,31.186588530476346],[121.48340872203573,31.186588530476346],[121.48340872203573,31.186297795328354]]],[[[121.48340872203573,31.186588530476346],[121.48946159085529,31.186588530476346],[121.48946159085529,31.186879265624338],[121.48340872203573,31.186879265624338],[121.48340872203573,31.186588530476346]]],[[[121.48269661982167,31.186879265624338],[121.48981764196232,31.186879265624338],[121.48981764196232,31.18717000077233],[121.48269661982167,31.18717000077233],[121.48269661982167,31.186879265624338]]],[[[121.48269661982167,31.18717000077233],[121.49052974417638,31.18717000077233],[121.49052974417638,31.18746073592032],[121.48269661982167,31.18746073592032],[121.48269661982167,31.18717000077233]]],[[[121.48269661982167,31.187460735920318],[121.49052974417638,31.187460735920318],[121.49052974417638,31.18775147106831],[121.48269661982167,31.18775147106831],[121.48269661982167,31.187460735920318]]],[[[121.49088579528342,31.187460735920318],[121.49159789749748,31.187460735920318],[121.49159789749748,31.18775147106831],[121.49088579528342,31.18775147106831],[121.49088579528342,31.187460735920318]]],[[[121.48269661982167,31.18775147106831],[121.49230999971155,31.18775147106831],[121.49230999971155,31.188042206216302],[121.48269661982167,31.188042206216302],[121.48269661982167,31.18775147106831]]],[[[121.48234056871463,31.188042206216302],[121.49302210192562,31.188042206216302],[121.49302210192562,31.188332941364294],[121.48234056871463,31.188332941364294],[121.48234056871463,31.188042206216302]]],[[[121.48234056871463,31.188332941364294],[121.49302210192562,31.188332941364294],[121.49302210192562,31.188623676512286],[121.48234056871463,31.188623676512286],[121.48234056871463,31.188332941364294]]],[[[121.48234056871463,31.188623676512286],[121.49337815303265,31.188623676512286],[121.49337815303265,31.188914411660278],[121.48234056871463,31.188914411660278],[121.48234056871463,31.188623676512286]]],[[[121.48234056871463,31.188914411660278],[121.49373420413968,31.188914411660278],[121.49373420413968,31.18920514680827],[121.48234056871463,31.18920514680827],[121.48234056871463,31.188914411660278]]],[[[121.4819845176076,31.18920514680827],[121.49409025524672,31.18920514680827],[121.49409025524672,31.18949588195626],[121.4819845176076,31.18949588195626],[121.4819845176076,31.18920514680827]]],[[[121.4819845176076,31.18949588195626],[121.49409025524672,31.18949588195626],[121.49409025524672,31.189786617104254],[121.4819845176076,31.189786617104254],[121.4819845176076,31.18949588195626]]],[[[121.4819845176076,31.18978661710425],[121.49373420413968,31.18978661710425],[121.49373420413968,31.190077352252242],[121.4819845176076,31.190077352252242],[121.4819845176076,31.18978661710425]]],[[[121.48162846650057,31.190077352252242],[121.49337815303265,31.190077352252242],[121.49337815303265,31.190368087400234],[121.48162846650057,31.190368087400234],[121.48162846650057,31.190077352252242]]],[[[121.48162846650057,31.190368087400234],[121.49302210192562,31.190368087400234],[121.49302210192562,31.190658822548226],[121.48162846650057,31.190658822548226],[121.48162846650057,31.190368087400234]]],[[[121.48162846650057,31.190658822548226],[121.49266605081858,31.190658822548226],[121.49266605081858,31.190949557696218],[121.48162846650057,31.190949557696218],[121.48162846650057,31.190658822548226]]],[[[121.48127241539353,31.190949557696218],[121.49230999971155,31.190949557696218],[121.49230999971155,31.19124029284421],[121.48127241539353,31.19124029284421],[121.48127241539353,31.190949557696218]]],[[[121.48127241539353,31.19124029284421],[121.49230999971155,31.19124029284421],[121.49230999971155,31.191531027992202],[121.48127241539353,31.191531027992202],[121.48127241539353,31.19124029284421]]],[[[121.4809163642865,31.191531027992202],[121.49195394860452,31.191531027992202],[121.49195394860452,31.191821763140194],[121.4809163642865,31.191821763140194],[121.4809163642865,31.191531027992202]]],[[[121.4809163642865,31.191821763140194],[121.49159789749748,31.191821763140194],[121.49159789749748,31.192112498288186],[121.4809163642865,31.192112498288186],[121.4809163642865,31.191821763140194]]],[[[121.4809163642865,31.192112498288182],[121.49124184639045,31.192112498288182],[121.49124184639045,31.192403233436174],[121.4809163642865,31.192403233436174],[121.4809163642865,31.192112498288182]]],[[[121.4809163642865,31.192403233436174],[121.48483292646387,31.192403233436174],[121.48483292646387,31.192693968584166],[121.4809163642865,31.192693968584166],[121.4809163642865,31.192403233436174]]],[[[121.4851889775709,31.192403233436174],[121.49124184639045,31.192403233436174],[121.49124184639045,31.192693968584166],[121.4851889775709,31.192693968584166],[121.4851889775709,31.192403233436174]]],[[[121.48234056871463,31.192693968584166],[121.49088579528342,31.192693968584166],[121.49088579528342,31.192984703732158],[121.48234056871463,31.192984703732158],[121.48234056871463,31.192693968584166]]],[[[121.4830526709287,31.192984703732158],[121.48554502867793,31.192984703732158],[121.48554502867793,31.19327543888015],[121.4830526709287,31.19327543888015],[121.4830526709287,31.192984703732158]]],[[[121.48590107978497,31.192984703732158],[121.49088579528342,31.192984703732158],[121.49088579528342,31.19327543888015],[121.48590107978497,31.19327543888015],[121.48590107978497,31.192984703732158]]],[[[121.48483292646387,31.19327543888015],[121.48554502867793,31.19327543888015],[121.48554502867793,31.193566174028142],[121.48483292646387,31.193566174028142],[121.48483292646387,31.19327543888015]]],[[[121.48590107978497,31.19327543888015],[121.49052974417638,31.19327543888015],[121.49052974417638,31.193566174028142],[121.48590107978497,31.193566174028142],[121.48590107978497,31.19327543888015]]],[[[121.48554502867793,31.193566174028142],[121.49052974417638,31.193566174028142],[121.49052974417638,31.193856909176134],[121.48554502867793,31.193856909176134],[121.48554502867793,31.193566174028142]]],[[[121.48554502867793,31.193856909176134],[121.49052974417638,31.193856909176134],[121.49052974417638,31.194147644324126],[121.48554502867793,31.194147644324126],[121.48554502867793,31.193856909176134]]],[[[121.48554502867793,31.194147644324126],[121.49052974417638,31.194147644324126],[121.49052974417638,31.194438379472118],[121.48554502867793,31.194438379472118],[121.48554502867793,31.194147644324126]]],[[[121.48554502867793,31.194438379472118],[121.49017369306935,31.194438379472118],[121.49017369306935,31.19472911462011],[121.48554502867793,31.19472911462011],[121.48554502867793,31.194438379472118]]],[[[121.48554502867793,31.194729114620106],[121.49017369306935,31.194729114620106],[121.49017369306935,31.195019849768098],[121.48554502867793,31.195019849768098],[121.48554502867793,31.194729114620106]]],[[[121.48554502867793,31.195019849768098],[121.49017369306935,31.195019849768098],[121.49017369306935,31.19531058491609],[121.48554502867793,31.19531058491609],[121.48554502867793,31.195019849768098]]],[[[121.4851889775709,31.19531058491609],[121.49017369306935,31.19531058491609],[121.49017369306935,31.195601320064082],[121.4851889775709,31.195601320064082],[121.4851889775709,31.19531058491609]]],[[[121.48696923310607,31.195601320064082],[121.4883934375342,31.195601320064082],[121.4883934375342,31.195892055212074],[121.48696923310607,31.195892055212074],[121.48696923310607,31.195601320064082]]],[[[121.48946159085529,31.195601320064082],[121.49017369306935,31.195601320064082],[121.49017369306935,31.195892055212074],[121.48946159085529,31.195892055212074],[121.48946159085529,31.195601320064082]]]]}},{"type":"Feature","properties":{"parcel_id":"qiantan_xuhui_riverside:parcel:0410","geometry_method":"road_barrier_raster_plus_buildings","functional_type":"mixed","dominant_type":"residential","confidence":0.51,"building_count":10,"avg_building_area_m2":919,"centroid_lng":121.452257,"centroid_lat":31.188992,"parcel_area_m2":100274,"safety_clipped":false,"classification_source":"osm_tags+building_morphology+spatial_prior","synthetic_classification":true,"qc_flags":"low_confidence"},"geometry":{"type":"MultiPolygon","coordinates":[[[[121.45029596908167,31.18717000077233],[121.45100807129573,31.18717000077233],[121.45100807129573,31.18746073592032],[121.45029596908167,31.18746073592032],[121.45029596908167,31.18717000077233]]],[[[121.44993991797463,31.187460735920318],[121.4517201735098,31.187460735920318],[121.4517201735098,31.18775147106831],[121.44993991797463,31.18775147106831],[121.44993991797463,31.187460735920318]]],[[[121.45350042904496,31.187460735920318],[121.45528068458013,31.187460735920318],[121.45528068458013,31.18775147106831],[121.45350042904496,31.18775147106831],[121.45350042904496,31.187460735920318]]],[[[121.44993991797463,31.18775147106831],[121.45207622461683,31.18775147106831],[121.45207622461683,31.188042206216302],[121.44993991797463,31.188042206216302],[121.44993991797463,31.18775147106831]]],[[[121.45314437793793,31.18775147106831],[121.45563673568716,31.18775147106831],[121.45563673568716,31.188042206216302],[121.45314437793793,31.188042206216302],[121.45314437793793,31.18775147106831]]],[[[121.44993991797463,31.188042206216302],[121.45528068458013,31.188042206216302],[121.45528068458013,31.188332941364294],[121.44993991797463,31.188332941364294],[121.44993991797463,31.188042206216302]]],[[[121.44993991797463,31.188332941364294],[121.45207622461683,31.188332941364294],[121.45207622461683,31.188623676512286],[121.44993991797463,31.188623676512286],[121.44993991797463,31.188332941364294]]],[[[121.45243227572387,31.188332941364294],[121.4527883268309,31.188332941364294],[121.4527883268309,31.188623676512286],[121.45243227572387,31.188623676512286],[121.45243227572387,31.188332941364294]]],[[[121.45314437793793,31.188332941364294],[121.45528068458013,31.188332941364294],[121.45528068458013,31.188623676512286],[121.45314437793793,31.188623676512286],[121.45314437793793,31.188332941364294]]],[[[121.45029596908167,31.188623676512286],[121.45243227572387,31.188623676512286],[121.45243227572387,31.188914411660278],[121.45029596908167,31.188914411660278],[121.45029596908167,31.188623676512286]]],[[[121.45350042904496,31.188623676512286],[121.45528068458013,31.188623676512286],[121.45528068458013,31.188914411660278],[121.45350042904496,31.188914411660278],[121.45350042904496,31.188623676512286]]],[[[121.45100807129573,31.188914411660278],[121.4527883268309,31.188914411660278],[121.4527883268309,31.18920514680827],[121.45100807129573,31.18920514680827],[121.45100807129573,31.188914411660278]]],[[[121.45314437793793,31.188914411660278],[121.45350042904496,31.188914411660278],[121.45350042904496,31.18920514680827],[121.45314437793793,31.18920514680827],[121.45314437793793,31.188914411660278]]],[[[121.45421253125903,31.188914411660278],[121.4549246334731,31.188914411660278],[121.4549246334731,31.18920514680827],[121.45421253125903,31.18920514680827],[121.45421253125903,31.188914411660278]]],[[[121.45207622461683,31.18920514680827],[121.4527883268309,31.18920514680827],[121.4527883268309,31.18949588195626],[121.45207622461683,31.18949588195626],[121.45207622461683,31.18920514680827]]],[[[121.45314437793793,31.18920514680827],[121.4549246334731,31.18920514680827],[121.4549246334731,31.18949588195626],[121.45314437793793,31.18949588195626],[121.45314437793793,31.18920514680827]]],[[[121.45243227572387,31.18949588195626],[121.4549246334731,31.18949588195626],[121.4549246334731,31.189786617104254],[121.45243227572387,31.189786617104254],[121.45243227572387,31.18949588195626]]],[[[121.45314437793793,31.18978661710425],[121.45456858236606,31.18978661710425],[121.45456858236606,31.190077352252242],[121.45314437793793,31.190077352252242],[121.45314437793793,31.18978661710425]]],[[[121.453856480152,31.190077352252242],[121.45456858236606,31.190077352252242],[121.45456858236606,31.190368087400234],[121.453856480152,31.190368087400234],[121.453856480152,31.190077352252242]]]]}},{"type":"Feature","properties":{"parcel_id":"qiantan_xuhui_riverside:parcel:0416","geometry_method":"road_barrier_raster_plus_buildings","functional_type":"mixed","dominant_type":"commercial","confidence":0.45,"building_count":3,"avg_building_area_m2":815,"centroid_lng":121.447639,"centroid_lat":31.188273,"parcel_area_m2":37058,"safety_clipped":false,"classification_source":"osm_tags+building_morphology+spatial_prior","synthetic_classification":true,"qc_flags":"low_confidence"},"geometry":{"type":"MultiPolygon","coordinates":[[[[121.44637940690431,31.188332941364294],[121.4474475602254,31.188332941364294],[121.4474475602254,31.188623676512286],[121.44637940690431,31.188623676512286],[121.44637940690431,31.188332941364294]]],[[[121.44602335579728,31.188623676512286],[121.44780361133243,31.188623676512286],[121.44780361133243,31.188914411660278],[121.44602335579728,31.188914411660278],[121.44602335579728,31.188623676512286]]],[[[121.44602335579728,31.188914411660278],[121.44780361133243,31.188914411660278],[121.44780361133243,31.18920514680827],[121.44602335579728,31.18920514680827],[121.44602335579728,31.188914411660278]]],[[[121.44602335579728,31.18920514680827],[121.44780361133243,31.18920514680827],[121.44780361133243,31.18949588195626],[121.44602335579728,31.18949588195626],[121.44602335579728,31.18920514680827]]],[[[121.44602335579728,31.18949588195626],[121.44780361133243,31.18949588195626],[121.44780361133243,31.189786617104254],[121.44602335579728,31.189786617104254],[121.44602335579728,31.18949588195626]]],[[[121.44602335579728,31.18978661710425],[121.4474475602254,31.18978661710425],[121.4474475602254,31.190077352252242],[121.44602335579728,31.190077352252242],[121.44602335579728,31.18978661710425]]],[[[121.44602335579728,31.190077352252242],[121.4474475602254,31.190077352252242],[121.4474475602254,31.190368087400234],[121.44602335579728,31.190368087400234],[121.44602335579728,31.190077352252242]]],[[[121.44602335579728,31.190368087400234],[121.44709150911837,31.190368087400234],[121.44709150911837,31.190658822548226],[121.44602335579728,31.190658822548226],[121.44602335579728,31.190368087400234]]]]}},{"type":"Feature","properties":{"parcel_id":"qiantan_xuhui_riverside:parcel:0419","geometry_method":"road_barrier_raster_plus_buildings","functional_type":"mixed","dominant_type":"commercial","confidence":0.53,"building_count":13,"avg_building_area_m2":1268,"centroid_lng":121.464664,"centroid_lat":31.190017,"parcel_area_m2":22889,"safety_clipped":false,"classification_source":"osm_tags+building_morphology+spatial_prior","synthetic_classification":true,"qc_flags":"low_confidence"},"geometry":{"type":"MultiPolygon","coordinates":[[[[121.46418196225595,31.188623676512286],[121.46489406447002,31.188623676512286],[121.46489406447002,31.188914411660278],[121.46418196225595,31.188914411660278],[121.46418196225595,31.188623676512286]]],[[[121.46418196225595,31.188914411660278],[121.46525011557705,31.188914411660278],[121.46525011557705,31.18920514680827],[121.46418196225595,31.18920514680827],[121.46418196225595,31.188914411660278]]],[[[121.46453801336298,31.18920514680827],[121.46560616668408,31.18920514680827],[121.46560616668408,31.18949588195626],[121.46453801336298,31.18949588195626],[121.46453801336298,31.18920514680827]]],[[[121.46382591114892,31.18949588195626],[121.46453801336298,31.18949588195626],[121.46453801336298,31.189786617104254],[121.46382591114892,31.189786617104254],[121.46382591114892,31.18949588195626]]],[[[121.46489406447002,31.18949588195626],[121.46596221779112,31.18949588195626],[121.46596221779112,31.189786617104254],[121.46489406447002,31.189786617104254],[121.46489406447002,31.18949588195626]]],[[[121.46418196225595,31.18978661710425],[121.46560616668408,31.18978661710425],[121.46560616668408,31.190077352252242],[121.46418196225595,31.190077352252242],[121.46418196225595,31.18978661710425]]],[[[121.46453801336298,31.190077352252242],[121.46560616668408,31.190077352252242],[121.46560616668408,31.190368087400234],[121.46453801336298,31.190368087400234],[121.46453801336298,31.190077352252242]]],[[[121.46489406447002,31.190368087400234],[121.46525011557705,31.190368087400234],[121.46525011557705,31.190658822548226],[121.46489406447002,31.190658822548226],[121.46489406447002,31.190368087400234]]]]}},{"type":"Feature","properties":{"parcel_id":"qiantan_xuhui_riverside:parcel:0428","geometry_method":"road_barrier_raster_plus_buildings","functional_type":"mixed","dominant_type":"residential","confidence":0.5,"building_count":25,"avg_building_area_m2":1251,"centroid_lng":121.440817,"centroid_lat":31.19167,"parcel_area_m2":43597,"safety_clipped":false,"classification_source":"osm_tags+building_morphology+spatial_prior","synthetic_classification":true,"qc_flags":"low_confidence"},"geometry":{"type":"MultiPolygon","coordinates":[[[[121.43961443587068,31.18978661710425],[121.44032653808475,31.18978661710425],[121.44032653808475,31.190077352252242],[121.43961443587068,31.190077352252242],[121.43961443587068,31.18978661710425]]],[[[121.43961443587068,31.190077352252242],[121.44139469140585,31.190077352252242],[121.44139469140585,31.190368087400234],[121.43961443587068,31.190368087400234],[121.43961443587068,31.190077352252242]]],[[[121.43961443587068,31.190368087400234],[121.44175074251288,31.190368087400234],[121.44175074251288,31.190658822548226],[121.43961443587068,31.190658822548226],[121.43961443587068,31.190368087400234]]],[[[121.43961443587068,31.190658822548226],[121.44103864029881,31.190658822548226],[121.44103864029881,31.190949557696218],[121.43961443587068,31.190949557696218],[121.43961443587068,31.190658822548226]]],[[[121.43961443587068,31.190949557696218],[121.44139469140585,31.190949557696218],[121.44139469140585,31.19124029284421],[121.43961443587068,31.19124029284421],[121.43961443587068,31.190949557696218]]],[[[121.43961443587068,31.19124029284421],[121.44139469140585,31.19124029284421],[121.44139469140585,31.191531027992202],[121.43961443587068,31.191531027992202],[121.43961443587068,31.19124029284421]]],[[[121.43961443587068,31.191531027992202],[121.44139469140585,31.191531027992202],[121.44139469140585,31.191821763140194],[121.43961443587068,31.191821763140194],[121.43961443587068,31.191531027992202]]],[[[121.43961443587068,31.191821763140194],[121.44103864029881,31.191821763140194],[121.44103864029881,31.192112498288186],[121.43961443587068,31.192112498288186],[121.43961443587068,31.191821763140194]]],[[[121.43997048697771,31.192112498288182],[121.44103864029881,31.192112498288182],[121.44103864029881,31.192403233436174],[121.43997048697771,31.192403233436174],[121.43997048697771,31.192112498288182]]],[[[121.44068258919178,31.192403233436174],[121.44103864029881,31.192403233436174],[121.44103864029881,31.192693968584166],[121.44068258919178,31.192693968584166],[121.44068258919178,31.192403233436174]]]]}},{"type":"Feature","properties":{"parcel_id":"qiantan_xuhui_riverside:parcel:0432","geometry_method":"road_barrier_raster_plus_buildings","functional_type":"mixed","dominant_type":"residential","confidence":0.54,"building_count":6,"avg_building_area_m2":876,"centroid_lng":121.466154,"centroid_lat":31.192415,"parcel_area_m2":44687,"safety_clipped":false,"classification_source":"osm_tags+building_morphology+spatial_prior","synthetic_classification":true,"qc_flags":"low_confidence"},"geometry":{"type":"MultiPolygon","coordinates":[[[[121.46703037111222,31.190368087400234],[121.46774247332628,31.190368087400234],[121.46774247332628,31.190658822548226],[121.46703037111222,31.190658822548226],[121.46703037111222,31.190368087400234]]],[[[121.46667432000518,31.190658822548226],[121.46809852443332,31.190658822548226],[121.46809852443332,31.190949557696218],[121.46667432000518,31.190949557696218],[121.46667432000518,31.190658822548226]]],[[[121.46667432000518,31.190949557696218],[121.46881062664738,31.190949557696218],[121.46881062664738,31.19124029284421],[121.46667432000518,31.19124029284421],[121.46667432000518,31.190949557696218]]],[[[121.46631826889815,31.19124029284421],[121.46916667775442,31.19124029284421],[121.46916667775442,31.191531027992202],[121.46631826889815,31.191531027992202],[121.46631826889815,31.19124029284421]]],[[[121.46703037111222,31.191531027992202],[121.46952272886145,31.191531027992202],[121.46952272886145,31.191821763140194],[121.46703037111222,31.191821763140194],[121.46703037111222,31.191531027992202]]],[[[121.46738642221925,31.191821763140194],[121.46952272886145,31.191821763140194],[121.46952272886145,31.192112498288186],[121.46738642221925,31.192112498288186],[121.46738642221925,31.191821763140194]]],[[[121.46809852443332,31.192112498288182],[121.46952272886145,31.192112498288182],[121.46952272886145,31.192403233436174],[121.46809852443332,31.192403233436174],[121.46809852443332,31.192112498288182]]],[[[121.46845457554035,31.192403233436174],[121.46952272886145,31.192403233436174],[121.46952272886145,31.192693968584166],[121.46845457554035,31.192693968584166],[121.46845457554035,31.192403233436174]]],[[[121.46916667775442,31.192693968584166],[121.46952272886145,31.192693968584166],[121.46952272886145,31.192984703732158],[121.46916667775442,31.192984703732158],[121.46916667775442,31.192693968584166]]]]}},{"type":"Feature","properties":{"parcel_id":"qiantan_xuhui_riverside:parcel:0433","geometry_method":"road_barrier_raster_plus_buildings","functional_type":"commercial","dominant_type":"commercial","confidence":0.55,"building_count":9,"avg_building_area_m2":3316,"centroid_lng":121.497059,"centroid_lat":31.195616,"parcel_area_m2":671400,"safety_clipped":false,"classification_source":"osm_tags+building_morphology+spatial_prior","synthetic_classification":true,"qc_flags":""},"geometry":{"type":"MultiPolygon","coordinates":[[[[121.49515840856782,31.190368087400234],[121.49551445967485,31.190368087400234],[121.49551445967485,31.190658822548226],[121.49515840856782,31.190658822548226],[121.49515840856782,31.190368087400234]]],[[[121.49480235746078,31.190658822548226],[121.49551445967485,31.190658822548226],[121.49551445967485,31.190949557696218],[121.49480235746078,31.190949557696218],[121.49480235746078,31.190658822548226]]],[[[121.49444630635375,31.190949557696218],[121.49587051078188,31.190949557696218],[121.49587051078188,31.19124029284421],[121.49444630635375,31.19124029284421],[121.49444630635375,31.190949557696218]]],[[[121.49409025524672,31.19124029284421],[121.49622656188892,31.19124029284421],[121.49622656188892,31.191531027992202],[121.49409025524672,31.191531027992202],[121.49409025524672,31.19124029284421]]],[[[121.49409025524672,31.191531027992202],[121.49658261299595,31.191531027992202],[121.49658261299595,31.191821763140194],[121.49409025524672,31.191821763140194],[121.49409025524672,31.191531027992202]]],[[[121.49373420413968,31.191821763140194],[121.49693866410298,31.191821763140194],[121.49693866410298,31.192112498288186],[121.49373420413968,31.192112498288186],[121.49373420413968,31.191821763140194]]],[[[121.49337815303265,31.192112498288182],[121.49729471521002,31.192112498288182],[121.49729471521002,31.192403233436174],[121.49337815303265,31.192403233436174],[121.49337815303265,31.192112498288182]]],[[[121.49302210192562,31.192403233436174],[121.49729471521002,31.192403233436174],[121.49729471521002,31.192693968584166],[121.49302210192562,31.192693968584166],[121.49302210192562,31.192403233436174]]],[[[121.49302210192562,31.192693968584166],[121.49765076631705,31.192693968584166],[121.49765076631705,31.192984703732158],[121.49302210192562,31.192984703732158],[121.49302210192562,31.192693968584166]]],[[[121.49266605081858,31.192984703732158],[121.49800681742408,31.192984703732158],[121.49800681742408,31.19327543888015],[121.49266605081858,31.19327543888015],[121.49266605081858,31.192984703732158]]],[[[121.49230999971155,31.19327543888015],[121.49836286853112,31.19327543888015],[121.49836286853112,31.193566174028142],[121.49230999971155,31.193566174028142],[121.49230999971155,31.19327543888015]]],[[[121.49230999971155,31.193566174028142],[121.49907497074518,31.193566174028142],[121.49907497074518,31.193856909176134],[121.49230999971155,31.193856909176134],[121.49230999971155,31.193566174028142]]],[[[121.49195394860452,31.193856909176134],[121.49943102185222,31.193856909176134],[121.49943102185222,31.194147644324126],[121.49195394860452,31.194147644324126],[121.49195394860452,31.193856909176134]]],[[[121.49195394860452,31.194147644324126],[121.49943102185222,31.194147644324126],[121.49943102185222,31.194438379472118],[121.49195394860452,31.194438379472118],[121.49195394860452,31.194147644324126]]],[[[121.49195394860452,31.194438379472118],[121.49978707295925,31.194438379472118],[121.49978707295925,31.19472911462011],[121.49195394860452,31.19472911462011],[121.49195394860452,31.194438379472118]]],[[[121.49159789749748,31.194729114620106],[121.49978707295925,31.194729114620106],[121.49978707295925,31.195019849768098],[121.49159789749748,31.195019849768098],[121.49159789749748,31.194729114620106]]],[[[121.49159789749748,31.195019849768098],[121.50014312406628,31.195019849768098],[121.50014312406628,31.19531058491609],[121.49159789749748,31.19531058491609],[121.49159789749748,31.195019849768098]]],[[[121.49159789749748,31.19531058491609],[121.50049917517332,31.19531058491609],[121.50049917517332,31.195601320064082],[121.49159789749748,31.195601320064082],[121.49159789749748,31.19531058491609]]],[[[121.49159789749748,31.195601320064082],[121.49409025524672,31.195601320064082],[121.49409025524672,31.195892055212074],[121.49159789749748,31.195892055212074],[121.49159789749748,31.195601320064082]]],[[[121.49515840856782,31.195601320064082],[121.50085522628035,31.195601320064082],[121.50085522628035,31.195892055212074],[121.49515840856782,31.195892055212074],[121.49515840856782,31.195601320064082]]],[[[121.49159789749748,31.195892055212074],[121.49409025524672,31.195892055212074],[121.49409025524672,31.196182790360066],[121.49159789749748,31.196182790360066],[121.49159789749748,31.195892055212074]]],[[[121.49551445967485,31.195892055212074],[121.50121127738738,31.195892055212074],[121.50121127738738,31.196182790360066],[121.49551445967485,31.196182790360066],[121.49551445967485,31.195892055212074]]],[[[121.49230999971155,31.196182790360066],[121.49373420413968,31.196182790360066],[121.49373420413968,31.196473525508058],[121.49230999971155,31.196473525508058],[121.49230999971155,31.196182790360066]]],[[[121.49551445967485,31.196182790360066],[121.50121127738738,31.196182790360066],[121.50121127738738,31.196473525508058],[121.49551445967485,31.196473525508058],[121.49551445967485,31.196182790360066]]],[[[121.49302210192562,31.196473525508058],[121.49337815303265,31.196473525508058],[121.49337815303265,31.19676426065605],[121.49302210192562,31.19676426065605],[121.49302210192562,31.196473525508058]]],[[[121.49587051078188,31.196473525508058],[121.50156732849442,31.196473525508058],[121.50156732849442,31.19676426065605],[121.49587051078188,31.19676426065605],[121.49587051078188,31.196473525508058]]],[[[121.49622656188892,31.19676426065605],[121.50156732849442,31.19676426065605],[121.50156732849442,31.19705499580404],[121.49622656188892,31.19705499580404],[121.49622656188892,31.19676426065605]]],[[[121.49622656188892,31.197054995804038],[121.50156732849442,31.197054995804038],[121.50156732849442,31.19734573095203],[121.49622656188892,31.19734573095203],[121.49622656188892,31.197054995804038]]],[[[121.49658261299595,31.19734573095203],[121.50192337960145,31.19734573095203],[121.50192337960145,31.197636466100022],[121.49658261299595,31.197636466100022],[121.49658261299595,31.19734573095203]]],[[[121.49693866410298,31.197636466100022],[121.50192337960145,31.197636466100022],[121.50192337960145,31.197927201248014],[121.49693866410298,31.197927201248014],[121.49693866410298,31.197636466100022]]],[[[121.49693866410298,31.197927201248014],[121.50227943070848,31.197927201248014],[121.50227943070848,31.198217936396006],[121.49693866410298,31.198217936396006],[121.49693866410298,31.197927201248014]]],[[[121.49729471521002,31.198217936396006],[121.50227943070848,31.198217936396006],[121.50227943070848,31.198508671543998],[121.49729471521002,31.198508671543998],[121.49729471521002,31.198217936396006]]],[[[121.49729471521002,31.198508671543998],[121.50263548181552,31.198508671543998],[121.50263548181552,31.19879940669199],[121.49729471521002,31.19879940669199],[121.49729471521002,31.198508671543998]]],[[[121.49800681742408,31.19879940669199],[121.50299153292255,31.19879940669199],[121.50299153292255,31.19909014183998],[121.49800681742408,31.19909014183998],[121.49800681742408,31.19879940669199]]],[[[121.49836286853112,31.19909014183998],[121.50299153292255,31.19909014183998],[121.50299153292255,31.199380876987973],[121.49836286853112,31.199380876987973],[121.49836286853112,31.19909014183998]]],[[[121.49836286853112,31.19938087698797],[121.50334758402958,31.19938087698797],[121.50334758402958,31.199671612135962],[121.49836286853112,31.199671612135962],[121.49836286853112,31.19938087698797]]],[[[121.49871891963815,31.199671612135962],[121.50334758402958,31.199671612135962],[121.50334758402958,31.199962347283954],[121.49871891963815,31.199962347283954],[121.49871891963815,31.199671612135962]]],[[[121.49871891963815,31.199962347283954],[121.50370363513662,31.199962347283954],[121.50370363513662,31.200253082431946],[121.49871891963815,31.200253082431946],[121.49871891963815,31.199962347283954]]],[[[121.49907497074518,31.200253082431946],[121.50370363513662,31.200253082431946],[121.50370363513662,31.200543817579938],[121.49907497074518,31.200543817579938],[121.49907497074518,31.200253082431946]]],[[[121.49943102185222,31.200543817579938],[121.50370363513662,31.200543817579938],[121.50370363513662,31.20083455272793],[121.49943102185222,31.20083455272793],[121.49943102185222,31.200543817579938]]],[[[121.49978707295925,31.20083455272793],[121.50405968624364,31.20083455272793],[121.50405968624364,31.20112528787592],[121.49978707295925,31.20112528787592],[121.49978707295925,31.20083455272793]]],[[[121.49978707295925,31.20112528787592],[121.50405968624364,31.20112528787592],[121.50405968624364,31.201416023023913],[121.49978707295925,31.201416023023913],[121.49978707295925,31.20112528787592]]],[[[121.50014312406628,31.201416023023913],[121.50441573735067,31.201416023023913],[121.50441573735067,31.201706758171905],[121.50014312406628,31.201706758171905],[121.50014312406628,31.201416023023913]]],[[[121.50014312406628,31.201706758171902],[121.50441573735067,31.201706758171902],[121.50441573735067,31.201997493319894],[121.50014312406628,31.201997493319894],[121.50014312406628,31.201706758171902]]],[[[121.50049917517332,31.201997493319894],[121.50512783956474,31.201997493319894],[121.50512783956474,31.202288228467886],[121.50049917517332,31.202288228467886],[121.50049917517332,31.201997493319894]]],[[[121.50085522628035,31.202288228467886],[121.50512783956474,31.202288228467886],[121.50512783956474,31.202578963615878],[121.50085522628035,31.202578963615878],[121.50085522628035,31.202288228467886]]],[[[121.50121127738738,31.202578963615878],[121.50548389067177,31.202578963615878],[121.50548389067177,31.20286969876387],[121.50121127738738,31.20286969876387],[121.50121127738738,31.202578963615878]]]]}},{"type":"Feature","properties":{"parcel_id":"qiantan_xuhui_riverside:parcel:0449","geometry_method":"road_barrier_raster_plus_buildings","functional_type":"mixed","dominant_type":"public_service","confidence":0.42,"building_count":44,"avg_building_area_m2":1255,"centroid_lng":121.448748,"centroid_lat":31.195387,"parcel_area_m2":142781,"safety_clipped":false,"classification_source":"osm_tags+building_morphology+spatial_prior","synthetic_classification":true,"qc_flags":"low_confidence"},"geometry":{"type":"MultiPolygon","coordinates":[[[[121.4474475602254,31.192403233436174],[121.44780361133243,31.192403233436174],[121.44780361133243,31.192693968584166],[121.4474475602254,31.192693968584166],[121.4474475602254,31.192403233436174]]],[[[121.4474475602254,31.192693968584166],[121.44815966243947,31.192693968584166],[121.44815966243947,31.192984703732158],[121.4474475602254,31.192984703732158],[121.4474475602254,31.192693968584166]]],[[[121.44709150911837,31.192984703732158],[121.4485157135465,31.192984703732158],[121.4485157135465,31.19327543888015],[121.44709150911837,31.19327543888015],[121.44709150911837,31.192984703732158]]],[[[121.44709150911837,31.19327543888015],[121.44922781576057,31.19327543888015],[121.44922781576057,31.193566174028142],[121.44709150911837,31.193566174028142],[121.44709150911837,31.19327543888015]]],[[[121.44709150911837,31.193566174028142],[121.44993991797463,31.193566174028142],[121.44993991797463,31.193856909176134],[121.44709150911837,31.193856909176134],[121.44709150911837,31.193566174028142]]],[[[121.44709150911837,31.193856909176134],[121.45029596908167,31.193856909176134],[121.45029596908167,31.194147644324126],[121.44709150911837,31.194147644324126],[121.44709150911837,31.193856909176134]]],[[[121.44673545801135,31.194147644324126],[121.4506520201887,31.194147644324126],[121.4506520201887,31.194438379472118],[121.44673545801135,31.194438379472118],[121.44673545801135,31.194147644324126]]],[[[121.44673545801135,31.194438379472118],[121.45100807129573,31.194438379472118],[121.45100807129573,31.19472911462011],[121.44673545801135,31.19472911462011],[121.44673545801135,31.194438379472118]]],[[[121.44637940690431,31.194729114620106],[121.44887176465353,31.194729114620106],[121.44887176465353,31.195019849768098],[121.44637940690431,31.195019849768098],[121.44637940690431,31.194729114620106]]],[[[121.44922781576057,31.194729114620106],[121.45136412240277,31.194729114620106],[121.45136412240277,31.195019849768098],[121.44922781576057,31.195019849768098],[121.44922781576057,31.194729114620106]]],[[[121.44602335579728,31.195019849768098],[121.44887176465353,31.195019849768098],[121.44887176465353,31.19531058491609],[121.44602335579728,31.19531058491609],[121.44602335579728,31.195019849768098]]],[[[121.44922781576057,31.195019849768098],[121.45136412240277,31.195019849768098],[121.45136412240277,31.19531058491609],[121.44922781576057,31.19531058491609],[121.44922781576057,31.195019849768098]]],[[[121.44602335579728,31.19531058491609],[121.44922781576057,31.19531058491609],[121.44922781576057,31.195601320064082],[121.44602335579728,31.195601320064082],[121.44602335579728,31.19531058491609]]],[[[121.45029596908167,31.19531058491609],[121.4506520201887,31.19531058491609],[121.4506520201887,31.195601320064082],[121.45029596908167,31.195601320064082],[121.45029596908167,31.19531058491609]]],[[[121.44602335579728,31.195601320064082],[121.44780361133243,31.195601320064082],[121.44780361133243,31.195892055212074],[121.44602335579728,31.195892055212074],[121.44602335579728,31.195601320064082]]],[[[121.4485157135465,31.195601320064082],[121.44887176465353,31.195601320064082],[121.44887176465353,31.195892055212074],[121.4485157135465,31.195892055212074],[121.4485157135465,31.195601320064082]]],[[[121.44602335579728,31.195892055212074],[121.44780361133243,31.195892055212074],[121.44780361133243,31.196182790360066],[121.44602335579728,31.196182790360066],[121.44602335579728,31.195892055212074]]],[[[121.44602335579728,31.196182790360066],[121.4474475602254,31.196182790360066],[121.4474475602254,31.196473525508058],[121.44602335579728,31.196473525508058],[121.44602335579728,31.196182790360066]]],[[[121.44673545801135,31.196473525508058],[121.4474475602254,31.196473525508058],[121.4474475602254,31.19676426065605],[121.44673545801135,31.19676426065605],[121.44673545801135,31.196473525508058]]],[[[121.44922781576057,31.196473525508058],[121.44993991797463,31.196473525508058],[121.44993991797463,31.19676426065605],[121.44922781576057,31.19676426065605],[121.44922781576057,31.196473525508058]]],[[[121.44709150911837,31.19676426065605],[121.44815966243947,31.19676426065605],[121.44815966243947,31.19705499580404],[121.44709150911837,31.19705499580404],[121.44709150911837,31.19676426065605]]],[[[121.44887176465353,31.19676426065605],[121.45029596908167,31.19676426065605],[121.45029596908167,31.19705499580404],[121.44887176465353,31.19705499580404],[121.44887176465353,31.19676426065605]]],[[[121.44780361133243,31.197054995804038],[121.45029596908167,31.197054995804038],[121.45029596908167,31.19734573095203],[121.44780361133243,31.19734573095203],[121.44780361133243,31.197054995804038]]],[[[121.4485157135465,31.19734573095203],[121.45029596908167,31.19734573095203],[121.45029596908167,31.197636466100022],[121.4485157135465,31.197636466100022],[121.4485157135465,31.19734573095203]]],[[[121.44922781576057,31.197636466100022],[121.44993991797463,31.197636466100022],[121.44993991797463,31.197927201248014],[121.44922781576057,31.197927201248014],[121.44922781576057,31.197636466100022]]],[[[121.4495838668676,31.197927201248014],[121.44993991797463,31.197927201248014],[121.44993991797463,31.198217936396006],[121.4495838668676,31.198217936396006],[121.4495838668676,31.197927201248014]]]]}},{"type":"Feature","properties":{"parcel_id":"qiantan_xuhui_riverside:parcel:0452","geometry_method":"road_barrier_raster_plus_buildings","functional_type":"mixed","dominant_type":"residential","confidence":0.54,"building_count":18,"avg_building_area_m2":475,"centroid_lng":121.459657,"centroid_lat":31.193391,"parcel_area_m2":14169,"safety_clipped":false,"classification_source":"osm_tags+building_morphology+spatial_prior","synthetic_classification":true,"qc_flags":"low_confidence"},"geometry":{"type":"MultiPolygon","coordinates":[[[[121.4591972467575,31.192693968584166],[121.45990934897156,31.192693968584166],[121.45990934897156,31.192984703732158],[121.4591972467575,31.192984703732158],[121.4591972467575,31.192693968584166]]],[[[121.45884119565046,31.192984703732158],[121.4602654000786,31.192984703732158],[121.4602654000786,31.19327543888015],[121.45884119565046,31.19327543888015],[121.45884119565046,31.192984703732158]]],[[[121.45884119565046,31.19327543888015],[121.46062145118563,31.19327543888015],[121.46062145118563,31.193566174028142],[121.45884119565046,31.193566174028142],[121.45884119565046,31.19327543888015]]],[[[121.45990934897156,31.193566174028142],[121.4602654000786,31.193566174028142],[121.4602654000786,31.193856909176134],[121.45990934897156,31.193856909176134],[121.45990934897156,31.193566174028142]]],[[[121.45990934897156,31.193856909176134],[121.4602654000786,31.193856909176134],[121.4602654000786,31.194147644324126],[121.45990934897156,31.194147644324126],[121.45990934897156,31.193856909176134]]]]}},{"type":"Feature","properties":{"parcel_id":"qiantan_xuhui_riverside:parcel:0455","geometry_method":"road_barrier_raster_plus_buildings","functional_type":"mixed","dominant_type":"public_service","confidence":0.48,"building_count":4,"avg_building_area_m2":1254,"centroid_lng":121.514295,"centroid_lat":31.193288,"parcel_area_m2":53407,"safety_clipped":false,"classification_source":"osm_tags+building_morphology+spatial_prior","synthetic_classification":true,"qc_flags":"low_confidence"},"geometry":{"type":"MultiPolygon","coordinates":[[[[121.51509727056167,31.192984703732158],[121.5154533216687,31.192984703732158],[121.5154533216687,31.19327543888015],[121.51509727056167,31.19327543888015],[121.51509727056167,31.192984703732158]]],[[[121.51509727056167,31.19327543888015],[121.51616542388277,31.19327543888015],[121.51616542388277,31.193566174028142],[121.51509727056167,31.193566174028142],[121.51509727056167,31.19327543888015]]],[[[121.51509727056167,31.193566174028142],[121.5165214749898,31.193566174028142],[121.5165214749898,31.193856909176134],[121.51509727056167,31.193856909176134],[121.51509727056167,31.193566174028142]]],[[[121.51474121945463,31.193856909176134],[121.5165214749898,31.193856909176134],[121.5165214749898,31.194147644324126],[121.51474121945463,31.194147644324126],[121.51474121945463,31.193856909176134]]],[[[121.5143851683476,31.194147644324126],[121.51687752609683,31.194147644324126],[121.51687752609683,31.194438379472118],[121.5143851683476,31.194438379472118],[121.5143851683476,31.194147644324126]]],[[[121.51402911724057,31.194438379472118],[121.51723357720387,31.194438379472118],[121.51723357720387,31.19472911462011],[121.51402911724057,31.19472911462011],[121.51402911724057,31.194438379472118]]],[[[121.51402911724057,31.194729114620106],[121.51687752609683,31.194729114620106],[121.51687752609683,31.195019849768098],[121.51402911724057,31.195019849768098],[121.51402911724057,31.194729114620106]]],[[[121.5143851683476,31.195019849768098],[121.5165214749898,31.195019849768098],[121.5165214749898,31.19531058491609],[121.5143851683476,31.19531058491609],[121.5143851683476,31.195019849768098]]],[[[121.51474121945463,31.19531058491609],[121.51616542388277,31.19531058491609],[121.51616542388277,31.195601320064082],[121.51474121945463,31.195601320064082],[121.51474121945463,31.19531058491609]]],[[[121.51509727056167,31.195601320064082],[121.51580937277573,31.195601320064082],[121.51580937277573,31.195892055212074],[121.51509727056167,31.195892055212074],[121.51509727056167,31.195601320064082]]]]}},{"type":"Feature","properties":{"parcel_id":"qiantan_xuhui_riverside:parcel:0471","geometry_method":"road_barrier_raster_plus_buildings","functional_type":"mixed","dominant_type":"public_service","confidence":0.42,"building_count":28,"avg_building_area_m2":1352,"centroid_lng":121.45288,"centroid_lat":31.19748,"parcel_area_m2":92644,"safety_clipped":false,"classification_source":"osm_tags+building_morphology+spatial_prior","synthetic_classification":true,"qc_flags":"low_confidence"},"geometry":{"type":"MultiPolygon","coordinates":[[[[121.4527883268309,31.19531058491609],[121.45350042904496,31.19531058491609],[121.45350042904496,31.195601320064082],[121.4527883268309,31.195601320064082],[121.4527883268309,31.19531058491609]]],[[[121.45243227572387,31.195601320064082],[121.45421253125903,31.195601320064082],[121.45421253125903,31.195892055212074],[121.45243227572387,31.195892055212074],[121.45243227572387,31.195601320064082]]],[[[121.45243227572387,31.195892055212074],[121.4549246334731,31.195892055212074],[121.4549246334731,31.196182790360066],[121.45243227572387,31.196182790360066],[121.45243227572387,31.195892055212074]]],[[[121.45207622461683,31.196182790360066],[121.45528068458013,31.196182790360066],[121.45528068458013,31.196473525508058],[121.45207622461683,31.196473525508058],[121.45207622461683,31.196182790360066]]],[[[121.45207622461683,31.196473525508058],[121.45528068458013,31.196473525508058],[121.45528068458013,31.19676426065605],[121.45207622461683,31.19676426065605],[121.45207622461683,31.196473525508058]]],[[[121.4517201735098,31.19676426065605],[121.45528068458013,31.19676426065605],[121.45528068458013,31.19705499580404],[121.4517201735098,31.19705499580404],[121.4517201735098,31.19676426065605]]],[[[121.4517201735098,31.197054995804038],[121.45350042904496,31.197054995804038],[121.45350042904496,31.19734573095203],[121.4517201735098,31.19734573095203],[121.4517201735098,31.197054995804038]]],[[[121.45421253125903,31.197054995804038],[121.4549246334731,31.197054995804038],[121.4549246334731,31.19734573095203],[121.45421253125903,31.19734573095203],[121.45421253125903,31.197054995804038]]],[[[121.45136412240277,31.19734573095203],[121.453856480152,31.19734573095203],[121.453856480152,31.197636466100022],[121.45136412240277,31.197636466100022],[121.45136412240277,31.19734573095203]]],[[[121.45136412240277,31.197636466100022],[121.45350042904496,31.197636466100022],[121.45350042904496,31.197927201248014],[121.45136412240277,31.197927201248014],[121.45136412240277,31.197636466100022]]],[[[121.45136412240277,31.197927201248014],[121.45421253125903,31.197927201248014],[121.45421253125903,31.198217936396006],[121.45136412240277,31.198217936396006],[121.45136412240277,31.197927201248014]]],[[[121.45100807129573,31.198217936396006],[121.45243227572387,31.198217936396006],[121.45243227572387,31.198508671543998],[121.45100807129573,31.198508671543998],[121.45100807129573,31.198217936396006]]],[[[121.45314437793793,31.198217936396006],[121.45456858236606,31.198217936396006],[121.45456858236606,31.198508671543998],[121.45314437793793,31.198508671543998],[121.45314437793793,31.198217936396006]]],[[[121.45100807129573,31.198508671543998],[121.45243227572387,31.198508671543998],[121.45243227572387,31.19879940669199],[121.45100807129573,31.19879940669199],[121.45100807129573,31.198508671543998]]],[[[121.453856480152,31.198508671543998],[121.45421253125903,31.198508671543998],[121.45421253125903,31.19879940669199],[121.453856480152,31.19879940669199],[121.453856480152,31.198508671543998]]],[[[121.4517201735098,31.19879940669199],[121.45243227572387,31.19879940669199],[121.45243227572387,31.19909014183998],[121.4517201735098,31.19909014183998],[121.4517201735098,31.19879940669199]]]]}},{"type":"Feature","properties":{"parcel_id":"qiantan_xuhui_riverside:parcel:0488","geometry_method":"road_barrier_raster_plus_buildings","functional_type":"mixed","dominant_type":"commercial","confidence":0.46,"building_count":5,"avg_building_area_m2":3297,"centroid_lng":121.520252,"centroid_lat":31.199187,"parcel_area_m2":76295,"safety_clipped":false,"classification_source":"osm_tags+building_morphology+spatial_prior","synthetic_classification":true,"qc_flags":"low_confidence"},"geometry":{"type":"MultiPolygon","coordinates":[[[[121.51865778163199,31.19734573095203],[121.51936988384605,31.19734573095203],[121.51936988384605,31.197636466100022],[121.51865778163199,31.197636466100022],[121.51865778163199,31.19734573095203]]],[[[121.51794567941792,31.197636466100022],[121.51936988384605,31.197636466100022],[121.51936988384605,31.197927201248014],[121.51794567941792,31.197927201248014],[121.51794567941792,31.197636466100022]]],[[[121.51723357720387,31.197927201248014],[121.51972593495309,31.197927201248014],[121.51972593495309,31.198217936396006],[121.51723357720387,31.198217936396006],[121.51723357720387,31.197927201248014]]],[[[121.5165214749898,31.198217936396006],[121.51972593495309,31.198217936396006],[121.51972593495309,31.198508671543998],[121.5165214749898,31.198508671543998],[121.5165214749898,31.198217936396006]]],[[[121.51687752609683,31.198508671543998],[121.52008198606012,31.198508671543998],[121.52008198606012,31.19879940669199],[121.51687752609683,31.19879940669199],[121.51687752609683,31.198508671543998]]],[[[121.51723357720387,31.19879940669199],[121.52008198606012,31.19879940669199],[121.52008198606012,31.19909014183998],[121.51723357720387,31.19909014183998],[121.51723357720387,31.19879940669199]]],[[[121.51723357720387,31.19909014183998],[121.52043803716715,31.19909014183998],[121.52043803716715,31.199380876987973],[121.51723357720387,31.199380876987973],[121.51723357720387,31.19909014183998]]],[[[121.51723357720387,31.19938087698797],[121.52043803716715,31.19938087698797],[121.52043803716715,31.199671612135962],[121.51723357720387,31.199671612135962],[121.51723357720387,31.19938087698797]]],[[[121.5175896283109,31.199671612135962],[121.52008198606012,31.199671612135962],[121.52008198606012,31.199962347283954],[121.5175896283109,31.199962347283954],[121.5175896283109,31.199671612135962]]],[[[121.5175896283109,31.199962347283954],[121.51901383273902,31.199962347283954],[121.51901383273902,31.200253082431946],[121.5175896283109,31.200253082431946],[121.5175896283109,31.199962347283954]]],[[[121.5175896283109,31.200253082431946],[121.51830173052495,31.200253082431946],[121.51830173052495,31.200543817579938],[121.5175896283109,31.200543817579938],[121.5175896283109,31.200253082431946]]]]}},{"type":"Feature","properties":{"parcel_id":"qiantan_xuhui_riverside:parcel:0493","geometry_method":"road_barrier_raster_plus_buildings","functional_type":"mixed","dominant_type":"office","confidence":0.39,"building_count":5,"avg_building_area_m2":1696,"centroid_lng":121.467624,"centroid_lat":31.198475,"parcel_area_m2":3270,"safety_clipped":false,"classification_source":"osm_tags+building_morphology+spatial_prior","synthetic_classification":true,"qc_flags":"low_confidence"},"geometry":{"type":"MultiPolygon","coordinates":[[[[121.46774247332628,31.198217936396006],[121.46809852443332,31.198217936396006],[121.46809852443332,31.198508671543998],[121.46774247332628,31.198508671543998],[121.46774247332628,31.198217936396006]]],[[[121.46738642221925,31.198508671543998],[121.46809852443332,31.198508671543998],[121.46809852443332,31.19879940669199],[121.46738642221925,31.19879940669199],[121.46738642221925,31.198508671543998]]]]}},{"type":"Feature","properties":{"parcel_id":"qiantan_xuhui_riverside:parcel:0508","geometry_method":"road_barrier_raster_plus_buildings","functional_type":"mixed","dominant_type":"commercial","confidence":0.52,"building_count":8,"avg_building_area_m2":600,"centroid_lng":121.474999,"centroid_lat":31.199958,"parcel_area_m2":8719,"safety_clipped":false,"classification_source":"osm_tags+building_morphology+spatial_prior","synthetic_classification":true,"qc_flags":"low_confidence"},"geometry":{"type":"MultiPolygon","coordinates":[[[[121.47450744435992,31.19909014183998],[121.47486349546695,31.19909014183998],[121.47486349546695,31.199380876987973],[121.47450744435992,31.199380876987973],[121.47450744435992,31.19909014183998]]],[[[121.47450744435992,31.19938087698797],[121.47521954657398,31.19938087698797],[121.47521954657398,31.199671612135962],[121.47450744435992,31.199671612135962],[121.47450744435992,31.19938087698797]]],[[[121.47450744435992,31.199671612135962],[121.47521954657398,31.199671612135962],[121.47521954657398,31.199962347283954],[121.47450744435992,31.199962347283954],[121.47450744435992,31.199671612135962]]],[[[121.47415139325288,31.199962347283954],[121.47521954657398,31.199962347283954],[121.47521954657398,31.200253082431946],[121.47415139325288,31.200253082431946],[121.47415139325288,31.199962347283954]]]]}},{"type":"Feature","properties":{"parcel_id":"qiantan_xuhui_riverside:parcel:0509","geometry_method":"road_barrier_raster_plus_buildings","functional_type":"mixed","dominant_type":"office","confidence":0.41,"building_count":9,"avg_building_area_m2":5309,"centroid_lng":121.49749,"centroid_lat":31.201305,"parcel_area_m2":67576,"safety_clipped":false,"classification_source":"osm_tags+building_morphology+spatial_prior","synthetic_classification":true,"qc_flags":"low_confidence"},"geometry":{"type":"MultiPolygon","coordinates":[[[[121.49729471521002,31.19909014183998],[121.49765076631705,31.19909014183998],[121.49765076631705,31.199380876987973],[121.49729471521002,31.199380876987973],[121.49729471521002,31.19909014183998]]],[[[121.49693866410298,31.19938087698797],[121.49800681742408,31.19938087698797],[121.49800681742408,31.199671612135962],[121.49693866410298,31.199671612135962],[121.49693866410298,31.19938087698797]]],[[[121.49622656188892,31.199671612135962],[121.49836286853112,31.199671612135962],[121.49836286853112,31.199962347283954],[121.49622656188892,31.199962347283954],[121.49622656188892,31.199671612135962]]],[[[121.49587051078188,31.199962347283954],[121.49836286853112,31.199962347283954],[121.49836286853112,31.200253082431946],[121.49587051078188,31.200253082431946],[121.49587051078188,31.199962347283954]]],[[[121.49587051078188,31.200253082431946],[121.49871891963815,31.200253082431946],[121.49871891963815,31.200543817579938],[121.49587051078188,31.200543817579938],[121.49587051078188,31.200253082431946]]],[[[121.49587051078188,31.200543817579938],[121.49907497074518,31.200543817579938],[121.49907497074518,31.20083455272793],[121.49587051078188,31.20083455272793],[121.49587051078188,31.200543817579938]]],[[[121.49622656188892,31.20083455272793],[121.49907497074518,31.20083455272793],[121.49907497074518,31.20112528787592],[121.49622656188892,31.20112528787592],[121.49622656188892,31.20083455272793]]],[[[121.49622656188892,31.20112528787592],[121.49907497074518,31.20112528787592],[121.49907497074518,31.201416023023913],[121.49622656188892,31.201416023023913],[121.49622656188892,31.20112528787592]]],[[[121.49622656188892,31.201416023023913],[121.49871891963815,31.201416023023913],[121.49871891963815,31.201706758171905],[121.49622656188892,31.201706758171905],[121.49622656188892,31.201416023023913]]],[[[121.49622656188892,31.201706758171902],[121.49800681742408,31.201706758171902],[121.49800681742408,31.201997493319894],[121.49622656188892,31.201997493319894],[121.49622656188892,31.201706758171902]]]]}},{"type":"Feature","properties":{"parcel_id":"qiantan_xuhui_riverside:parcel:0519","geometry_method":"road_barrier_raster_plus_buildings","functional_type":"mixed","dominant_type":"residential","confidence":0.53,"building_count":44,"avg_building_area_m2":831,"centroid_lng":121.459109,"centroid_lat":31.201697,"parcel_area_m2":23979,"safety_clipped":false,"classification_source":"osm_tags+building_morphology+spatial_prior","synthetic_classification":true,"qc_flags":"low_confidence"},"geometry":{"type":"MultiPolygon","coordinates":[[[[121.45848514454343,31.200253082431946],[121.4591972467575,31.200253082431946],[121.4591972467575,31.200543817579938],[121.45848514454343,31.200543817579938],[121.45848514454343,31.200253082431946]]],[[[121.4581290934364,31.200543817579938],[121.46097750229265,31.200543817579938],[121.46097750229265,31.20083455272793],[121.4581290934364,31.20083455272793],[121.4581290934364,31.200543817579938]]],[[[121.4581290934364,31.20083455272793],[121.46062145118563,31.20083455272793],[121.46062145118563,31.20112528787592],[121.4581290934364,31.20112528787592],[121.4581290934364,31.20083455272793]]],[[[121.45884119565046,31.20112528787592],[121.46062145118563,31.20112528787592],[121.46062145118563,31.201416023023913],[121.45884119565046,31.201416023023913],[121.45884119565046,31.20112528787592]]]]}}]}