{"type":"FeatureCollection","crs_note":"GCJ-02","zone_id_rule":"sh:z:{type}:{slug}","attribution":"Place names: public knowledge. Boundaries: schematic AOI for sandbox (not official planning red-lines). © LBS-Master synthetic geometry.","count":118,"by_type":{"retail":40,"residential":30,"office":15,"industrial":10,"hub":8,"scenic":10,"rural":5},"by_batch":{"batch1":61,"batch2":57},"features":[{"type":"Feature","properties":{"zone_id":"sh:z:retail:nanjing_east","name":"南京东路","zone_type":"retail","grade":"premium","centroid_lng":121.488489,"centroid_lat":31.234031,"batch":"batch1","source":"public_name+schematic_aoi","labels":["pedestrian"],"color_token":"retail","fill":"#7C3AED","stroke":"#5B21B6","fill_opacity":0.45},"geometry":{"type":"Polygon","coordinates":[[[121.497908,31.234855],[121.497674,31.23545],[121.497086,31.235991],[121.496169,31.236456],[121.494956,31.236828],[121.493494,31.237093],[121.49184,31.23724],[121.490058,31.237264],[121.488215,31.237163],[121.486383,31.236942],[121.484631,31.236609],[121.483028,31.236177],[121.481635,31.235663],[121.480505,31.235086],[121.479682,31.234468],[121.479197,31.233834],[121.47907,31.233207],[121.479304,31.232612],[121.479892,31.232071],[121.480809,31.231606],[121.482022,31.231234],[121.483484,31.230969],[121.485138,31.230822],[121.48692,31.230798],[121.488763,31.230899],[121.490595,31.23112],[121.492347,31.231453],[121.49395,31.231885],[121.495343,31.232399],[121.496473,31.232976],[121.497296,31.233594],[121.497781,31.234228],[121.497908,31.234855]]]}},{"type":"Feature","properties":{"zone_id":"sh:z:retail:nanjing_west","name":"南京西路","zone_type":"retail","grade":"premium","centroid_lng":121.459579,"centroid_lat":31.228104,"batch":"batch1","source":"public_name+schematic_aoi","labels":["luxury"],"color_token":"retail","fill":"#7C3AED","stroke":"#5B21B6","fill_opacity":0.45},"geometry":{"type":"Polygon","coordinates":[[[121.471135,31.228104],[121.470913,31.228805],[121.470255,31.229479],[121.469187,31.2301],[121.46775,31.230645],[121.465999,31.231092],[121.464001,31.231424],[121.461833,31.231628],[121.459579,31.231697],[121.457325,31.231628],[121.455157,31.231424],[121.453159,31.231092],[121.451408,31.230645],[121.449971,31.2301],[121.448903,31.229479],[121.448245,31.228805],[121.448023,31.228104],[121.448245,31.227403],[121.448903,31.226729],[121.449971,31.226108],[121.451408,31.225563],[121.453159,31.225116],[121.455157,31.224784],[121.457325,31.22458],[121.459579,31.224511],[121.461833,31.22458],[121.464001,31.224784],[121.465999,31.225116],[121.46775,31.225563],[121.469187,31.226108],[121.470255,31.226729],[121.470913,31.227403],[121.471135,31.228104]]]}},{"type":"Feature","properties":{"zone_id":"sh:z:retail:jingan_kerry","name":"静安嘉里中心","zone_type":"retail","grade":"premium","centroid_lng":121.452596,"centroid_lat":31.222116,"batch":"batch1","source":"public_name+schematic_aoi","labels":[],"color_token":"retail","fill":"#7C3AED","stroke":"#5B21B6","fill_opacity":0.45},"geometry":{"type":"Polygon","coordinates":[[[121.457323,31.222116],[121.457232,31.222817],[121.456963,31.223491],[121.456526,31.224112],[121.455939,31.224657],[121.455222,31.225104],[121.454405,31.225436],[121.453518,31.22564],[121.452596,31.225709],[121.451674,31.22564],[121.450787,31.225436],[121.44997,31.225104],[121.449253,31.224657],[121.448666,31.224112],[121.448229,31.223491],[121.44796,31.222817],[121.447869,31.222116],[121.44796,31.221415],[121.448229,31.220741],[121.448666,31.22012],[121.449253,31.219575],[121.44997,31.219128],[121.450787,31.218796],[121.451674,31.218592],[121.452596,31.218523],[121.453518,31.218592],[121.454405,31.218796],[121.455222,31.219128],[121.455939,31.219575],[121.456526,31.22012],[121.456963,31.220741],[121.457232,31.221415],[121.457323,31.222116]]]}},{"type":"Feature","properties":{"zone_id":"sh:z:retail:xintiandi","name":"新天地","zone_type":"retail","grade":"premium","centroid_lng":121.479518,"centroid_lat":31.218049,"batch":"batch1","source":"public_name+schematic_aoi","labels":[],"color_token":"retail","fill":"#7C3AED","stroke":"#5B21B6","fill_opacity":0.45},"geometry":{"type":"Polygon","coordinates":[[[121.48469,31.218961],[121.484454,31.21972],[121.484028,31.220415],[121.483429,31.221019],[121.482679,31.221509],[121.481808,31.221866],[121.480849,31.222076],[121.479839,31.222131],[121.478816,31.22203],[121.47782,31.221776],[121.47689,31.221378],[121.476061,31.220852],[121.475364,31.220219],[121.474827,31.219502],[121.474471,31.21873],[121.474308,31.217931],[121.474346,31.217137],[121.474582,31.216378],[121.475008,31.215683],[121.475607,31.215079],[121.476357,31.214589],[121.477228,31.214232],[121.478187,31.214022],[121.479197,31.213967],[121.48022,31.214068],[121.481216,31.214322],[121.482146,31.21472],[121.482975,31.215246],[121.483672,31.215879],[121.484209,31.216596],[121.484565,31.217368],[121.484728,31.218167],[121.48469,31.218961]]]}},{"type":"Feature","properties":{"zone_id":"sh:z:retail:lujiazui_retail","name":"陆家嘴商圈","zone_type":"retail","grade":"premium","centroid_lng":121.509414,"centroid_lat":31.23597,"batch":"batch1","source":"public_name+schematic_aoi","labels":["cbd"],"color_token":"retail","fill":"#7C3AED","stroke":"#5B21B6","fill_opacity":0.45},"geometry":{"type":"Polygon","coordinates":[[[121.517819,31.23597],[121.517657,31.237197],[121.517179,31.238376],[121.516402,31.239464],[121.515357,31.240416],[121.514083,31.241198],[121.51263,31.24178],[121.511054,31.242137],[121.509414,31.242258],[121.507774,31.242137],[121.506198,31.24178],[121.504745,31.241198],[121.503471,31.240416],[121.502426,31.239464],[121.501649,31.238376],[121.501171,31.237197],[121.501009,31.23597],[121.501171,31.234743],[121.501649,31.233564],[121.502426,31.232476],[121.503471,31.231524],[121.504745,31.230742],[121.506198,31.23016],[121.507774,31.229803],[121.509414,31.229682],[121.511054,31.229803],[121.51263,31.23016],[121.514083,31.230742],[121.515357,31.231524],[121.516402,31.232476],[121.517179,31.233564],[121.517657,31.234743],[121.517819,31.23597]]]}},{"type":"Feature","properties":{"zone_id":"sh:z:retail:qiantan_taikoo","name":"前滩太古里","zone_type":"retail","grade":"premium","centroid_lng":121.484496,"centroid_lat":31.158006,"batch":"batch1","source":"public_name+schematic_aoi","labels":[],"color_token":"retail","fill":"#7C3AED","stroke":"#5B21B6","fill_opacity":0.45},"geometry":{"type":"Polygon","coordinates":[[[121.49027,31.158006],[121.490159,31.158882],[121.48983,31.159725],[121.489297,31.160501],[121.488579,31.161182],[121.487704,31.161741],[121.486705,31.162156],[121.485622,31.162411],[121.484496,31.162498],[121.48337,31.162411],[121.482287,31.162156],[121.481288,31.161741],[121.480413,31.161182],[121.479695,31.160501],[121.479162,31.159725],[121.478833,31.158882],[121.478722,31.158006],[121.478833,31.15713],[121.479162,31.156287],[121.479695,31.155511],[121.480413,31.15483],[121.481288,31.154271],[121.482287,31.153856],[121.48337,31.153601],[121.484496,31.153514],[121.485622,31.153601],[121.486705,31.153856],[121.487704,31.154271],[121.488579,31.15483],[121.489297,31.155511],[121.48983,31.156287],[121.490159,31.15713],[121.49027,31.158006]]]}},{"type":"Feature","properties":{"zone_id":"sh:z:retail:ifc_shanghai","name":"上海IFC","zone_type":"retail","grade":"premium","centroid_lng":121.502439,"centroid_lat":31.23399,"batch":"batch1","source":"public_name+schematic_aoi","labels":[],"color_token":"retail","fill":"#7C3AED","stroke":"#5B21B6","fill_opacity":0.45},"geometry":{"type":"Polygon","coordinates":[[[121.506116,31.23399],[121.506045,31.234516],[121.505836,31.235021],[121.505496,31.235487],[121.505039,31.235896],[121.504482,31.236231],[121.503846,31.23648],[121.503156,31.236633],[121.502439,31.236685],[121.501722,31.236633],[121.501032,31.23648],[121.500396,31.236231],[121.499839,31.235896],[121.499382,31.235487],[121.499042,31.235021],[121.498833,31.234516],[121.498762,31.23399],[121.498833,31.233464],[121.499042,31.232959],[121.499382,31.232493],[121.499839,31.232084],[121.500396,31.231749],[121.501032,31.2315],[121.501722,31.231347],[121.502439,31.231295],[121.503156,31.231347],[121.503846,31.2315],[121.504482,31.231749],[121.505039,31.232084],[121.505496,31.232493],[121.505836,31.232959],[121.506045,31.233464],[121.506116,31.23399]]]}},{"type":"Feature","properties":{"zone_id":"sh:z:retail:iapm","name":"环贸iapm","zone_type":"retail","grade":"premium","centroid_lng":121.460575,"centroid_lat":31.216096,"batch":"batch1","source":"public_name+schematic_aoi","labels":[],"color_token":"retail","fill":"#7C3AED","stroke":"#5B21B6","fill_opacity":0.45},"geometry":{"type":"Polygon","coordinates":[[[121.464777,31.216096],[121.464696,31.216709],[121.464457,31.217299],[121.464068,31.217843],[121.463546,31.218319],[121.462909,31.21871],[121.462183,31.219001],[121.461395,31.21918],[121.460575,31.21924],[121.459755,31.21918],[121.458967,31.219001],[121.458241,31.21871],[121.457604,31.218319],[121.457082,31.217843],[121.456693,31.217299],[121.456454,31.216709],[121.456373,31.216096],[121.456454,31.215483],[121.456693,31.214893],[121.457082,31.214349],[121.457604,31.213873],[121.458241,31.213482],[121.458967,31.213191],[121.459755,31.213012],[121.460575,31.212952],[121.461395,31.213012],[121.462183,31.213191],[121.462909,31.213482],[121.463546,31.213873],[121.464068,31.214349],[121.464457,31.214893],[121.464696,31.215483],[121.464777,31.216096]]]}},{"type":"Feature","properties":{"zone_id":"sh:z:retail:hkri","name":"静安嘉里·久光","zone_type":"retail","grade":"premium","centroid_lng":121.454591,"centroid_lat":31.224113,"batch":"batch1","source":"public_name+schematic_aoi","labels":[],"color_token":"retail","fill":"#7C3AED","stroke":"#5B21B6","fill_opacity":0.45},"geometry":{"type":"Polygon","coordinates":[[[121.458793,31.224113],[121.458712,31.224674],[121.458473,31.225213],[121.458085,31.22571],[121.457562,31.226146],[121.456925,31.226503],[121.456199,31.226769],[121.455411,31.226932],[121.454591,31.226988],[121.453771,31.226932],[121.452983,31.226769],[121.452257,31.226503],[121.45162,31.226146],[121.451097,31.22571],[121.450709,31.225213],[121.45047,31.224674],[121.450389,31.224113],[121.45047,31.223552],[121.450709,31.223013],[121.451097,31.222516],[121.45162,31.22208],[121.452257,31.221723],[121.452983,31.221457],[121.453771,31.221294],[121.454591,31.221238],[121.455411,31.221294],[121.456199,31.221457],[121.456925,31.221723],[121.457562,31.22208],[121.458085,31.222516],[121.458473,31.223013],[121.458712,31.223552],[121.458793,31.224113]]]}},{"type":"Feature","properties":{"zone_id":"sh:z:retail:riverside_pass","name":"瑞虹天地太阳宫","zone_type":"retail","grade":"premium","centroid_lng":121.519381,"centroid_lat":31.267954,"batch":"batch2","source":"public_name+schematic_aoi","labels":[],"color_token":"retail","fill":"#7C3AED","stroke":"#5B21B6","fill_opacity":0.45},"geometry":{"type":"Polygon","coordinates":[[[121.52411,31.267954],[121.524019,31.268655],[121.52375,31.269329],[121.523313,31.26995],[121.522725,31.270495],[121.522008,31.270942],[121.521191,31.271274],[121.520304,31.271478],[121.519381,31.271547],[121.518458,31.271478],[121.517571,31.271274],[121.516754,31.270942],[121.516037,31.270495],[121.515449,31.26995],[121.515012,31.269329],[121.514743,31.268655],[121.514652,31.267954],[121.514743,31.267253],[121.515012,31.266579],[121.515449,31.265958],[121.516037,31.265413],[121.516754,31.264966],[121.517571,31.264634],[121.518458,31.26443],[121.519381,31.264361],[121.520304,31.26443],[121.521191,31.264634],[121.522008,31.264966],[121.522725,31.265413],[121.523313,31.265958],[121.52375,31.266579],[121.524019,31.267253],[121.52411,31.267954]]]}},{"type":"Feature","properties":{"zone_id":"sh:z:retail:xujiahui","name":"徐家汇","zone_type":"retail","grade":"mass","centroid_lng":121.440617,"centroid_lat":31.186119,"batch":"batch1","source":"public_name+schematic_aoi","labels":["mall"],"color_token":"retail","fill":"#A78BFA","stroke":"#5B21B6","fill_opacity":0.38},"geometry":{"type":"Polygon","coordinates":[[[121.450067,31.186119],[121.449886,31.187521],[121.449348,31.188869],[121.448475,31.190112],[121.4473,31.191201],[121.445867,31.192094],[121.444234,31.192758],[121.442461,31.193167],[121.440617,31.193305],[121.438773,31.193167],[121.437,31.192758],[121.435367,31.192094],[121.433934,31.191201],[121.432759,31.190112],[121.431886,31.188869],[121.431348,31.187521],[121.431167,31.186119],[121.431348,31.184717],[121.431886,31.183369],[121.432759,31.182126],[121.433934,31.181037],[121.435367,31.180144],[121.437,31.17948],[121.438773,31.179071],[121.440617,31.178933],[121.442461,31.179071],[121.444234,31.17948],[121.445867,31.180144],[121.4473,31.181037],[121.448475,31.182126],[121.449348,31.183369],[121.449886,31.184717],[121.450067,31.186119]]]}},{"type":"Feature","properties":{"zone_id":"sh:z:retail:wujiaochang","name":"五角场","zone_type":"retail","grade":"mass","centroid_lng":121.518387,"centroid_lat":31.295968,"batch":"batch1","source":"public_name+schematic_aoi","labels":["university"],"color_token":"retail","fill":"#A78BFA","stroke":"#5B21B6","fill_opacity":0.38},"geometry":{"type":"Polygon","coordinates":[[[121.5289,31.295968],[121.528698,31.297545],[121.5281,31.299062],[121.527128,31.30046],[121.525821,31.301685],[121.524228,31.30269],[121.52241,31.303437],[121.520438,31.303897],[121.518387,31.304053],[121.516336,31.303897],[121.514364,31.303437],[121.512546,31.30269],[121.510953,31.301685],[121.509646,31.30046],[121.508674,31.299062],[121.508076,31.297545],[121.507874,31.295968],[121.508076,31.294391],[121.508674,31.292874],[121.509646,31.291476],[121.510953,31.290251],[121.512546,31.289246],[121.514364,31.288499],[121.516336,31.288039],[121.518387,31.287883],[121.520438,31.288039],[121.52241,31.288499],[121.524228,31.289246],[121.525821,31.290251],[121.527128,31.291476],[121.5281,31.292874],[121.528698,31.294391],[121.5289,31.295968]]]}},{"type":"Feature","properties":{"zone_id":"sh:z:retail:zhongshan_park","name":"中山公园","zone_type":"retail","grade":"mass","centroid_lng":121.421645,"centroid_lat":31.218155,"batch":"batch1","source":"public_name+schematic_aoi","labels":[],"color_token":"retail","fill":"#A78BFA","stroke":"#5B21B6","fill_opacity":0.38},"geometry":{"type":"Polygon","coordinates":[[[121.430573,31.218155],[121.430402,31.219382],[121.429894,31.220561],[121.429069,31.221649],[121.427958,31.222601],[121.426605,31.223383],[121.425062,31.223965],[121.423387,31.224322],[121.421645,31.224443],[121.419903,31.224322],[121.418228,31.223965],[121.416685,31.223383],[121.415332,31.222601],[121.414221,31.221649],[121.413396,31.220561],[121.412888,31.219382],[121.412717,31.218155],[121.412888,31.216928],[121.413396,31.215749],[121.414221,31.214661],[121.415332,31.213709],[121.416685,31.212927],[121.418228,31.212345],[121.419903,31.211988],[121.421645,31.211867],[121.423387,31.211988],[121.425062,31.212345],[121.426605,31.212927],[121.427958,31.213709],[121.429069,31.214661],[121.429894,31.215749],[121.430402,31.216928],[121.430573,31.218155]]]}},{"type":"Feature","properties":{"zone_id":"sh:z:retail:global_harbor","name":"环球港","zone_type":"retail","grade":"mass","centroid_lng":121.41465,"centroid_lat":31.233166,"batch":"batch1","source":"public_name+schematic_aoi","labels":[],"color_token":"retail","fill":"#A78BFA","stroke":"#5B21B6","fill_opacity":0.38},"geometry":{"type":"Polygon","coordinates":[[[121.419903,31.233166],[121.419802,31.233955],[121.419503,31.234713],[121.419018,31.235412],[121.418364,31.236024],[121.417568,31.236527],[121.41666,31.236901],[121.415675,31.237131],[121.41465,31.237208],[121.413625,31.237131],[121.41264,31.236901],[121.411732,31.236527],[121.410936,31.236024],[121.410282,31.235412],[121.409797,31.234713],[121.409498,31.233955],[121.409397,31.233166],[121.409498,31.232377],[121.409797,31.231619],[121.410282,31.23092],[121.410936,31.230308],[121.411732,31.229805],[121.41264,31.229431],[121.413625,31.229201],[121.41465,31.229124],[121.415675,31.229201],[121.41666,31.229431],[121.417568,31.229805],[121.418364,31.230308],[121.419018,31.23092],[121.419503,31.231619],[121.419802,31.232377],[121.419903,31.233166]]]}},{"type":"Feature","properties":{"zone_id":"sh:z:retail:daning","name":"大宁国际","zone_type":"retail","grade":"mass","centroid_lng":121.459583,"centroid_lat":31.278126,"batch":"batch1","source":"public_name+schematic_aoi","labels":[],"color_token":"retail","fill":"#A78BFA","stroke":"#5B21B6","fill_opacity":0.38},"geometry":{"type":"Polygon","coordinates":[[[121.466941,31.278126],[121.466799,31.279178],[121.46638,31.280189],[121.465701,31.28112],[121.464786,31.281937],[121.463671,31.282608],[121.462399,31.283106],[121.461018,31.283412],[121.459583,31.283516],[121.458148,31.283412],[121.456767,31.283106],[121.455495,31.282608],[121.45438,31.281937],[121.453465,31.28112],[121.452786,31.280189],[121.452367,31.279178],[121.452225,31.278126],[121.452367,31.277074],[121.452786,31.276063],[121.453465,31.275132],[121.45438,31.274315],[121.455495,31.273644],[121.456767,31.273146],[121.458148,31.27284],[121.459583,31.272736],[121.461018,31.27284],[121.462399,31.273146],[121.463671,31.273644],[121.464786,31.274315],[121.465701,31.275132],[121.46638,31.276063],[121.466799,31.277074],[121.466941,31.278126]]]}},{"type":"Feature","properties":{"zone_id":"sh:z:retail:qibao","name":"七宝","zone_type":"retail","grade":"mass","centroid_lng":121.354585,"centroid_lat":31.153076,"batch":"batch2","source":"public_name+schematic_aoi","labels":[],"color_token":"retail","fill":"#A78BFA","stroke":"#5B21B6","fill_opacity":0.38},"geometry":{"type":"Polygon","coordinates":[[[121.361933,31.153076],[121.361792,31.154128],[121.361374,31.155139],[121.360694,31.15607],[121.359781,31.156887],[121.358667,31.157558],[121.357397,31.158056],[121.356018,31.158362],[121.354585,31.158466],[121.353152,31.158362],[121.351773,31.158056],[121.350503,31.157558],[121.349389,31.156887],[121.348476,31.15607],[121.347796,31.155139],[121.347378,31.154128],[121.347237,31.153076],[121.347378,31.152024],[121.347796,31.151013],[121.348476,31.150082],[121.349389,31.149265],[121.350503,31.148594],[121.351773,31.148096],[121.353152,31.14779],[121.354585,31.147686],[121.356018,31.14779],[121.357397,31.148096],[121.358667,31.148594],[121.359781,31.149265],[121.360694,31.150082],[121.361374,31.151013],[121.361792,31.152024],[121.361933,31.153076]]]}},{"type":"Feature","properties":{"zone_id":"sh:z:retail:jinqiao","name":"金桥国际","zone_type":"retail","grade":"mass","centroid_lng":121.609204,"centroid_lat":31.257812,"batch":"batch2","source":"public_name+schematic_aoi","labels":[],"color_token":"retail","fill":"#A78BFA","stroke":"#5B21B6","fill_opacity":0.38},"geometry":{"type":"Polygon","coordinates":[[[121.617611,31.257812],[121.617449,31.259039],[121.616971,31.260218],[121.616194,31.261306],[121.615149,31.262258],[121.613875,31.26304],[121.612421,31.263622],[121.610844,31.263979],[121.609204,31.2641],[121.607564,31.263979],[121.605987,31.263622],[121.604533,31.26304],[121.603259,31.262258],[121.602214,31.261306],[121.601437,31.260218],[121.600959,31.259039],[121.600797,31.257812],[121.600959,31.256585],[121.601437,31.255406],[121.602214,31.254318],[121.603259,31.253366],[121.604533,31.252584],[121.605987,31.252002],[121.607564,31.251645],[121.609204,31.251524],[121.610844,31.251645],[121.612421,31.252002],[121.613875,31.252584],[121.615149,31.253366],[121.616194,31.254318],[121.616971,31.255406],[121.617449,31.256585],[121.617611,31.257812]]]}},{"type":"Feature","properties":{"zone_id":"sh:z:retail:chuansha","name":"川沙","zone_type":"retail","grade":"mass","centroid_lng":121.704338,"centroid_lat":31.187921,"batch":"batch2","source":"public_name+schematic_aoi","labels":[],"color_token":"retail","fill":"#A78BFA","stroke":"#5B21B6","fill_opacity":0.38},"geometry":{"type":"Polygon","coordinates":[[[121.711689,31.187921],[121.711547,31.188973],[121.711129,31.189984],[121.71045,31.190915],[121.709536,31.191732],[121.708422,31.192403],[121.707151,31.192901],[121.705772,31.193207],[121.704338,31.193311],[121.702904,31.193207],[121.701525,31.192901],[121.700254,31.192403],[121.69914,31.191732],[121.698226,31.190915],[121.697547,31.189984],[121.697129,31.188973],[121.696987,31.187921],[121.697129,31.186869],[121.697547,31.185858],[121.698226,31.184927],[121.69914,31.18411],[121.700254,31.183439],[121.701525,31.182941],[121.702904,31.182635],[121.704338,31.182531],[121.705772,31.182635],[121.707151,31.182941],[121.708422,31.183439],[121.709536,31.18411],[121.71045,31.184927],[121.711129,31.185858],[121.711547,31.186869],[121.711689,31.187921]]]}},{"type":"Feature","properties":{"zone_id":"sh:z:retail:songjiang_thames","name":"松江泰晤士小镇商圈","zone_type":"retail","grade":"mass","centroid_lng":121.224424,"centroid_lat":31.027887,"batch":"batch2","source":"public_name+schematic_aoi","labels":[],"color_token":"retail","fill":"#A78BFA","stroke":"#5B21B6","fill_opacity":0.38},"geometry":{"type":"Polygon","coordinates":[[[121.230714,31.027887],[121.230593,31.028763],[121.230235,31.029606],[121.229654,31.030382],[121.228872,31.031063],[121.227918,31.031622],[121.226831,31.032037],[121.225651,31.032292],[121.224424,31.032379],[121.223197,31.032292],[121.222017,31.032037],[121.22093,31.031622],[121.219976,31.031063],[121.219194,31.030382],[121.218613,31.029606],[121.218255,31.028763],[121.218134,31.027887],[121.218255,31.027011],[121.218613,31.026168],[121.219194,31.025392],[121.219976,31.024711],[121.22093,31.024152],[121.222017,31.023737],[121.223197,31.023482],[121.224424,31.023395],[121.225651,31.023482],[121.226831,31.023737],[121.227918,31.024152],[121.228872,31.024711],[121.229654,31.025392],[121.230235,31.026168],[121.230593,31.027011],[121.230714,31.027887]]]}},{"type":"Feature","properties":{"zone_id":"sh:z:retail:jiading_gucun","name":"嘉定新城","zone_type":"retail","grade":"mass","centroid_lng":121.254438,"centroid_lat":31.378035,"batch":"batch2","source":"public_name+schematic_aoi","labels":[],"color_token":"retail","fill":"#A78BFA","stroke":"#5B21B6","fill_opacity":0.38},"geometry":{"type":"Polygon","coordinates":[[[121.262856,31.378035],[121.262694,31.379262],[121.262215,31.380441],[121.261437,31.381529],[121.26039,31.382481],[121.259115,31.383263],[121.257659,31.383845],[121.25608,31.384202],[121.254438,31.384323],[121.252796,31.384202],[121.251217,31.383845],[121.249761,31.383263],[121.248486,31.382481],[121.247439,31.381529],[121.246661,31.380441],[121.246182,31.379262],[121.24602,31.378035],[121.246182,31.376808],[121.246661,31.375629],[121.247439,31.374541],[121.248486,31.373589],[121.249761,31.372807],[121.251217,31.372225],[121.252796,31.371868],[121.254438,31.371747],[121.25608,31.371868],[121.257659,31.372225],[121.259115,31.372807],[121.26039,31.373589],[121.261437,31.374541],[121.262215,31.375629],[121.262694,31.376808],[121.262856,31.378035]]]}},{"type":"Feature","properties":{"zone_id":"sh:z:retail:minhang_qixin","name":"七宝万科广场","zone_type":"retail","grade":"mass","centroid_lng":121.359594,"centroid_lat":31.148082,"batch":"batch2","source":"public_name+schematic_aoi","labels":[],"color_token":"retail","fill":"#A78BFA","stroke":"#5B21B6","fill_opacity":0.38},"geometry":{"type":"Polygon","coordinates":[[[121.364842,31.148082],[121.364741,31.148871],[121.364443,31.149629],[121.363958,31.150328],[121.363305,31.15094],[121.36251,31.151443],[121.361602,31.151817],[121.360618,31.152047],[121.359594,31.152124],[121.35857,31.152047],[121.357586,31.151817],[121.356678,31.151443],[121.355883,31.15094],[121.35523,31.150328],[121.354745,31.149629],[121.354447,31.148871],[121.354346,31.148082],[121.354447,31.147293],[121.354745,31.146535],[121.35523,31.145836],[121.355883,31.145224],[121.356678,31.144721],[121.357586,31.144347],[121.35857,31.144117],[121.359594,31.14404],[121.360618,31.144117],[121.361602,31.144347],[121.36251,31.144721],[121.363305,31.145224],[121.363958,31.145836],[121.364443,31.146535],[121.364741,31.147293],[121.364842,31.148082]]]}},{"type":"Feature","properties":{"zone_id":"sh:z:retail:hongqiao_airport_retail","name":"虹桥天地","zone_type":"retail","grade":"mass","centroid_lng":121.324522,"centroid_lat":31.19304,"batch":"batch1","source":"public_name+schematic_aoi","labels":["hub_adj"],"color_token":"retail","fill":"#A78BFA","stroke":"#5B21B6","fill_opacity":0.38},"geometry":{"type":"Polygon","coordinates":[[[121.330823,31.19304],[121.330702,31.193916],[121.330343,31.194759],[121.329761,31.195535],[121.328977,31.196216],[121.328023,31.196775],[121.326933,31.19719],[121.325751,31.197445],[121.324522,31.197532],[121.323293,31.197445],[121.322111,31.19719],[121.321021,31.196775],[121.320067,31.196216],[121.319283,31.195535],[121.318701,31.194759],[121.318342,31.193916],[121.318221,31.19304],[121.318342,31.192164],[121.318701,31.191321],[121.319283,31.190545],[121.320067,31.189864],[121.321021,31.189305],[121.322111,31.18889],[121.323293,31.188635],[121.324522,31.188548],[121.325751,31.188635],[121.326933,31.18889],[121.328023,31.189305],[121.328977,31.189864],[121.329761,31.190545],[121.330343,31.191321],[121.330702,31.192164],[121.330823,31.19304]]]}},{"type":"Feature","properties":{"zone_id":"sh:z:retail:lujiazui_century","name":"世纪大道商带","zone_type":"retail","grade":"mass","centroid_lng":121.534327,"centroid_lat":31.227894,"batch":"batch1","source":"public_name+schematic_aoi","labels":[],"color_token":"retail","fill":"#A78BFA","stroke":"#5B21B6","fill_opacity":0.38},"geometry":{"type":"Polygon","coordinates":[[[121.546173,31.232206],[121.545706,31.232781],[121.544801,31.23317],[121.543494,31.233355],[121.541834,31.23333],[121.539886,31.233097],[121.537725,31.232663],[121.535433,31.232047],[121.533098,31.231271],[121.530811,31.230365],[121.528658,31.229364],[121.526724,31.228306],[121.525082,31.227233],[121.523795,31.226185],[121.522912,31.225203],[121.522469,31.224324],[121.522481,31.223582],[121.522948,31.223007],[121.523853,31.222618],[121.52516,31.222433],[121.52682,31.222458],[121.528768,31.222691],[121.530929,31.223125],[121.533221,31.223741],[121.535556,31.224517],[121.537843,31.225423],[121.539996,31.226424],[121.54193,31.227482],[121.543572,31.228555],[121.544859,31.229603],[121.545742,31.230585],[121.546185,31.231464],[121.546173,31.232206]]]}},{"type":"Feature","properties":{"zone_id":"sh:z:retail:baoshan_wusong","name":"吴淞口商圈","zone_type":"retail","grade":"mass","centroid_lng":121.504444,"centroid_lat":31.378039,"batch":"batch2","source":"public_name+schematic_aoi","labels":[],"color_token":"retail","fill":"#A78BFA","stroke":"#5B21B6","fill_opacity":0.38},"geometry":{"type":"Polygon","coordinates":[[[121.511809,31.378039],[121.511668,31.379003],[121.511249,31.37993],[121.510568,31.380784],[121.509652,31.381533],[121.508536,31.382147],[121.507263,31.382604],[121.505881,31.382885],[121.504444,31.38298],[121.503007,31.382885],[121.501625,31.382604],[121.500352,31.382147],[121.499236,31.381533],[121.49832,31.380784],[121.497639,31.37993],[121.49722,31.379003],[121.497079,31.378039],[121.49722,31.377075],[121.497639,31.376148],[121.49832,31.375294],[121.499236,31.374545],[121.500352,31.373931],[121.501625,31.373474],[121.503007,31.373193],[121.504444,31.373098],[121.505881,31.373193],[121.507263,31.373474],[121.508536,31.373931],[121.509652,31.374545],[121.510568,31.375294],[121.511249,31.376148],[121.511668,31.377075],[121.511809,31.378039]]]}},{"type":"Feature","properties":{"zone_id":"sh:z:retail:fengxian_nanqiao","name":"南桥","zone_type":"retail","grade":"mass","centroid_lng":121.464538,"centroid_lat":30.917921,"batch":"batch2","source":"public_name+schematic_aoi","labels":[],"color_token":"retail","fill":"#A78BFA","stroke":"#5B21B6","fill_opacity":0.38},"geometry":{"type":"Polygon","coordinates":[[[121.472915,30.917921],[121.472754,30.91906],[121.472277,30.920155],[121.471503,30.921165],[121.470461,30.92205],[121.469192,30.922776],[121.467744,30.923316],[121.466172,30.923648],[121.464538,30.92376],[121.462904,30.923648],[121.461332,30.923316],[121.459884,30.922776],[121.458615,30.92205],[121.457573,30.921165],[121.456799,30.920155],[121.456322,30.91906],[121.456161,30.917921],[121.456322,30.916782],[121.456799,30.915687],[121.457573,30.914677],[121.458615,30.913792],[121.459884,30.913066],[121.461332,30.912526],[121.462904,30.912194],[121.464538,30.912082],[121.466172,30.912194],[121.467744,30.912526],[121.469192,30.913066],[121.470461,30.913792],[121.471503,30.914677],[121.472277,30.915687],[121.472754,30.916782],[121.472915,30.917921]]]}},{"type":"Feature","properties":{"zone_id":"sh:z:retail:qingpu_xujing","name":"徐泾","zone_type":"retail","grade":"mass","centroid_lng":121.284444,"centroid_lat":31.17797,"batch":"batch2","source":"public_name+schematic_aoi","labels":[],"color_token":"retail","fill":"#A78BFA","stroke":"#5B21B6","fill_opacity":0.38},"geometry":{"type":"Polygon","coordinates":[[[121.291794,31.17797],[121.291653,31.178934],[121.291234,31.179861],[121.290555,31.180715],[121.289641,31.181464],[121.288527,31.182078],[121.287257,31.182535],[121.285878,31.182816],[121.284444,31.182911],[121.28301,31.182816],[121.281631,31.182535],[121.280361,31.182078],[121.279247,31.181464],[121.278333,31.180715],[121.277654,31.179861],[121.277235,31.178934],[121.277094,31.17797],[121.277235,31.177006],[121.277654,31.176079],[121.278333,31.175225],[121.279247,31.174476],[121.280361,31.173862],[121.281631,31.173405],[121.28301,31.173124],[121.284444,31.173029],[121.285878,31.173124],[121.287257,31.173405],[121.288527,31.173862],[121.289641,31.174476],[121.290555,31.175225],[121.291234,31.176079],[121.291653,31.177006],[121.291794,31.17797]]]}},{"type":"Feature","properties":{"zone_id":"sh:z:retail:pudong_kangqiao","name":"康桥","zone_type":"retail","grade":"mass","centroid_lng":121.584204,"centroid_lat":31.117748,"batch":"batch2","source":"public_name+schematic_aoi","labels":[],"color_token":"retail","fill":"#A78BFA","stroke":"#5B21B6","fill_opacity":0.38},"geometry":{"type":"Polygon","coordinates":[[[121.591549,31.117748],[121.591408,31.1188],[121.59099,31.119811],[121.590311,31.120742],[121.589398,31.121559],[121.588285,31.12223],[121.587015,31.122728],[121.585637,31.123034],[121.584204,31.123138],[121.582771,31.123034],[121.581393,31.122728],[121.580123,31.12223],[121.57901,31.121559],[121.578097,31.120742],[121.577418,31.119811],[121.577,31.1188],[121.576859,31.117748],[121.577,31.116696],[121.577418,31.115685],[121.578097,31.114754],[121.57901,31.113937],[121.580123,31.113266],[121.581393,31.112768],[121.582771,31.112462],[121.584204,31.112358],[121.585637,31.112462],[121.587015,31.112768],[121.588285,31.113266],[121.589398,31.113937],[121.590311,31.114754],[121.59099,31.115685],[121.591408,31.116696],[121.591549,31.117748]]]}},{"type":"Feature","properties":{"zone_id":"sh:z:retail:yangpu_kongjiang","name":"控江路","zone_type":"retail","grade":"mass","centroid_lng":121.534331,"centroid_lat":31.277916,"batch":"batch2","source":"public_name+schematic_aoi","labels":[],"color_token":"retail","fill":"#A78BFA","stroke":"#5B21B6","fill_opacity":0.38},"geometry":{"type":"Polygon","coordinates":[[[121.54274,31.277916],[121.542578,31.278705],[121.5421,31.279463],[121.541322,31.280162],[121.540277,31.280774],[121.539003,31.281277],[121.537549,31.281651],[121.535971,31.281881],[121.534331,31.281958],[121.532691,31.281881],[121.531113,31.281651],[121.529659,31.281277],[121.528385,31.280774],[121.52734,31.280162],[121.526562,31.279463],[121.526084,31.278705],[121.525922,31.277916],[121.526084,31.277127],[121.526562,31.276369],[121.52734,31.27567],[121.528385,31.275058],[121.529659,31.274555],[121.531113,31.274181],[121.532691,31.273951],[121.534331,31.273874],[121.535971,31.273951],[121.537549,31.274181],[121.539003,31.274555],[121.540277,31.275058],[121.541322,31.27567],[121.5421,31.276369],[121.542578,31.277127],[121.54274,31.277916]]]}},{"type":"Feature","properties":{"zone_id":"sh:z:retail:putuo_changshou","name":"长寿路","zone_type":"retail","grade":"mass","centroid_lng":121.444614,"centroid_lat":31.238138,"batch":"batch2","source":"public_name+schematic_aoi","labels":[],"color_token":"retail","fill":"#A78BFA","stroke":"#5B21B6","fill_opacity":0.38},"geometry":{"type":"Polygon","coordinates":[[[121.451968,31.238138],[121.451827,31.238839],[121.451409,31.239513],[121.450729,31.240134],[121.449814,31.240679],[121.4487,31.241126],[121.447428,31.241458],[121.446049,31.241662],[121.444614,31.241731],[121.443179,31.241662],[121.4418,31.241458],[121.440528,31.241126],[121.439414,31.240679],[121.438499,31.240134],[121.437819,31.239513],[121.437401,31.238839],[121.43726,31.238138],[121.437401,31.237437],[121.437819,31.236763],[121.438499,31.236142],[121.439414,31.235597],[121.440528,31.23515],[121.4418,31.234818],[121.443179,31.234614],[121.444614,31.234545],[121.446049,31.234614],[121.447428,31.234818],[121.4487,31.23515],[121.449814,31.235597],[121.450729,31.236142],[121.451409,31.236763],[121.451827,31.237437],[121.451968,31.238138]]]}},{"type":"Feature","properties":{"zone_id":"sh:z:retail:huangpu_huaihai","name":"淮海中路","zone_type":"retail","grade":"premium","centroid_lng":121.474534,"centroid_lat":31.218063,"batch":"batch1","source":"public_name+schematic_aoi","labels":[],"color_token":"retail","fill":"#7C3AED","stroke":"#5B21B6","fill_opacity":0.45},"geometry":{"type":"Polygon","coordinates":[[[121.484998,31.218978],[121.484744,31.219572],[121.484097,31.220107],[121.483082,31.220564],[121.481739,31.220925],[121.48012,31.221176],[121.478285,31.221307],[121.476307,31.221314],[121.47426,31.221195],[121.472224,31.220956],[121.470276,31.220606],[121.468493,31.220159],[121.466941,31.21963],[121.465681,31.219042],[121.464762,31.218416],[121.464217,31.217776],[121.46407,31.217148],[121.464324,31.216554],[121.464971,31.216019],[121.465986,31.215562],[121.467329,31.215201],[121.468948,31.21495],[121.470783,31.214819],[121.472761,31.214812],[121.474808,31.214931],[121.476844,31.21517],[121.478792,31.21552],[121.480575,31.215967],[121.482127,31.216496],[121.483387,31.217084],[121.484306,31.21771],[121.484851,31.21835],[121.484998,31.218978]]]}},{"type":"Feature","properties":{"zone_id":"sh:z:retail:community_jiangwan","name":"江湾社区配套","zone_type":"retail","grade":"community","centroid_lng":121.514403,"centroid_lat":31.317989,"batch":"batch2","source":"public_name+schematic_aoi","labels":[],"color_token":"retail","fill":"#A78BFA","stroke":"#5B21B6","fill_opacity":0.28},"geometry":{"type":"Polygon","coordinates":[[[121.519661,31.317989],[121.51956,31.31869],[121.51926,31.319364],[121.518775,31.319985],[121.518121,31.32053],[121.517324,31.320977],[121.516415,31.321309],[121.515429,31.321513],[121.514403,31.321582],[121.513377,31.321513],[121.512391,31.321309],[121.511482,31.320977],[121.510685,31.32053],[121.510031,31.319985],[121.509546,31.319364],[121.509246,31.31869],[121.509145,31.317989],[121.509246,31.317288],[121.509546,31.316614],[121.510031,31.315993],[121.510685,31.315448],[121.511482,31.315001],[121.512391,31.314669],[121.513377,31.314465],[121.514403,31.314396],[121.515429,31.314465],[121.516415,31.314669],[121.517324,31.315001],[121.518121,31.315448],[121.518775,31.315993],[121.51926,31.316614],[121.51956,31.317288],[121.519661,31.317989]]]}},{"type":"Feature","properties":{"zone_id":"sh:z:retail:community_zhangjiang","name":"张江社区商业","zone_type":"retail","grade":"community","centroid_lng":121.604198,"centroid_lat":31.197783,"batch":"batch2","source":"public_name+schematic_aoi","labels":[],"color_token":"retail","fill":"#A78BFA","stroke":"#5B21B6","fill_opacity":0.28},"geometry":{"type":"Polygon","coordinates":[[[121.609974,31.197783],[121.609863,31.198572],[121.609534,31.19933],[121.609001,31.200029],[121.608282,31.200641],[121.607407,31.201144],[121.606408,31.201518],[121.605325,31.201748],[121.604198,31.201825],[121.603071,31.201748],[121.601988,31.201518],[121.600989,31.201144],[121.600114,31.200641],[121.599395,31.200029],[121.598862,31.19933],[121.598533,31.198572],[121.598422,31.197783],[121.598533,31.196994],[121.598862,31.196236],[121.599395,31.195537],[121.600114,31.194925],[121.600989,31.194422],[121.601988,31.194048],[121.603071,31.193818],[121.604198,31.193741],[121.605325,31.193818],[121.606408,31.194048],[121.607407,31.194422],[121.608282,31.194925],[121.609001,31.195537],[121.609534,31.196236],[121.609863,31.196994],[121.609974,31.197783]]]}},{"type":"Feature","properties":{"zone_id":"sh:z:retail:community_sanlin","name":"三林社区","zone_type":"retail","grade":"community","centroid_lng":121.524352,"centroid_lat":31.137877,"batch":"batch2","source":"public_name+schematic_aoi","labels":[],"color_token":"retail","fill":"#A78BFA","stroke":"#5B21B6","fill_opacity":0.28},"geometry":{"type":"Polygon","coordinates":[[[121.530124,31.137877],[121.530013,31.138666],[121.529685,31.139424],[121.529152,31.140123],[121.528434,31.140735],[121.527559,31.141238],[121.526561,31.141612],[121.525478,31.141842],[121.524352,31.141919],[121.523226,31.141842],[121.522143,31.141612],[121.521145,31.141238],[121.52027,31.140735],[121.519552,31.140123],[121.519019,31.139424],[121.518691,31.138666],[121.51858,31.137877],[121.518691,31.137088],[121.519019,31.13633],[121.519552,31.135631],[121.52027,31.135019],[121.521145,31.134516],[121.522143,31.134142],[121.523226,31.133912],[121.524352,31.133835],[121.525478,31.133912],[121.526561,31.134142],[121.527559,31.134516],[121.528434,31.135019],[121.529152,31.135631],[121.529685,31.13633],[121.530013,31.137088],[121.530124,31.137877]]]}},{"type":"Feature","properties":{"zone_id":"sh:z:retail:community_gumei","name":"古美社区","zone_type":"retail","grade":"community","centroid_lng":121.404643,"centroid_lat":31.13812,"batch":"batch2","source":"public_name+schematic_aoi","labels":[],"color_token":"retail","fill":"#A78BFA","stroke":"#5B21B6","fill_opacity":0.28},"geometry":{"type":"Polygon","coordinates":[[[121.409891,31.13812],[121.40979,31.138821],[121.409491,31.139495],[121.409006,31.140116],[121.408354,31.140661],[121.407558,31.141108],[121.406651,31.14144],[121.405667,31.141644],[121.404643,31.141713],[121.403619,31.141644],[121.402635,31.14144],[121.401728,31.141108],[121.400932,31.140661],[121.40028,31.140116],[121.399795,31.139495],[121.399496,31.138821],[121.399395,31.13812],[121.399496,31.137419],[121.399795,31.136745],[121.40028,31.136124],[121.400932,31.135579],[121.401728,31.135132],[121.402635,31.1348],[121.403619,31.134596],[121.404643,31.134527],[121.405667,31.134596],[121.406651,31.1348],[121.407558,31.135132],[121.408354,31.135579],[121.409006,31.136124],[121.409491,31.136745],[121.40979,31.137419],[121.409891,31.13812]]]}},{"type":"Feature","properties":{"zone_id":"sh:z:retail:community_pengpu","name":"彭浦社区","zone_type":"retail","grade":"community","centroid_lng":121.454597,"centroid_lat":31.298145,"batch":"batch2","source":"public_name+schematic_aoi","labels":[],"color_token":"retail","fill":"#A78BFA","stroke":"#5B21B6","fill_opacity":0.28},"geometry":{"type":"Polygon","coordinates":[[[121.459854,31.298145],[121.459753,31.298846],[121.459453,31.29952],[121.458968,31.300141],[121.458314,31.300686],[121.457517,31.301133],[121.456609,31.301465],[121.455622,31.301669],[121.454597,31.301738],[121.453572,31.301669],[121.452585,31.301465],[121.451677,31.301133],[121.45088,31.300686],[121.450226,31.300141],[121.449741,31.29952],[121.449441,31.298846],[121.44934,31.298145],[121.449441,31.297444],[121.449741,31.29677],[121.450226,31.296149],[121.45088,31.295604],[121.451677,31.295157],[121.452585,31.294825],[121.453572,31.294621],[121.454597,31.294552],[121.455622,31.294621],[121.456609,31.294825],[121.457517,31.295157],[121.458314,31.295604],[121.458968,31.296149],[121.459453,31.29677],[121.459753,31.297444],[121.459854,31.298145]]]}},{"type":"Feature","properties":{"zone_id":"sh:z:retail:community_lingang","name":"临港滴水湖配套商业","zone_type":"retail","grade":"community","centroid_lng":121.924082,"centroid_lat":30.897626,"batch":"batch1","source":"public_name+schematic_aoi","labels":["lingang"],"color_token":"retail","fill":"#A78BFA","stroke":"#5B21B6","fill_opacity":0.28},"geometry":{"type":"Polygon","coordinates":[[[121.93141,30.897626],[121.931269,30.898678],[121.930852,30.899689],[121.930175,30.90062],[121.929264,30.901437],[121.928153,30.902108],[121.926886,30.902606],[121.925512,30.902912],[121.924082,30.903016],[121.922652,30.902912],[121.921278,30.902606],[121.920011,30.902108],[121.9189,30.901437],[121.917989,30.90062],[121.917312,30.899689],[121.916895,30.898678],[121.916754,30.897626],[121.916895,30.896574],[121.917312,30.895563],[121.917989,30.894632],[121.9189,30.893815],[121.920011,30.893144],[121.921278,30.892646],[121.922652,30.89234],[121.924082,30.892236],[121.925512,30.89234],[121.926886,30.892646],[121.928153,30.893144],[121.929264,30.893815],[121.930175,30.894632],[121.930852,30.895563],[121.931269,30.896574],[121.93141,30.897626]]]}},{"type":"Feature","properties":{"zone_id":"sh:z:retail:community_anting","name":"安亭社区","zone_type":"retail","grade":"community","centroid_lng":121.164553,"centroid_lat":31.288119,"batch":"batch2","source":"public_name+schematic_aoi","labels":[],"color_token":"retail","fill":"#A78BFA","stroke":"#5B21B6","fill_opacity":0.28},"geometry":{"type":"Polygon","coordinates":[[[121.169809,31.288119],[121.169708,31.28882],[121.169409,31.289494],[121.168923,31.290115],[121.16827,31.29066],[121.167473,31.291107],[121.166564,31.291439],[121.165578,31.291643],[121.164553,31.291712],[121.163528,31.291643],[121.162542,31.291439],[121.161633,31.291107],[121.160836,31.29066],[121.160183,31.290115],[121.159697,31.289494],[121.159398,31.28882],[121.159297,31.288119],[121.159398,31.287418],[121.159697,31.286744],[121.160183,31.286123],[121.160836,31.285578],[121.161633,31.285131],[121.162542,31.284799],[121.163528,31.284595],[121.164553,31.284526],[121.165578,31.284595],[121.166564,31.284799],[121.167473,31.285131],[121.16827,31.285578],[121.168923,31.286123],[121.169409,31.286744],[121.169708,31.287418],[121.169809,31.288119]]]}},{"type":"Feature","properties":{"zone_id":"sh:z:retail:community_zhoupu","name":"周浦","zone_type":"retail","grade":"community","centroid_lng":121.584204,"centroid_lat":31.117748,"batch":"batch2","source":"public_name+schematic_aoi","labels":[],"color_token":"retail","fill":"#A78BFA","stroke":"#5B21B6","fill_opacity":0.28},"geometry":{"type":"Polygon","coordinates":[[[121.58945,31.117748],[121.58935,31.118449],[121.589051,31.119123],[121.588566,31.119744],[121.587914,31.120289],[121.587119,31.120736],[121.586212,31.121068],[121.585228,31.121272],[121.584204,31.121341],[121.58318,31.121272],[121.582196,31.121068],[121.581289,31.120736],[121.580494,31.120289],[121.579842,31.119744],[121.579357,31.119123],[121.579058,31.118449],[121.578958,31.117748],[121.579058,31.117047],[121.579357,31.116373],[121.579842,31.115752],[121.580494,31.115207],[121.581289,31.11476],[121.582196,31.114428],[121.58318,31.114224],[121.584204,31.114155],[121.585228,31.114224],[121.586212,31.114428],[121.587119,31.11476],[121.587914,31.115207],[121.588566,31.115752],[121.589051,31.116373],[121.58935,31.117047],[121.58945,31.117748]]]}},{"type":"Feature","properties":{"zone_id":"sh:z:retail:community_beicai","name":"北蔡","zone_type":"retail","grade":"community","centroid_lng":121.554264,"centroid_lat":31.177823,"batch":"batch2","source":"public_name+schematic_aoi","labels":[],"color_token":"retail","fill":"#A78BFA","stroke":"#5B21B6","fill_opacity":0.28},"geometry":{"type":"Polygon","coordinates":[[[121.559514,31.177823],[121.559413,31.178524],[121.559114,31.179198],[121.558629,31.179819],[121.557976,31.180364],[121.557181,31.180811],[121.556273,31.181143],[121.555288,31.181347],[121.554264,31.181416],[121.55324,31.181347],[121.552255,31.181143],[121.551347,31.180811],[121.550552,31.180364],[121.549899,31.179819],[121.549414,31.179198],[121.549115,31.178524],[121.549014,31.177823],[121.549115,31.177122],[121.549414,31.176448],[121.549899,31.175827],[121.550552,31.175282],[121.551347,31.174835],[121.552255,31.174503],[121.55324,31.174299],[121.554264,31.17423],[121.555288,31.174299],[121.556273,31.174503],[121.557181,31.174835],[121.557976,31.175282],[121.558629,31.175827],[121.559114,31.176448],[121.559413,31.177122],[121.559514,31.177823]]]}},{"type":"Feature","properties":{"zone_id":"sh:z:retail:community_huamu","name":"花木","zone_type":"retail","grade":"community","centroid_lng":121.554267,"centroid_lat":31.207838,"batch":"batch2","source":"public_name+schematic_aoi","labels":[],"color_token":"retail","fill":"#A78BFA","stroke":"#5B21B6","fill_opacity":0.28},"geometry":{"type":"Polygon","coordinates":[[[121.558993,31.207838],[121.558903,31.208539],[121.558634,31.209213],[121.558197,31.209834],[121.557609,31.210379],[121.556893,31.210826],[121.556076,31.211158],[121.555189,31.211362],[121.554267,31.211431],[121.553345,31.211362],[121.552458,31.211158],[121.551641,31.210826],[121.550925,31.210379],[121.550337,31.209834],[121.5499,31.209213],[121.549631,31.208539],[121.549541,31.207838],[121.549631,31.207137],[121.5499,31.206463],[121.550337,31.205842],[121.550925,31.205297],[121.551641,31.20485],[121.552458,31.204518],[121.553345,31.204314],[121.554267,31.204245],[121.555189,31.204314],[121.556076,31.204518],[121.556893,31.20485],[121.557609,31.205297],[121.558197,31.205842],[121.558634,31.206463],[121.558903,31.207137],[121.558993,31.207838]]]}},{"type":"Feature","properties":{"zone_id":"sh:z:residential:res_putuo_zhenguang","name":"真光路居住区","zone_type":"residential","grade":"dense_mass","centroid_lng":121.384641,"centroid_lat":31.248163,"batch":"batch1","source":"public_name+schematic_aoi","labels":[],"color_token":"residential","fill":"#F5F0E8","stroke":"#C4B8A8","fill_opacity":0.5},"geometry":{"type":"Polygon","coordinates":[[[121.39725,31.248163],[121.397008,31.249916],[121.39629,31.251601],[121.395125,31.253154],[121.393557,31.254515],[121.391646,31.255632],[121.389466,31.256462],[121.387101,31.256974],[121.384641,31.257146],[121.382181,31.256974],[121.379816,31.256462],[121.377636,31.255632],[121.375725,31.254515],[121.374157,31.253154],[121.372992,31.251601],[121.372274,31.249916],[121.372032,31.248163],[121.372274,31.24641],[121.372992,31.244725],[121.374157,31.243172],[121.375725,31.241811],[121.377636,31.240694],[121.379816,31.239864],[121.382181,31.239352],[121.384641,31.23918],[121.387101,31.239352],[121.389466,31.239864],[121.391646,31.240694],[121.393557,31.241811],[121.395125,31.243172],[121.39629,31.244725],[121.397008,31.24641],[121.39725,31.248163]]]}},{"type":"Feature","properties":{"zone_id":"sh:z:residential:res_yangpu_kongjiang","name":"控江杨浦居住带","zone_type":"residential","grade":"dense_mass","centroid_lng":121.5443,"centroid_lat":31.272889,"batch":"batch1","source":"public_name+schematic_aoi","labels":[],"color_token":"residential","fill":"#F5F0E8","stroke":"#C4B8A8","fill_opacity":0.5},"geometry":{"type":"Polygon","coordinates":[[[121.559014,31.272889],[121.558732,31.274466],[121.557894,31.275983],[121.556534,31.277381],[121.554705,31.278606],[121.552475,31.279611],[121.549931,31.280358],[121.547171,31.280818],[121.5443,31.280974],[121.541429,31.280818],[121.538669,31.280358],[121.536125,31.279611],[121.533895,31.278606],[121.532066,31.277381],[121.530706,31.275983],[121.529868,31.274466],[121.529586,31.272889],[121.529868,31.271312],[121.530706,31.269795],[121.532066,31.268397],[121.533895,31.267172],[121.536125,31.266167],[121.538669,31.26542],[121.541429,31.26496],[121.5443,31.264804],[121.547171,31.26496],[121.549931,31.26542],[121.552475,31.266167],[121.554705,31.267172],[121.556534,31.268397],[121.557894,31.269795],[121.558732,31.271312],[121.559014,31.272889]]]}},{"type":"Feature","properties":{"zone_id":"sh:z:residential:res_minhang_gumei","name":"古美居住区","zone_type":"residential","grade":"dense_mass","centroid_lng":121.399643,"centroid_lat":31.143121,"batch":"batch1","source":"public_name+schematic_aoi","labels":[],"color_token":"residential","fill":"#F5F0E8","stroke":"#C4B8A8","fill_opacity":0.5},"geometry":{"type":"Polygon","coordinates":[[[121.413288,31.143121],[121.413025,31.144874],[121.412249,31.146559],[121.410988,31.148112],[121.409291,31.149473],[121.407223,31.15059],[121.404865,31.15142],[121.402305,31.151932],[121.399643,31.152104],[121.396981,31.151932],[121.394421,31.15142],[121.392063,31.15059],[121.389995,31.149473],[121.388298,31.148112],[121.387037,31.146559],[121.386261,31.144874],[121.385998,31.143121],[121.386261,31.141368],[121.387037,31.139683],[121.388298,31.13813],[121.389995,31.136769],[121.392063,31.135652],[121.394421,31.134822],[121.396981,31.13431],[121.399643,31.134138],[121.402305,31.13431],[121.404865,31.134822],[121.407223,31.135652],[121.409291,31.136769],[121.410988,31.13813],[121.412249,31.139683],[121.413025,31.141368],[121.413288,31.143121]]]}},{"type":"Feature","properties":{"zone_id":"sh:z:residential:res_pudong_sanlin","name":"三林居住区","zone_type":"residential","grade":"dense_mass","centroid_lng":121.514387,"centroid_lat":31.127901,"batch":"batch1","source":"public_name+schematic_aoi","labels":[],"color_token":"residential","fill":"#F5F0E8","stroke":"#C4B8A8","fill_opacity":0.5},"geometry":{"type":"Polygon","coordinates":[[[121.529079,31.127901],[121.528796,31.129829],[121.52796,31.131682],[121.526603,31.133391],[121.524776,31.134888],[121.522549,31.136117],[121.520009,31.13703],[121.517253,31.137593],[121.514387,31.137782],[121.511521,31.137593],[121.508765,31.13703],[121.506225,31.136117],[121.503998,31.134888],[121.502171,31.133391],[121.500814,31.131682],[121.499978,31.129829],[121.499695,31.127901],[121.499978,31.125973],[121.500814,31.12412],[121.502171,31.122411],[121.503998,31.120914],[121.506225,31.119685],[121.508765,31.118772],[121.511521,31.118209],[121.514387,31.11802],[121.517253,31.118209],[121.520009,31.118772],[121.522549,31.119685],[121.524776,31.120914],[121.526603,31.122411],[121.52796,31.12412],[121.528796,31.125973],[121.529079,31.127901]]]}},{"type":"Feature","properties":{"zone_id":"sh:z:residential:res_baoshan_gucun","name":"顾村居住区","zone_type":"residential","grade":"dense_mass","centroid_lng":121.374637,"centroid_lat":31.348192,"batch":"batch2","source":"public_name+schematic_aoi","labels":[],"color_token":"residential","fill":"#F5F0E8","stroke":"#C4B8A8","fill_opacity":0.5},"geometry":{"type":"Polygon","coordinates":[[[121.390415,31.348192],[121.390112,31.350295],[121.389214,31.352317],[121.387756,31.354181],[121.385794,31.355814],[121.383403,31.357155],[121.380675,31.358151],[121.377715,31.358765],[121.374637,31.358972],[121.371559,31.358765],[121.368599,31.358151],[121.365871,31.357155],[121.36348,31.355814],[121.361518,31.354181],[121.36006,31.352317],[121.359162,31.350295],[121.358859,31.348192],[121.359162,31.346089],[121.36006,31.344067],[121.361518,31.342203],[121.36348,31.34057],[121.365871,31.339229],[121.368599,31.338233],[121.371559,31.337619],[121.374637,31.337412],[121.377715,31.337619],[121.380675,31.338233],[121.383403,31.339229],[121.385794,31.34057],[121.387756,31.342203],[121.389214,31.344067],[121.390112,31.346089],[121.390415,31.348192]]]}},{"type":"Feature","properties":{"zone_id":"sh:z:residential:res_jiading_nanxiang","name":"南翔居住区","zone_type":"residential","grade":"dense_mass","centroid_lng":121.324531,"centroid_lat":31.298087,"batch":"batch2","source":"public_name+schematic_aoi","labels":[],"color_token":"residential","fill":"#F5F0E8","stroke":"#C4B8A8","fill_opacity":0.5},"geometry":{"type":"Polygon","coordinates":[[[121.337147,31.298087],[121.336904,31.29984],[121.336186,31.301525],[121.33502,31.303078],[121.333452,31.304439],[121.33154,31.305556],[121.329359,31.306386],[121.326992,31.306898],[121.324531,31.30707],[121.32207,31.306898],[121.319703,31.306386],[121.317522,31.305556],[121.31561,31.304439],[121.314042,31.303078],[121.312876,31.301525],[121.312158,31.29984],[121.311915,31.298087],[121.312158,31.296334],[121.312876,31.294649],[121.314042,31.293096],[121.31561,31.291735],[121.317522,31.290618],[121.319703,31.289788],[121.32207,31.289276],[121.324531,31.289104],[121.326992,31.289276],[121.329359,31.289788],[121.33154,31.290618],[121.333452,31.291735],[121.33502,31.293096],[121.336186,31.294649],[121.336904,31.296334],[121.337147,31.298087]]]}},{"type":"Feature","properties":{"zone_id":"sh:z:residential:res_songjiang_xincheng","name":"松江新城居住","zone_type":"residential","grade":"dense_mass","centroid_lng":121.234415,"centroid_lat":31.027878,"batch":"batch2","source":"public_name+schematic_aoi","labels":[],"color_token":"residential","fill":"#F5F0E8","stroke":"#C4B8A8","fill_opacity":0.5},"geometry":{"type":"Polygon","coordinates":[[[121.249091,31.027878],[121.248809,31.029806],[121.247974,31.031659],[121.246618,31.033368],[121.244793,31.034865],[121.242569,31.036094],[121.240031,31.037007],[121.237278,31.03757],[121.234415,31.037759],[121.231552,31.03757],[121.228799,31.037007],[121.226261,31.036094],[121.224037,31.034865],[121.222212,31.033368],[121.220856,31.031659],[121.220021,31.029806],[121.219739,31.027878],[121.220021,31.02595],[121.220856,31.024097],[121.222212,31.022388],[121.224037,31.020891],[121.226261,31.019662],[121.228799,31.018749],[121.231552,31.018186],[121.234415,31.017997],[121.237278,31.018186],[121.240031,31.018749],[121.242569,31.019662],[121.244793,31.020891],[121.246618,31.022388],[121.247974,31.024097],[121.248809,31.02595],[121.249091,31.027878]]]}},{"type":"Feature","properties":{"zone_id":"sh:z:residential:res_qingpu_xujing","name":"徐泾居住区","zone_type":"residential","grade":"dense_mass","centroid_lng":121.274433,"centroid_lat":31.187966,"batch":"batch2","source":"public_name+schematic_aoi","labels":[],"color_token":"residential","fill":"#F5F0E8","stroke":"#C4B8A8","fill_opacity":0.5},"geometry":{"type":"Polygon","coordinates":[[[121.285984,31.187966],[121.285762,31.189543],[121.285105,31.19106],[121.284037,31.192458],[121.282601,31.193683],[121.28085,31.194688],[121.278853,31.195435],[121.276686,31.195895],[121.274433,31.196051],[121.27218,31.195895],[121.270013,31.195435],[121.268016,31.194688],[121.266265,31.193683],[121.264829,31.192458],[121.263761,31.19106],[121.263104,31.189543],[121.262882,31.187966],[121.263104,31.186389],[121.263761,31.184872],[121.264829,31.183474],[121.266265,31.182249],[121.268016,31.181244],[121.270013,31.180497],[121.27218,31.180037],[121.274433,31.179881],[121.276686,31.180037],[121.278853,31.180497],[121.28085,31.181244],[121.282601,31.182249],[121.284037,31.183474],[121.285105,31.184872],[121.285762,31.186389],[121.285984,31.187966]]]}},{"type":"Feature","properties":{"zone_id":"sh:z:residential:res_fengxian_nanqiao","name":"南桥居住区","zone_type":"residential","grade":"dense_mass","centroid_lng":121.454565,"centroid_lat":30.927949,"batch":"batch2","source":"public_name+schematic_aoi","labels":[],"color_token":"residential","fill":"#F5F0E8","stroke":"#C4B8A8","fill_opacity":0.5},"geometry":{"type":"Polygon","coordinates":[[[121.468179,30.927949],[121.467917,30.929702],[121.467142,30.931387],[121.465884,30.93294],[121.464191,30.934301],[121.462128,30.935418],[121.459775,30.936248],[121.457221,30.93676],[121.454565,30.936932],[121.451909,30.93676],[121.449355,30.936248],[121.447002,30.935418],[121.444939,30.934301],[121.443246,30.93294],[121.441988,30.931387],[121.441213,30.929702],[121.440951,30.927949],[121.441213,30.926196],[121.441988,30.924511],[121.443246,30.922958],[121.444939,30.921597],[121.447002,30.92048],[121.449355,30.91965],[121.451909,30.919138],[121.454565,30.918966],[121.457221,30.919138],[121.459775,30.91965],[121.462128,30.92048],[121.464191,30.921597],[121.465884,30.922958],[121.467142,30.924511],[121.467917,30.926196],[121.468179,30.927949]]]}},{"type":"Feature","properties":{"zone_id":"sh:z:residential:res_jinshan_zhujing","name":"朱泾居住","zone_type":"residential","grade":"dense_mass","centroid_lng":121.16452,"centroid_lat":30.897909,"batch":"batch2","source":"public_name+schematic_aoi","labels":[],"color_token":"residential","fill":"#F5F0E8","stroke":"#C4B8A8","fill_opacity":0.5},"geometry":{"type":"Polygon","coordinates":[[[121.174989,30.897909],[121.174788,30.899311],[121.174192,30.900659],[121.173224,30.901902],[121.171923,30.902991],[121.170336,30.903884],[121.168526,30.904548],[121.166562,30.904957],[121.16452,30.905095],[121.162478,30.904957],[121.160514,30.904548],[121.158704,30.903884],[121.157117,30.902991],[121.155816,30.901902],[121.154848,30.900659],[121.154252,30.899311],[121.154051,30.897909],[121.154252,30.896507],[121.154848,30.895159],[121.155816,30.893916],[121.157117,30.892827],[121.158704,30.891934],[121.160514,30.89127],[121.162478,30.890861],[121.16452,30.890723],[121.166562,30.890861],[121.168526,30.89127],[121.170336,30.891934],[121.171923,30.892827],[121.173224,30.893916],[121.174192,30.895159],[121.174788,30.896507],[121.174989,30.897909]]]}},{"type":"Feature","properties":{"zone_id":"sh:z:residential:res_pudong_chuansha","name":"川沙居住","zone_type":"residential","grade":"dense_mass","centroid_lng":121.704339,"centroid_lat":31.197926,"batch":"batch2","source":"public_name+schematic_aoi","labels":[],"color_token":"residential","fill":"#F5F0E8","stroke":"#C4B8A8","fill_opacity":0.5},"geometry":{"type":"Polygon","coordinates":[[[121.716941,31.197926],[121.716699,31.199679],[121.715982,31.201364],[121.714817,31.202917],[121.71325,31.204278],[121.71134,31.205395],[121.709162,31.206225],[121.706798,31.206737],[121.704339,31.206909],[121.70188,31.206737],[121.699516,31.206225],[121.697338,31.205395],[121.695428,31.204278],[121.693861,31.202917],[121.692696,31.201364],[121.691979,31.199679],[121.691737,31.197926],[121.691979,31.196173],[121.692696,31.194488],[121.693861,31.192935],[121.695428,31.191574],[121.697338,31.190457],[121.699516,31.189627],[121.70188,31.189115],[121.704339,31.188943],[121.706798,31.189115],[121.709162,31.189627],[121.71134,31.190457],[121.71325,31.191574],[121.714817,31.192935],[121.715982,31.194488],[121.716699,31.196173],[121.716941,31.197926]]]}},{"type":"Feature","properties":{"zone_id":"sh:z:residential:res_hongkou_sichuan","name":"四川北路居住","zone_type":"residential","grade":"dense_mass","centroid_lng":121.489487,"centroid_lat":31.258039,"batch":"batch1","source":"public_name+schematic_aoi","labels":[],"color_token":"residential","fill":"#F5F0E8","stroke":"#C4B8A8","fill_opacity":0.5},"geometry":{"type":"Polygon","coordinates":[[[121.498945,31.258039],[121.498763,31.259441],[121.498225,31.260789],[121.497351,31.262032],[121.496175,31.263121],[121.494741,31.264014],[121.493106,31.264678],[121.491332,31.265087],[121.489487,31.265225],[121.487642,31.265087],[121.485868,31.264678],[121.484233,31.264014],[121.482799,31.263121],[121.481623,31.262032],[121.480749,31.260789],[121.480211,31.259441],[121.480029,31.258039],[121.480211,31.256637],[121.480749,31.255289],[121.481623,31.254046],[121.482799,31.252957],[121.484233,31.252064],[121.485868,31.2514],[121.487642,31.250991],[121.489487,31.250853],[121.491332,31.250991],[121.493106,31.2514],[121.494741,31.252064],[121.496175,31.252957],[121.497351,31.254046],[121.498225,31.255289],[121.498763,31.256637],[121.498945,31.258039]]]}},{"type":"Feature","properties":{"zone_id":"sh:z:residential:res_xuhui_caohejing_res","name":"漕河泾周边居住","zone_type":"residential","grade":"dense_mass","centroid_lng":121.404646,"centroid_lat":31.168135,"batch":"batch1","source":"public_name+schematic_aoi","labels":[],"color_token":"residential","fill":"#F5F0E8","stroke":"#C4B8A8","fill_opacity":0.5},"geometry":{"type":"Polygon","coordinates":[[[121.415145,31.168135],[121.414943,31.169537],[121.414345,31.170885],[121.413375,31.172128],[121.41207,31.173217],[121.410479,31.17411],[121.408664,31.174774],[121.406694,31.175183],[121.404646,31.175321],[121.402598,31.175183],[121.400628,31.174774],[121.398813,31.17411],[121.397222,31.173217],[121.395917,31.172128],[121.394947,31.170885],[121.394349,31.169537],[121.394147,31.168135],[121.394349,31.166733],[121.394947,31.165385],[121.395917,31.164142],[121.397222,31.163053],[121.398813,31.16216],[121.400628,31.161496],[121.402598,31.161087],[121.404646,31.160949],[121.406694,31.161087],[121.408664,31.161496],[121.410479,31.16216],[121.41207,31.163053],[121.413375,31.164142],[121.414345,31.165385],[121.414943,31.166733],[121.415145,31.168135]]]}},{"type":"Feature","properties":{"zone_id":"sh:z:residential:res_changning_tianshan","name":"天山居住","zone_type":"residential","grade":"dense_mass","centroid_lng":121.40465,"centroid_lat":31.208155,"batch":"batch1","source":"public_name+schematic_aoi","labels":[],"color_token":"residential","fill":"#F5F0E8","stroke":"#C4B8A8","fill_opacity":0.5},"geometry":{"type":"Polygon","coordinates":[[[121.415153,31.208155],[121.414951,31.209557],[121.414354,31.210905],[121.413383,31.212148],[121.412077,31.213237],[121.410485,31.21413],[121.408669,31.214794],[121.406699,31.215203],[121.40465,31.215341],[121.402601,31.215203],[121.400631,31.214794],[121.398815,31.21413],[121.397223,31.213237],[121.395917,31.212148],[121.394946,31.210905],[121.394349,31.209557],[121.394147,31.208155],[121.394349,31.206753],[121.394946,31.205405],[121.395917,31.204162],[121.397223,31.203073],[121.398815,31.20218],[121.400631,31.201516],[121.402601,31.201107],[121.40465,31.200969],[121.406699,31.201107],[121.408669,31.201516],[121.410485,31.20218],[121.412077,31.203073],[121.413383,31.204162],[121.414354,31.205405],[121.414951,31.206753],[121.415153,31.208155]]]}},{"type":"Feature","properties":{"zone_id":"sh:z:residential:res_yangpu_wujiaochang_res","name":"五角场周边居住","zone_type":"residential","grade":"dense_mass","centroid_lng":121.524367,"centroid_lat":31.307956,"batch":"batch1","source":"public_name+schematic_aoi","labels":[],"color_token":"residential","fill":"#F5F0E8","stroke":"#C4B8A8","fill_opacity":0.5},"geometry":{"type":"Polygon","coordinates":[[[121.535933,31.307956],[121.53571,31.309533],[121.535052,31.31105],[121.533983,31.312448],[121.532545,31.313673],[121.530792,31.314678],[121.528793,31.315425],[121.526623,31.315885],[121.524367,31.316041],[121.522111,31.315885],[121.519941,31.315425],[121.517942,31.314678],[121.516189,31.313673],[121.514751,31.312448],[121.513682,31.31105],[121.513024,31.309533],[121.512801,31.307956],[121.513024,31.306379],[121.513682,31.304862],[121.514751,31.303464],[121.516189,31.302239],[121.517942,31.301234],[121.519941,31.300487],[121.522111,31.300027],[121.524367,31.299871],[121.526623,31.300027],[121.528793,31.300487],[121.530792,31.301234],[121.532545,31.302239],[121.533983,31.303464],[121.535052,31.304862],[121.53571,31.306379],[121.535933,31.307956]]]}},{"type":"Feature","properties":{"zone_id":"sh:z:residential:res_pudong_zhangjiang_res","name":"张江居住","zone_type":"residential","grade":"dense_mass","centroid_lng":121.614199,"centroid_lat":31.187781,"batch":"batch2","source":"public_name+schematic_aoi","labels":[],"color_token":"residential","fill":"#F5F0E8","stroke":"#C4B8A8","fill_opacity":0.5},"geometry":{"type":"Polygon","coordinates":[[[121.6268,31.187781],[121.626558,31.189534],[121.625841,31.191219],[121.624676,31.192772],[121.623109,31.194133],[121.6212,31.19525],[121.619021,31.19608],[121.616657,31.196592],[121.614199,31.196764],[121.611741,31.196592],[121.609377,31.19608],[121.607198,31.19525],[121.605289,31.194133],[121.603722,31.192772],[121.602557,31.191219],[121.60184,31.189534],[121.601598,31.187781],[121.60184,31.186028],[121.602557,31.184343],[121.603722,31.18279],[121.605289,31.181429],[121.607198,31.180312],[121.609377,31.179482],[121.611741,31.17897],[121.614199,31.178798],[121.616657,31.17897],[121.619021,31.179482],[121.6212,31.180312],[121.623109,31.181429],[121.624676,31.18279],[121.625841,31.184343],[121.626558,31.186028],[121.6268,31.187781]]]}},{"type":"Feature","properties":{"zone_id":"sh:z:residential:res_jingan_west","name":"静安西部改善","zone_type":"residential","grade":"improve","centroid_lng":121.434631,"centroid_lat":31.228148,"batch":"batch1","source":"public_name+schematic_aoi","labels":[],"color_token":"residential","fill":"#F5F0E8","stroke":"#C4B8A8","fill_opacity":0.42},"geometry":{"type":"Polygon","coordinates":[[[121.443035,31.228148],[121.442874,31.229375],[121.442395,31.230554],[121.441619,31.231642],[121.440574,31.232594],[121.4393,31.233376],[121.437847,31.233958],[121.436271,31.234315],[121.434631,31.234436],[121.432991,31.234315],[121.431415,31.233958],[121.429962,31.233376],[121.428688,31.232594],[121.427643,31.231642],[121.426867,31.230554],[121.426388,31.229375],[121.426227,31.228148],[121.426388,31.226921],[121.426867,31.225742],[121.427643,31.224654],[121.428688,31.223702],[121.429962,31.22292],[121.431415,31.222338],[121.432991,31.221981],[121.434631,31.22186],[121.436271,31.221981],[121.437847,31.222338],[121.4393,31.22292],[121.440574,31.223702],[121.441619,31.224654],[121.442395,31.225742],[121.442874,31.226921],[121.443035,31.228148]]]}},{"type":"Feature","properties":{"zone_id":"sh:z:residential:res_xuhui_hengshan","name":"衡山路居住","zone_type":"residential","grade":"improve","centroid_lng":121.454589,"centroid_lat":31.1981,"batch":"batch1","source":"public_name+schematic_aoi","labels":[],"color_token":"residential","fill":"#F5F0E8","stroke":"#C4B8A8","fill_opacity":0.42},"geometry":{"type":"Polygon","coordinates":[[[121.46194,31.1981],[121.461799,31.199152],[121.461381,31.200163],[121.460701,31.201094],[121.459787,31.201911],[121.458673,31.202582],[121.457402,31.20308],[121.456023,31.203386],[121.454589,31.20349],[121.453155,31.203386],[121.451776,31.20308],[121.450505,31.202582],[121.449391,31.201911],[121.448477,31.201094],[121.447797,31.200163],[121.447379,31.199152],[121.447238,31.1981],[121.447379,31.197048],[121.447797,31.196037],[121.448477,31.195106],[121.449391,31.194289],[121.450505,31.193618],[121.451776,31.19312],[121.453155,31.192814],[121.454589,31.19271],[121.456023,31.192814],[121.457402,31.19312],[121.458673,31.193618],[121.459787,31.194289],[121.460701,31.195106],[121.461381,31.196037],[121.461799,31.197048],[121.46194,31.1981]]]}},{"type":"Feature","properties":{"zone_id":"sh:z:residential:res_pudong_lianyang","name":"联洋","zone_type":"residential","grade":"improve","centroid_lng":121.554269,"centroid_lat":31.227847,"batch":"batch1","source":"public_name+schematic_aoi","labels":[],"color_token":"residential","fill":"#F5F0E8","stroke":"#C4B8A8","fill_opacity":0.42},"geometry":{"type":"Polygon","coordinates":[[[121.563724,31.227847],[121.563542,31.229249],[121.563004,31.230597],[121.56213,31.23184],[121.560954,31.232929],[121.559522,31.233822],[121.557887,31.234486],[121.556114,31.234895],[121.554269,31.235033],[121.552424,31.234895],[121.550651,31.234486],[121.549016,31.233822],[121.547584,31.232929],[121.546408,31.23184],[121.545534,31.230597],[121.544996,31.229249],[121.544814,31.227847],[121.544996,31.226445],[121.545534,31.225097],[121.546408,31.223854],[121.547584,31.222765],[121.549016,31.221872],[121.550651,31.221208],[121.552424,31.220799],[121.554269,31.220661],[121.556114,31.220799],[121.557887,31.221208],[121.559522,31.221872],[121.560954,31.222765],[121.56213,31.223854],[121.563004,31.225097],[121.563542,31.226445],[121.563724,31.227847]]]}},{"type":"Feature","properties":{"zone_id":"sh:z:residential:res_changning_gubei","name":"古北","zone_type":"residential","grade":"improve","centroid_lng":121.404649,"centroid_lat":31.19815,"batch":"batch1","source":"public_name+schematic_aoi","labels":[],"color_token":"residential","fill":"#F5F0E8","stroke":"#C4B8A8","fill_opacity":0.42},"geometry":{"type":"Polygon","coordinates":[[[121.414101,31.19815],[121.413919,31.199464],[121.413381,31.200728],[121.412508,31.201893],[121.411332,31.202914],[121.4099,31.203752],[121.408266,31.204374],[121.406493,31.204758],[121.404649,31.204887],[121.402805,31.204758],[121.401032,31.204374],[121.399398,31.203752],[121.397966,31.202914],[121.39679,31.201893],[121.395917,31.200728],[121.395379,31.199464],[121.395197,31.19815],[121.395379,31.196836],[121.395917,31.195572],[121.39679,31.194407],[121.397966,31.193386],[121.399398,31.192548],[121.401032,31.191926],[121.402805,31.191542],[121.404649,31.191413],[121.406493,31.191542],[121.408266,31.191926],[121.4099,31.192548],[121.411332,31.193386],[121.412508,31.194407],[121.413381,31.195572],[121.413919,31.196836],[121.414101,31.19815]]]}},{"type":"Feature","properties":{"zone_id":"sh:z:residential:res_minhang_qibao_imp","name":"七宝改善","zone_type":"residential","grade":"improve","centroid_lng":121.364604,"centroid_lat":31.158095,"batch":"batch2","source":"public_name+schematic_aoi","labels":[],"color_token":"residential","fill":"#F5F0E8","stroke":"#C4B8A8","fill_opacity":0.42},"geometry":{"type":"Polygon","coordinates":[[[121.374052,31.158095],[121.37387,31.159322],[121.373333,31.160501],[121.372459,31.161589],[121.371285,31.162541],[121.369853,31.163323],[121.368219,31.163905],[121.366447,31.164262],[121.364604,31.164383],[121.362761,31.164262],[121.360989,31.163905],[121.359355,31.163323],[121.357923,31.162541],[121.356749,31.161589],[121.355875,31.160501],[121.355338,31.159322],[121.355156,31.158095],[121.355338,31.156868],[121.355875,31.155689],[121.356749,31.154601],[121.357923,31.153649],[121.359355,31.152867],[121.360989,31.152285],[121.362761,31.151928],[121.364604,31.151807],[121.366447,31.151928],[121.368219,31.152285],[121.369853,31.152867],[121.371285,31.153649],[121.372459,31.154601],[121.373333,31.155689],[121.37387,31.156868],[121.374052,31.158095]]]}},{"type":"Feature","properties":{"zone_id":"sh:z:residential:res_pudong_huamu_imp","name":"花木改善","zone_type":"residential","grade":"improve","centroid_lng":121.564244,"centroid_lat":31.207819,"batch":"batch1","source":"public_name+schematic_aoi","labels":[],"color_token":"residential","fill":"#F5F0E8","stroke":"#C4B8A8","fill_opacity":0.42},"geometry":{"type":"Polygon","coordinates":[[[121.572646,31.207819],[121.572485,31.209046],[121.572007,31.210225],[121.57123,31.211313],[121.570185,31.212265],[121.568912,31.213047],[121.567459,31.213629],[121.565883,31.213986],[121.564244,31.214107],[121.562605,31.213986],[121.561029,31.213629],[121.559576,31.213047],[121.558303,31.212265],[121.557258,31.211313],[121.556481,31.210225],[121.556003,31.209046],[121.555842,31.207819],[121.556003,31.206592],[121.556481,31.205413],[121.557258,31.204325],[121.558303,31.203373],[121.559576,31.202591],[121.561029,31.202009],[121.562605,31.201652],[121.564244,31.201531],[121.565883,31.201652],[121.567459,31.202009],[121.568912,31.202591],[121.570185,31.203373],[121.57123,31.204325],[121.572007,31.205413],[121.572485,31.206592],[121.572646,31.207819]]]}},{"type":"Feature","properties":{"zone_id":"sh:z:residential:res_yangpu_xinjiangwan","name":"新江湾城","zone_type":"residential","grade":"improve","centroid_lng":121.524368,"centroid_lat":31.327963,"batch":"batch2","source":"public_name+schematic_aoi","labels":[],"color_token":"residential","fill":"#F5F0E8","stroke":"#C4B8A8","fill_opacity":0.42},"geometry":{"type":"Polygon","coordinates":[[[121.534884,31.327963],[121.534682,31.32954],[121.534084,31.331057],[121.533112,31.332455],[121.531804,31.33368],[121.530211,31.334685],[121.528392,31.335432],[121.52642,31.335892],[121.524368,31.336048],[121.522316,31.335892],[121.520344,31.335432],[121.518525,31.334685],[121.516932,31.33368],[121.515624,31.332455],[121.514652,31.331057],[121.514054,31.32954],[121.513852,31.327963],[121.514054,31.326386],[121.514652,31.324869],[121.515624,31.323471],[121.516932,31.322246],[121.518525,31.321241],[121.520344,31.320494],[121.522316,31.320034],[121.524368,31.319878],[121.52642,31.320034],[121.528392,31.320494],[121.530211,31.321241],[121.531804,31.322246],[121.533112,31.323471],[121.534084,31.324869],[121.534682,31.326386],[121.534884,31.327963]]]}},{"type":"Feature","properties":{"zone_id":"sh:z:residential:res_qingpu_zhujiajiao_edge","name":"朱家角镇区居住","zone_type":"residential","grade":"improve","centroid_lng":121.054539,"centroid_lat":31.108048,"batch":"batch2","source":"public_name+schematic_aoi","labels":[],"color_token":"residential","fill":"#F5F0E8","stroke":"#C4B8A8","fill_opacity":0.42},"geometry":{"type":"Polygon","coordinates":[[[121.062933,31.108048],[121.062771,31.109275],[121.062294,31.110454],[121.061518,31.111542],[121.060474,31.112494],[121.059202,31.113276],[121.057751,31.113858],[121.056176,31.114215],[121.054539,31.114336],[121.052902,31.114215],[121.051327,31.113858],[121.049876,31.113276],[121.048604,31.112494],[121.04756,31.111542],[121.046784,31.110454],[121.046307,31.109275],[121.046145,31.108048],[121.046307,31.106821],[121.046784,31.105642],[121.04756,31.104554],[121.048604,31.103602],[121.049876,31.10282],[121.051327,31.102238],[121.052902,31.101881],[121.054539,31.10176],[121.056176,31.101881],[121.057751,31.102238],[121.059202,31.10282],[121.060474,31.103602],[121.061518,31.104554],[121.062294,31.105642],[121.062771,31.106821],[121.062933,31.108048]]]}},{"type":"Feature","properties":{"zone_id":"sh:z:residential:res_xuhui_french","name":"徐汇衡复风貌区","zone_type":"residential","grade":"premium_low","centroid_lng":121.459576,"centroid_lat":31.203092,"batch":"batch1","source":"public_name+schematic_aoi","labels":[],"color_token":"residential","fill":"#F5F0E8","stroke":"#C4B8A8","fill_opacity":0.38},"geometry":{"type":"Polygon","coordinates":[[[121.465877,31.203092],[121.465756,31.203968],[121.465398,31.204811],[121.464815,31.205587],[121.464032,31.206268],[121.463077,31.206827],[121.461987,31.207242],[121.460805,31.207497],[121.459576,31.207584],[121.458347,31.207497],[121.457165,31.207242],[121.456075,31.206827],[121.45512,31.206268],[121.454337,31.205587],[121.453754,31.204811],[121.453396,31.203968],[121.453275,31.203092],[121.453396,31.202216],[121.453754,31.201373],[121.454337,31.200597],[121.45512,31.199916],[121.456075,31.199357],[121.457165,31.198942],[121.458347,31.198687],[121.459576,31.1986],[121.460805,31.198687],[121.461987,31.198942],[121.463077,31.199357],[121.464032,31.199916],[121.464815,31.200597],[121.465398,31.201373],[121.465756,31.202216],[121.465877,31.203092]]]}},{"type":"Feature","properties":{"zone_id":"sh:z:residential:res_jingan_bubbling","name":"静安别墅带","zone_type":"residential","grade":"premium_low","centroid_lng":121.449602,"centroid_lat":31.223122,"batch":"batch1","source":"public_name+schematic_aoi","labels":[],"color_token":"residential","fill":"#F5F0E8","stroke":"#C4B8A8","fill_opacity":0.38},"geometry":{"type":"Polygon","coordinates":[[[121.454854,31.223122],[121.454753,31.223823],[121.454455,31.224497],[121.453969,31.225118],[121.453316,31.225663],[121.45252,31.22611],[121.451612,31.226442],[121.450627,31.226646],[121.449602,31.226715],[121.448577,31.226646],[121.447592,31.226442],[121.446684,31.22611],[121.445888,31.225663],[121.445235,31.225118],[121.444749,31.224497],[121.444451,31.223823],[121.44435,31.223122],[121.444451,31.222421],[121.444749,31.221747],[121.445235,31.221126],[121.445888,31.220581],[121.446684,31.220134],[121.447592,31.219802],[121.448577,31.219598],[121.449602,31.219529],[121.450627,31.219598],[121.451612,31.219802],[121.45252,31.220134],[121.453316,31.220581],[121.453969,31.221126],[121.454455,31.221747],[121.454753,31.222421],[121.454854,31.223122]]]}},{"type":"Feature","properties":{"zone_id":"sh:z:residential:res_pudong_lujiazui_apt","name":"陆家嘴滨江公寓","zone_type":"residential","grade":"premium_low","centroid_lng":121.514396,"centroid_lat":31.237956,"batch":"batch1","source":"public_name+schematic_aoi","labels":[],"color_token":"residential","fill":"#F5F0E8","stroke":"#C4B8A8","fill_opacity":0.38},"geometry":{"type":"Polygon","coordinates":[[[121.5215,31.239859],[121.521182,31.2405],[121.520603,31.241043],[121.519786,31.241467],[121.518762,31.241756],[121.517569,31.241899],[121.516255,31.241891],[121.51487,31.241731],[121.513466,31.241427],[121.512098,31.240989],[121.510818,31.240434],[121.509676,31.239784],[121.508715,31.239064],[121.507973,31.238302],[121.507477,31.237526],[121.507247,31.236766],[121.507292,31.236053],[121.50761,31.235412],[121.508189,31.234869],[121.509006,31.234445],[121.51003,31.234156],[121.511223,31.234013],[121.512537,31.234021],[121.513922,31.234181],[121.515326,31.234485],[121.516694,31.234923],[121.517974,31.235478],[121.519116,31.236128],[121.520077,31.236848],[121.520819,31.23761],[121.521315,31.238386],[121.521545,31.239146],[121.5215,31.239859]]]}},{"type":"Feature","properties":{"zone_id":"sh:z:residential:res_changning_hongqiao_villa","name":"虹桥别墅区","zone_type":"residential","grade":"premium_low","centroid_lng":121.384637,"centroid_lat":31.19814,"batch":"batch2","source":"public_name+schematic_aoi","labels":[],"color_token":"residential","fill":"#F5F0E8","stroke":"#C4B8A8","fill_opacity":0.38},"geometry":{"type":"Polygon","coordinates":[[[121.393039,31.19814],[121.392877,31.199192],[121.392399,31.200203],[121.391623,31.201134],[121.390578,31.201951],[121.389305,31.202622],[121.387852,31.20312],[121.386276,31.203426],[121.384637,31.20353],[121.382998,31.203426],[121.381422,31.20312],[121.379969,31.202622],[121.378696,31.201951],[121.377651,31.201134],[121.376875,31.200203],[121.376397,31.199192],[121.376235,31.19814],[121.376397,31.197088],[121.376875,31.196077],[121.377651,31.195146],[121.378696,31.194329],[121.379969,31.193658],[121.381422,31.19316],[121.382998,31.192854],[121.384637,31.19275],[121.386276,31.192854],[121.387852,31.19316],[121.389305,31.193658],[121.390578,31.194329],[121.391623,31.195146],[121.392399,31.196077],[121.392877,31.197088],[121.393039,31.19814]]]}},{"type":"Feature","properties":{"zone_id":"sh:z:residential:res_minhang_qibao_villa","name":"七宝/华漕低密","zone_type":"residential","grade":"premium_low","centroid_lng":121.334543,"centroid_lat":31.178052,"batch":"batch2","source":"public_name+schematic_aoi","labels":[],"color_token":"residential","fill":"#F5F0E8","stroke":"#C4B8A8","fill_opacity":0.38},"geometry":{"type":"Polygon","coordinates":[[[121.343993,31.178052],[121.343811,31.179279],[121.343273,31.180458],[121.3424,31.181546],[121.341225,31.182498],[121.339793,31.18328],[121.338159,31.183862],[121.336387,31.184219],[121.334543,31.18434],[121.332699,31.184219],[121.330927,31.183862],[121.329293,31.18328],[121.327861,31.182498],[121.326686,31.181546],[121.325813,31.180458],[121.325275,31.179279],[121.325093,31.178052],[121.325275,31.176825],[121.325813,31.175646],[121.326686,31.174558],[121.327861,31.173606],[121.329293,31.172824],[121.330927,31.172242],[121.332699,31.171885],[121.334543,31.171764],[121.336387,31.171885],[121.338159,31.172242],[121.339793,31.172824],[121.341225,31.173606],[121.3424,31.174558],[121.343273,31.175646],[121.343811,31.176825],[121.343993,31.178052]]]}},{"type":"Feature","properties":{"zone_id":"sh:z:residential:res_songjiang_sheshan","name":"佘山低密","zone_type":"residential","grade":"premium_low","centroid_lng":121.204459,"centroid_lat":31.097953,"batch":"batch2","source":"public_name+schematic_aoi","labels":["scenic_adj"],"color_token":"residential","fill":"#F5F0E8","stroke":"#C4B8A8","fill_opacity":0.38},"geometry":{"type":"Polygon","coordinates":[[[121.217048,31.097953],[121.216806,31.09953],[121.21609,31.101047],[121.214926,31.102445],[121.213361,31.10367],[121.211453,31.104675],[121.209277,31.105422],[121.206915,31.105882],[121.204459,31.106038],[121.202003,31.105882],[121.199641,31.105422],[121.197465,31.104675],[121.195557,31.10367],[121.193992,31.102445],[121.192828,31.101047],[121.192112,31.09953],[121.19187,31.097953],[121.192112,31.096376],[121.192828,31.094859],[121.193992,31.093461],[121.195557,31.092236],[121.197465,31.091231],[121.199641,31.090484],[121.202003,31.090024],[121.204459,31.089868],[121.206915,31.090024],[121.209277,31.090484],[121.211453,31.091231],[121.213361,31.092236],[121.214926,31.093461],[121.21609,31.094859],[121.216806,31.096376],[121.217048,31.097953]]]}},{"type":"Feature","properties":{"zone_id":"sh:z:office:office_lujiazui","name":"陆家嘴金融城","zone_type":"office","grade":null,"centroid_lng":121.509414,"centroid_lat":31.237971,"batch":"batch1","source":"public_name+schematic_aoi","labels":["cbd","finance"],"color_token":"office","fill":"#5EEAD4","stroke":"#0F766E","fill_opacity":0.4},"geometry":{"type":"Polygon","coordinates":[[[121.522022,31.237971],[121.521779,31.239724],[121.521062,31.241409],[121.519897,31.242962],[121.518329,31.244323],[121.516418,31.24544],[121.514239,31.24627],[121.511874,31.246782],[121.509414,31.246954],[121.506954,31.246782],[121.504589,31.24627],[121.50241,31.24544],[121.500499,31.244323],[121.498931,31.242962],[121.497766,31.241409],[121.497049,31.239724],[121.496806,31.237971],[121.497049,31.236218],[121.497766,31.234533],[121.498931,31.23298],[121.500499,31.231619],[121.50241,31.230502],[121.504589,31.229672],[121.506954,31.22916],[121.509414,31.228988],[121.511874,31.22916],[121.514239,31.229672],[121.516418,31.230502],[121.518329,31.231619],[121.519897,31.23298],[121.521062,31.234533],[121.521779,31.236218],[121.522022,31.237971]]]}},{"type":"Feature","properties":{"zone_id":"sh:z:office:office_people_sq","name":"人民广场办公","zone_type":"office","grade":null,"centroid_lng":121.479519,"centroid_lat":31.230055,"batch":"batch1","source":"public_name+schematic_aoi","labels":[],"color_token":"office","fill":"#5EEAD4","stroke":"#0F766E","fill_opacity":0.4},"geometry":{"type":"Polygon","coordinates":[[[121.486873,31.230055],[121.486731,31.231107],[121.486313,31.232118],[121.485633,31.233049],[121.484719,31.233866],[121.483605,31.234537],[121.482333,31.235035],[121.480954,31.235341],[121.479519,31.235445],[121.478084,31.235341],[121.476705,31.235035],[121.475433,31.234537],[121.474319,31.233866],[121.473405,31.233049],[121.472725,31.232118],[121.472307,31.231107],[121.472165,31.230055],[121.472307,31.229003],[121.472725,31.227992],[121.473405,31.227061],[121.474319,31.226244],[121.475433,31.225573],[121.476705,31.225075],[121.478084,31.224769],[121.479519,31.224665],[121.480954,31.224769],[121.482333,31.225075],[121.483605,31.225573],[121.484719,31.226244],[121.485633,31.227061],[121.486313,31.227992],[121.486731,31.229003],[121.486873,31.230055]]]}},{"type":"Feature","properties":{"zone_id":"sh:z:office:office_hongqiao_cbd","name":"虹桥商务区","zone_type":"office","grade":null,"centroid_lng":121.3145,"centroid_lat":31.198024,"batch":"batch1","source":"public_name+schematic_aoi","labels":["hub_adj"],"color_token":"office","fill":"#5EEAD4","stroke":"#0F766E","fill_opacity":0.4},"geometry":{"type":"Polygon","coordinates":[[[121.329203,31.198024],[121.32892,31.199952],[121.328083,31.201805],[121.326725,31.203514],[121.324896,31.205011],[121.322668,31.20624],[121.320126,31.207153],[121.317368,31.207716],[121.3145,31.207905],[121.311632,31.207716],[121.308874,31.207153],[121.306332,31.20624],[121.304104,31.205011],[121.302275,31.203514],[121.300917,31.201805],[121.30008,31.199952],[121.299797,31.198024],[121.30008,31.196096],[121.300917,31.194243],[121.302275,31.192534],[121.304104,31.191037],[121.306332,31.189808],[121.308874,31.188895],[121.311632,31.188332],[121.3145,31.188143],[121.317368,31.188332],[121.320126,31.188895],[121.322668,31.189808],[121.324896,31.191037],[121.326725,31.192534],[121.328083,31.194243],[121.32892,31.196096],[121.329203,31.198024]]]}},{"type":"Feature","properties":{"zone_id":"sh:z:office:office_zhangjiang","name":"张江科学城","zone_type":"office","grade":null,"centroid_lng":121.604198,"centroid_lat":31.197783,"batch":"batch1","source":"public_name+schematic_aoi","labels":["tech"],"color_token":"office","fill":"#5EEAD4","stroke":"#0F766E","fill_opacity":0.4},"geometry":{"type":"Polygon","coordinates":[[[121.623101,31.197783],[121.622738,31.200412],[121.621662,31.20294],[121.619916,31.205269],[121.617565,31.207311],[121.6147,31.208987],[121.611432,31.210232],[121.607886,31.210999],[121.604198,31.211258],[121.60051,31.210999],[121.596964,31.210232],[121.593696,31.208987],[121.590831,31.207311],[121.58848,31.205269],[121.586734,31.20294],[121.585658,31.200412],[121.585295,31.197783],[121.585658,31.195154],[121.586734,31.192626],[121.58848,31.190297],[121.590831,31.188255],[121.593696,31.186579],[121.596964,31.185334],[121.60051,31.184567],[121.604198,31.184308],[121.607886,31.184567],[121.611432,31.185334],[121.6147,31.186579],[121.617565,31.188255],[121.619916,31.190297],[121.621662,31.192626],[121.622738,31.195154],[121.623101,31.197783]]]}},{"type":"Feature","properties":{"zone_id":"sh:z:office:office_caohejing","name":"漕河泾开发区","zone_type":"office","grade":null,"centroid_lng":121.404646,"centroid_lat":31.168135,"batch":"batch1","source":"public_name+schematic_aoi","labels":["tech"],"color_token":"office","fill":"#5EEAD4","stroke":"#0F766E","fill_opacity":0.4},"geometry":{"type":"Polygon","coordinates":[[[121.419344,31.168135],[121.419062,31.170063],[121.418225,31.171916],[121.416867,31.173625],[121.415039,31.175122],[121.412812,31.176351],[121.410271,31.177264],[121.407513,31.177827],[121.404646,31.178016],[121.401779,31.177827],[121.399021,31.177264],[121.39648,31.176351],[121.394253,31.175122],[121.392425,31.173625],[121.391067,31.171916],[121.39023,31.170063],[121.389948,31.168135],[121.39023,31.166207],[121.391067,31.164354],[121.392425,31.162645],[121.394253,31.161148],[121.39648,31.159919],[121.399021,31.159006],[121.401779,31.158443],[121.404646,31.158254],[121.407513,31.158443],[121.410271,31.159006],[121.412812,31.159919],[121.415039,31.161148],[121.416867,31.162645],[121.418225,31.164354],[121.419062,31.166207],[121.419344,31.168135]]]}},{"type":"Feature","properties":{"zone_id":"sh:z:office:office_xujiahui","name":"徐家汇办公","zone_type":"office","grade":null,"centroid_lng":121.441616,"centroid_lat":31.188119,"batch":"batch1","source":"public_name+schematic_aoi","labels":[],"color_token":"office","fill":"#5EEAD4","stroke":"#0F766E","fill_opacity":0.4},"geometry":{"type":"Polygon","coordinates":[[[121.448967,31.188119],[121.448825,31.189171],[121.448407,31.190182],[121.447728,31.191113],[121.446814,31.19193],[121.4457,31.192601],[121.444429,31.193099],[121.44305,31.193405],[121.441616,31.193509],[121.440182,31.193405],[121.438803,31.193099],[121.437532,31.192601],[121.436418,31.19193],[121.435504,31.191113],[121.434825,31.190182],[121.434407,31.189171],[121.434265,31.188119],[121.434407,31.187067],[121.434825,31.186056],[121.435504,31.185125],[121.436418,31.184308],[121.437532,31.183637],[121.438803,31.183139],[121.440182,31.182833],[121.441616,31.182729],[121.44305,31.182833],[121.444429,31.183139],[121.4457,31.183637],[121.446814,31.184308],[121.447728,31.185125],[121.448407,31.186056],[121.448825,31.187067],[121.448967,31.188119]]]}},{"type":"Feature","properties":{"zone_id":"sh:z:office:office_north_bund","name":"北外滩","zone_type":"office","grade":null,"centroid_lng":121.504433,"centroid_lat":31.24799,"batch":"batch1","source":"public_name+schematic_aoi","labels":[],"color_token":"office","fill":"#5EEAD4","stroke":"#0F766E","fill_opacity":0.4},"geometry":{"type":"Polygon","coordinates":[[[121.51389,31.24799],[121.513708,31.249042],[121.51317,31.250053],[121.512296,31.250984],[121.51112,31.251801],[121.509687,31.252472],[121.508052,31.25297],[121.506278,31.253276],[121.504433,31.25338],[121.502588,31.253276],[121.500814,31.25297],[121.499179,31.252472],[121.497746,31.251801],[121.49657,31.250984],[121.495696,31.250053],[121.495158,31.249042],[121.494976,31.24799],[121.495158,31.246938],[121.495696,31.245927],[121.49657,31.244996],[121.497746,31.244179],[121.499179,31.243508],[121.500814,31.24301],[121.502588,31.242704],[121.504433,31.2426],[121.506278,31.242704],[121.508052,31.24301],[121.509687,31.243508],[121.51112,31.244179],[121.512296,31.244996],[121.51317,31.245927],[121.513708,31.246938],[121.51389,31.24799]]]}},{"type":"Feature","properties":{"zone_id":"sh:z:office:office_qiantan","name":"前滩","zone_type":"office","grade":null,"centroid_lng":121.479512,"centroid_lat":31.153017,"batch":"batch1","source":"public_name+schematic_aoi","labels":[],"color_token":"office","fill":"#5EEAD4","stroke":"#0F766E","fill_opacity":0.4},"geometry":{"type":"Polygon","coordinates":[[[121.490009,31.153017],[121.489807,31.154419],[121.48921,31.155767],[121.48824,31.15701],[121.486934,31.158099],[121.485344,31.158992],[121.483529,31.159656],[121.48156,31.160065],[121.479512,31.160203],[121.477464,31.160065],[121.475495,31.159656],[121.47368,31.158992],[121.47209,31.158099],[121.470784,31.15701],[121.469814,31.155767],[121.469217,31.154419],[121.469015,31.153017],[121.469217,31.151615],[121.469814,31.150267],[121.470784,31.149024],[121.47209,31.147935],[121.47368,31.147042],[121.475495,31.146378],[121.477464,31.145969],[121.479512,31.145831],[121.48156,31.145969],[121.483529,31.146378],[121.485344,31.147042],[121.486934,31.147935],[121.48824,31.149024],[121.48921,31.150267],[121.489807,31.151615],[121.490009,31.153017]]]}},{"type":"Feature","properties":{"zone_id":"sh:z:office:office_new_jiangwan","name":"新江湾城办公","zone_type":"office","grade":null,"centroid_lng":121.519385,"centroid_lat":31.322976,"batch":"batch2","source":"public_name+schematic_aoi","labels":[],"color_token":"office","fill":"#5EEAD4","stroke":"#0F766E","fill_opacity":0.4},"geometry":{"type":"Polygon","coordinates":[[[121.527798,31.322976],[121.527636,31.324028],[121.527157,31.325039],[121.52638,31.32597],[121.525334,31.326787],[121.524059,31.327458],[121.522604,31.327956],[121.521026,31.328262],[121.519385,31.328366],[121.517744,31.328262],[121.516166,31.327956],[121.514711,31.327458],[121.513436,31.326787],[121.51239,31.32597],[121.511613,31.325039],[121.511134,31.324028],[121.510972,31.322976],[121.511134,31.321924],[121.511613,31.320913],[121.51239,31.319982],[121.513436,31.319165],[121.514711,31.318494],[121.516166,31.317996],[121.517744,31.31769],[121.519385,31.317586],[121.521026,31.31769],[121.522604,31.317996],[121.524059,31.318494],[121.525334,31.319165],[121.52638,31.319982],[121.527157,31.320913],[121.527636,31.321924],[121.527798,31.322976]]]}},{"type":"Feature","properties":{"zone_id":"sh:z:office:office_jinqiao","name":"金桥出口加工区办公","zone_type":"office","grade":null,"centroid_lng":121.624211,"centroid_lat":31.257821,"batch":"batch2","source":"public_name+schematic_aoi","labels":[],"color_token":"office","fill":"#5EEAD4","stroke":"#0F766E","fill_opacity":0.4},"geometry":{"type":"Polygon","coordinates":[[[121.636821,31.257821],[121.636579,31.259574],[121.635861,31.261259],[121.634696,31.262812],[121.633128,31.264173],[121.631217,31.26529],[121.629037,31.26612],[121.626671,31.266632],[121.624211,31.266804],[121.621751,31.266632],[121.619385,31.26612],[121.617205,31.26529],[121.615294,31.264173],[121.613726,31.262812],[121.612561,31.261259],[121.611843,31.259574],[121.611601,31.257821],[121.611843,31.256068],[121.612561,31.254383],[121.613726,31.25283],[121.615294,31.251469],[121.617205,31.250352],[121.619385,31.249522],[121.621751,31.24901],[121.624211,31.248838],[121.626671,31.24901],[121.629037,31.249522],[121.631217,31.250352],[121.633128,31.251469],[121.634696,31.25283],[121.635861,31.254383],[121.636579,31.256068],[121.636821,31.257821]]]}},{"type":"Feature","properties":{"zone_id":"sh:z:office:office_lingang","name":"临港新片区办公","zone_type":"office","grade":null,"centroid_lng":121.914078,"centroid_lat":30.887614,"batch":"batch1","source":"public_name+schematic_aoi","labels":["lingang"],"color_token":"office","fill":"#5EEAD4","stroke":"#0F766E","fill_opacity":0.4},"geometry":{"type":"Polygon","coordinates":[[[121.92978,30.887614],[121.929478,30.889717],[121.928584,30.891739],[121.927133,30.893603],[121.925181,30.895236],[121.922801,30.896577],[121.920087,30.897573],[121.917141,30.898187],[121.914078,30.898394],[121.911015,30.898187],[121.908069,30.897573],[121.905355,30.896577],[121.902975,30.895236],[121.901023,30.893603],[121.899572,30.891739],[121.898678,30.889717],[121.898376,30.887614],[121.898678,30.885511],[121.899572,30.883489],[121.901023,30.881625],[121.902975,30.879992],[121.905355,30.878651],[121.908069,30.877655],[121.911015,30.877041],[121.914078,30.876834],[121.917141,30.877041],[121.920087,30.877655],[121.922801,30.878651],[121.925181,30.879992],[121.927133,30.881625],[121.928584,30.883489],[121.929478,30.885511],[121.92978,30.887614]]]}},{"type":"Feature","properties":{"zone_id":"sh:z:office:office_suzhou_creek","name":"苏河湾","zone_type":"office","grade":null,"centroid_lng":121.474536,"centroid_lat":31.243074,"batch":"batch1","source":"public_name+schematic_aoi","labels":[],"color_token":"office","fill":"#5EEAD4","stroke":"#0F766E","fill_opacity":0.4},"geometry":{"type":"Polygon","coordinates":[[[121.481891,31.243074],[121.481749,31.243863],[121.481331,31.244621],[121.480651,31.24532],[121.479737,31.245932],[121.478622,31.246435],[121.477351,31.246809],[121.475971,31.247039],[121.474536,31.247116],[121.473101,31.247039],[121.471721,31.246809],[121.47045,31.246435],[121.469335,31.245932],[121.468421,31.24532],[121.467741,31.244621],[121.467323,31.243863],[121.467181,31.243074],[121.467323,31.242285],[121.467741,31.241527],[121.468421,31.240828],[121.469335,31.240216],[121.47045,31.239713],[121.471721,31.239339],[121.473101,31.239109],[121.474536,31.239032],[121.475971,31.239109],[121.477351,31.239339],[121.478622,31.239713],[121.479737,31.240216],[121.480651,31.240828],[121.481331,31.241527],[121.481749,31.242285],[121.481891,31.243074]]]}},{"type":"Feature","properties":{"zone_id":"sh:z:office:office_wujiaochang","name":"创智天地","zone_type":"office","grade":null,"centroid_lng":121.514401,"centroid_lat":31.297981,"batch":"batch1","source":"public_name+schematic_aoi","labels":[],"color_token":"office","fill":"#5EEAD4","stroke":"#0F766E","fill_opacity":0.4},"geometry":{"type":"Polygon","coordinates":[[[121.52176,31.297981],[121.521619,31.298945],[121.5212,31.299872],[121.52052,31.300726],[121.519605,31.301475],[121.518489,31.302089],[121.517217,31.302546],[121.515837,31.302827],[121.514401,31.302922],[121.512965,31.302827],[121.511585,31.302546],[121.510313,31.302089],[121.509197,31.301475],[121.508282,31.300726],[121.507602,31.299872],[121.507183,31.298945],[121.507042,31.297981],[121.507183,31.297017],[121.507602,31.29609],[121.508282,31.295236],[121.509197,31.294487],[121.510313,31.293873],[121.511585,31.293416],[121.512965,31.293135],[121.514401,31.29304],[121.515837,31.293135],[121.517217,31.293416],[121.518489,31.293873],[121.519605,31.294487],[121.52052,31.295236],[121.5212,31.29609],[121.521619,31.297017],[121.52176,31.297981]]]}},{"type":"Feature","properties":{"zone_id":"sh:z:office:office_minhang_zizhu","name":"紫竹高新区","zone_type":"office","grade":null,"centroid_lng":121.434613,"centroid_lat":31.028041,"batch":"batch2","source":"public_name+schematic_aoi","labels":[],"color_token":"office","fill":"#5EEAD4","stroke":"#0F766E","fill_opacity":0.4},"geometry":{"type":"Polygon","coordinates":[[[121.447193,31.028041],[121.446951,31.029794],[121.446235,31.031479],[121.445073,31.033032],[121.443508,31.034393],[121.441602,31.03551],[121.439427,31.03634],[121.437067,31.036852],[121.434613,31.037024],[121.432159,31.036852],[121.429799,31.03634],[121.427624,31.03551],[121.425718,31.034393],[121.424153,31.033032],[121.422991,31.031479],[121.422275,31.029794],[121.422033,31.028041],[121.422275,31.026288],[121.422991,31.024603],[121.424153,31.02305],[121.425718,31.021689],[121.427624,31.020572],[121.429799,31.019742],[121.432159,31.01923],[121.434613,31.019058],[121.437067,31.01923],[121.439427,31.019742],[121.441602,31.020572],[121.443508,31.021689],[121.445073,31.02305],[121.446235,31.024603],[121.446951,31.026288],[121.447193,31.028041]]]}},{"type":"Feature","properties":{"zone_id":"sh:z:office:office_jiading_auto","name":"嘉定汽车城研发","zone_type":"office","grade":null,"centroid_lng":121.184513,"centroid_lat":31.298085,"batch":"batch2","source":"public_name+schematic_aoi","labels":[],"color_token":"office","fill":"#5EEAD4","stroke":"#0F766E","fill_opacity":0.4},"geometry":{"type":"Polygon","coordinates":[[[121.196077,31.298085],[121.195855,31.299662],[121.195197,31.301179],[121.194128,31.302577],[121.19269,31.303802],[121.190938,31.304807],[121.188938,31.305554],[121.186769,31.306014],[121.184513,31.30617],[121.182257,31.306014],[121.180088,31.305554],[121.178088,31.304807],[121.176336,31.303802],[121.174898,31.302577],[121.173829,31.301179],[121.173171,31.299662],[121.172949,31.298085],[121.173171,31.296508],[121.173829,31.294991],[121.174898,31.293593],[121.176336,31.292368],[121.178088,31.291363],[121.180088,31.290616],[121.182257,31.290156],[121.184513,31.29],[121.186769,31.290156],[121.188938,31.290616],[121.190938,31.291363],[121.19269,31.292368],[121.194128,31.293593],[121.195197,31.294991],[121.195855,31.296508],[121.196077,31.298085]]]}},{"type":"Feature","properties":{"zone_id":"sh:z:industrial:ind_baoshan_steel","name":"宝山工业带","zone_type":"industrial","grade":null,"centroid_lng":121.494482,"centroid_lat":31.398075,"batch":"batch1","source":"public_name+schematic_aoi","labels":[],"color_token":"industrial","fill":"#93C5FD","stroke":"#3B82F6","fill_opacity":0.4},"geometry":{"type":"Polygon","coordinates":[[[121.517635,31.398075],[121.51719,31.400879],[121.515873,31.403575],[121.513733,31.40606],[121.510854,31.408238],[121.507345,31.410026],[121.503342,31.411354],[121.498999,31.412172],[121.494482,31.412448],[121.489965,31.412172],[121.485622,31.411354],[121.481619,31.410026],[121.47811,31.408238],[121.475231,31.40606],[121.473091,31.403575],[121.471774,31.400879],[121.471329,31.398075],[121.471774,31.395271],[121.473091,31.392575],[121.475231,31.39009],[121.47811,31.387912],[121.481619,31.386124],[121.485622,31.384796],[121.489965,31.383978],[121.494482,31.383702],[121.498999,31.383978],[121.503342,31.384796],[121.507345,31.386124],[121.510854,31.387912],[121.513733,31.39009],[121.515873,31.392575],[121.51719,31.395271],[121.517635,31.398075]]]}},{"type":"Feature","properties":{"zone_id":"sh:z:industrial:ind_jinshan_chem","name":"金山石化周边","zone_type":"industrial","grade":null,"centroid_lng":121.344526,"centroid_lat":30.717812,"batch":"batch2","source":"public_name+schematic_aoi","labels":[],"color_token":"industrial","fill":"#93C5FD","stroke":"#3B82F6","fill_opacity":0.4},"geometry":{"type":"Polygon","coordinates":[[[121.365424,30.717812],[121.365023,30.720441],[121.363834,30.722969],[121.361902,30.725298],[121.359303,30.72734],[121.356137,30.729016],[121.352523,30.730261],[121.348603,30.731028],[121.344526,30.731287],[121.340449,30.731028],[121.336529,30.730261],[121.332915,30.729016],[121.329749,30.72734],[121.32715,30.725298],[121.325218,30.722969],[121.324029,30.720441],[121.323628,30.717812],[121.324029,30.715183],[121.325218,30.712655],[121.32715,30.710326],[121.329749,30.708284],[121.332915,30.706608],[121.336529,30.705363],[121.340449,30.704596],[121.344526,30.704337],[121.348603,30.704596],[121.352523,30.705363],[121.356137,30.706608],[121.359303,30.708284],[121.361902,30.710326],[121.363834,30.712655],[121.365023,30.715183],[121.365424,30.717812]]]}},{"type":"Feature","properties":{"zone_id":"sh:z:industrial:ind_waigaoqiao","name":"外高桥保税区","zone_type":"industrial","grade":null,"centroid_lng":121.604211,"centroid_lat":31.347846,"batch":"batch1","source":"public_name+schematic_aoi","labels":["port"],"color_token":"industrial","fill":"#93C5FD","stroke":"#3B82F6","fill_opacity":0.4},"geometry":{"type":"Polygon","coordinates":[[[121.623144,31.347846],[121.622781,31.3503],[121.621703,31.352659],[121.619954,31.354833],[121.617599,31.356739],[121.61473,31.358303],[121.611457,31.359465],[121.607905,31.360181],[121.604211,31.360422],[121.600517,31.360181],[121.596965,31.359465],[121.593692,31.358303],[121.590823,31.356739],[121.588468,31.354833],[121.586719,31.352659],[121.585641,31.3503],[121.585278,31.347846],[121.585641,31.345392],[121.586719,31.343033],[121.588468,31.340859],[121.590823,31.338953],[121.593692,31.337389],[121.596965,31.336227],[121.600517,31.335511],[121.604211,31.33527],[121.607905,31.335511],[121.611457,31.336227],[121.61473,31.337389],[121.617599,31.338953],[121.619954,31.340859],[121.621703,31.343033],[121.622781,31.345392],[121.623144,31.347846]]]}},{"type":"Feature","properties":{"zone_id":"sh:z:industrial:ind_lingang_equip","name":"临港装备产业区","zone_type":"industrial","grade":null,"centroid_lng":121.954119,"centroid_lat":30.877658,"batch":"batch1","source":"public_name+schematic_aoi","labels":["lingang"],"color_token":"industrial","fill":"#93C5FD","stroke":"#3B82F6","fill_opacity":0.4},"geometry":{"type":"Polygon","coordinates":[[[121.975052,30.877658],[121.97465,30.880462],[121.973459,30.883158],[121.971524,30.885643],[121.968921,30.887821],[121.965749,30.889609],[121.96213,30.890937],[121.958203,30.891755],[121.954119,30.892031],[121.950035,30.891755],[121.946108,30.890937],[121.942489,30.889609],[121.939317,30.887821],[121.936714,30.885643],[121.934779,30.883158],[121.933588,30.880462],[121.933186,30.877658],[121.933588,30.874854],[121.934779,30.872158],[121.936714,30.869673],[121.939317,30.867495],[121.942489,30.865707],[121.946108,30.864379],[121.950035,30.863561],[121.954119,30.863285],[121.958203,30.863561],[121.96213,30.864379],[121.965749,30.865707],[121.968921,30.867495],[121.971524,30.869673],[121.973459,30.872158],[121.97465,30.874854],[121.975052,30.877658]]]}},{"type":"Feature","properties":{"zone_id":"sh:z:industrial:ind_jiading_auto","name":"安亭汽车产业","zone_type":"industrial","grade":null,"centroid_lng":121.164553,"centroid_lat":31.288119,"batch":"batch2","source":"public_name+schematic_aoi","labels":[],"color_token":"industrial","fill":"#93C5FD","stroke":"#3B82F6","fill_opacity":0.4},"geometry":{"type":"Polygon","coordinates":[[[121.181372,31.288119],[121.181049,31.290222],[121.180092,31.292244],[121.178538,31.294108],[121.176446,31.295741],[121.173897,31.297082],[121.170989,31.298078],[121.167834,31.298692],[121.164553,31.298899],[121.161272,31.298692],[121.158117,31.298078],[121.155209,31.297082],[121.15266,31.295741],[121.150568,31.294108],[121.149014,31.292244],[121.148057,31.290222],[121.147734,31.288119],[121.148057,31.286016],[121.149014,31.283994],[121.150568,31.28213],[121.15266,31.280497],[121.155209,31.279156],[121.158117,31.27816],[121.161272,31.277546],[121.164553,31.277339],[121.167834,31.277546],[121.170989,31.27816],[121.173897,31.279156],[121.176446,31.280497],[121.178538,31.28213],[121.180092,31.283994],[121.181049,31.286016],[121.181372,31.288119]]]}},{"type":"Feature","properties":{"zone_id":"sh:z:industrial:ind_qingpu_ind","name":"青浦工业园区","zone_type":"industrial","grade":null,"centroid_lng":121.124602,"centroid_lat":31.148111,"batch":"batch2","source":"public_name+schematic_aoi","labels":[],"color_token":"industrial","fill":"#93C5FD","stroke":"#3B82F6","fill_opacity":0.4},"geometry":{"type":"Polygon","coordinates":[[[121.140347,31.148111],[121.140044,31.150214],[121.139148,31.152236],[121.137693,31.1541],[121.135735,31.155733],[121.133349,31.157074],[121.130627,31.15807],[121.127674,31.158684],[121.124602,31.158891],[121.12153,31.158684],[121.118577,31.15807],[121.115855,31.157074],[121.113469,31.155733],[121.111511,31.1541],[121.110056,31.152236],[121.10916,31.150214],[121.108857,31.148111],[121.10916,31.146008],[121.110056,31.143986],[121.111511,31.142122],[121.113469,31.140489],[121.115855,31.139148],[121.118577,31.138152],[121.12153,31.137538],[121.124602,31.137331],[121.127674,31.137538],[121.130627,31.138152],[121.133349,31.139148],[121.135735,31.140489],[121.137693,31.142122],[121.139148,31.143986],[121.140044,31.146008],[121.140347,31.148111]]]}},{"type":"Feature","properties":{"zone_id":"sh:z:industrial:ind_songjiang_ind","name":"松江工业区","zone_type":"industrial","grade":null,"centroid_lng":121.254406,"centroid_lat":30.997853,"batch":"batch2","source":"public_name+schematic_aoi","labels":[],"color_token":"industrial","fill":"#93C5FD","stroke":"#3B82F6","fill_opacity":0.4},"geometry":{"type":"Polygon","coordinates":[[[121.271174,30.997853],[121.270851,31.000131],[121.269897,31.002322],[121.268348,31.004341],[121.266262,31.006111],[121.263722,31.007563],[121.260823,31.008642],[121.257677,31.009307],[121.254406,31.009531],[121.251135,31.009307],[121.247989,31.008642],[121.24509,31.007563],[121.24255,31.006111],[121.240464,31.004341],[121.238915,31.002322],[121.237961,31.000131],[121.237638,30.997853],[121.237961,30.995575],[121.238915,30.993384],[121.240464,30.991365],[121.24255,30.989595],[121.24509,30.988143],[121.247989,30.987064],[121.251135,30.986399],[121.254406,30.986175],[121.257677,30.986399],[121.260823,30.987064],[121.263722,30.988143],[121.266262,30.989595],[121.268348,30.991365],[121.269897,30.993384],[121.270851,30.995575],[121.271174,30.997853]]]}},{"type":"Feature","properties":{"zone_id":"sh:z:industrial:ind_fengxian_ind","name":"奉贤工业综合开发区","zone_type":"industrial","grade":null,"centroid_lng":121.524331,"centroid_lat":30.877727,"batch":"batch2","source":"public_name+schematic_aoi","labels":[],"color_token":"industrial","fill":"#93C5FD","stroke":"#3B82F6","fill_opacity":0.4},"geometry":{"type":"Polygon","coordinates":[[[121.542124,30.877727],[121.541782,30.880181],[121.54077,30.88254],[121.539126,30.884714],[121.536913,30.88662],[121.534216,30.888184],[121.53114,30.889346],[121.527802,30.890062],[121.524331,30.890303],[121.52086,30.890062],[121.517522,30.889346],[121.514446,30.888184],[121.511749,30.88662],[121.509536,30.884714],[121.507892,30.88254],[121.50688,30.880181],[121.506538,30.877727],[121.50688,30.875273],[121.507892,30.872914],[121.509536,30.87074],[121.511749,30.868834],[121.514446,30.86727],[121.517522,30.866108],[121.52086,30.865392],[121.524331,30.865151],[121.527802,30.865392],[121.53114,30.866108],[121.534216,30.86727],[121.536913,30.868834],[121.539126,30.87074],[121.54077,30.872914],[121.541782,30.875273],[121.542124,30.877727]]]}},{"type":"Feature","properties":{"zone_id":"sh:z:industrial:ind_pudong_kangqiao","name":"康桥工业区","zone_type":"industrial","grade":null,"centroid_lng":121.60419,"centroid_lat":31.097731,"batch":"batch2","source":"public_name+schematic_aoi","labels":[],"color_token":"industrial","fill":"#93C5FD","stroke":"#3B82F6","fill_opacity":0.4},"geometry":{"type":"Polygon","coordinates":[[[121.618877,31.097731],[121.618595,31.099659],[121.617759,31.101512],[121.616402,31.103221],[121.614575,31.104718],[121.61235,31.105947],[121.60981,31.10686],[121.607055,31.107423],[121.60419,31.107612],[121.601325,31.107423],[121.59857,31.10686],[121.59603,31.105947],[121.593805,31.104718],[121.591978,31.103221],[121.590621,31.101512],[121.589785,31.099659],[121.589503,31.097731],[121.589785,31.095803],[121.590621,31.09395],[121.591978,31.092241],[121.593805,31.090744],[121.59603,31.089515],[121.59857,31.088602],[121.601325,31.088039],[121.60419,31.08785],[121.607055,31.088039],[121.60981,31.088602],[121.61235,31.089515],[121.614575,31.090744],[121.616402,31.092241],[121.617759,31.09395],[121.618595,31.095803],[121.618877,31.097731]]]}},{"type":"Feature","properties":{"zone_id":"sh:z:industrial:ind_minhang_dev","name":"闵行经济技术开发区","zone_type":"industrial","grade":null,"centroid_lng":121.384624,"centroid_lat":31.048059,"batch":"batch2","source":"public_name+schematic_aoi","labels":[],"color_token":"industrial","fill":"#93C5FD","stroke":"#3B82F6","fill_opacity":0.4},"geometry":{"type":"Polygon","coordinates":[[[121.400352,31.048059],[121.40005,31.050162],[121.399155,31.052184],[121.397701,31.054048],[121.395745,31.055681],[121.393362,31.057022],[121.390643,31.058018],[121.387692,31.058632],[121.384624,31.058839],[121.381556,31.058632],[121.378605,31.058018],[121.375886,31.057022],[121.373503,31.055681],[121.371547,31.054048],[121.370093,31.052184],[121.369198,31.050162],[121.368896,31.048059],[121.369198,31.045956],[121.370093,31.043934],[121.371547,31.04207],[121.373503,31.040437],[121.375886,31.039096],[121.378605,31.0381],[121.381556,31.037486],[121.384624,31.037279],[121.387692,31.037486],[121.390643,31.0381],[121.393362,31.039096],[121.395745,31.040437],[121.397701,31.04207],[121.399155,31.043934],[121.40005,31.045956],[121.400352,31.048059]]]}},{"type":"Feature","properties":{"zone_id":"sh:z:hub:hub_hongqiao","name":"虹桥综合交通枢纽","zone_type":"hub","grade":null,"centroid_lng":121.31951,"centroid_lat":31.192031,"batch":"batch1","source":"public_name+schematic_aoi","labels":["airport","rail"],"color_token":"hub","fill":"#FBBF24","stroke":"#D97706","fill_opacity":0.42},"geometry":{"type":"Polygon","coordinates":[[[121.336312,31.192031],[121.335989,31.194134],[121.335033,31.196156],[121.33348,31.19802],[121.331391,31.199653],[121.328845,31.200994],[121.32594,31.20199],[121.322788,31.202604],[121.31951,31.202811],[121.316232,31.202604],[121.31308,31.20199],[121.310175,31.200994],[121.307629,31.199653],[121.30554,31.19802],[121.303987,31.196156],[121.303031,31.194134],[121.302708,31.192031],[121.303031,31.189928],[121.303987,31.187906],[121.30554,31.186042],[121.307629,31.184409],[121.310175,31.183068],[121.31308,31.182072],[121.316232,31.181458],[121.31951,31.181251],[121.322788,31.181458],[121.32594,31.182072],[121.328845,31.183068],[121.331391,31.184409],[121.33348,31.186042],[121.335033,31.187906],[121.335989,31.189928],[121.336312,31.192031]]]}},{"type":"Feature","properties":{"zone_id":"sh:z:hub:hub_pudong_airport","name":"浦东国际机场","zone_type":"hub","grade":null,"centroid_lng":121.804301,"centroid_lat":31.137897,"batch":"batch1","source":"public_name+schematic_aoi","labels":["airport"],"color_token":"hub","fill":"#FBBF24","stroke":"#D97706","fill_opacity":0.42},"geometry":{"type":"Polygon","coordinates":[[[121.82739,31.137897],[121.826947,31.140701],[121.825633,31.143397],[121.823499,31.145882],[121.820628,31.14806],[121.817129,31.149848],[121.813137,31.151176],[121.808806,31.151994],[121.804301,31.15227],[121.799796,31.151994],[121.795465,31.151176],[121.791473,31.149848],[121.787974,31.14806],[121.785103,31.145882],[121.782969,31.143397],[121.781655,31.140701],[121.781212,31.137897],[121.781655,31.135093],[121.782969,31.132397],[121.785103,31.129912],[121.787974,31.127734],[121.791473,31.125946],[121.795465,31.124618],[121.799796,31.1238],[121.804301,31.123524],[121.808806,31.1238],[121.813137,31.124618],[121.817129,31.125946],[121.820628,31.127734],[121.823499,31.129912],[121.825633,31.132397],[121.826947,31.135093],[121.82739,31.137897]]]}},{"type":"Feature","properties":{"zone_id":"sh:z:hub:hub_shanghai_station","name":"上海站","zone_type":"hub","grade":null,"centroid_lng":121.45958,"centroid_lat":31.248113,"batch":"batch1","source":"public_name+schematic_aoi","labels":["rail"],"color_token":"hub","fill":"#FBBF24","stroke":"#D97706","fill_opacity":0.42},"geometry":{"type":"Polygon","coordinates":[[[121.466935,31.248113],[121.466794,31.248989],[121.466375,31.249832],[121.465696,31.250608],[121.464781,31.251289],[121.463666,31.251848],[121.462395,31.252263],[121.461015,31.252518],[121.45958,31.252605],[121.458145,31.252518],[121.456765,31.252263],[121.455494,31.251848],[121.454379,31.251289],[121.453464,31.250608],[121.452785,31.249832],[121.452366,31.248989],[121.452225,31.248113],[121.452366,31.247237],[121.452785,31.246394],[121.453464,31.245618],[121.454379,31.244937],[121.455494,31.244378],[121.456765,31.243963],[121.458145,31.243708],[121.45958,31.243621],[121.461015,31.243708],[121.462395,31.243963],[121.463666,31.244378],[121.464781,31.244937],[121.465696,31.245618],[121.466375,31.246394],[121.466794,31.247237],[121.466935,31.248113]]]}},{"type":"Feature","properties":{"zone_id":"sh:z:hub:hub_shanghai_south","name":"上海南站","zone_type":"hub","grade":null,"centroid_lng":121.434624,"centroid_lat":31.153111,"batch":"batch1","source":"public_name+schematic_aoi","labels":["rail"],"color_token":"hub","fill":"#FBBF24","stroke":"#D97706","fill_opacity":0.42},"geometry":{"type":"Polygon","coordinates":[[[121.443022,31.153111],[121.44286,31.154163],[121.442382,31.155174],[121.441606,31.156105],[121.440562,31.156922],[121.439289,31.157593],[121.437838,31.158091],[121.436262,31.158397],[121.434624,31.158501],[121.432986,31.158397],[121.43141,31.158091],[121.429959,31.157593],[121.428686,31.156922],[121.427642,31.156105],[121.426866,31.155174],[121.426388,31.154163],[121.426226,31.153111],[121.426388,31.152059],[121.426866,31.151048],[121.427642,31.150117],[121.428686,31.1493],[121.429959,31.148629],[121.43141,31.148131],[121.432986,31.147825],[121.434624,31.147721],[121.436262,31.147825],[121.437838,31.148131],[121.439289,31.148629],[121.440562,31.1493],[121.441606,31.150117],[121.442382,31.151048],[121.44286,31.152059],[121.443022,31.153111]]]}},{"type":"Feature","properties":{"zone_id":"sh:z:hub:hub_shanghai_hongqiao_rail","name":"虹桥火车站","zone_type":"hub","grade":null,"centroid_lng":121.324522,"centroid_lat":31.19204,"batch":"batch1","source":"public_name+schematic_aoi","labels":["rail"],"color_token":"hub","fill":"#FBBF24","stroke":"#D97706","fill_opacity":0.42},"geometry":{"type":"Polygon","coordinates":[[[121.333973,31.19204],[121.333791,31.193092],[121.333254,31.194103],[121.33238,31.195034],[121.331205,31.195851],[121.329773,31.196522],[121.328139,31.19702],[121.326366,31.197326],[121.324522,31.19743],[121.322678,31.197326],[121.320905,31.19702],[121.319271,31.196522],[121.317839,31.195851],[121.316664,31.195034],[121.31579,31.194103],[121.315253,31.193092],[121.315071,31.19204],[121.315253,31.190988],[121.31579,31.189977],[121.316664,31.189046],[121.317839,31.188229],[121.319271,31.187558],[121.320905,31.18706],[121.322678,31.186754],[121.324522,31.18665],[121.326366,31.186754],[121.328139,31.18706],[121.329773,31.187558],[121.331205,31.188229],[121.33238,31.189046],[121.333254,31.189977],[121.333791,31.190988],[121.333973,31.19204]]]}},{"type":"Feature","properties":{"zone_id":"sh:z:hub:hub_people_sq_metro","name":"人民广场地铁枢纽","zone_type":"hub","grade":null,"centroid_lng":121.479519,"centroid_lat":31.228054,"batch":"batch1","source":"public_name+schematic_aoi","labels":["metro"],"color_token":"hub","fill":"#FBBF24","stroke":"#D97706","fill_opacity":0.42},"geometry":{"type":"Polygon","coordinates":[[[121.483721,31.228054],[121.48364,31.228667],[121.483401,31.229257],[121.483013,31.229801],[121.48249,31.230277],[121.481854,31.230668],[121.481127,31.230959],[121.480339,31.231138],[121.479519,31.231198],[121.478699,31.231138],[121.477911,31.230959],[121.477184,31.230668],[121.476548,31.230277],[121.476025,31.229801],[121.475637,31.229257],[121.475398,31.228667],[121.475317,31.228054],[121.475398,31.227441],[121.475637,31.226851],[121.476025,31.226307],[121.476548,31.225831],[121.477184,31.22544],[121.477911,31.225149],[121.478699,31.22497],[121.479519,31.22491],[121.480339,31.22497],[121.481127,31.225149],[121.481854,31.22544],[121.48249,31.225831],[121.483013,31.226307],[121.483401,31.226851],[121.48364,31.227441],[121.483721,31.228054]]]}},{"type":"Feature","properties":{"zone_id":"sh:z:hub:hub_century_ave","name":"世纪大道换乘","zone_type":"hub","grade":null,"centroid_lng":121.531336,"centroid_lat":31.227902,"batch":"batch1","source":"public_name+schematic_aoi","labels":["metro"],"color_token":"hub","fill":"#FBBF24","stroke":"#D97706","fill_opacity":0.42},"geometry":{"type":"Polygon","coordinates":[[[121.535538,31.227902],[121.535457,31.228428],[121.535218,31.228933],[121.53483,31.229399],[121.534307,31.229808],[121.533671,31.230143],[121.532944,31.230392],[121.532156,31.230545],[121.531336,31.230597],[121.530516,31.230545],[121.529728,31.230392],[121.529001,31.230143],[121.528365,31.229808],[121.527842,31.229399],[121.527454,31.228933],[121.527215,31.228428],[121.527134,31.227902],[121.527215,31.227376],[121.527454,31.226871],[121.527842,31.226405],[121.528365,31.225996],[121.529001,31.225661],[121.529728,31.225412],[121.530516,31.225259],[121.531336,31.225207],[121.532156,31.225259],[121.532944,31.225412],[121.533671,31.225661],[121.534307,31.225996],[121.53483,31.226405],[121.535218,31.226871],[121.535457,31.227376],[121.535538,31.227902]]]}},{"type":"Feature","properties":{"zone_id":"sh:z:hub:hub_lingang_drop","name":"临港滴水湖站","zone_type":"hub","grade":null,"centroid_lng":121.93409,"centroid_lat":30.90464,"batch":"batch1","source":"public_name+schematic_aoi","labels":["lingang","rail"],"color_token":"hub","fill":"#FBBF24","stroke":"#D97706","fill_opacity":0.42},"geometry":{"type":"Polygon","coordinates":[[[121.939325,30.90464],[121.939224,30.905341],[121.938926,30.906015],[121.938443,30.906636],[121.937792,30.907181],[121.936998,30.907628],[121.936093,30.90796],[121.935111,30.908164],[121.93409,30.908233],[121.933069,30.908164],[121.932087,30.90796],[121.931182,30.907628],[121.930388,30.907181],[121.929737,30.906636],[121.929254,30.906015],[121.928956,30.905341],[121.928855,30.90464],[121.928956,30.903939],[121.929254,30.903265],[121.929737,30.902644],[121.930388,30.902099],[121.931182,30.901652],[121.932087,30.90132],[121.933069,30.901116],[121.93409,30.901047],[121.935111,30.901116],[121.936093,30.90132],[121.936998,30.901652],[121.937792,30.902099],[121.938443,30.902644],[121.938926,30.903265],[121.939224,30.903939],[121.939325,30.90464]]]}},{"type":"Feature","properties":{"zone_id":"sh:z:scenic:scenic_the_bund","name":"外滩","zone_type":"scenic","grade":null,"centroid_lng":121.494468,"centroid_lat":31.238015,"batch":"batch1","source":"public_name+schematic_aoi","labels":["waterfront"],"color_token":"scenic","fill":"#FDBA74","stroke":"#C2410C","fill_opacity":0.4},"geometry":{"type":"Polygon","coordinates":[[[121.494468,31.244319],[121.492365,31.244198],[121.490343,31.243839],[121.488479,31.243256],[121.486846,31.242472],[121.485505,31.241517],[121.484509,31.240427],[121.483895,31.239245],[121.483688,31.238015],[121.483895,31.236785],[121.484509,31.235603],[121.485505,31.234513],[121.486846,31.233558],[121.488479,31.232774],[121.490343,31.232191],[121.492365,31.231832],[121.494468,31.231711],[121.496571,31.231832],[121.498593,31.232191],[121.500457,31.232774],[121.50209,31.233558],[121.503431,31.234513],[121.504427,31.235603],[121.505041,31.236785],[121.505248,31.238015],[121.505041,31.239245],[121.504427,31.240427],[121.503431,31.241517],[121.50209,31.242472],[121.500457,31.243256],[121.498593,31.243839],[121.496571,31.244198],[121.494468,31.244319]]]}},{"type":"Feature","properties":{"zone_id":"sh:z:scenic:scenic_century_park","name":"世纪公园","zone_type":"scenic","grade":null,"centroid_lng":121.559255,"centroid_lat":31.215832,"batch":"batch1","source":"public_name+schematic_aoi","labels":["park"],"color_token":"scenic","fill":"#FDBA74","stroke":"#C2410C","fill_opacity":0.4},"geometry":{"type":"Polygon","coordinates":[[[121.57186,31.215832],[121.571617,31.217585],[121.5709,31.21927],[121.569735,31.220823],[121.568168,31.222184],[121.566258,31.223301],[121.564079,31.224131],[121.561714,31.224643],[121.559255,31.224815],[121.556796,31.224643],[121.554431,31.224131],[121.552252,31.223301],[121.550342,31.222184],[121.548775,31.220823],[121.54761,31.21927],[121.546893,31.217585],[121.54665,31.215832],[121.546893,31.214079],[121.54761,31.212394],[121.548775,31.210841],[121.550342,31.20948],[121.552252,31.208363],[121.554431,31.207533],[121.556796,31.207021],[121.559255,31.206849],[121.561714,31.207021],[121.564079,31.207533],[121.566258,31.208363],[121.568168,31.20948],[121.569735,31.210841],[121.5709,31.212394],[121.571617,31.214079],[121.57186,31.215832]]]}},{"type":"Feature","properties":{"zone_id":"sh:z:scenic:scenic_dishui","name":"滴水湖","zone_type":"scenic","grade":null,"centroid_lng":121.929085,"centroid_lat":30.902633,"batch":"batch1","source":"public_name+schematic_aoi","labels":["lingang","lake"],"color_token":"scenic","fill":"#FDBA74","stroke":"#C2410C","fill_opacity":0.4},"geometry":{"type":"Polygon","coordinates":[[[121.943742,30.902633],[121.94346,30.905087],[121.942626,30.907446],[121.941272,30.90962],[121.939449,30.911526],[121.937228,30.91309],[121.934694,30.914252],[121.931944,30.914968],[121.929085,30.915209],[121.926226,30.914968],[121.923476,30.914252],[121.920942,30.91309],[121.918721,30.911526],[121.916898,30.90962],[121.915544,30.907446],[121.91471,30.905087],[121.914428,30.902633],[121.91471,30.900179],[121.915544,30.89782],[121.916898,30.895646],[121.918721,30.89374],[121.920942,30.892176],[121.923476,30.891014],[121.926226,30.890298],[121.929085,30.890057],[121.931944,30.890298],[121.934694,30.891014],[121.937228,30.892176],[121.939449,30.89374],[121.941272,30.895646],[121.942626,30.89782],[121.94346,30.900179],[121.943742,30.902633]]]}},{"type":"Feature","properties":{"zone_id":"sh:z:scenic:scenic_yuyuan","name":"豫园","zone_type":"scenic","grade":null,"centroid_lng":121.49646,"centroid_lat":31.225004,"batch":"batch1","source":"public_name+schematic_aoi","labels":[],"color_token":"scenic","fill":"#FDBA74","stroke":"#C2410C","fill_opacity":0.4},"geometry":{"type":"Polygon","coordinates":[[[121.500137,31.225004],[121.500066,31.22553],[121.499857,31.226035],[121.499517,31.226501],[121.49906,31.22691],[121.498503,31.227245],[121.497867,31.227494],[121.497177,31.227647],[121.49646,31.227699],[121.495743,31.227647],[121.495053,31.227494],[121.494417,31.227245],[121.49386,31.22691],[121.493403,31.226501],[121.493063,31.226035],[121.492854,31.22553],[121.492783,31.225004],[121.492854,31.224478],[121.493063,31.223973],[121.493403,31.223507],[121.49386,31.223098],[121.494417,31.222763],[121.495053,31.222514],[121.495743,31.222361],[121.49646,31.222309],[121.497177,31.222361],[121.497867,31.222514],[121.498503,31.222763],[121.49906,31.223098],[121.499517,31.223507],[121.499857,31.223973],[121.500066,31.224478],[121.500137,31.225004]]]}},{"type":"Feature","properties":{"zone_id":"sh:z:scenic:scenic_xujiahui_park","name":"徐家汇公园","zone_type":"scenic","grade":null,"centroid_lng":121.44461,"centroid_lat":31.193116,"batch":"batch2","source":"public_name+schematic_aoi","labels":[],"color_token":"scenic","fill":"#FDBA74","stroke":"#C2410C","fill_opacity":0.4},"geometry":{"type":"Polygon","coordinates":[[[121.448811,31.193116],[121.44873,31.193642],[121.448491,31.194147],[121.448103,31.194613],[121.44758,31.195022],[121.446944,31.195357],[121.446217,31.195606],[121.445429,31.195759],[121.44461,31.195811],[121.443791,31.195759],[121.443003,31.195606],[121.442276,31.195357],[121.44164,31.195022],[121.441117,31.194613],[121.440729,31.194147],[121.44049,31.193642],[121.440409,31.193116],[121.44049,31.19259],[121.440729,31.192085],[121.441117,31.191619],[121.44164,31.19121],[121.442276,31.190875],[121.443003,31.190626],[121.443791,31.190473],[121.44461,31.190421],[121.445429,31.190473],[121.446217,31.190626],[121.446944,31.190875],[121.44758,31.19121],[121.448103,31.191619],[121.448491,31.192085],[121.44873,31.19259],[121.448811,31.193116]]]}},{"type":"Feature","properties":{"zone_id":"sh:z:scenic:scenic_gongqing","name":"共青森林公园","zone_type":"scenic","grade":null,"centroid_lng":121.554276,"centroid_lat":31.317885,"batch":"batch2","source":"public_name+schematic_aoi","labels":[],"color_token":"scenic","fill":"#FDBA74","stroke":"#C2410C","fill_opacity":0.4},"geometry":{"type":"Polygon","coordinates":[[[121.564791,31.317885],[121.564589,31.319287],[121.563991,31.320635],[121.563019,31.321878],[121.561711,31.322967],[121.560118,31.32386],[121.5583,31.324524],[121.556327,31.324933],[121.554276,31.325071],[121.552225,31.324933],[121.550252,31.324524],[121.548434,31.32386],[121.546841,31.322967],[121.545533,31.321878],[121.544561,31.320635],[121.543963,31.319287],[121.543761,31.317885],[121.543963,31.316483],[121.544561,31.315135],[121.545533,31.313892],[121.546841,31.312803],[121.548434,31.31191],[121.550252,31.311246],[121.552225,31.310837],[121.554276,31.310699],[121.556327,31.310837],[121.5583,31.311246],[121.560118,31.31191],[121.561711,31.312803],[121.563019,31.313892],[121.563991,31.315135],[121.564589,31.316483],[121.564791,31.317885]]]}},{"type":"Feature","properties":{"zone_id":"sh:z:scenic:scenic_sheshan","name":"佘山国家旅游度假区","zone_type":"scenic","grade":null,"centroid_lng":121.199467,"centroid_lat":31.097962,"batch":"batch2","source":"public_name+schematic_aoi","labels":[],"color_token":"scenic","fill":"#FDBA74","stroke":"#C2410C","fill_opacity":0.4},"geometry":{"type":"Polygon","coordinates":[[[121.216252,31.097962],[121.21593,31.100065],[121.214975,31.102087],[121.213423,31.103951],[121.211336,31.105584],[121.208792,31.106925],[121.20589,31.107921],[121.202742,31.108535],[121.199467,31.108742],[121.196192,31.108535],[121.193044,31.107921],[121.190142,31.106925],[121.187598,31.105584],[121.185511,31.103951],[121.183959,31.102087],[121.183004,31.100065],[121.182682,31.097962],[121.183004,31.095859],[121.183959,31.093837],[121.185511,31.091973],[121.187598,31.09034],[121.190142,31.088999],[121.193044,31.088003],[121.196192,31.087389],[121.199467,31.087182],[121.202742,31.087389],[121.20589,31.088003],[121.208792,31.088999],[121.211336,31.09034],[121.213423,31.091973],[121.214975,31.093837],[121.21593,31.095859],[121.216252,31.097962]]]}},{"type":"Feature","properties":{"zone_id":"sh:z:scenic:scenic_zhujiajiao","name":"朱家角古镇","zone_type":"scenic","grade":null,"centroid_lng":121.054539,"centroid_lat":31.108048,"batch":"batch2","source":"public_name+schematic_aoi","labels":[],"color_token":"scenic","fill":"#FDBA74","stroke":"#C2410C","fill_opacity":0.4},"geometry":{"type":"Polygon","coordinates":[[[121.063982,31.108048],[121.0638,31.109275],[121.063263,31.110454],[121.06239,31.111542],[121.061216,31.112494],[121.059785,31.113276],[121.058153,31.113858],[121.056381,31.114215],[121.054539,31.114336],[121.052697,31.114215],[121.050925,31.113858],[121.049293,31.113276],[121.047862,31.112494],[121.046688,31.111542],[121.045815,31.110454],[121.045278,31.109275],[121.045096,31.108048],[121.045278,31.106821],[121.045815,31.105642],[121.046688,31.104554],[121.047862,31.103602],[121.049293,31.10282],[121.050925,31.102238],[121.052697,31.101881],[121.054539,31.10176],[121.056381,31.101881],[121.058153,31.102238],[121.059785,31.10282],[121.061216,31.103602],[121.06239,31.104554],[121.063263,31.105642],[121.0638,31.106821],[121.063982,31.108048]]]}},{"type":"Feature","properties":{"zone_id":"sh:z:scenic:scenic_oriental_pearl","name":"小陆家嘴观光","zone_type":"scenic","grade":null,"centroid_lng":121.504432,"centroid_lat":31.237986,"batch":"batch1","source":"public_name+schematic_aoi","labels":[],"color_token":"scenic","fill":"#FDBA74","stroke":"#C2410C","fill_opacity":0.4},"geometry":{"type":"Polygon","coordinates":[[[121.508635,31.237986],[121.508554,31.238599],[121.508315,31.239189],[121.507926,31.239733],[121.507404,31.240209],[121.506767,31.2406],[121.50604,31.240891],[121.505252,31.24107],[121.504432,31.24113],[121.503612,31.24107],[121.502824,31.240891],[121.502097,31.2406],[121.50146,31.240209],[121.500938,31.239733],[121.500549,31.239189],[121.50031,31.238599],[121.500229,31.237986],[121.50031,31.237373],[121.500549,31.236783],[121.500938,31.236239],[121.50146,31.235763],[121.502097,31.235372],[121.502824,31.235081],[121.503612,31.234902],[121.504432,31.234842],[121.505252,31.234902],[121.50604,31.235081],[121.506767,31.235372],[121.507404,31.235763],[121.507926,31.236239],[121.508315,31.236783],[121.508554,31.237373],[121.508635,31.237986]]]}},{"type":"Feature","properties":{"zone_id":"sh:z:scenic:scenic_fuxing_park","name":"复兴公园","zone_type":"scenic","grade":null,"centroid_lng":121.474534,"centroid_lat":31.218063,"batch":"batch2","source":"public_name+schematic_aoi","labels":[],"color_token":"scenic","fill":"#FDBA74","stroke":"#C2410C","fill_opacity":0.4},"geometry":{"type":"Polygon","coordinates":[[[121.477685,31.218063],[121.477625,31.218501],[121.477445,31.218922],[121.477154,31.219311],[121.476762,31.219651],[121.476285,31.21993],[121.47574,31.220138],[121.475149,31.220266],[121.474534,31.220309],[121.473919,31.220266],[121.473328,31.220138],[121.472783,31.21993],[121.472306,31.219651],[121.471914,31.219311],[121.471623,31.218922],[121.471443,31.218501],[121.471383,31.218063],[121.471443,31.217625],[121.471623,31.217204],[121.471914,31.216815],[121.472306,31.216475],[121.472783,31.216196],[121.473328,31.215988],[121.473919,31.21586],[121.474534,31.215817],[121.475149,31.21586],[121.47574,31.215988],[121.476285,31.216196],[121.476762,31.216475],[121.477154,31.216815],[121.477445,31.217204],[121.477625,31.217625],[121.477685,31.218063]]]}},{"type":"Feature","properties":{"zone_id":"sh:z:rural:rural_chongming_east","name":"崇明东部农田","zone_type":"rural","grade":null,"centroid_lng":121.704372,"centroid_lat":31.598035,"batch":"batch2","source":"public_name+schematic_aoi","labels":[],"color_token":"rural","fill":"#E5E7EB","stroke":"#9CA3AF","fill_opacity":0.2},"geometry":{"type":"Polygon","coordinates":[[[121.757106,31.598035],[121.756092,31.604169],[121.753091,31.610067],[121.748218,31.615503],[121.74166,31.620267],[121.733669,31.624177],[121.724552,31.627083],[121.71466,31.628872],[121.704372,31.629476],[121.694084,31.628872],[121.684192,31.627083],[121.675075,31.624177],[121.667084,31.620267],[121.660526,31.615503],[121.655653,31.610067],[121.652652,31.604169],[121.651638,31.598035],[121.652652,31.591901],[121.655653,31.586003],[121.660526,31.580567],[121.667084,31.575803],[121.675075,31.571893],[121.684192,31.568987],[121.694084,31.567198],[121.704372,31.566594],[121.71466,31.567198],[121.724552,31.568987],[121.733669,31.571893],[121.74166,31.575803],[121.748218,31.580567],[121.753091,31.586003],[121.756092,31.591901],[121.757106,31.598035]]]}},{"type":"Feature","properties":{"zone_id":"sh:z:rural:rural_qingpu_west","name":"青浦西部农田","zone_type":"rural","grade":null,"centroid_lng":120.984302,"centroid_lat":31.117858,"batch":"batch2","source":"public_name+schematic_aoi","labels":[],"color_token":"rural","fill":"#E5E7EB","stroke":"#9CA3AF","fill_opacity":0.2},"geometry":{"type":"Polygon","coordinates":[[[121.026274,31.117858],[121.025467,31.123116],[121.023079,31.128171],[121.0192,31.13283],[121.013981,31.136914],[121.00762,31.140266],[121.000364,31.142756],[120.99249,31.14429],[120.984302,31.144807],[120.976114,31.14429],[120.96824,31.142756],[120.960984,31.140266],[120.954623,31.136914],[120.949404,31.13283],[120.945525,31.128171],[120.943137,31.123116],[120.94233,31.117858],[120.943137,31.1126],[120.945525,31.107545],[120.949404,31.102886],[120.954623,31.098802],[120.960984,31.09545],[120.96824,31.09296],[120.976114,31.091426],[120.984302,31.090909],[120.99249,31.091426],[121.000364,31.09296],[121.00762,31.09545],[121.013981,31.098802],[121.0192,31.102886],[121.023079,31.107545],[121.025467,31.1126],[121.026274,31.117858]]]}},{"type":"Feature","properties":{"zone_id":"sh:z:rural:rural_jinshan_south","name":"金山南部空旷","zone_type":"rural","grade":null,"centroid_lng":121.304441,"centroid_lat":30.747754,"batch":"batch2","source":"public_name+schematic_aoi","labels":[],"color_token":"rural","fill":"#E5E7EB","stroke":"#9CA3AF","fill_opacity":0.2},"geometry":{"type":"Polygon","coordinates":[[[121.341025,30.747754],[121.340322,30.752135],[121.33824,30.756348],[121.334859,30.760231],[121.330309,30.763634],[121.324766,30.766427],[121.318441,30.768502],[121.311578,30.76978],[121.304441,30.770212],[121.297304,30.76978],[121.290441,30.768502],[121.284116,30.766427],[121.278573,30.763634],[121.274023,30.760231],[121.270642,30.756348],[121.26856,30.752135],[121.267857,30.747754],[121.26856,30.743373],[121.270642,30.73916],[121.274023,30.735277],[121.278573,30.731874],[121.284116,30.729081],[121.290441,30.727006],[121.297304,30.725728],[121.304441,30.725296],[121.311578,30.725728],[121.318441,30.727006],[121.324766,30.729081],[121.330309,30.731874],[121.334859,30.735277],[121.33824,30.73916],[121.340322,30.743373],[121.341025,30.747754]]]}},{"type":"Feature","properties":{"zone_id":"sh:z:rural:rural_fengxian_east","name":"奉贤东部农田","zone_type":"rural","grade":null,"centroid_lng":121.704313,"centroid_lat":30.897757,"batch":"batch2","source":"public_name+schematic_aoi","labels":[],"color_token":"rural","fill":"#E5E7EB","stroke":"#9CA3AF","fill_opacity":0.2},"geometry":{"type":"Polygon","coordinates":[[[121.740954,30.897757],[121.74025,30.902138],[121.738165,30.906351],[121.734779,30.910234],[121.730222,30.913637],[121.72467,30.91643],[121.718335,30.918505],[121.711461,30.919783],[121.704313,30.920215],[121.697165,30.919783],[121.690291,30.918505],[121.683956,30.91643],[121.678404,30.913637],[121.673847,30.910234],[121.670461,30.906351],[121.668376,30.902138],[121.667672,30.897757],[121.668376,30.893376],[121.670461,30.889163],[121.673847,30.88528],[121.678404,30.881877],[121.683956,30.879084],[121.690291,30.877009],[121.697165,30.875731],[121.704313,30.875299],[121.711461,30.875731],[121.718335,30.877009],[121.72467,30.879084],[121.730222,30.881877],[121.734779,30.88528],[121.738165,30.889163],[121.74025,30.893376],[121.740954,30.897757]]]}},{"type":"Feature","properties":{"zone_id":"sh:z:rural:rural_pudong_south_open","name":"浦东南部空旷带","zone_type":"rural","grade":null,"centroid_lng":121.754353,"centroid_lat":30.947831,"batch":"batch2","source":"public_name+schematic_aoi","labels":[],"color_token":"rural","fill":"#E5E7EB","stroke":"#9CA3AF","fill_opacity":0.2},"geometry":{"type":"Polygon","coordinates":[[[121.785776,30.947831],[121.785172,30.951336],[121.783384,30.954706],[121.78048,30.957812],[121.776572,30.960535],[121.771811,30.962769],[121.766378,30.96443],[121.760483,30.965452],[121.754353,30.965797],[121.748223,30.965452],[121.742328,30.96443],[121.736895,30.962769],[121.732134,30.960535],[121.728226,30.957812],[121.725322,30.954706],[121.723534,30.951336],[121.72293,30.947831],[121.723534,30.944326],[121.725322,30.940956],[121.728226,30.93785],[121.732134,30.935127],[121.736895,30.932893],[121.742328,30.931232],[121.748223,30.93021],[121.754353,30.929865],[121.760483,30.93021],[121.766378,30.931232],[121.771811,30.932893],[121.776572,30.935127],[121.78048,30.93785],[121.783384,30.940956],[121.785172,30.944326],[121.785776,30.947831]]]}}]}