{"type":"FeatureCollection","features":[{"type":"Feature","properties":{"parcel_id":"hongqiao_hub:parcel:0001","geometry_method":"road_barrier_raster_plus_buildings","functional_type":"residential","dominant_type":"residential","confidence":1,"building_count":1,"avg_building_area_m2":606,"centroid_lng":121.309494,"centroid_lat":31.172225,"parcel_area_m2":1123085,"safety_clipped":false,"classification_source":"osm_tags+building_morphology+spatial_prior","synthetic_classification":true,"qc_flags":""},"geometry":{"type":"MultiPolygon","coordinates":[[[[121.29499175743553,31.164994094531032],[121.30607626248654,31.164975136428833],[121.30607623915643,31.165248415132243],[121.2949917341741,31.16526737323638],[121.29499175743553,31.164994094531032]]],[[[121.2949917341741,31.16526737323638],[121.30607623915643,31.165248415132243],[121.30607621582608,31.16552169388931],[121.29499171091246,31.16554065199538],[121.2949917341741,31.16526737323638]]],[[[121.29499171091246,31.16554065199538],[121.3069512161625,31.165520114380943],[121.30695119282622,31.165793393191574],[121.29499168765057,31.165813930808095],[121.29499171091246,31.16554065199538]]],[[[121.29499168765057,31.165813930808095],[121.30782618238891,31.165791803894457],[121.30782615904668,31.16606508275872],[121.29499166438845,31.16608720967459],[121.29499168765057,31.165813930808095]]],[[[121.29499166438845,31.166087209674593],[121.30840947971868,31.166064018031758],[121.30840945637239,31.166337296949767],[121.29499164112609,31.166360488594933],[121.29499166438845,31.166087209674593]]],[[[121.29499164112609,31.166360488594933],[121.3089927726803,31.166336228237167],[121.30899274932993,31.166609507208985],[121.2949916178635,31.166633767569177],[121.29499164112609,31.166360488594933]]],[[[121.2949916178635,31.166633767569177],[121.30928440590047,31.166608971404024],[121.30928438254794,31.16688225042976],[121.29499159460067,31.16690704659739],[121.2949916178635,31.166633767569177]]],[[[121.29499159460067,31.16690704659739],[121.30928438254794,31.16688225042976],[121.30928435919516,31.16715552950953],[121.2949915713376,31.167180325679638],[121.29499159460067,31.16690704659739]]],[[[121.2949915713376,31.167180325679638],[121.30899270262847,31.167156065314586],[121.3089926792774,31.167429344448497],[121.29499154807431,31.167453604815975],[121.2949915713376,31.167180325679638]]],[[[121.29499154807431,31.167453604815975],[121.30870102166544,31.167429879294],[121.30870099831606,31.16770315848212],[121.29499152481077,31.167726884006473],[121.29499154807431,31.167453604815975]]],[[[121.29499152481077,31.167726884006473],[121.30840933963736,31.167703692349654],[121.30840931628966,31.16797697159204],[121.294991501547,31.168000163251186],[121.29499152481077,31.167726884006473]]],[[[121.294991501547,31.168000163251186],[121.30840931628966,31.16797697159204],[121.3084092929417,31.168250250888708],[121.294991478283,31.168273442550184],[121.294991501547,31.168000163251186]]],[[[121.294991478283,31.168273442550188],[121.30811763317675,31.168250783759955],[121.30811760983049,31.16852406311102],[121.29499145501875,31.16854672190353],[121.294991478283,31.168273442550188]]],[[[121.29499145501875,31.16854672190353],[121.30782594895598,31.168524594967582],[121.30782592561138,31.1687978743731],[121.29499143175427,31.168820001311282],[121.29499145501875,31.16854672190353]]],[[[121.29499143175427,31.168820001311282],[121.30782592561138,31.1687978743731],[121.30782590226656,31.16907115383309],[121.29499140848955,31.169093280773502],[121.29499143175427,31.168820001311282]]],[[[121.29499140848955,31.169093280773502],[121.30753424026305,31.169071684656735],[121.30753421691989,31.16934496417131],[121.2949913852246,31.169366560290257],[121.29499140848955,31.169093280773502]]],[[[121.2949913852246,31.169366560290257],[121.30753421691989,31.16934496417131],[121.3075341935765,31.169618243740477],[121.29499136195942,31.169639839861606],[121.2949913852246,31.169366560290257]]],[[[121.29499136195942,31.169639839861606],[121.30724253042271,31.169618773512948],[121.30724250708099,31.16989205313682],[121.294991338694,31.16991311948761],[121.29499136195942,31.169639839861606]]],[[[121.294991338694,31.16991311948761],[121.30695084275375,31.169892581839857],[121.30695081941369,31.1701658615185],[121.29499131542835,31.170186399168337],[121.294991338694,31.16991311948761]]],[[[121.29499131542835,31.17018639916834],[121.30695081941369,31.170165861518505],[121.3069507960734,31.170439141251933],[121.29499129216245,31.17045967890385],[121.29499131542835,31.17018639916834]]],[[[121.29499129216245,31.17045967890385],[121.30665913055343,31.17043966886742],[121.3066591072148,31.17071294865574],[121.29499126889633,31.170732958694206],[121.29499129216245,31.17045967890385]]],[[[121.29499126889633,31.170732958694206],[121.3066591072148,31.17071294865574],[121.30665908387593,31.170986228498972],[121.29499124562996,31.17100623853947],[121.29499126889633,31.170732958694206]]],[[[121.29499124562996,31.17100623853947],[121.30636741714208,31.170986755008784],[121.30636739380488,31.171260034907032],[121.29499122236336,31.1712795184397],[121.29499124562996,31.17100623853947]]],[[[121.29499122236336,31.1712795184397],[121.30607572583415,31.17126056029304],[121.3060757024986,31.17153384024637],[121.29499119909653,31.171552798394963],[121.29499122236336,31.1712795184397]]],[[[121.29499119909653,31.171552798394963],[121.3060757024986,31.17153384024637],[121.3060756791628,31.171807120254794],[121.29499117582947,31.171826078405324],[121.29499119909653,31.171552798394963]]],[[[121.29499117582947,31.171826078405324],[121.30578400993605,31.171807644499008],[121.30578398660191,31.17208092456264],[121.29499115256216,31.172099358470838],[121.29499117582947,31.171826078405324]]],[[[121.29499115256216,31.172099358470838],[121.30549231609623,31.172081447647017],[121.30549229276374,31.172354727765917],[121.29499112929462,31.172372638591572],[121.29499115256216,31.172099358470838]]],[[[121.29499112929462,31.172372638591575],[121.30549229276374,31.17235472776592],[121.30549226943103,31.172628007940105],[121.29499110602684,31.17264591876759],[121.29499112929462,31.172372638591575]]],[[[121.29499110602684,31.17264591876759],[121.30520059762738,31.172628529846754],[121.30520057429631,31.17290181007633],[121.29499108275883,31.172919198998947],[121.29499110602684,31.17264591876759]]],[[[121.29499108275883,31.172919198998947],[121.30520057429631,31.17290181007633],[121.305200550965,31.17317509036131],[121.29499105949058,31.17319247928571],[121.29499108275883,31.172919198998947]]],[[[121.29557451767707,31.173191537974134],[121.30490887784248,31.173175611072327],[121.30490885451282,31.173448891412825],[121.29557449440514,31.173464818316262],[121.29557451767707,31.173191537974134]]],[[[121.29557449440514,31.173464818316262],[121.30374214838832,31.173450961943445],[121.30374212506588,31.17372424233967],[121.295574471133,31.173738098713915],[121.29557449440514,31.173464818316262]]],[[[121.29586619724711,31.173737625414294],[121.30111695088121,31.173728824184398],[121.30111692757511,31.174002104636667],[121.29586617397298,31.174010905867487],[121.29586619724711,31.173737625414294]]]]}},{"type":"Feature","properties":{"parcel_id":"hongqiao_hub:parcel:0002","geometry_method":"road_barrier_raster_plus_buildings","functional_type":"office","dominant_type":"office","confidence":0.89,"building_count":1,"avg_building_area_m2":606,"centroid_lng":121.323091,"centroid_lat":31.16462,"parcel_area_m2":553551,"safety_clipped":false,"classification_source":"osm_tags+building_morphology+spatial_prior","synthetic_classification":true,"qc_flags":""},"geometry":{"type":"MultiPolygon","coordinates":[[[[121.31190941169241,31.16496443601402],[121.31657568391066,31.16495564600294],[121.31657566051062,31.16522892470459],[121.31190938832385,31.165237714716447],[121.31190941169241,31.16496443601402]]],[[[121.31190938832385,31.165237714716447],[121.31657566051062,31.16522892470459],[121.31657563711035,31.165502203459887],[121.31190936495504,31.165510993472527],[121.31190938832385,31.165237714716447]]],[[[121.31190936495504,31.165510993472527],[121.31657563711035,31.165502203459887],[121.31657561370983,31.165775482268906],[121.311909341586,31.165784272282323],[121.31190936495504,31.165510993472527]]],[[[121.31161769346062,31.165784815888617],[121.31774215917513,31.16577326295257],[121.31774213576644,31.16604654181517],[121.3116176700933,31.166058094752245],[121.31161769346062,31.165784815888617]]],[[[121.31132602111792,31.166058637566415],[121.31774213576644,31.166046541815174],[121.31774211235751,31.16631982073162],[121.3113259977523,31.166331916483934],[121.31132602111792,31.166058637566415]]],[[[121.31103434790506,31.16633245848723],[121.31774211235751,31.16631982073162],[121.31774208894835,31.166593099701974],[121.31103432454115,31.1666057374587],[121.31103434790506,31.16633245848723]]],[[[121.31074267380023,31.16660627863241],[121.31745045322155,31.166593655166793],[121.31745042981414,31.166866934191162],[121.31074265043803,31.1668795576579],[121.31074267380023,31.16660627863241]]],[[[121.31074265043803,31.1668795576579],[121.31745042981414,31.166866934191162],[121.31745040640648,31.167140213269562],[121.31074262707558,31.167152836737422],[121.31074265043803,31.1668795576579]]],[[[121.31045097542113,31.16715337706292],[121.31715877027628,31.167140768323627],[121.31715874687038,31.16741404745617],[121.31045095206039,31.167426656196586],[121.31045097542113,31.16715337706292]]],[[[121.31015929946875,31.16742719565518],[121.31686711031226,31.16741460208011],[121.3168670869081,31.167687881266858],[121.3101592761097,31.167700474843052],[121.31015929946875,31.16742719565518]]],[[[121.3101592761097,31.167700474843052],[121.3168670869081,31.167687881266858],[121.31686706350371,31.167961160507826],[121.31015925275042,31.16797375408514],[121.3101592761097,31.167700474843052]]],[[[121.3098675992018,31.16797429265828],[121.31686706350371,31.167961160507826],[121.31686704009907,31.168234439803076],[121.30986757584422,31.168247571954698],[121.3098675992018,31.16797429265828]]],[[[121.30957592131503,31.168248109623764],[121.3165754030945,31.168234993977702],[121.31657537969161,31.168508273327348],[121.30957589795914,31.16852138897458],[121.30957592131503,31.168248109623764]]],[[[121.30928424242775,31.16852192572103],[121.31628374221417,31.168508827033282],[121.31628371881301,31.16878210643738],[121.30928421907356,31.168795205126305],[121.30928424242775,31.16852192572103]]],[[[121.30928421907356,31.168795205126305],[121.31628371881301,31.16878210643738],[121.31628369541163,31.169055385895952],[121.30928419571913,31.16906848458605],[121.30928421907356,31.168795205126305]]],[[[121.30899253916593,31.16906902039145],[121.31599205744084,31.169055939114003],[121.3159920340412,31.16932921862715],[121.30899251581319,31.169342299905775],[121.30899253916593,31.16906902039145]]],[[[121.30870085821469,31.169342834751625],[121.3159920340412,31.16932921862715],[121.31599201064131,31.169602498194898],[121.30870083486364,31.169616114320597],[121.30870085821469,31.169342834751625]]],[[[121.30870083486364,31.169616114320597],[121.31570037215477,31.16960305090584],[121.31570034875662,31.169876330528293],[121.30870081151235,31.169889393944224],[121.30870083486364,31.169616114320597]]],[[[121.30840915284902,31.169889927812154],[121.31540870972994,31.169876882712884],[121.31540868633354,31.170150162390104],[121.30840912949941,31.170163207490553],[121.30840915284902,31.169889927812154]]],[[[121.30840912949941,31.170163207490557],[121.31540868633354,31.170150162390108],[121.3154086629369,31.17042344212211],[121.30840910614957,31.170436487223736],[121.30840912949941,31.170163207490557]]],[[[121.30811744639996,31.170437020095374],[121.31511702334971,31.170423993761226],[121.31511699995481,31.170697273548125],[121.3081174230518,31.17071029988345],[121.30811744639996,31.170437020095374]]],[[[121.30782576219259,31.17071083174041],[121.31511699995481,31.170697273548125],[121.31511697655968,31.170970553389928],[121.3078257388461,31.17098411158344],[121.30782576219259,31.17071083174041]]],[[[121.3078257388461,31.17098411158344],[121.31482533638966,31.170971104464424],[121.31482531299625,31.17124438436125],[121.30782571549938,31.171257391481443],[121.3078257388461,31.17098411158344]]],[[[121.30753405351116,31.171257922305482],[121.31482531299625,31.17124438436125],[121.31482528960261,31.171517664313104],[121.30753403016611,31.171531202258564],[121.30753405351116,31.171257922305482]]],[[[121.30753403016611,31.171531202258564],[121.31453364882746,31.17151821480386],[121.31453362543556,31.171791494810858],[121.30753400682083,31.171804482266744],[121.30753403016611,31.171531202258564]]],[[[121.30724234368229,31.17180501203961],[121.31453362543556,31.171791494810858],[121.31453360204341,31.172064774873014],[121.30724232033867,31.17207829210299],[121.30724234368229,31.17180501203961]]],[[[121.30695065602666,31.172078820806426],[121.31424196064087,31.172065324760943],[121.31424193725046,31.17233860487837],[121.30695063268472,31.172352100925078],[121.30695065602666,31.172078820806426]]],[[[121.30695063268472,31.17235210092508],[121.31365865246643,31.172339702769335],[121.31365862907971,31.172612982942137],[121.30695060934252,31.172625381099014],[121.30695063268472,31.17235210092508]]],[[[121.30665894383776,31.1726259087149],[121.30986720209076,31.17262004813088],[121.30986717872915,31.172893328359663],[121.30665892049724,31.17289918894422],[121.30665894383776,31.1726259087149]]],[[[121.30636725377667,31.17289971545438],[121.30811723625796,31.172896540169948],[121.30811721290766,31.17316982045443],[121.3063672304378,31.17317299573916],[121.30636725377667,31.17289971545438]]]]}},{"type":"Feature","properties":{"parcel_id":"hongqiao_hub:parcel:0003","geometry_method":"road_barrier_raster_plus_buildings","functional_type":"commercial","dominant_type":"commercial","confidence":0.86,"building_count":1,"avg_building_area_m2":606,"centroid_lng":121.339847,"centroid_lat":31.168636,"parcel_area_m2":326410,"safety_clipped":false,"classification_source":"osm_tags+building_morphology+spatial_prior","synthetic_classification":true,"qc_flags":""},"geometry":{"type":"MultiPolygon","coordinates":[[[[121.32853267306837,31.164932763856378],[121.33378223439155,31.164922815366058],[121.3337822108745,31.165196094064846],[121.32853264958672,31.16520604255604],[121.32853267306837,31.164932763856378]]],[[[121.32853264958672,31.16520604255604],[121.3337822108745,31.165196094064846],[121.33378218735722,31.165469372817288],[121.32853262610483,31.16547932130936],[121.32853264958672,31.16520604255604]]],[[[121.32853262610483,31.16547932130936],[121.33669872413556,31.165463934966887],[121.3366987005987,31.16573721377256],[121.3285326026227,31.16575260011639],[121.32853262610483,31.16547932130936]]],[[[121.3285326026227,31.16575260011639],[121.33757368209038,31.165735598777108],[121.33757365854754,31.16600887763641],[121.32853257914033,31.16602587897721],[121.3285326026227,31.16575260011639]]],[[[121.32824094247158,31.166026435908783],[121.33757365854754,31.166008877636415],[121.33757363500446,31.16628215654956],[121.32824091899096,31.166299714823488],[121.32824094247158,31.166026435908783]]],[[[121.32794928276235,31.166300272069616],[121.33728197337068,31.16628269396449],[121.33728194982928,31.16655597293159],[121.32794925928347,31.166573551038276],[121.32794928276235,31.166300272069616]]],[[[121.327657623472,31.166574108579223],[121.33728194982928,31.16655597293159],[121.33728192628763,31.166829251952656],[121.32765759999488,31.1668473876019],[121.327657623472,31.166574108579223]]],[[[121.32765759999488,31.1668473876019],[121.33699026580562,31.166829790291157],[121.33699024226564,31.167103069366306],[121.32765757651751,31.167120666678606],[121.32765759999488,31.1668473876019]]],[[[121.327949212325,31.167120109137564],[121.33669858291081,31.16710360860887],[121.33669855937252,31.16737688773816],[121.32794918884541,31.16739338826832],[121.327949212325,31.167120109137564]]],[[[121.32853246172492,31.16739227409018],[121.33669855937252,31.16737688773816],[121.33669853583399,31.16765016692161],[121.32853243824113,31.167665553274993],[121.32853246172492,31.16739227409018]]],[[[121.32969898971052,31.16766332908747],[121.33640687758556,31.167650707048807],[121.33640685404872,31.167923986286524],[121.32969896621857,31.16793660832631],[121.32969898971052,31.16766332908747]]],[[[121.32999060540948,31.16793605326306],[121.33640685404872,31.167923986286524],[121.33640683051162,31.168197265578524],[121.32999058191531,31.16820933255613],[121.32999060540948,31.16793605326306]]],[[[121.33057386204482,31.16820822374808],[121.3361151733469,31.168197806570866],[121.33611514981149,31.16847108591726],[121.33057383854646,31.1684815030954],[121.33057386204482,31.16820822374808]]],[[[121.3317404064479,31.168479291305538],[121.3358234937058,31.16847162775518],[121.33582347017209,31.168744907156032],[121.33174038294145,31.168752570707074],[121.3317404064479,31.168479291305538]]],[[[121.33261531627932,31.168750917583495],[121.33582347017209,31.168744907156032],[121.33582344663813,31.169018186611353],[121.33261529276675,31.169024197039356],[121.33261531627932,31.168750917583495]]],[[[121.33290693874604,31.16902364719246],[121.33553179157066,31.169018729275376],[121.3355317680384,31.16929200878528],[121.33290691523126,31.169296926702803],[121.33290693874604,31.16902364719246]]],[[[121.33349020962648,31.169295828918465],[121.33524011398445,31.16929255225581],[121.33524009045388,31.16956583182036],[121.33349018610755,31.169569108483305],[121.33349020962648,31.169295828918465]]],[[[121.33436513413936,31.169567466875225],[121.33494843739065,31.169566376077846],[121.33494841386178,31.1698396556971],[121.33436511061436,31.169840746494575],[121.33436513413936,31.169567466875225]]]]}},{"type":"Feature","properties":{"parcel_id":"hongqiao_hub:parcel:0004","geometry_method":"road_barrier_raster_plus_buildings","functional_type":"residential","dominant_type":"residential","confidence":0.81,"building_count":1,"avg_building_area_m2":606,"centroid_lng":121.333247,"centroid_lat":31.168991,"parcel_area_m2":26079,"safety_clipped":false,"classification_source":"osm_tags+building_morphology+spatial_prior","synthetic_classification":true,"qc_flags":""},"geometry":{"type":"MultiPolygon","coordinates":[[[[121.32940713965249,31.170123399673308],[121.33028205720078,31.170121734502114],[121.33028203370273,31.17039501423165],[121.32940711616037,31.170396679402987],[121.32940713965249,31.170123399673308]]],[[[121.32969875478025,31.170396123926093],[121.33115695663813,31.17039335313431],[121.33115693313393,31.170666632918543],[121.32969873128592,31.17066940371057],[121.32969875478025,31.170396123926093]]],[[[121.33028201020444,31.170668294016036],[121.33203186207706,31.17066497642746],[121.33203183856672,31.17093825626646],[121.33028198670591,31.170941573855323],[121.33028201020444,31.170668294016036]]],[[[121.33115690962948,31.17093991275769],[121.3329067741376,31.170936604913553],[121.33290675062115,31.171209884807375],[121.3311568861248,31.171213192651802],[121.33115690962948,31.17093991275769]]],[[[121.3314485284031,31.171212639949907],[121.33349004498902,31.171208787022355],[121.33349002146842,31.17148206697111],[121.33144850489622,31.171485919899006],[121.3314485284031,31.171212639949907]]],[[[121.33232343596404,31.171484265061185],[121.33319837387204,31.17148261553886],[121.33319835035316,31.17175589554276],[121.33232341245103,31.17175754506523],[121.33232343596404,31.171484265061185]]],[[[121.33261505762779,31.17175699460756],[121.33290670358754,31.171756444760177],[121.33290668007037,31.172029724819282],[121.33261503411259,31.17203027466671],[121.33261505762779,31.17175699460756]]]]}},{"type":"Feature","properties":{"parcel_id":"hongqiao_hub:parcel:0005","geometry_method":"road_barrier_raster_plus_buildings","functional_type":"mixed","dominant_type":"office","confidence":0.53,"building_count":2,"avg_building_area_m2":606,"centroid_lng":121.324339,"centroid_lat":31.176397,"parcel_area_m2":308743,"safety_clipped":false,"classification_source":"osm_tags+building_morphology+spatial_prior","synthetic_classification":true,"qc_flags":"low_confidence"},"geometry":{"type":"MultiPolygon","coordinates":[[[[121.32444927505492,31.170952726230055],[121.32590744056137,31.170949929795952],[121.32590741709235,31.17122320969094],[121.32444925159587,31.17122600612528],[121.32444927505492,31.170952726230055]]],[[[121.32415761900627,31.171226565665194],[121.32707395392643,31.17122097524449],[121.32707393044923,31.171494255194315],[121.32415759554898,31.1714998456155],[121.32415761900627,31.171226565665194]]],[[[121.32386596307771,31.171500405193854],[121.32736556546362,31.171493697122187],[121.3273655419842,31.171766977127056],[121.32386593962218,31.171773685199305],[121.32386596307771,31.171500405193854]]],[[[121.32357430724629,31.17177424479642],[121.32707390697178,31.171767535199233],[121.3270738834941,31.172040815259308],[121.32357428379252,31.172047524857078],[121.32357430724629,31.17177424479642]]],[[[121.32328265148908,31.172048084453287],[121.3270738834941,31.172040815259308],[121.32707386001617,31.172314095374603],[121.32328262803706,31.172321364569207],[121.32328265148908,31.172048084453287]]],[[[121.32299099578317,31.172321924144853],[121.32678222535388,31.172314653682427],[121.3267822018777,31.17258793385305],[121.32299097233292,31.172595204316107],[121.32299099578317,31.172321924144853]]],[[[121.32299097233292,31.172595204316107],[121.32649056754057,31.17258849237673],[121.32649054406615,31.172861772602744],[121.32299094888242,31.1728684845427],[121.32299097233292,31.172595204316107]]],[[[121.32269931665715,31.172869044078173],[121.32649054406615,31.172861772602744],[121.32649052059148,31.173135052884163],[121.32269929320842,31.17314232436022],[121.32269931665715,31.172869044078173]]],[[[121.32240766098688,31.17314288383584],[121.32619888655847,31.173135611604017],[121.32619886308555,31.17340889194095],[121.3224076375399,31.173416164173403],[121.32240766098688,31.17314288383584]]],[[[121.3224076375399,31.173416164173403],[121.32590722933168,31.173409450837205],[121.32590720586052,31.173682731229718],[121.32240761409268,31.173689444566495],[121.3224076375399,31.173416164173403]]],[[[121.322115981854,31.17369000396268],[121.32590720586052,31.173682731229718],[121.32590718238913,31.17395601167782],[121.32211595840855,31.17396328441141],[121.322115981854,31.17369000396268]]],[[[121.32182432612785,31.173963843708496],[121.3256155488934,31.17395657073079],[121.32561552542374,31.174229851234596],[121.32182430268415,31.17423712421293],[121.32182432612785,31.173963843708496]]],[[[121.3215326703386,31.17423768339131],[121.32532389216118,31.174230410424517],[121.32532386869329,31.174503690984086],[121.32153264689664,31.17451096395151],[121.3215326703386,31.17423768339131]]],[[[121.3212410144634,31.174511522991608],[121.32503223564089,31.174504250291246],[121.32503221217476,31.174777530906642],[121.3212409910232,31.17478480360763],[121.3212410144634,31.174511522991608]]],[[[121.32094935847941,31.174785362489857],[121.32503221217476,31.174777530906642],[121.32503218870839,31.175050811577872],[121.32094933504098,31.175058643161766],[121.32094935847941,31.174785362489857]]],[[[121.32036606952866,31.17505976037435],[121.32474055584518,31.175051370982604],[121.32474053238056,31.175324651709786],[121.32036604609398,31.175333041102256],[121.32036606952866,31.17505976037435]]],[[[121.31978277986215,31.175334157448752],[121.3244488996816,31.175325211192344],[121.32444887621875,31.175598491975535],[121.31978275643122,31.175607438232717],[121.31978277986215,31.175334157448752]]],[[[121.31919948929796,31.175608553557087],[121.32415724366106,31.17559905151622],[121.32415722019996,31.175872332355485],[121.31919946587078,31.175881834397174],[121.31919948929796,31.175608553557087]]],[[[121.31861619765448,31.175882948543652],[121.32386558776062,31.17587289193461],[121.32386556430127,31.17614617283001],[121.31861617423104,31.176156229439922],[121.31861619765448,31.175882948543652]]],[[[121.3183245396606,31.176156786022872],[121.32386556430127,31.17614617283001],[121.3238655408417,31.176419453781556],[121.3183245162389,31.17643006697534],[121.3183245396606,31.176156786022872]]],[[[121.31803288133077,31.176430623205572],[121.32357390849974,31.176420013379495],[121.32357388504191,31.1766932943873],[121.31803285791082,31.176703904214293],[121.31803288133077,31.176430623205572]]],[[[121.31774122264235,31.176704460072422],[121.3232822527724,31.17669385398433],[121.32328222931633,31.176967135048454],[121.31774119922416,31.176977741137463],[121.31774122264235,31.176704460072422]]],[[[121.31715792751406,31.176978851659936],[121.32299059709638,31.176967694624917],[121.32299057364207,31.17724097574542],[121.3171579040996,31.177252132781405],[121.31715792751406,31.176978851659936]]],[[[121.31657463067374,31.17725324158332],[121.3186160805349,31.17724935358709],[121.31861605711026,31.17752263476471],[121.31657460726301,31.17752652276128],[121.31657463067374,31.17725324158332]]],[[[121.31628296985093,31.177527076468817],[121.3174495167397,31.17752485890336],[121.31744949332278,31.177798140137632],[121.31628294644194,31.17780035770328],[121.31628296985093,31.177527076468817]]],[[[121.31628294644194,31.17780035770328],[121.31744949332278,31.177798140137632],[121.31744946990563,31.17807142142842],[121.31628292303273,31.178073638994263],[121.31628294644194,31.17780035770328]]],[[[121.31599128512725,31.178074192213916],[121.31657456044084,31.178073085286627],[121.31657453702941,31.178346366634138],[121.31599126171977,31.178347473561523],[121.31599128512725,31.178074192213916]]],[[[121.31569962329652,31.17834802627402],[121.31628289962326,31.17834692034182],[121.31628287621358,31.17862020174602],[121.31569959989078,31.178621307678316],[121.31569962329652,31.17834802627402]]],[[[121.3151163213994,31.178622411505035],[121.31599123831207,31.178620754965774],[121.3159912149041,31.178894036426723],[121.31511629799738,31.17889569296613],[121.3151163213994,31.178622411505035]]],[[[121.31482465788459,31.178896244042036],[121.3156995764848,31.178894589139315],[121.31569955307859,31.179167870657075],[121.31482463448431,31.17916952555994],[121.31482465788459,31.178896244042036]]],[[[121.31482463448431,31.17916952555994],[121.3154079141191,31.179168422843315],[121.31540789071464,31.179441704417947],[121.31482461108378,31.179442807134667],[121.31482463448431,31.17916952555994]]],[[[121.3145329703658,31.179443357626834],[121.31540789071464,31.179441704417947],[121.31540786730993,31.17971498604946],[121.31453294696702,31.179716639258498],[121.3145329703658,31.179443357626834]]],[[[121.31424130561963,31.17971718914779],[121.31511622778989,31.179715537690228],[121.31511620438691,31.17998881937874],[121.31424128222257,31.179990470836447],[121.31424130561963,31.17971718914779]]],[[[121.31394964022353,31.179991020103802],[121.31482456428202,31.179989370454837],[121.31482454088078,31.180262652200405],[121.3139496168282,31.180264301849515],[121.31394964022353,31.179991020103802]]],[[[121.31365797415533,31.1802648504759],[121.31453290016873,31.180263202692718],[121.31453287676922,31.180536484495402],[121.31365795076174,31.18053813227873],[121.31365797415533,31.1802648504759]]],[[[121.31365795076174,31.180538132278734],[121.31453287676922,31.180536484495406],[121.31453285336949,31.180809766355218],[121.3136579273679,31.18081141413869],[121.31365795076174,31.180538132278734]]],[[[121.31394957003684,31.180810865512207],[121.31424121202998,31.180810316244703],[121.31424118863197,31.181083598161756],[121.3139495466408,31.181084147429306],[121.31394957003684,31.180810865512207]]]]}},{"type":"Feature","properties":{"parcel_id":"hongqiao_hub:parcel:0006","geometry_method":"road_barrier_raster_plus_buildings","functional_type":"office","dominant_type":"office","confidence":0.89,"building_count":1,"avg_building_area_m2":606,"centroid_lng":121.358554,"centroid_lat":31.183328,"parcel_area_m2":450075,"safety_clipped":false,"classification_source":"osm_tags+building_morphology+spatial_prior","synthetic_classification":true,"qc_flags":""},"geometry":{"type":"MultiPolygon","coordinates":[[[[121.35886902806371,31.1719855679417],[121.35945264490621,31.171984735895823],[121.35945262122854,31.172258016005497],[121.35886900438902,31.172258848051488],[121.35886902806371,31.1719855679417]]],[[[121.3585772000575,31.17225926748981],[121.36032806721533,31.17225678525874],[121.36032804353302,31.172530065423533],[121.35857717638407,31.172532547654928],[121.3585772000575,31.17225926748981]]],[[[121.35857717638407,31.172532547654928],[121.36032804353302,31.172530065423533],[121.36032801985046,31.17280334564367],[121.3585771527104,31.172805827875393],[121.35857717638407,31.172532547654928]]],[[[121.35828535108178,31.17280624956873],[121.36003620173545,31.172803753561343],[121.36003617805412,31.17307703383694],[121.35828532740938,31.173079529844653],[121.35828535108178,31.17280624956873]]],[[[121.35828532740938,31.173079529844653],[121.36003617805412,31.17307703383694],[121.36003615437254,31.173350314168],[121.35828530373672,31.17335281017604],[121.35828532740938,31.173079529844653]]],[[[121.35828530373672,31.17335281017604],[121.35974433905578,31.17335072442256],[121.35974431537542,31.173624004809206],[121.35828528006384,31.173626090562962],[121.35828530373672,31.17335281017604]]],[[[121.35799348112037,31.173626514494813],[121.35974431537542,31.173624004809206],[121.35974429169484,31.173897285251446],[121.35799345744876,31.173899794937377],[121.35799348112037,31.173626514494813]]],[[[121.35799345744876,31.173899794937377],[121.35974429169484,31.173897285251446],[121.359744268014,31.174170565749336],[121.35799343377691,31.174173075435597],[121.35799345744876,31.173899794937377]]],[[[121.35799343377691,31.174173075435597],[121.35945245547809,31.174170978324582],[121.35945243179849,31.174444258878243],[121.35799341010481,31.174446355989527],[121.35799343377691,31.174173075435597]]],[[[121.35770161382717,31.174446782143285],[121.35945243179849,31.174444258878246],[121.35945240811866,31.174717539487684],[121.35770159015637,31.174720062753046],[121.35770161382717,31.174446782143285]]],[[[121.35770159015637,31.174720062753046],[121.35945240811866,31.174717539487684],[121.35945238443857,31.174990820152964],[121.35770156648532,31.17499334341865],[121.35770159015637,31.174720062753046]]],[[[121.35740977285258,31.174993771777572],[121.35945238443857,31.174990820152964],[121.35945236075825,31.17526410087414],[121.35740974918282,31.17526705249913],[121.35740977285258,31.174993771777572]]],[[[121.35740974918282,31.17526705249913],[121.35916055098569,31.175264515753813],[121.35916052730661,31.175537796531007],[121.35740972551282,31.175540333276647],[121.35740974918282,31.17526705249913]]],[[[121.35711793450551,31.175540763824007],[121.35916052730661,31.175537796531007],[121.3591605036273,31.175811077364227],[121.35711791083682,31.175814044657606],[121.35711793450551,31.175540763824007]]],[[[121.35711791083682,31.175814044657606],[121.3591605036273,31.175811077364227],[121.35916047994773,31.176084358253533],[121.35711788716787,31.17608732554729],[121.35711791083682,31.175814044657606]]],[[[121.35682609876646,31.176087758266295],[121.35916047994773,31.176084358253533],[121.35916045626793,31.176357639198983],[121.35682607509882,31.17636103921218],[121.35682609876646,31.176087758266295]]],[[[121.35682607509882,31.176361039212182],[121.35886864923971,31.176358056366716],[121.35886862556116,31.17663133736843],[121.35682605143094,31.176634320214273],[121.35682607509882,31.176361039212182]]],[[[121.3565342656158,31.176634755088077],[121.35886862556116,31.17663133736843],[121.35886860188238,31.17690461842642],[121.35653424194925,31.176908036146493],[121.3565342656158,31.176634755088077]]],[[[121.35653424194925,31.176908036146493],[121.35886860188238,31.17690461842642],[121.35886857820334,31.177177899540737],[121.35653421828245,31.177181317261244],[121.35653424194925,31.176908036146493]]],[[[121.35653421828245,31.177181317261244],[121.35740958348777,31.17718001912043],[121.35740955981608,31.177453300291415],[121.3565341946154,31.177454598432387],[121.35653421828245,31.177181317261244]]],[[[121.35624241136841,31.177455035444137],[121.35711776881955,31.17745373083915],[121.35711774514917,31.17772701206664],[121.3562423877027,31.17772831667179],[121.35624241136841,31.177455035444137]]],[[[121.3562423877027,31.17772831667179],[121.35711774514917,31.17772701206664],[121.35711772147853,31.17800029335065],[121.35624236403673,31.178001597955955],[121.3562423877027,31.17772831667179]]],[[[121.35624236403673,31.178001597955955],[121.35711772147853,31.17800029335065],[121.35711769780767,31.178273574691236],[121.35624234037051,31.178274879296705],[121.35624236403673,31.178001597955955]]],[[[121.35595055967198,31.178275318429435],[121.35682590941863,31.17827400741067],[121.35682588574906,31.178547288807952],[121.35595053600711,31.178548599826872],[121.35595055967198,31.178275318429435]]],[[[121.35595053600711,31.178548599826875],[121.35682588574906,31.178547288807955],[121.35682586207926,31.178820570261934],[121.35595051234199,31.178821881281017],[121.35595053600711,31.178548599826875]]],[[[121.35595051234199,31.178821881281017],[121.35653407627656,31.178821005136165],[121.35653405260807,31.17909428664696],[121.35595048867663,31.17909516279192],[121.35595051234199,31.178821881281017]]],[[[121.35565871050673,31.179095604028614],[121.35653405260807,31.17909428664696],[121.35653402893934,31.17936756821458],[121.35565868684272,31.179368885596393],[121.35565871050673,31.179095604028614]]],[[[121.35565868684272,31.179368885596393],[121.35653402893934,31.17936756821458],[121.35653400527038,31.179640849839085],[121.35565866317845,31.179642167221058],[121.35565868684272,31.179368885596393]]],[[[121.35565866317845,31.179642167221058],[121.35653400527038,31.179640849839085],[121.35653398160116,31.179914131520537],[121.35565863951395,31.17991544890267],[121.35565866317845,31.179642167221058]]],[[[121.35536686385284,31.17991589222625],[121.35624219836824,31.179914568532766],[121.35624217470034,31.180187850271274],[121.35536684018967,31.18018917396492],[121.35536686385284,31.17991589222625]]],[[[121.35536684018967,31.18018917396492],[121.35624217470034,31.180187850271274],[121.3562421510322,31.180461132066853],[121.35536681652627,31.180462455760658],[121.35536684018967,31.18018917396492]]],[[[121.35536681652627,31.18046245576066],[121.35595037034622,31.180461571200013],[121.35595034667942,31.180734853052776],[121.35536679286263,31.18073573761353],[121.35536681652627,31.18046245576066]]],[[[121.35536679286263,31.18073573761353],[121.35595034667942,31.180734853052776],[121.35595032301238,31.181008134962727],[121.35536676919875,31.18100901952359],[121.35536679286263,31.18073573761353]]],[[[121.35536676919875,31.18100901952359],[121.35595032301238,31.181008134962727],[121.3559502993451,31.18128141692993],[121.35536674553462,31.1812823014909],[121.35536676919875,31.18100901952359]]],[[[121.35507497236556,31.181282746884346],[121.3559502993451,31.18128141692993],[121.35595027567757,31.181554698954447],[121.35507494870278,31.18155602890902],[121.35507497236556,31.181282746884346]]],[[[121.35507494870278,31.18155602890902],[121.35595027567757,31.181554698954447],[121.3559502520098,31.181827981036335],[121.35507492503977,31.18182931099107],[121.35507494870278,31.18155602890902]]],[[[121.35507492503977,31.18182931099107],[121.35653381590991,31.181827104890306],[121.35653379223878,31.18210038702952],[121.35507490137651,31.182102593130555],[121.35507492503977,31.18182931099107]]],[[[121.35507490137651,31.182102593130555],[121.35770095095342,31.18209866052549],[121.35770092727586,31.182371942721986],[121.35507487771302,31.18237587532753],[121.35507490137651,31.182102593130555]]],[[[121.35478310701443,31.18237632277361],[121.35886812825592,31.18237025149753],[121.35886810457207,31.182643533751367],[121.35478308335229,31.182649605028196],[121.35478310701443,31.18237632277361]]],[[[121.35478308335229,31.1826496050282],[121.35974353378843,31.182642289124313],[121.35974351009988,31.1829155714356],[121.35478305968991,31.182922887340403],[121.35478308335229,31.1826496050282]]],[[[121.3550748303853,31.182922439894217],[121.36032714342606,31.182914753259436],[121.36032711973432,31.18318803562829],[121.35507480672108,31.183195722264045],[121.3550748303853,31.182922439894217]]],[[[121.35507480672108,31.183195722264045],[121.36178625262382,31.183186031645402],[121.36178622892466,31.183459314071722],[121.35507478305662,31.183469004691613],[121.35507480672108,31.183195722264045]]],[[[121.35536655621296,31.183468559297737],[121.36266174339794,31.183458140749185],[121.36266171969432,31.183731423233137],[121.35536653254667,31.18374184178305],[121.35536655621296,31.183468559297737]]],[[[121.35536653254667,31.18374184178305],[121.36353726082798,31.183730272231244],[121.36353723711998,31.18400355477289],[121.35536650888012,31.184015124326223],[121.35536653254667,31.18374184178305]]],[[[121.35565828451747,31.18401468100184],[121.36441280540308,31.184002426510997],[121.36441278169077,31.184275709110395],[121.35565826084911,31.184287963602877],[121.35565828451747,31.18401468100184]]],[[[121.35595003898905,31.18428752236517],[121.36441278169077,31.184275709110395],[121.36441275797823,31.18454899176777],[121.35595001531887,31.184560805024137],[121.35595003898905,31.18428752236517]]],[[[121.35624179598129,31.18456036589018],[121.36412089883959,31.184549365302836],[121.36412087512815,31.18482264801831],[121.3562417723093,31.184833648607132],[121.35624179598129,31.18456036589018]]],[[[121.3565335555141,31.184833211593944],[121.36412087512815,31.184822648018315],[121.36412085141646,31.185095930791892],[121.35653353184031,31.185106494368945],[121.3565335555141,31.184833211593944]]],[[[121.35711710595758,31.185105626772707],[121.36412085141646,31.185095930791892],[121.36412082770454,31.18536921362363],[121.35711708228044,31.185378909605763],[121.35711710595758,31.185105626772707]]],[[[121.3574088732323,31.185378479056467],[121.36412082770454,31.18536921362363],[121.36412080399238,31.185642496513594],[121.35740884955338,31.185651761947693],[121.3574088732323,31.185378479056467]]],[[[121.35828423821816,31.185650483496477],[121.36412080399238,31.185642496513594],[121.36412078027998,31.18591577946184],[121.35828421453442,31.185923766445825],[121.35828423821816,31.185650483496477]]],[[[121.35974324950985,31.18592168067984],[121.36412078027998,31.18591577946184],[121.36412075656733,31.18618906246843],[121.35974322581839,31.18619496368726],[121.35974324950985,31.18592168067984]]],[[[121.36003504106603,31.186194553430138],[121.36412075656733,31.18618906246843],[121.36412073285445,31.18646234553342],[121.36003501737287,31.186467836495904],[121.36003504106603,31.186194553430138]]],[[[121.36061865627123,31.186467023008042],[121.36412073285445,31.18646234553342],[121.36412070914132,31.186735628656876],[121.3606186325749,31.186740306132165],[121.36061865627123,31.186467023008042]]],[[[121.36178594451589,31.18673870771321],[121.36382885306645,31.18673600474985],[121.36382882935443,31.187009287931886],[121.36178592081357,31.187011990895638],[121.36178594451589,31.18673870771321]]],[[[121.36295327927296,31.187010431402058],[121.36382882935443,31.187009287931886],[121.36382880564217,31.18728257117251],[121.36295325556482,31.18728371464285],[121.36295327927296,31.187010431402058]]],[[[121.36353695260519,31.187282949807713],[121.36382880564217,31.18728257117251],[121.36382878192967,31.187555854471775],[121.36353692889405,31.187556233107035],[121.36353695260519,31.187282949807713]]]]}},{"type":"Feature","properties":{"parcel_id":"hongqiao_hub:parcel:0007","geometry_method":"road_barrier_raster_plus_buildings","functional_type":"residential","dominant_type":"residential","confidence":1,"building_count":1,"avg_building_area_m2":606,"centroid_lng":121.34653,"centroid_lat":31.172306,"parcel_area_m2":158157,"safety_clipped":false,"classification_source":"osm_tags+building_morphology+spatial_prior","synthetic_classification":true,"qc_flags":""},"geometry":{"type":"MultiPolygon","coordinates":[[[[121.34340657744686,31.172830342164993],[121.34369826833675,31.17282982859777],[121.34369824474842,31.173103108876294],[121.34340655386035,31.173103622443566],[121.34340657744686,31.172830342164993]]],[[[121.34340655386035,31.173103622443566],[121.34457332734155,31.173101576324182],[121.34457330374752,31.17337485665802],[121.34340653027361,31.17337690277761],[121.34340655386035,31.173103622443566]]],[[[121.34311484100549,31.173377417671738],[121.34515670063291,31.17337384193626],[121.34515667703505,31.17364712232553],[121.34311481742034,31.17365069806136],[121.34311484100549,31.173377417671738]]],[[[121.34311481742034,31.17365069806136],[121.34574008091587,31.173646113362597],[121.34574005731416,31.173919393807356],[121.34311479383496,31.173923978506572],[121.34311481742034,31.17365069806136]]],[[[121.34369817398199,31.17392295004492],[121.34603176193191,31.173918891532182],[121.34603173832818,31.17419217203254],[121.34369815039271,31.174196230545686],[121.34369817398199,31.17392295004492]]],[[[121.34398984291364,31.17419571832392],[121.34719857515914,31.174190178074902],[121.34719855154806,31.174463458630775],[121.3439898193223,31.174468998880347],[121.34398984291364,31.17419571832392]]],[[[121.3442815135036,31.174468488023116],[121.3477819812827,31.174462470997252],[121.34778195766786,31.1747357516088],[121.34428148991019,31.174741768635272],[121.3442815135036,31.174468488023116]]],[[[121.3448648833435,31.17474075108977],[121.34836539517678,31.174734770402168],[121.34836537155822,31.17500805106945],[121.34486485974624,31.175014031757666],[121.3448648833435,31.17474075108977]]],[[[121.34515655904208,31.175013525106984],[121.34924054277376,31.175006591630826],[121.34924051914976,31.17527987235386],[121.34515653544275,31.175286805830726],[121.34515655904208,31.175013525106984]]],[[[121.34544823648659,31.175286300619735],[121.34982397684298,31.175278907855134],[121.3498239532153,31.175552188634025],[121.34544821288524,31.17555958139939],[121.34544823648659,31.175286300619735]]],[[[121.34573991569889,31.175559077646795],[121.35040741927827,31.175551231072927],[121.35040739564694,31.175824511907738],[121.34573989209551,31.175832358482424],[121.34573991569889,31.175559077646795]]],[[[121.34603159670074,31.175831856206894],[121.35040739564694,31.175824511907738],[121.35040737201537,31.176097792798632],[121.34603157309533,31.17610513709856],[121.34603159670074,31.175831856206894]]],[[[121.34603157309533,31.17610513709856],[121.3501156379301,31.17609827070303],[121.3501156143,31.176371551650124],[121.34603154948967,31.17637841804637],[121.34603157309533,31.17610513709856]]],[[[121.34632325590643,31.17637791726649],[121.34982388233082,31.176372031307086],[121.34982385870218,31.176645312310445],[121.34632323229874,31.17665119827046],[121.34632325590643,31.17637791726649]]],[[[121.34690665066066,31.176650201272185],[121.34982385870218,31.176645312310445],[121.3498238350733,31.17691859337007],[121.3469066270492,31.176923482332324],[121.34690665066066,31.176650201272185]]],[[[121.3471983390376,31.176922986151013],[121.34953210520086,31.176919074761575],[121.34953208157346,31.177192355877587],[121.34719831542412,31.177196267267433],[121.3471983390376,31.176922986151013]]],[[[121.34749002931233,31.17719577265598],[121.34924035377499,31.177192838985473],[121.34924033014906,31.177466120157927],[121.34749000569684,31.177469053828744],[121.34749002931233,31.17719577265598]]],[[[121.34778172150635,31.177468560805597],[121.34924033014906,31.177466120157927],[121.34924030652289,31.17773940138684],[121.34778169788888,31.177741842034763],[121.34778172150635,31.177468560805597]]],[[[121.34807341564114,31.177741350618323],[121.34924030652289,31.17773940138684],[121.34924028289649,31.178012682672268],[121.34807339202167,31.178014631903956],[121.34807341564114,31.177741350618323]]],[[[121.34836511173813,31.178014142112588],[121.34894855715424,31.178013167478483],[121.34894853352932,31.17828644882054],[121.34836508811668,31.178287423454748],[121.34836511173813,31.178014142112588]]],[[[121.34836508811668,31.178287423454748],[121.34894853352932,31.17828644882054],[121.34894850990416,31.178559730219234],[121.348365064495,31.17856070485355],[121.34836508811668,31.178287423454748]]],[[[121.34865678619526,31.178560216705527],[121.34894850990416,31.178559730219238],[121.34894848627876,31.178833011674637],[121.3486567625716,31.178833498160976],[121.34865678619526,31.178560216705527]]]]}},{"type":"Feature","properties":{"parcel_id":"hongqiao_hub:parcel:0008","geometry_method":"road_barrier_raster_plus_buildings","functional_type":"commercial","dominant_type":"commercial","confidence":0.86,"building_count":1,"avg_building_area_m2":606,"centroid_lng":121.369358,"centroid_lat":31.176892,"parcel_area_m2":223776,"safety_clipped":false,"classification_source":"osm_tags+building_morphology+spatial_prior","synthetic_classification":true,"qc_flags":""},"geometry":{"type":"MultiPolygon","coordinates":[[[[121.3612034911557,31.17280213607285],[121.36149532063995,31.17280173766351],[121.36149529695138,31.17307501793883],[121.36120346746857,31.173075416348226],[121.3612034911557,31.17280213607285]]],[[[121.36120346746857,31.173075416348226],[121.3623708028073,31.17307383727647],[121.36237077911426,31.17334711760709],[121.36120344378118,31.17334869667907],[121.36120346746857,31.173075416348226]]],[[[121.36120344378118,31.17334869667907],[121.36324631146327,31.173345959124404],[121.36324628776582,31.17361923951039],[121.36120342009356,31.173621977065444],[121.36120344378118,31.17334869667907]]],[[[121.36091159348399,31.173622377876093],[121.3638299909592,31.173618479718844],[121.36382996725878,31.17389176016031],[121.36091156979757,31.173895658318113],[121.36091159348399,31.173622377876093]]],[[[121.36061974604117,31.173896061513958],[121.36441368258832,31.173891010537105],[121.36441365888496,31.17416429103411],[121.36061972235595,31.174169342011684],[121.36061974604117,31.173896061513958]]],[[[121.36061972235595,31.174169342011684],[121.36441365888496,31.17416429103411],[121.36441363518135,31.17443757158683],[121.36061969867048,31.174442622565127],[121.36061972235595,31.174169342011684]]],[[[121.36061969867048,31.17444262256513],[121.36441363518135,31.174437571586832],[121.3644136114775,31.174710852195332],[121.36061967498478,31.174715903174352],[121.36061969867048,31.17444262256513]]],[[[121.36061967498478,31.174715903174352],[121.36499733908057,31.174710112862574],[121.36499731537383,31.174983393526798],[121.36061965129883,31.17498918383941],[121.36061967498478,31.174715903174352]]],[[[121.36032783038127,31.17498958940456],[121.36499731537383,31.174983393526798],[121.36499729166684,31.17525667424692],[121.36032780669653,31.175262870125575],[121.36032783038127,31.17498958940456]]],[[[121.36032780669653,31.175262870125575],[121.36499729166684,31.17525667424692],[121.36499726795961,31.17552995502301],[121.36032778301156,31.175536150902552],[121.36032780669653,31.175262870125575]]],[[[121.36032778301156,31.175536150902552],[121.36499726795961,31.17552995502301],[121.36499724425214,31.17580323585512],[121.36032775932634,31.17580943173555],[121.36032778301156,31.175536150902552]]],[[[121.36032775932634,31.17580943173555],[121.36499724425214,31.17580323585512],[121.36499722054442,31.176076516743315],[121.3603277356409,31.176082712624638],[121.36032775932634,31.17580943173555]]],[[[121.36003591754343,31.176083120542966],[121.36499722054442,31.176076516743315],[121.36499719683647,31.17634979768766],[121.3600358938592,31.176356401488256],[121.36003591754343,31.176083120542966]]],[[[121.3600358938592,31.17635640148826],[121.36499719683647,31.176349797687664],[121.36499717312827,31.176623078688216],[121.36003587017473,31.176629682489757],[121.3600358938592,31.17635640148826]]],[[[121.36003587017473,31.176629682489757],[121.36499717312827,31.176623078688216],[121.36499714941982,31.17689635974504],[121.36003584649,31.176902963547526],[121.36003587017473,31.176629682489757]]],[[[121.36003584649,31.176902963547526],[121.36499714941982,31.17689635974504],[121.36499712571114,31.177169640858196],[121.36003582280505,31.177176244661624],[121.36003584649,31.176902963547526]]],[[[121.35974400750888,31.177176654916945],[121.36499712571114,31.177169640858196],[121.36499710200222,31.177442922027744],[121.35974398382514,31.177449936087495],[121.35974400750888,31.177176654916945]]],[[[121.35974398382514,31.177449936087495],[121.36499710200222,31.177442922027744],[121.36499707829306,31.17771620325375],[121.35974396014117,31.177723217314497],[121.35974398382514,31.177449936087495]]],[[[121.36091123816225,31.177721590378095],[121.36499707829306,31.17771620325375],[121.36499705458365,31.17798948453627],[121.36091121447221,31.177994871661397],[121.36091123816225,31.177721590378095]]],[[[121.36266221741958,31.17799250312695],[121.36499705458365,31.17798948453627],[121.36499703087401,31.17826276587537],[121.3626621937208,31.1782657844665],[121.36266221741958,31.17799250312695]]]]}},{"type":"Feature","properties":{"parcel_id":"hongqiao_hub:parcel:0009","geometry_method":"road_barrier_raster_plus_buildings","functional_type":"residential","dominant_type":"residential","confidence":1,"building_count":1,"avg_building_area_m2":606,"centroid_lng":121.318259,"centroid_lat":31.173686,"parcel_area_m2":37016,"safety_clipped":false,"classification_source":"osm_tags+building_morphology+spatial_prior","synthetic_classification":true,"qc_flags":""},"geometry":{"type":"MultiPolygon","coordinates":[[[[121.31803313893441,31.17342453580585],[121.31861640845477,31.173423422993682],[121.31861638503347,31.173696703387403],[121.31803311551708,31.173697816199667],[121.31803313893441,31.17342453580585]]],[[[121.31715820846901,31.17369948257857],[121.31832475044511,31.17369725996992],[121.31832472702557,31.17397054041928],[121.31715818505741,31.173972763028125],[121.31715820846901,31.17369948257857]]],[[[121.31569999775603,31.173975531466425],[121.31774145681118,31.17397165250672],[121.31774143339537,31.174244933011828],[121.31569997435409,31.174248811971875],[121.31569999775603,31.173975531466425]]],[[[121.31540833535904,31.17424936415724],[121.31744979772417,31.174245488478007],[121.3174497743101,31.17451876903888],[121.31540831195883,31.174522644718454],[121.31540833535904,31.17424936415724]]],[[[121.31540831195883,31.174522644718458],[121.31715813823348,31.17451932409426],[121.31715811482117,31.17479260471096],[121.3154082885584,31.17479592533545],[121.31540831195883,31.174522644718458]]],[[[121.3151166490028,31.17479647697534],[121.3168664783166,31.17479315933621],[121.31686645490602,31.175066440008795],[121.3151166256041,31.17506975764822],[121.3151166490028,31.17479647697534]]],[[[121.3151166256041,31.17506975764822],[121.3162831805211,31.175067547891732],[121.31628315711426,31.175340828620318],[121.31511660220517,31.175343038376997],[121.3151166256041,31.17506975764822]]],[[[121.31482496206672,31.175343589452268],[121.31569988074396,31.175341934551447],[121.31569985734083,31.17561521533609],[121.31482493866952,31.175616870237057],[121.31482496206672,31.175343589452268]]],[[[121.31482493866952,31.175616870237057],[121.31540821835566,31.175615767521702],[121.31540819495427,31.175889048362418],[121.31482491527208,31.175890151077873],[121.31482493866952,31.175616870237057]]],[[[121.31453327452847,31.175890701569408],[121.31511655540659,31.175889600002503],[121.31511653200694,31.17616288089935],[121.31453325113277,31.176163982466356],[121.31453327452847,31.175890701569408]]],[[[121.31453325113277,31.176163982466356],[121.31482489187441,31.17616343197477],[121.31482486847649,31.176436712927817],[121.31453322773683,31.17643726341945],[121.31453325113277,31.176163982466356]]]]}},{"type":"Feature","properties":{"parcel_id":"hongqiao_hub:parcel:0010","geometry_method":"road_barrier_raster_plus_buildings","functional_type":"residential","dominant_type":"residential","confidence":1,"building_count":1,"avg_building_area_m2":606,"centroid_lng":121.315761,"centroid_lat":31.171501,"parcel_area_m2":198538,"safety_clipped":false,"classification_source":"osm_tags+building_morphology+spatial_prior","synthetic_classification":true,"qc_flags":""},"geometry":{"type":"MultiPolygon","coordinates":[[[[121.30928375193999,31.17426080475352],[121.31307520120627,31.174253760394915],[121.31307517782183,31.174527040956516],[121.30928372858082,31.17453408531576],[121.30928375193999,31.17426080475352]]],[[[121.30840875587349,31.17453568983771],[121.31307517782183,31.17452704095652],[121.31307515443714,31.1748003215739],[121.30840873251985,31.174808970455878],[121.30840875587349,31.17453568983771]]],[[[121.30607542245353,31.174813204001477],[121.31278350956482,31.174800868162357],[121.31278348618186,31.175074148835627],[121.3060753991149,31.175086484675877],[121.30607542245353,31.174813204001477]]],[[[121.30490871452982,31.175088574624088],[121.31278348618186,31.175074148835627],[121.31278346279865,31.175347429564795],[121.30490869119849,31.175361855354588],[121.30490871452982,31.175088574624088]]],[[[121.30490869119849,31.175361855354588],[121.31278346279865,31.175347429564795],[121.31278343941521,31.175620710349925],[121.30490866786693,31.17563513614105],[121.30490869119849,31.175361855354588]]],[[[121.30461699341784,31.17563565563894],[121.31249179378457,31.175621256221678],[121.31249177040284,31.17589453706288],[121.30461697008792,31.175908936481477],[121.30461699341784,31.17563565563894]]],[[[121.30432529427644,31.175909454748023],[121.31249177040284,31.17589453706288],[121.31249174702089,31.17616781796017],[121.30432527094815,31.176182735646698],[121.30432529427644,31.175909454748023]]],[[[121.30432527094815,31.176182735646698],[121.31249174702089,31.17616781796017],[121.3124917236387,31.176441098913607],[121.30432524761963,31.17645601660152],[121.30432527094815,31.176182735646698]]],[[[121.30432524761963,31.176456016601524],[121.3124917236387,31.17644109891361],[121.31249170025626,31.176714379923258],[121.30432522429086,31.176729297612553],[121.30432524761963,31.176456016601524]]],[[[121.30461690009672,31.176728779345854],[121.31015850512851,31.176718718833623],[121.31015848176142,31.176991999899933],[121.30461687676585,31.177002060413106],[121.30461690009672,31.176728779345854]]]]}},{"type":"Feature","properties":{"parcel_id":"hongqiao_hub:parcel:0011","geometry_method":"road_barrier_raster_plus_buildings","functional_type":"mixed","dominant_type":"residential","confidence":0.49,"building_count":3,"avg_building_area_m2":606,"centroid_lng":121.340767,"centroid_lat":31.175786,"parcel_area_m2":577106,"safety_clipped":false,"classification_source":"osm_tags+building_morphology+spatial_prior","synthetic_classification":true,"qc_flags":"low_confidence"},"geometry":{"type":"MultiPolygon","coordinates":[[[[121.33348973920268,31.174761430671325],[121.33378138762737,31.174760882772254],[121.33378136410172,31.175034163442035],[121.33348971567897,31.17503471134115],[121.33348973920268,31.174761430671325]]],[[[121.33319806810796,31.175035259909535],[121.33407301339909,31.175033616231822],[121.33407298987126,31.17530689695745],[121.33319804458597,31.17530854063531],[121.33319806810796,31.175035259909535]]],[[[121.33290639784575,31.17530908985336],[121.3346562911775,31.175305804682132],[121.33465626764553,31.175579085463628],[121.33290637432547,31.175582370635148],[121.33290639784575,31.17530908985336]]],[[[121.33261472839312,31.175582920483212],[121.3349479197001,31.175578540437733],[121.33494789616597,31.175851821275202],[121.33261470487457,31.17585620132107],[121.33261472839312,31.175582920483212]]],[[[121.33261470487457,31.17585620132107],[121.33523954918466,31.17585127701659],[121.33523952564835,31.176124557910097],[121.33261468135578,31.176129482215018],[121.33261470487457,31.17585620132107]]],[[[121.33261468135578,31.176129482215018],[121.33553117965396,31.17612401443834],[121.33553115611547,31.176397295387947],[121.33261465783674,31.176402763165108],[121.33261468135578,31.176129482215018]]],[[[121.33232301269328,31.176403313623613],[121.33611446718061,31.17639621088326],[121.33611444363802,31.176669491888976],[121.33232298917596,31.176676594629964],[121.33232301269328,31.176403313623613]]],[[[121.33203134479453,31.17667714567913],[121.33640610074309,31.176668950895117],[121.33640607719835,31.176942231957053],[121.33203132127893,31.1769504267418],[121.33203134479453,31.17667714567913]]],[[[121.33173967763656,31.176950978361944],[121.33698939466724,31.176941152583858],[121.3369893711184,31.177214433702026],[121.3317396541227,31.177224259480994],[121.33173967763656,31.176950978361944]]],[[[121.33144801119647,31.177224811652422],[121.33728103152765,31.17721389536166],[121.33728100797667,31.177487176536175],[121.33144798768434,31.177498092827914],[121.33144801119647,31.177224811652422]]],[[[121.33115634545129,31.177498645530928],[121.33757266953208,31.177486639119223],[121.33757264597894,31.177759920350148],[121.33115632194088,31.177771926762922],[121.33115634545129,31.177498645530928]]],[[[121.33086468037803,31.17777247997781],[121.33786430870316,31.177759383876054],[121.33786428514787,31.178032665163446],[121.33086465686935,31.17804576126637],[121.33086468037803,31.17777247997781]]],[[[121.33057301595373,31.178046314973418],[121.33844761419522,31.178031595121546],[121.33844759063588,31.178304876465415],[121.33057299244679,31.17831959631861],[121.33057301595373,31.178046314973418]]],[[[121.33028135215541,31.178320150498095],[121.33873925700422,31.178304342936382],[121.33873923344275,31.178577624336842],[121.3302813286502,31.178593431899973],[121.33028135215541,31.178320150498095]]],[[[121.3302813286502,31.178593431899976],[121.33903090107033,31.178577091828227],[121.33903087750673,31.17885037328534],[121.33028130514475,31.178866713358556],[121.3302813286502,31.178593431899976]]],[[[121.3299896654566,31.178867267990807],[121.33932254641608,31.17884984181647],[121.33932252285035,31.179123123330292],[121.32998964195288,31.179140549506197],[121.3299896654566,31.178867267990807]]],[[[121.329698002843,31.17914110457144],[121.33990586460637,31.179122063589077],[121.33990584103663,31.179395345159623],[121.32969797934102,31.179414386143698],[121.329698002843,31.17914110457144]]],[[[121.3305728984166,31.179412722266378],[121.34019751392823,31.179394816925836],[121.34019749035637,31.179668098553215],[121.33057287490847,31.179686003895377],[121.3305728984166,31.179412722266378]]],[[[121.33378096412909,31.179679943431346],[121.34048916461968,31.179667571436287],[121.3404891410457,31.179940853120563],[121.33378094059914,31.17995322511676],[121.33378096412909,31.179679943431346]]],[[[121.33494754312517,31.179951040602013],[121.34078081670312,31.17994032713971],[121.34078079312702,31.180213608880948],[121.3349475195872,31.180224322344234],[121.33494754312517,31.179951040602013]]],[[[121.33553082655152,31.180223234612345],[121.34136414871551,31.18021256040426],[121.34136412513546,31.180485842202465],[121.33553080300945,31.180496516411537],[121.33553082655152,31.180223234612345]]],[[[121.3361141140167,31.180495431905385],[121.34165580511119,31.180485319744943],[121.34165578152903,31.180758601600225],[121.33611409047053,31.180768713761605],[121.3361141140167,31.180495431905385]]],[[[121.33640574754672,31.18076817276701],[121.3419474629882,31.180758080355382],[121.34194743940395,31.181031362267806],[121.33640572399838,31.181041454680376],[121.33640574754672,31.18076817276701]]],[[[121.33698904140967,31.181040375305702],[121.34223912236882,31.181030842254735],[121.34223909878249,31.181304124224358],[121.33698901785725,31.18131365727622],[121.33698904140967,31.181040375305702]]],[[[121.33728067823778,31.181313118935115],[121.34253078327525,31.18130360546211],[121.34253075968682,31.181576887488998],[121.3372806546832,31.181586400962896],[121.33728067823778,31.181313118935115]]],[[[121.33757231620991,31.181585863545205],[121.3428224457297,31.181576369996602],[121.34282242213918,31.18184965208081],[121.33757229265319,31.181859145630312],[121.33757231620991,31.181585863545205]]],[[[121.33786395534878,31.18185860915548],[121.3434057989656,31.18184862098158],[121.34340577537118,31.182121903123125],[121.3378639317899,31.18213189129797],[121.33786395534878,31.18185860915548]]],[[[121.3378639317899,31.18213189129797],[121.34369746619895,31.182121389554194],[121.34369744260245,31.182394671753183],[121.33786390823079,31.182405173497955],[121.3378639317899,31.18213189129797]]],[[[121.33815557211598,31.182404637985353],[121.3439891350687,31.182394159529906],[121.34398911147015,31.1826674417864],[121.33815554855472,31.182677920242845],[121.33815557211598,31.182404637985353]]],[[[121.33844721365405,31.182677385711923],[121.34398911147015,31.182667441786403],[121.34398908787136,31.182940724100515],[121.33844719009065,31.182950668026983],[121.33844721365405,31.182677385711923]]],[[[121.3387388564267,31.182950134497112],[121.34369739540875,31.18294123632389],[121.34369737181154,31.18321451869573],[121.33873883286115,31.183223416869797],[121.3387388564267,31.182950134497112]]],[[[121.33873883286115,31.183223416869797],[121.34369737181154,31.18321451869573],[121.34369734821409,31.18348780112531],[121.33873880929538,31.18349669930022],[121.33873883286115,31.183223416869797]]],[[[121.33903047688887,31.183496166790714],[121.34340565739548,31.183488314694493],[121.34340563379962,31.18376159718192],[121.33903045332094,31.183769449278888],[121.33903047688887,31.183496166790714]]],[[[121.33932212219626,31.18376891780913],[121.34311394460114,31.183762112077954],[121.34311392100687,31.18403539462329],[121.33932209862621,31.184042200355115],[121.33932212219626,31.18376891780913]]],[[[121.3396137688059,31.184041669944413],[121.34311392100687,31.18403539462329],[121.34311389741237,31.18430867722655],[121.33961374523373,31.18431495254827],[121.3396137688059,31.184041669944413]]],[[[121.3399054167403,31.18431442321592],[121.34311389741237,31.18430867722655],[121.34311387381761,31.184581959887787],[121.33990539316599,31.184587705877707],[121.3399054167403,31.18431442321592]]],[[[121.34048874025143,31.18458665052515],[121.34311387381761,31.184581959887787],[121.34311385022262,31.184855242607064],[121.34048871667314,31.18485993324488],[121.34048874025143,31.18458665052515]]],[[[121.34078039229685,31.184859407263133],[121.34311385022262,31.184855242607068],[121.3431138266274,31.18512852538445],[121.34078036871645,31.185132690040916],[121.34078039229685,31.184859407263133]]],[[[121.34107204575673,31.185132165214434],[121.3431138266274,31.18512852538445],[121.34311380303193,31.185401808219993],[121.34107202217422,31.18540544805033],[121.34107204575673,31.185132165214434]]],[[[121.34165538059567,31.185404401939856],[121.34311380303193,31.185401808219993],[121.34311377943622,31.185675091113758],[121.34165535700919,31.18567768483387],[121.34165538059567,31.185404401939856]]],[[[121.34223872136837,31.185676643574208],[121.34311377943622,31.185675091113758],[121.34311375584028,31.18594837406581],[121.34223869777796,31.18594992652641],[121.34223872136837,31.185676643574208]]],[[[121.34282206825273,31.185948890270108],[121.34311375584028,31.18594837406581],[121.34311373224409,31.186221657076203],[121.34282204465838,31.18622217328055],[121.34282206825273,31.185948890270108]]]]}},{"type":"Feature","properties":{"parcel_id":"hongqiao_hub:parcel:0012","geometry_method":"road_barrier_raster_plus_buildings","functional_type":"office","dominant_type":"office","confidence":0.89,"building_count":1,"avg_building_area_m2":606,"centroid_lng":121.3442,"centroid_lat":31.175893,"parcel_area_m2":191808,"safety_clipped":false,"classification_source":"osm_tags+building_morphology+spatial_prior","synthetic_classification":true,"qc_flags":""},"geometry":{"type":"MultiPolygon","coordinates":[[[[121.34194791104342,31.175565734815695],[121.34253127857683,31.175564696042425],[121.34253125499345,31.175837976878608],[121.34194788746372,31.17583901565198],[121.34194791104342,31.175565734815695]]],[[[121.34165620597116,31.175839536895925],[121.34282294107499,31.17583745938726],[121.34282291748951,31.17611074027948],[121.34165618239308,31.176112817788344],[121.34165620597116,31.175839536895925]]],[[[121.3413645023876,31.176113340245074],[121.3431146051432,31.176110224076986],[121.34311458155565,31.176383505025303],[121.34136447881114,31.17638662119369],[121.3413645023876,31.176113340245074]]],[[[121.34107280027047,31.176387144844096],[121.34340627080361,31.176382990130627],[121.34340624721399,31.1766562711351],[121.34107277669563,31.176660425848972],[121.34107280027047,31.176387144844096]]],[[[121.34107277669563,31.176660425848972],[121.34369793807831,31.176655757567175],[121.34369791448663,31.176929038627872],[121.34107275312054,31.17693370691012],[121.34107277669563,31.176660425848972]]],[[[121.34078107602424,31.176934231735107],[121.34398960698934,31.1769285264056],[121.34398958339558,31.17720180752258],[121.3407810524508,31.177207512852632],[121.34078107602424,31.176934231735107]]],[[[121.3407810524508,31.177207512852632],[121.34428127755871,31.17720129666484],[121.34428125396289,31.17747457783816],[121.3407810288771,31.177480794026557],[121.3407810524508,31.177207512852632]]],[[[121.3407810288771,31.177480794026557],[121.34486464736,31.177473560291652],[121.34486462376033,31.177746841521326],[121.34078100530317,31.177754075256935],[121.3407810288771,31.177480794026557]]],[[[121.34136436092524,31.177753026781144],[121.34515632303813,31.17774633487014],[121.34515629943641,31.17801961615628],[121.34136433734734,31.17802630806794],[121.34136436092524,31.177753026781144]]],[[[121.34165601733982,31.17802578561086],[121.34544800046227,31.17801911094478],[121.34544797685851,31.178292392287453],[121.34165599375982,31.17829906695418],[121.34165601733982,31.17802578561086]]],[[[121.34194767523567,31.17829854570979],[121.34573967965422,31.17829188853435],[121.34573965604844,31.178565169933606],[121.34194765165358,31.178571827109703],[121.34194767523567,31.17829854570979]]],[[[121.34223933463511,31.17857130709708],[121.34603136063579,31.17856466765757],[121.34603133702797,31.17883794911348],[121.34223931105093,31.178844588553645],[121.34223933463511,31.17857130709708]]],[[[121.34253099556031,31.178844069791847],[121.34632304342868,31.178837448333137],[121.34632301981884,31.179110729845757],[121.34253097197404,31.179117351305123],[121.34253099556031,31.178844069791847]]],[[[121.34311434566698,31.179116317610127],[121.34632301981884,31.179110729845757],[121.34632299620876,31.179384011415202],[121.34311432207679,31.179389599180126],[121.34311434566698,31.179116317610127]]],[[[121.3434060113046,31.179389084284896],[121.34661470444273,31.1793835121491],[121.34661468083063,31.17965679377538],[121.34340598771233,31.179662365911728],[121.3434060113046,31.179389084284896]]],[[[121.34369767855654,31.179661852343248],[121.3469063909213,31.179656296042133],[121.34690636730718,31.179929577725307],[121.34369765496221,31.179935134026977],[121.34369767855654,31.179661852343248]]],[[[121.34398934744488,31.179934621804154],[121.34719807927615,31.179929081543435],[121.34719805566004,31.180202363283563],[121.34398932384848,31.18020790354484],[121.34398934744488,31.179934621804154]]],[[[121.34428101799159,31.180207392686544],[121.34748976952886,31.18020186867155],[121.34748974591074,31.180475150468695],[121.34428099439315,31.180480674484247],[121.34428101799159,31.180207392686544]]],[[[121.34457269021868,31.180480165009328],[121.34778146170092,31.180474657444986],[121.3477814380808,31.18074793929921],[121.34457266661819,31.18075344686411],[121.34457269021868,31.180480165009328]]],[[[121.3448643641481,31.180752938791365],[121.3477814380808,31.18074793929921],[121.34778141446046,31.181021221210624],[121.34486434054554,31.181026220703288],[121.3448643641481,31.180752938791365]]],[[[121.34544774080776,31.181025208839436],[121.34778141446046,31.181021221210624],[121.34778139083986,31.181294503179288],[121.34544771720137,31.18129849080851],[121.34544774080776,31.181025208839436]]],[[[121.34573941997735,31.181297987054847],[121.34778139083986,31.181294503179288],[121.34778136721901,31.181567785205267],[121.34573939636891,31.181571269081182],[121.34573941997735,31.181297987054847]]],[[[121.34632280731947,31.181570266023733],[121.34748965143585,31.181568278229182],[121.34748962781653,31.181841560312584],[121.34632278370724,31.18184354810734],[121.34632280731947,31.181570266023733]]],[[[121.34690620200169,31.18184255110713],[121.34748962781653,31.181841560312584],[121.34748960419697,31.18211484245342],[121.34690617838565,31.18211583324807],[121.34690620200169,31.18184255110713]]]]}},{"type":"Feature","properties":{"parcel_id":"hongqiao_hub:parcel:0013","geometry_method":"road_barrier_raster_plus_buildings","functional_type":"residential","dominant_type":"residential","confidence":0.76,"building_count":2,"avg_building_area_m2":606,"centroid_lng":121.357605,"centroid_lat":31.181421,"parcel_area_m2":168253,"safety_clipped":false,"classification_source":"osm_tags+building_morphology+spatial_prior","synthetic_classification":true,"qc_flags":""},"geometry":{"type":"MultiPolygon","coordinates":[[[[121.35128256353036,31.176369650727423],[121.35244954792933,31.17636777899318],[121.35244952428552,31.176641059996065],[121.35128253989323,31.17664293173052],[121.35128256353036,31.176369650727423]]],[[[121.35128253989323,31.17664293173052],[121.35332478645714,31.176639676034707],[121.35332476280816,31.176912957093705],[121.35128251625586,31.176916212789887],[121.35128253989323,31.17664293173052]]],[[[121.35099077570668,31.17691668532894],[121.35449181191996,31.17691113916768],[121.35449178826424,31.1771844202828],[121.35099075207074,31.17718996644469],[121.35099077570668,31.17691668532894]]],[[[121.35069901370052,31.17719044079024],[121.35420002240292,31.177184871780945],[121.35419999874857,31.177458152952514],[121.35069899006604,31.17746372196244],[121.35069901370052,31.17719044079024]]],[[[121.35069899006604,31.17746372196244],[121.3539082352924,31.17745860645126],[121.35390821163942,31.177731887679336],[121.35069896643132,31.17773700319109],[121.35069899006604,31.17746372196244]]],[[[121.35040723022085,31.177737479325263],[121.35390821163942,31.177731887679336],[121.35390818798622,31.17800516896393],[121.3504072065876,31.178010760610483],[121.35040723022085,31.177737479325263]]],[[[121.35011547251426,31.178011238515243],[121.35390818798622,31.17800516896393],[121.35390816433278,31.1782784503051],[121.35011544888246,31.178284519857094],[121.35011547251426,31.178011238515243]]],[[[121.35011544888246,31.178284519857094],[121.35361640326472,31.17827890578716],[121.35361637961266,31.178552187185026],[121.35011542525042,31.178557801255582],[121.35011544888246,31.178284519857094]]],[[[121.35011542525042,31.178557801255586],[121.35361637961266,31.17855218718503],[121.35361635596036,31.178825468639594],[121.35011540161815,31.17883108271078],[121.35011542525042,31.178557801255586]]],[[[121.34982366966436,31.178831562368202],[121.35361635596036,31.178825468639594],[121.35361633230781,31.17909875015092],[121.34982364603356,31.179104843880207],[121.34982366966436,31.178831562368202]]],[[[121.34982364603356,31.179104843880207],[121.35361633230781,31.17909875015092],[121.35361630865503,31.17937203171907],[121.34982362240251,31.179378125449038],[121.34982364603356,31.179104843880207]]],[[[121.34982362240251,31.179378125449038],[121.35332454995645,31.179372489167047],[121.35332452630506,31.179645770792135],[121.34982359877122,31.17965140707475],[121.34982362240251,31.179378125449038]]],[[[121.34982359877122,31.17965140707475],[121.35332452630506,31.179645770792135],[121.35332450265342,31.17991905247417],[121.3498235751397,31.17992468875741],[121.34982359877122,31.17965140707475]]],[[[121.35011530708664,31.179924209099777],[121.35303274630068,31.17991951187046],[121.35303272265045,31.18019279360955],[121.35011528345315,31.18019749083939],[121.35011530708664,31.179924209099777]]],[[[121.35011528345315,31.18019749083939],[121.35303272265045,31.18019279360955],[121.35303269899998,31.18046607540571],[121.35011525981943,31.180470772636074],[121.35011528345315,31.18019749083939]]],[[[121.35040699387744,31.180470294730853],[121.35303269899998,31.180466075405715],[121.35303267534927,31.180739357259007],[121.35040697024178,31.180743576584614],[121.35040699387744,31.180470294730853]]],[[[121.35069870643356,31.18074310044987],[121.35303267534927,31.180739357259007],[121.35303265169831,31.181012639169488],[121.35069868279597,31.18101638236077],[121.35069870643356,31.18074310044987]]],[[[121.35099042114251,31.18101590801449],[121.35274089767427,31.181013100496646],[121.35274087402472,31.18128638246443],[121.35099039750298,31.18128918998259],[121.35099042114251,31.18101590801449]]],[[[121.3512821380252,31.18128871744271],[121.35274087402472,31.18128638246443],[121.35274085037493,31.18155966448953],[121.35128211438375,31.181561999468066],[121.3512821380252,31.18128871744271]]],[[[121.35157385710251,31.181561528752468],[121.35274085037493,31.18155966448953],[121.3527408267249,31.181832946571998],[121.35157383345913,31.181834810835145],[121.35157385710251,31.181561528752468]]],[[[121.35186557839525,31.18183434196167],[121.35244907500747,31.181833409812377],[121.35244905135885,31.182106691952335],[121.35186555474995,31.182107624101732],[121.35186557839525,31.18183434196167]]],[[[121.35215730192417,31.182107157088176],[121.35244905135885,31.182106691952335],[121.35244902771,31.182379974149786],[121.35215727827696,31.18238043928568],[121.35215730192417,31.182107157088176]]]]}},{"type":"Feature","properties":{"parcel_id":"hongqiao_hub:parcel:0014","geometry_method":"road_barrier_raster_plus_buildings","functional_type":"residential","dominant_type":"residential","confidence":0.81,"building_count":1,"avg_building_area_m2":606,"centroid_lng":121.313166,"centroid_lat":31.185241,"parcel_area_m2":732740,"safety_clipped":false,"classification_source":"osm_tags+building_morphology+spatial_prior","synthetic_classification":true,"qc_flags":""},"geometry":{"type":"MultiPolygon","coordinates":[[[[121.303741798527,31.177550173752053],[121.30403347711791,31.17754965800121],[121.30403345379007,31.177822939237743],[121.30374177520102,31.177823454988634],[121.303741798527,31.177550173752053]]],[[[121.31074173912721,31.17753748241383],[121.31219998370437,31.177534768426433],[121.31219996032296,31.17780804966158],[121.31074171575553,31.17781076364922],[121.31074173912721,31.17753748241383]]],[[[121.30345009518574,31.177823969455],[121.30665850032734,31.17781824260635],[121.30665847698232,31.17809152389895],[121.30345007186138,31.17809725074815],[121.30345009518574,31.177823969455]]],[[[121.3081168159164,31.177815593827614],[121.31190831311353,31.177808594043416],[121.31190828973382,31.17808187533513],[121.30811679256185,31.178088875119965],[121.3081168159164,31.177815593827614]]],[[[121.30315839040114,31.178097763912433],[121.30665847698232,31.17809152389895],[121.30665845363707,31.178364805248126],[121.3031583670784,31.17837104526221],[121.30315839040114,31.178097763912433]]],[[[121.30782513175433,31.178089406978263],[121.31190828973382,31.17808187533513],[121.31190826635388,31.17835515668342],[121.30782510840145,31.178362688327244],[121.30782513175433,31.178089406978263]]],[[[121.3031583670784,31.17837104526221],[121.30665845363707,31.178364805248126],[121.30665843029158,31.178638086653944],[121.30315834375541,31.17864432666863],[121.3031583670784,31.17837104526221]]],[[[121.30782510840145,31.178362688327244],[121.31190826635388,31.17835515668342],[121.3119082429737,31.17862843808835],[121.30782508504832,31.178635969732863],[121.30782510840145,31.178362688327244]]],[[[121.30286666083158,31.178644838513318],[121.30636676361084,31.178638613165152],[121.30636674026701,31.178911894627717],[121.30286663751022,31.178918119976487],[121.30286666083158,31.178644838513318]]],[[[121.30753342311169,31.17863650055824],[121.3119082429737,31.178628438088353],[121.31190821959328,31.178901719549984],[121.30753339976025,31.17890978202061],[121.30753342311169,31.17863650055824]]],[[[121.3025749531005,31.17891863048401],[121.30636674026701,31.178911894627717],[121.30636671692294,31.179185176147048],[121.30257492978075,31.17919191200399],[121.3025749531005,31.17891863048401]]],[[[121.30753339976025,31.17890978202061],[121.31161657156152,31.178902263158626],[121.3116165481828,31.17917554467707],[121.30753337640857,31.179183063539742],[121.30753339976025,31.17890978202061]]],[[[121.30228324386476,31.17919242115689],[121.3060750490071,31.179185701534497],[121.3060750256647,31.1794589831107],[121.30228322054661,31.179465702733747],[121.30228324386476,31.17919242115689]]],[[[121.30724171332153,31.179183593313947],[121.3116165481828,31.17917554467707],[121.31161652480387,31.179448826252333],[121.30724168997153,31.17945687488995],[121.30724171332153,31.179183593313947]]],[[[121.30228322054661,31.179465702733747],[121.3060750256647,31.1794589831107],[121.30607500232205,31.179732264743787],[121.30228319722823,31.179738984367486],[121.30228322054661,31.179465702733747]]],[[[121.30724168997153,31.17945687488995],[121.31161652480387,31.179448826252333],[121.31161650142468,31.179722107884484],[121.30724166662128,31.17973015652284],[121.30724168997153,31.17945687488995]]],[[[121.3019915097875,31.179739492148403],[121.30578333315009,31.179732788989444],[121.3057833098091,31.180006070679525],[121.30199148647071,31.180012773839138],[121.3019915097875,31.179739492148403]]],[[[121.30695000236258,31.179730685227664],[121.31161650142468,31.179722107884484],[121.31161647804527,31.17999538957358],[121.30694997901401,31.180003966917546],[121.30695000236258,31.179730685227664]]],[[[121.30169979748314,31.180013280230664],[121.3057833098091,31.180006070679525],[121.30578328646787,31.180279352426616],[121.30169977416796,31.18028656197846],[121.30169979748314,31.180013280230664]]],[[[121.30694997901401,31.180003966917546],[121.31132482916922,31.179995932390245],[121.31132480579153,31.1802692141364],[121.30694995566519,31.18027724866444],[121.30694997901401,31.180003966917546]]],[[[121.30140808361332,31.180287066963285],[121.30578328646787,31.180279352426616],[121.3057832631264,31.180552634230775],[121.30140806029974,31.180560348768196],[121.30140808361332,31.180287066963285]]],[[[121.30694995566519,31.18027724866444],[121.31103315604351,31.180269756142195],[121.3110331326675,31.180543037945462],[121.30694993231613,31.1805505304684],[121.30694995566519,31.18027724866444]]],[[[121.30111636815792,31.180560852329073],[121.3057832631264,31.18055263423078],[121.30578323978469,31.180825916092065],[121.30111634484592,31.180834134191162],[121.30111636815792,31.180560852329073]]],[[[121.30665826686649,31.180551058085722],[121.3110331326675,31.180543037945466],[121.31103310929127,31.180816319805864],[121.30665824351911,31.180824339946863],[121.30665826686649,31.180551058085722]]],[[[121.30082465109686,31.180834636310884],[121.31074145865136,31.180816860982127],[121.31074143527684,31.181090142899766],[121.30082462778644,31.181107918230218],[121.30082465109686,31.180834636310884]]],[[[121.30082462778644,31.181107918230218],[121.31074143527684,31.181090142899766],[121.31074141190207,31.181363424874654],[121.30082460447579,31.1813812002068],[121.30082462778644,31.181107918230218]]],[[[121.30053290910126,31.181381700868275],[121.31044976034852,31.181363965202706],[121.31044973697546,31.181637247234956],[121.3005328857922,31.18165498290222],[121.30053290910126,31.181381700868275]]],[[[121.3005328857922,31.18165498290222],[121.31015808448457,31.181637786696108],[121.3101580611132,31.18191106878578],[121.30053286248288,31.18192826499354],[121.3005328857922,31.18165498290222]]],[[[121.30024116546295,31.181928764179677],[121.3101580611132,31.18191106878578],[121.3101580377416,31.182184350932886],[121.30024114215522,31.18220204632848],[121.30024116546295,31.181928764179677]]],[[[121.29994944346815,31.18220254402219],[121.30986638429358,31.18218488950858],[121.30986636092369,31.182458171713233],[121.299949420162,31.18247582622854],[121.29994944346815,31.18220254402219]]],[[[121.299949420162,31.18247582622854],[121.30986636092369,31.182458171713233],[121.30986633755356,31.18273145397544],[121.29994939685558,31.182749108492448],[121.299949420162,31.18247582622854]]],[[[121.29965769648341,31.182749604676804],[121.30957468312675,31.182731991647113],[121.30957465975831,31.183005273966984],[121.29965767317857,31.183022886998376],[121.29965769648341,31.182749604676804]]],[[[121.29965767317857,31.183022886998376],[121.30928300432919,31.18300581071605],[121.30928298096244,31.18327909309365],[121.2996576498735,31.18329616937763],[121.29965767317857,31.183022886998376]]],[[[121.29994935024206,31.183295673193175],[121.30899132450939,31.183279628901616],[121.30899130114435,31.183552911337003],[121.29994932693495,31.183568955630115],[121.29994935024206,31.183295673193175]]],[[[121.30053272262205,31.183567958749713],[121.30899130114435,31.183552911337003],[121.30899127777904,31.18382619383019],[121.30053269931108,31.183841241244348],[121.30053272262205,31.183567958749713]]],[[[121.30082439466926,31.18384074058242],[121.3086996202825,31.183826728678653],[121.30869959691888,31.18410001122975],[121.30082437135624,31.184114023134864],[121.30082439466926,31.18384074058242]]],[[[121.30140775720156,31.184113017453],[121.30869959691888,31.18410001122975],[121.30869957355505,31.184373293838764],[121.30140773388466,31.184386300063263],[121.30140775720156,31.184113017453]]],[[[121.30169942441185,31.184385795077677],[121.3084079149935,31.18437382770931],[121.30840789163133,31.184647110376357],[121.30169940109289,31.184659077745874],[121.30169942441185,31.184385795077677]]],[[[121.30199109004931,31.184658571353488],[121.30840789163133,31.184647110376357],[121.30840786826893,31.184920393101443],[121.30199106672828,31.18493185407967],[121.30199109004931,31.184658571353488]]],[[[121.30257444001138,31.18493083714384],[121.30811620862094,31.184920925975707],[121.30811618526022,31.185194208758944],[121.30257441668644,31.185204119928024],[121.30257444001138,31.18493083714384]]],[[[121.3028661010537,31.18520360941934],[121.30782452450248,31.185194740618527],[121.30782450114343,31.185468023459975],[121.30286607772666,31.185476892261637],[121.3028661010537,31.18520360941934]]],[[[121.30315776060422,31.185476380415693],[121.30753283925459,31.18546855428659],[121.30753281589722,31.185741837186313],[121.3031577372751,31.185749663316162],[121.30315776060422,31.185476380415693]]],[[[121.30374109864478,31.185748635682646],[121.30753281589722,31.185741837186313],[121.30753279253962,31.18601512014432],[121.3037410753117,31.1860219186413],[121.30374109864478,31.185748635682646]]],[[[121.30403275384485,31.186021402888905],[121.30724112950028,31.186015649919764],[121.30724110614436,31.18628893293616],[121.30403273050968,31.18629468590585],[121.30403275384485,31.186021402888905]]],[[[121.30461608337552,31.186293650618097],[121.30724110614436,31.18628893293616],[121.3072410827882,31.186562216010962],[121.30461606003637,31.18656693369335],[121.30461608337552,31.186293650618097]]],[[[121.30519940744088,31.186565893479994],[121.3069494185771,31.186562744717026],[121.3069493952226,31.18683602785034],[121.30519938409775,31.186839176613606],[121.30519940744088,31.186565893479994]]],[[[121.30519938409775,31.18683917661361],[121.30636606319288,31.1868370819815],[121.30636603984195,31.187110365173442],[121.30519936075437,31.18711245980575],[121.30519938409775,31.18683917661361]]],[[[121.30519936075437,31.18711245980575],[121.30636603984195,31.187110365173442],[121.30636601649078,31.187383648423964],[121.30519933741076,31.187385743056474],[121.30519936075437,31.18711245980575]]],[[[121.30549100911273,31.187385221147128],[121.30607434863178,31.187384173812905],[121.30607432528227,31.187657457122125],[121.305490985767,31.187658504456447],[121.30549100911273,31.187385221147128]]]]}},{"type":"Feature","properties":{"parcel_id":"hongqiao_hub:parcel:0015","geometry_method":"road_barrier_raster_plus_buildings","functional_type":"mixed","dominant_type":"office","confidence":0.48,"building_count":3,"avg_building_area_m2":606,"centroid_lng":121.327847,"centroid_lat":31.200806,"parcel_area_m2":7571,"safety_clipped":true,"classification_source":"osm_tags+building_morphology+spatial_prior","synthetic_classification":true,"qc_flags":"low_confidence|safety_clipped"},"geometry":{"type":"MultiPolygon","coordinates":[[[[121.32357226587668,31.195549823156092],[121.32386389807887,31.195549263554778],[121.32386387460237,31.19582254864816],[121.32357224240216,31.195823108249527],[121.32357226587668,31.195549823156092]]],[[[121.32415409774944,31.21221920746718],[121.32502899506075,31.212217529019647],[121.3250289715617,31.212490817909323],[121.3241540742564,31.212492496356997],[121.32415409774944,31.21221920746718]]],[[[121.32386244208467,31.21249305594259],[121.32532060433672,31.21249025859545],[121.32532058083544,31.212763547549095],[121.32386241859338,31.212766344896476],[121.32386244208467,31.21249305594259]]]]}},{"type":"Feature","properties":{"parcel_id":"hongqiao_hub:parcel:0016","geometry_method":"road_barrier_raster_plus_buildings","functional_type":"residential","dominant_type":"residential","confidence":0.68,"building_count":3,"avg_building_area_m2":606,"centroid_lng":121.35629,"centroid_lat":31.183983,"parcel_area_m2":179189,"safety_clipped":false,"classification_source":"osm_tags+building_morphology+spatial_prior","synthetic_classification":true,"qc_flags":""},"geometry":{"type":"MultiPolygon","coordinates":[[[[121.34486415171646,31.18321247806483],[121.34544755194987,31.18321146620017],[121.34544752834155,31.183484748629446],[121.34486412811175,31.183485760494207],[121.34486415171646,31.18321247806483]]],[[[121.34486412811175,31.183485760494207],[121.34573923110318,31.18348424487538],[121.34573920749284,31.183757527362403],[121.3448641045068,31.183759042981382],[121.34486412811175,31.183485760494207]]],[[[121.34457240699679,31.183759551054685],[121.34661432662033,31.183756025037233],[121.34661430300439,31.184029307581962],[121.34457238339341,31.18403283359977],[121.34457240699679,31.183759551054685]]],[[[121.34428068759145,31.18403334307535],[121.3474894388533,31.184027819052538],[121.34748941523182,31.184301101655038],[121.34428066398964,31.184306625678403],[121.34428068759145,31.18403334307535]]],[[[121.34398896987379,31.184307136537452],[121.34836456838399,31.184299627420394],[121.348364544757,31.184572910080718],[121.34398894627357,31.18458041919854],[121.34398896987379,31.184307136537452]]],[[[121.34398894627357,31.18458041919854],[121.34894799008975,31.184571935444147],[121.34894796645906,31.184845218162412],[121.34398892267309,31.184853701917667],[121.34398894627357,31.18458041919854]]],[[[121.34398892267309,31.18485370191767],[121.34982314973102,31.18484376885258],[121.34982312609492,31.18511705162879],[121.34398889907237,31.1851269846949],[121.34398892267309,31.18485370191767]]],[[[121.34398889907237,31.1851269846949],[121.35099006652422,31.185115143581445],[121.35099004288107,31.18538842641561],[121.34398887547142,31.185400267530294],[121.34398889907237,31.1851269846949]]],[[[121.34398887547142,31.185400267530294],[121.35186527098764,31.18538701428447],[121.35186524733922,31.1856602971767],[121.34398885187024,31.18567355042391],[121.34398887547142,31.185400267530294]]],[[[121.34398885187024,31.18567355042391],[121.35186524733922,31.1856602971767],[121.35186522369055,31.185933580127216],[121.3439888282688,31.18594683337581],[121.34398885187024,31.18567355042391]]],[[[121.3439888282688,31.18594683337581],[121.35186522369055,31.185933580127216],[121.35186520004166,31.186206863136075],[121.34398880466712,31.18622011638605],[121.3439888282688,31.18594683337581]]],[[[121.34398880466712,31.18622011638605],[121.34690582411632,31.186215072295557],[121.34690580049644,31.186488355363696],[121.3439887810652,31.186493399454694],[121.34398880466712,31.18622011638605]]],[[[121.34923957399239,31.18621114781871],[121.35186520004166,31.186206863136075],[121.35186517639251,31.18648014620334],[121.34923955035853,31.18648443088644],[121.34923957399239,31.18621114781871]]],[[[121.35011473981672,31.186482986724616],[121.35215692354006,31.186479679188945],[121.35215689988901,31.18675296231462],[121.35011471617747,31.186756269850655],[121.35011473981672,31.186482986724616]]],[[[121.35069818635071,31.186755315808362],[121.35215689988901,31.186752962314625],[121.35215687623771,31.187026245498824],[121.35069816270781,31.18702859899282],[121.35069818635071,31.186755315808362]]],[[[121.35157338418917,31.187027181387787],[121.35215687623771,31.187026245498824],[121.35215685258618,31.187299528741608],[121.35157336054097,31.187300464630674],[121.35157338418917,31.187027181387787]]]]}},{"type":"Feature","properties":{"parcel_id":"hongqiao_hub:parcel:0017","geometry_method":"road_barrier_raster_plus_buildings","functional_type":"commercial","dominant_type":"commercial","confidence":0.86,"building_count":1,"avg_building_area_m2":606,"centroid_lng":121.323045,"centroid_lat":31.187561,"parcel_area_m2":26920,"safety_clipped":false,"classification_source":"osm_tags+building_morphology+spatial_prior","synthetic_classification":true,"qc_flags":""},"geometry":{"type":"MultiPolygon","coordinates":[[[[121.31628219722903,31.186545387380587],[121.3183236494692,31.186541502248474],[121.31832362603849,31.186814785379884],[121.3162821738122,31.186818670512334],[121.31628219722903,31.186545387380587]]],[[[121.3165738111569,31.18681811680315],[121.31861526053133,31.186814228795047],[121.31861523709837,31.18708751198493],[121.31657378773785,31.187091399993374],[121.3165738111569,31.18681811680315]]],[[[121.31686542460562,31.1870908458154],[121.31861523709837,31.18708751198493],[121.31861521366518,31.1873607952334],[121.31686540118436,31.18736412906416],[121.31686542460562,31.1870908458154]]],[[[121.31686540118436,31.18736412906416],[121.31861521366518,31.1873607952334],[121.31861519023175,31.187634078540512],[121.31686537776285,31.187637412371565],[121.31686540118436,31.18736412906416]]],[[[121.31686537776285,31.187637412371565],[121.31861519023175,31.187634078540512],[121.31861516679808,31.18790736190633],[121.3168653543411,31.187910695737674],[121.31686537776285,31.187637412371565]]]]}},{"type":"Feature","properties":{"parcel_id":"hongqiao_hub:parcel:0018","geometry_method":"road_barrier_raster_plus_buildings","functional_type":"office","dominant_type":"office","confidence":0.89,"building_count":1,"avg_building_area_m2":606,"centroid_lng":121.325737,"centroid_lat":31.18535,"parcel_area_m2":11778,"safety_clipped":false,"classification_source":"osm_tags+building_morphology+spatial_prior","synthetic_classification":true,"qc_flags":""},"geometry":{"type":"MultiPolygon","coordinates":[[[[121.3194901621978,31.186812557118046],[121.32007342869217,31.186811441259113],[121.32007340524925,31.187084724448752],[121.31949013875887,31.187085840307784],[121.3194901621978,31.186812557118046]]],[[[121.31949013875887,31.187085840307784],[121.3203650381776,31.187084166155394],[121.32036501473245,31.187357449403574],[121.3194901153197,31.187359123556107],[121.31949013875887,31.187085840307784]]],[[[121.3194901153197,31.187359123556107],[121.32036501473245,31.187357449403574],[121.32036499128705,31.187630732710396],[121.3194900918803,31.187632406863077],[121.3194901153197,31.187359123556107]]],[[[121.3194900918803,31.187632406863077],[121.32036499128705,31.187630732710396],[121.32036496784143,31.187904016075922],[121.31949006844064,31.18790569022875],[121.3194900918803,31.187632406863077]]],[[[121.31949006844064,31.18790569022875],[121.32036496784143,31.187904016075922],[121.32036494439556,31.188177299500214],[121.31949004500076,31.188178973653187],[121.31949006844064,31.18790569022875]]]]}},{"type":"Feature","properties":{"parcel_id":"hongqiao_hub:parcel:0019","geometry_method":"road_barrier_raster_plus_buildings","functional_type":"residential","dominant_type":"residential","confidence":1,"building_count":1,"avg_building_area_m2":606,"centroid_lng":121.314351,"centroid_lat":31.186363,"parcel_area_m2":14301,"safety_clipped":false,"classification_source":"osm_tags+building_morphology+spatial_prior","synthetic_classification":true,"qc_flags":""},"geometry":{"type":"MultiPolygon","coordinates":[[[[121.31015742999686,31.18928970711576],[121.31103238451037,31.18928808614597],[121.31103236112655,31.189561369866546],[121.31015740661887,31.18956299083648],[121.31015742999686,31.18928970711576]]],[[[121.31015740661887,31.18956299083648],[121.31103236112655,31.189561369866546],[121.31103233774249,31.189834653646244],[121.31015738324064,31.189836274616326],[121.31015740661887,31.18956299083648]]],[[[121.31015738324064,31.189836274616326],[121.31074068716674,31.189835194824127],[121.31074066378439,31.19010847866306],[121.31015735986216,31.190109558455358],[121.31015738324064,31.189836274616326]]],[[[121.30986570647028,31.190110097032477],[121.31074066378439,31.19010847866306],[121.31074064040179,31.190381762561238],[121.3098656830935,31.190383380930804],[121.30986570647028,31.190110097032477]]],[[[121.30957402872085,31.19038391860385],[121.31044898891231,31.19038230289091],[121.31044896553142,31.19065558684844],[121.30957400534577,31.19065720256153],[121.30957402872085,31.19038391860385]]],[[[121.30957400534577,31.19065720256153],[121.31044896553142,31.19065558684844],[121.3104489421503,31.190928870865335],[121.30957398197044,31.19093048657857],[121.30957400534577,31.19065720256153]]]]}},{"type":"Feature","properties":{"parcel_id":"hongqiao_hub:parcel:0020","geometry_method":"road_barrier_raster_plus_buildings","functional_type":"commercial","dominant_type":"commercial","confidence":0.92,"building_count":2,"avg_building_area_m2":606,"centroid_lng":121.318179,"centroid_lat":31.188337,"parcel_area_m2":17667,"safety_clipped":false,"classification_source":"osm_tags+building_morphology+spatial_prior","synthetic_classification":true,"qc_flags":""},"geometry":{"type":"MultiPolygon","coordinates":[[[[121.31249057762057,31.18983193568714],[121.31307386791387,31.1898308432217],[121.3130738445159,31.19010412706024],[121.3124905542265,31.190105219525776],[121.31249057762057,31.18983193568714]]],[[[121.3124905542265,31.190105219525776],[121.3130738445159,31.19010412706024],[121.31307382111768,31.190377410958025],[121.3124905308322,31.19037850342366],[121.3124905542265,31.190105219525776]]],[[[121.31219888452098,31.190379048562324],[121.31307382111768,31.190377410958025],[121.31307379771923,31.190650694915117],[121.31219886112841,31.190652332519562],[121.31219888452098,31.190379048562324]]],[[[121.31190721401082,31.1906528769037],[121.31307379771923,31.190650694915117],[121.31307377432054,31.19092397893157],[121.31190719061995,31.190926160920352],[121.31190721401082,31.1906528769037]]],[[[121.31161554267405,31.19092670453115],[121.31307377432054,31.190923978931572],[121.31307375092162,31.191197263007453],[121.3116155192849,31.191199988607273],[121.31161554267405,31.19092670453115]]],[[[121.3116155192849,31.191199988607273],[121.31307375092162,31.191197263007453],[121.31307372752245,31.191470547142814],[121.31161549589552,31.19147327274288],[121.3116155192849,31.191199988607273]]]]}},{"type":"Feature","properties":{"parcel_id":"hongqiao_hub:parcel:0021","geometry_method":"road_barrier_raster_plus_buildings","functional_type":"residential","dominant_type":"residential","confidence":0.94,"building_count":2,"avg_building_area_m2":606,"centroid_lng":121.357525,"centroid_lat":31.192194,"parcel_area_m2":874913,"safety_clipped":false,"classification_source":"osm_tags+building_morphology+spatial_prior","synthetic_classification":true,"qc_flags":""},"geometry":{"type":"MultiPolygon","coordinates":[[[[121.35419893405378,31.1897558650313],[121.35507423870753,31.189754516600523],[121.35507421503728,31.19002780043193],[121.35419891038836,31.19002914886287],[121.35419893405378,31.1897558650313]]],[[[121.35390714700668,31.190029602364042],[121.35565776375789,31.190026911711232],[121.35565774008424,31.190300195601775],[121.35390712334264,31.19030288625491],[121.35390714700668,31.190029602364042]]],[[[121.35390712334264,31.19030288625491],[121.35653308199244,31.190298878213554],[121.35653305831383,31.190572162163246],[121.35390709967835,31.190576170205077],[121.35390712334264,31.19030288625491]]],[[[121.35390709967835,31.190576170205077],[121.3574084232916,31.190570864014543],[121.3574083996081,31.190844148023434],[121.35390707601383,31.190849454214607],[121.35390709967835,31.190576170205077]]],[[[121.35390707601383,31.19084945421461],[121.35770019315193,31.19084371966139],[121.35770016946665,31.191117003729655],[121.35390705234906,31.191122738283568],[121.35390707601383,31.19084945421461]]],[[[121.35390705234906,31.191122738283568],[121.35799196565125,31.19111657757261],[121.3579919419642,31.1913898617003],[121.35390702868405,31.191396022412004],[121.35390705234906,31.191122738283568]]],[[[121.35390702868405,31.191396022412004],[121.35828374080903,31.191389437764936],[121.35828371712023,31.19166272195212],[121.3539070050188,31.191669306599987],[121.35390702868405,31.191396022412004]]],[[[121.3539070050188,31.191669306599987],[121.35857551864467,31.191662300255047],[121.35857549495411,31.191935584501778],[121.3539069813533,31.19194259084757],[121.3539070050188,31.191669306599987]]],[[[121.3539069813533,31.19194259084757],[121.35915910612052,31.191934747888727],[121.35915908242671,31.19220803219501],[121.35390695768757,31.19221587515482],[121.3539069813533,31.19194259084757]]],[[[121.35361519670248,31.192216330639567],[121.35974270454543,31.192207204733116],[121.35974268084841,31.19248048909901],[121.35361517303814,31.192489615006586],[121.35361519670248,31.192216330639567]]],[[[121.35361517303814,31.192489615006586],[121.36061813489638,31.192479265350357],[121.36061811119475,31.19275254977587],[121.35361514937354,31.19276289943339],[121.35361517303814,31.192489615006586]]],[[[121.35361514937354,31.19276289943339],[121.36412018739138,31.19274787228593],[121.3641201636727,31.193021156770616],[121.35361512570871,31.193036183920032],[121.35361514937354,31.19276289943339]]],[[[121.35361512570871,31.193036183920036],[121.3641201636727,31.19302115677062],[121.36412013995376,31.193294441315206],[121.35361510204365,31.19330946846658],[121.35361512570871,31.193036183920036]]],[[[121.35361510204365,31.19330946846658],[121.36412013995376,31.193294441315206],[121.36412011623459,31.193567725919753],[121.35361507837834,31.19358275307308],[121.35361510204365,31.19330946846658]]],[[[121.3533233197647,31.193583210523794],[121.36412011623459,31.193567725919753],[121.36412009251518,31.19384101058432],[121.35332329610078,31.193856495190367],[121.3533233197647,31.193583210523794]]],[[[121.35332329610078,31.193856495190367],[121.36412009251518,31.19384101058432],[121.36412006879553,31.19411429530896],[121.35332327243663,31.194129779917017],[121.35332329610078,31.193856495190367]]],[[[121.35332327243663,31.194129779917017],[121.36412006879553,31.19411429530896],[121.36412004507564,31.19438758009374],[121.35332324877223,31.194403064703806],[121.35332327243663,31.194129779917017]]],[[[121.35332324877223,31.194403064703806],[121.36412004507564,31.19438758009374],[121.3641200213555,31.194660864938715],[121.35332322510759,31.19467634955079],[121.35332324877223,31.194403064703806]]],[[[121.35332322510759,31.19467634955079],[121.3641200213555,31.194660864938715],[121.36411999763513,31.19493414984395],[121.3533232014427,31.19494963445803],[121.35332322510759,31.19467634955079]]],[[[121.3533232014427,31.19494963445803],[121.36411999763513,31.19493414984395],[121.3641199739145,31.195207434809493],[121.35332317777758,31.195222919425586],[121.3533232014427,31.19494963445803]]],[[[121.3530314215167,31.19522337882482],[121.3641199739145,31.195207434809497],[121.36411995019364,31.195480719835416],[121.35303139785299,31.1954966638528],[121.3530314215167,31.19522337882482]]],[[[121.35303139785299,31.1954966638528],[121.36411995019364,31.195480719835416],[121.36411992647254,31.19575400492177],[121.35303137418902,31.195769948941212],[121.35303139785299,31.1954966638528]]],[[[121.35303137418902,31.195769948941212],[121.36411992647254,31.19575400492177],[121.3641199027512,31.196027290068614],[121.35303135052482,31.19604323409012],[121.35303137418902,31.195769948941212]]],[[[121.35303135052482,31.19604323409012],[121.36382804672236,31.196027666163488],[121.36382802300213,31.196300951370937],[121.35303132686037,31.196316519299575],[121.35303135052482,31.19604323409012]]],[[[121.35303132686037,31.196316519299575],[121.3635361700101,31.19630133000799],[121.36353614629098,31.196574615276106],[121.35303130319569,31.19658980456964],[121.35303132686037,31.196316519299575]]],[[[121.35303130319569,31.19658980456964],[121.36324429631783,31.196574996439942],[121.36324427259986,31.19684828176878],[121.35303127953075,31.196863089900372],[121.35303130319569,31.19658980456964]]],[[[121.35303127953075,31.196863089900372],[121.36295242562755,31.196848665443934],[121.36295240191072,31.19712195083356],[121.35303125586559,31.197136375291834],[121.35303127953075,31.196863089900372]]],[[[121.35303125586559,31.197136375291837],[121.3626605579212,31.197122337004497],[121.3626605342055,31.197395622454966],[121.35303123220018,31.197409660744086],[121.35303125586559,31.197136375291837]]],[[[121.35303123220018,31.197409660744086],[121.3626605342055,31.197395622454966],[121.36266051048956,31.197668907966275],[121.35303120853453,31.197682946257178],[121.35303123220018,31.197409660744086]]],[[[121.35303120853453,31.197682946257178],[121.36207683138748,31.197669687733093],[121.3620768076741,31.19794297330542],[121.35303118486864,31.19795623183117],[121.35303120853453,31.197682946257178]]],[[[121.35303118486864,31.19795623183117],[121.3620768076741,31.19794297330542],[121.36207678396049,31.198216258938707],[121.35303116120251,31.19822951746613],[121.35303118486864,31.19795623183117]]],[[[121.35303116120251,31.19822951746613],[121.36178494881135,31.198216652503184],[121.3617849250989,31.19848993819755],[121.35303113753614,31.19850280316211],[121.35303116120251,31.19822951746613]]],[[[121.35303113753614,31.19850280316211],[121.3617849250989,31.19848993819755],[121.36178490138622,31.19876322395299],[121.35303111386952,31.198776088919168],[121.35303113753614,31.19850280316211]]],[[[121.35303111386952,31.198776088919168],[121.36149306914812,31.19876361995051],[121.36149304543662,31.199036905767148],[121.35303109020268,31.199049374737363],[121.35303111386952,31.198776088919168]]],[[[121.35303109020268,31.199049374737363],[121.36120121608967,31.199037304181783],[121.36120119237935,31.19931059005967],[121.35303106653558,31.199322660616758],[121.35303109020268,31.199049374737363]]],[[[121.35303106653558,31.19932266061676],[121.36090936590499,31.199310990875492],[121.36090934219587,31.199584276814694],[121.35303104286824,31.19959594655741],[121.35303106653558,31.19932266061676]]],[[[121.35303104286824,31.19959594655741],[121.36090934219587,31.199584276814694],[121.36090931848652,31.199857562815204],[121.35303101920066,31.199869232559372],[121.35303104286824,31.19959594655741]]],[[[121.35945022854123,31.19985960234973],[121.36061749486755,31.19985796601627],[121.3606174711594,31.20013125207821],[121.35945020483895,31.200132888411886],[121.35945022854123,31.19985960234973]]]]}},{"type":"Feature","properties":{"parcel_id":"hongqiao_hub:parcel:0022","geometry_method":"road_barrier_raster_plus_buildings","functional_type":"residential","dominant_type":"residential","confidence":0.97,"building_count":3,"avg_building_area_m2":606,"centroid_lng":121.31903,"centroid_lat":31.189617,"parcel_area_m2":92539,"safety_clipped":false,"classification_source":"osm_tags+building_morphology+spatial_prior","synthetic_classification":true,"qc_flags":""},"geometry":{"type":"MultiPolygon","coordinates":[[[[121.31628189279178,31.190098072675404],[121.31686516695862,31.190096964787127],[121.31686514353474,31.19037024868428],[121.31628186937186,31.190371356572655],[121.31628189279178,31.190098072675404]]],[[[121.31628186937186,31.190371356572655],[121.31686514353474,31.19037024868428],[121.31686512011063,31.19064353264074],[121.3162818459517,31.190644640529207],[121.31628186937186,31.190371356572655]]],[[[121.31599020813734,31.190645193751095],[121.31686512011063,31.19064353264074],[121.31686509668627,31.19091681665656],[121.31599018471893,31.190918477767063],[121.31599020813734,31.190645193751095]]],[[[121.31599018471893,31.190918477767067],[121.31715673307376,31.190916262028452],[121.31715670964718,31.191189546103647],[121.31599016130029,31.191191761842457],[121.31599018471893,31.190918477767067]]],[[[121.31599016130029,31.191191761842457],[121.31803161631379,31.191187879715436],[121.31803159288101,31.191461163849972],[121.3159901378814,31.19146504597733],[121.31599016130029,31.191191761842457]]],[[[121.31569849955314,31.191465598692158],[121.31803159288101,31.191461163849972],[121.318031569448,31.19173444804405],[121.31569847613599,31.191738882886625],[121.31569849955314,31.191465598692158]]],[[[121.31569847613599,31.191738882886625],[121.318031569448,31.19173444804405],[121.31803154601474,31.192007732297732],[121.31569845271862,31.192012167140692],[121.31569847613599,31.191738882886625]]],[[[121.31511517442097,31.192013270972176],[121.31803154601474,31.192007732297732],[121.31803152258124,31.192281016611073],[121.3151151510073,31.192286555286003],[121.31511517442097,31.192013270972176]]],[[[121.3151151510073,31.192286555286003],[121.31803152258124,31.192281016611073],[121.31803149914751,31.19255430098414],[121.3151151275934,31.192559839659552],[121.3151151510073,31.192286555286003]]],[[[121.3151151275934,31.192559839659552],[121.31773986399435,31.192554856845074],[121.31773984056237,31.192828141277968],[121.31511510417927,31.192833124092882],[121.3151151275934,31.192559839659552]]],[[[121.31511510417927,31.192833124092882],[121.31773984056237,31.192828141277968],[121.31773981713016,31.193101425770703],[121.3151150807649,31.193106408586054],[121.31511510417927,31.192833124092882]]],[[[121.3151150807649,31.193106408586058],[121.31773981713016,31.193101425770706],[121.3177397936977,31.19337471032334],[121.31511505735028,31.19337969313913],[121.3151150807649,31.193106408586058]]],[[[121.31511505735028,31.19337969313913],[121.3177397936977,31.19337471032334],[121.317739770265,31.193647994935933],[121.31511503393543,31.19365297775216],[121.31511505735028,31.19337969313913]]],[[[121.31511503393543,31.19365297775216],[121.317739770265,31.193647994935933],[121.31773974683207,31.193921279608546],[121.31511501052034,31.193926262425208],[121.31511503393543,31.19365297775216]]],[[[121.31511501052034,31.193926262425208],[121.31773974683207,31.193921279608546],[121.3177397233989,31.194194564341235],[121.31511498710502,31.194199547158334],[121.31511501052034,31.193926262425208]]],[[[121.31686481557546,31.194196229498512],[121.31744808787276,31.19419511981095],[121.31744806444134,31.194468404603825],[121.31686479214801,31.194469514291484],[121.31686481557546,31.194196229498512]]]]}},{"type":"Feature","properties":{"parcel_id":"hongqiao_hub:parcel:0023","geometry_method":"road_barrier_raster_plus_buildings","functional_type":"commercial","dominant_type":"commercial","confidence":0.86,"building_count":1,"avg_building_area_m2":606,"centroid_lng":121.325349,"centroid_lat":31.190948,"parcel_area_m2":35333,"safety_clipped":false,"classification_source":"osm_tags+building_morphology+spatial_prior","synthetic_classification":true,"qc_flags":""},"geometry":{"type":"MultiPolygon","coordinates":[[[[121.32007314736144,31.190090843414623],[121.32036478026784,31.190090285120732],[121.32036475682007,31.190363569017304],[121.32007312391566,31.19036412731124],[121.32007314736144,31.190090843414623]]],[[[121.3197814908076,31.19036468536912],[121.32065638954356,31.190363010506815],[121.32065636609356,31.190636294462642],[121.31978146736358,31.190637969325092],[121.3197814908076,31.19036468536912]]],[[[121.31978146736358,31.190637969325092],[121.32065636609356,31.190636294462642],[121.32065634264332,31.190909578477836],[121.31978144391933,31.190911253340428],[121.31978146736358,31.190637969325092]]],[[[121.31978144391933,31.19091125334043],[121.32065634264332,31.19090957847784],[121.32065631919284,31.191182862552456],[121.31978142047483,31.191184537415193],[121.31978144391933,31.19091125334043]]],[[[121.31978142047483,31.191184537415193],[121.32065631919284,31.191182862552456],[121.32065629574211,31.191456146686555],[121.3197813970301,31.191457821549438],[121.31978142047483,31.191184537415193]]],[[[121.3197813970301,31.191457821549438],[121.32036466302661,31.191456705197236],[121.32036463957765,31.191729989390925],[121.31978137358513,31.191731105743226],[121.3197813970301,31.191457821549438]]],[[[121.31978137358513,31.191731105743226],[121.32036463957765,31.191729989390925],[121.32036461612844,31.19200327364422],[121.31978135013992,31.192004389996615],[121.31978137358513,31.191731105743226]]],[[[121.31978135013992,31.192004389996615],[121.32036461612844,31.19200327364422],[121.32036459267901,31.192276557957175],[121.31978132669447,31.19227767430967],[121.31978135013992,31.192004389996615]]],[[[121.31948969337398,31.192278232112322],[121.32036459267901,31.192276557957175],[121.32036456922934,31.192549842329854],[121.31948966993028,31.192551516485143],[121.31948969337398,31.192278232112322]]],[[[121.31948966993028,31.192551516485143],[121.32036456922934,31.192549842329854],[121.32036454577943,31.19282312676231],[121.31948964648636,31.192824800917748],[121.31948966993028,31.192551516485143]]],[[[121.31948964648636,31.192824800917748],[121.32036454577943,31.19282312676231],[121.32036452232927,31.193096411254608],[121.31948962304219,31.193098085410192],[121.31948964648636,31.192824800917748]]],[[[121.31948962304219,31.193098085410195],[121.32036452232927,31.19309641125461],[121.32036449887889,31.193369695806812],[121.31948959959779,31.193371369962538],[121.31948962304219,31.193098085410195]]],[[[121.31948959959779,31.193371369962538],[121.32036449887889,31.193369695806812],[121.32036447542825,31.193642980418968],[121.31948957615315,31.19364465457484],[121.31948959959779,31.193371369962538]]],[[[121.31948957615315,31.19364465457484],[121.32036447542825,31.193642980418968],[121.3203644519774,31.193916265091147],[121.31948955270826,31.19391793924716],[121.31948957615315,31.19364465457484]]],[[[121.31948955270826,31.19391793924716],[121.3203644519774,31.193916265091147],[121.32036442852629,31.1941895498234],[121.31948952926315,31.194191223979562],[121.31948955270826,31.19391793924716]]],[[[121.31978116256968,31.194190666176567],[121.32036442852629,31.1941895498234],[121.32036440507494,31.19446283461579],[121.31978113912234,31.194463950969055],[121.31978116256968,31.194190666176567]]]]}},{"type":"Feature","properties":{"parcel_id":"hongqiao_hub:parcel:0024","geometry_method":"road_barrier_raster_plus_buildings","functional_type":"office","dominant_type":"office","confidence":0.89,"building_count":1,"avg_building_area_m2":606,"centroid_lng":121.367618,"centroid_lat":31.188841,"parcel_area_m2":6730,"safety_clipped":false,"classification_source":"osm_tags+building_morphology+spatial_prior","synthetic_classification":true,"qc_flags":""},"geometry":{"type":"MultiPolygon","coordinates":[[[[121.3638285685063,31.19001540681411],[121.36412042456494,31.190015030720467],[121.36412040084866,31.19028831460943],[121.36382854479139,31.190288690703124],[121.3638285685063,31.19001540681411]]],[[[121.36382854479139,31.190288690703124],[121.36412040084866,31.19028831460943],[121.36412037713215,31.190561598557693],[121.36382852107624,31.190561974651445],[121.36382854479139,31.190288690703124]]],[[[121.36353666805559,31.190562353287323],[121.36412037713215,31.190561598557693],[121.3641203534154,31.190834882565323],[121.36353664434155,31.190835637295063],[121.36353666805559,31.190562353287323]]],[[[121.36353664434155,31.190835637295066],[121.3641203534154,31.190834882565326],[121.36412032969841,31.19110816663238],[121.36353662062727,31.191108921362233],[121.36353664434155,31.190835637295066]]],[[[121.36353662062727,31.191108921362233],[121.36412032969841,31.19110816663238],[121.36412030598117,31.191381450758914],[121.36353659691277,31.19138220548888],[121.36353662062727,31.191108921362233]]]]}},{"type":"Feature","properties":{"parcel_id":"hongqiao_hub:parcel:0025","geometry_method":"road_barrier_raster_plus_buildings","functional_type":"residential","dominant_type":"residential","confidence":1,"building_count":1,"avg_building_area_m2":606,"centroid_lng":121.32737,"centroid_lat":31.190325,"parcel_area_m2":16825,"safety_clipped":false,"classification_source":"osm_tags+building_morphology+spatial_prior","synthetic_classification":true,"qc_flags":""},"geometry":{"type":"MultiPolygon","coordinates":[[[[121.32153126340043,31.190634617827108],[121.32211452778509,31.190633499345793],[121.32211450432487,31.190906783360745],[121.32153123994419,31.190907901842156],[121.32153126340043,31.190634617827108]]],[[[121.32153123994419,31.19090790184216],[121.32211450432487,31.19090678336075],[121.3221144808644,31.191180067435123],[121.32153121648773,31.19118118591663],[121.32153123994419,31.19090790184216]]],[[[121.32153121648773,31.19118118591663],[121.3221144808644,31.191180067435123],[121.3221144574037,31.19145335156898],[121.32153119303102,31.191454470050587],[121.32153121648773,31.19118118591663]]],[[[121.32153119303102,31.191454470050587],[121.3221144574037,31.19145335156898],[121.32211443394276,31.191726635762382],[121.32153116957407,31.191727754244084],[121.32153119303102,31.191454470050587]]],[[[121.32153116957407,31.191727754244084],[121.32211443394276,31.191726635762382],[121.32211441048159,31.191999920015387],[121.3215311461169,31.19200103849718],[121.32153116957407,31.191727754244084]]],[[[121.3215311461169,31.19200103849718],[121.32211441048159,31.191999920015387],[121.32211438702016,31.19227320432805],[121.32153112265947,31.192274322809947],[121.3215311461169,31.19200103849718]]],[[[121.32153112265947,31.192274322809947],[121.32211438702016,31.19227320432805],[121.32211436355851,31.19254648870044],[121.3215310992018,31.19254760718243],[121.32153112265947,31.192274322809947]]],[[[121.3215310992018,31.19254760718243],[121.32182273141359,31.192547048000808],[121.3218227079537,31.192820332433026],[121.3215310757439,31.192820891614694],[121.3215310992018,31.19254760718243]]],[[[121.3215310757439,31.192820891614694],[121.3218227079537,31.192820332433026],[121.32182268449357,31.193093616925083],[121.32153105228578,31.1930941761068],[121.3215310757439,31.192820891614694]]],[[[121.32153105228578,31.193094176106804],[121.32182268449357,31.193093616925086],[121.3218226610332,31.19336690147704],[121.3215310288274,31.19336746065881],[121.32153105228578,31.193094176106804]]],[[[121.3215310288274,31.19336746065881],[121.3218226610332,31.19336690147704],[121.32182263757258,31.19364018608896],[121.32153100536878,31.193640745270773],[121.3215310288274,31.19336746065881]]],[[[121.32153100536878,31.193640745270773],[121.32182263757258,31.19364018608896],[121.32182261411172,31.193913470760894],[121.32153098190993,31.193914029942757],[121.32153100536878,31.193640745270773]]],[[[121.32153098190993,31.193914029942757],[121.32182261411172,31.193913470760894],[121.32182259065064,31.194186755492908],[121.32153095845084,31.194187314674817],[121.32153098190993,31.193914029942757]]]]}},{"type":"Feature","properties":{"parcel_id":"hongqiao_hub:parcel:0026","geometry_method":"road_barrier_raster_plus_buildings","functional_type":"commercial","dominant_type":"commercial","confidence":0.86,"building_count":1,"avg_building_area_m2":606,"centroid_lng":121.311853,"centroid_lat":31.188825,"parcel_area_m2":5048,"safety_clipped":false,"classification_source":"osm_tags+building_morphology+spatial_prior","synthetic_classification":true,"qc_flags":""},"geometry":{"type":"MultiPolygon","coordinates":[[[[121.30665733278633,31.191482377739277],[121.30753232533787,31.191480791636575],[121.3075323019753,31.191754075832414],[121.30665730942947,31.191755661935264],[121.30665733278633,31.191482377739277]]],[[[121.30665730942947,31.191755661935264],[121.3075323019753,31.191754075832414],[121.3075322786125,31.192027360087856],[121.30665728607238,31.192028946190852],[121.30665730942947,31.191755661935264]]]]}},{"type":"Feature","properties":{"parcel_id":"hongqiao_hub:parcel:0027","geometry_method":"road_barrier_raster_plus_buildings","functional_type":"mixed","dominant_type":"residential","confidence":0.54,"building_count":2,"avg_building_area_m2":606,"centroid_lng":121.3096,"centroid_lat":31.191686,"parcel_area_m2":16825,"safety_clipped":false,"classification_source":"osm_tags+building_morphology+spatial_prior","synthetic_classification":true,"qc_flags":"low_confidence"},"geometry":{"type":"MultiPolygon","coordinates":[[[[121.30578221251533,31.1928503754676],[121.30665721599966,31.192848799315833],[121.30665719264162,31.193122083810426],[121.30578218916297,31.193123659962346],[121.30578221251533,31.1928503754676]]],[[[121.30578218916297,31.19312365996235],[121.30665719264162,31.19312208381043],[121.30665716928335,31.193395368364925],[121.30578216581037,31.19339694451699],[121.30578218916297,31.19312365996235]]],[[[121.30549049545186,31.19339746760526],[121.3063655027051,31.19339589487881],[121.30636547934849,31.193669179493313],[121.30549047210093,31.193670752219912],[121.30549049545186,31.19339746760526]]],[[[121.30549047210093,31.193670752219912],[121.30607381153307,31.193669704883398],[121.30607378817811,31.19394298955797],[121.30549044874975,31.19394403689458],[121.30549047210093,31.193670752219912]]],[[[121.30519877709298,31.193944558805125],[121.30607378817811,31.19394298955797],[121.30607376482291,31.194216274292618],[121.30519875374344,31.194217843539924],[121.30519877709298,31.193944558805125]]],[[[121.30519875374344,31.194217843539924],[121.30578209575117,31.194216798540914],[121.30578207239763,31.19449008333575],[121.30519873039367,31.19449112833486],[121.30519875374344,31.194217843539924]]],[[[121.30490705741775,31.194491649049777],[121.30549040204667,31.194490606424218],[121.30549037869478,31.1947638912793],[121.30490703406963,31.19476493390496],[121.30490705741775,31.194491649049777]]],[[[121.30490703406963,31.19476493390496],[121.30549037869478,31.1947638912793],[121.30549035534266,31.19503717619464],[121.30490701072127,31.195038218820397],[121.30490703406963,31.19476493390496]]]]}},{"type":"Feature","properties":{"parcel_id":"hongqiao_hub:parcel:0028","geometry_method":"road_barrier_raster_plus_buildings","functional_type":"commercial","dominant_type":"commercial","confidence":0.86,"building_count":1,"avg_building_area_m2":606,"centroid_lng":121.318432,"centroid_lat":31.19109,"parcel_area_m2":5889,"safety_clipped":false,"classification_source":"osm_tags+building_morphology+spatial_prior","synthetic_classification":true,"qc_flags":""},"geometry":{"type":"MultiPolygon","coordinates":[[[[121.31307361052306,31.192836968713955],[121.3133652545237,31.19283642142434],[121.31336523112115,31.193109705917802],[121.31307358712247,31.193110253207465],[121.31307361052306,31.192836968713955]]],[[[121.31307358712247,31.193110253207468],[121.31336523112115,31.193109705917806],[121.31336520771836,31.193382990471168],[121.31307356372164,31.19338353776088],[121.31307358712247,31.193110253207468]]],[[[121.31307356372164,31.19338353776088],[121.31336520771836,31.193382990471168],[121.31336518431533,31.19365627508449],[121.31307354032059,31.19365682237425],[121.31307356372164,31.19338353776088]]],[[[121.31307354032059,31.19365682237425],[121.31336518431533,31.19365627508449],[121.31336516091207,31.19392955975783],[121.31307351691929,31.193930107047642],[121.31307354032059,31.19365682237425]]],[[[121.31307351691929,31.193930107047642],[121.31336516091207,31.19392955975783],[121.31336513750857,31.19420284449125],[121.31307349351775,31.19420339178111],[121.31307351691929,31.193930107047642]]],[[[121.31307349351775,31.19420339178111],[121.31336513750857,31.19420284449125],[121.31336511410483,31.194476129284805],[121.31307347011597,31.194476676574716],[121.31307349351775,31.19420339178111]]],[[[121.31307347011597,31.194476676574716],[121.31336511410483,31.194476129284805],[121.31336509070086,31.194749414138556],[121.31307344671396,31.194749961428517],[121.31307347011597,31.194476676574716]]]]}},{"type":"Feature","properties":{"parcel_id":"hongqiao_hub:parcel:0029","geometry_method":"road_barrier_raster_plus_buildings","functional_type":"commercial","dominant_type":"commercial","confidence":0.86,"building_count":1,"avg_building_area_m2":606,"centroid_lng":121.351317,"centroid_lat":31.193126,"parcel_area_m2":10936,"safety_clipped":false,"classification_source":"osm_tags+building_morphology+spatial_prior","synthetic_classification":true,"qc_flags":""},"geometry":{"type":"MultiPolygon","coordinates":[[[[121.34427983777495,31.19387155374341],[121.3463217445307,31.19386801750424],[121.34632172090764,31.194141302232133],[121.34427981416448,31.194144838471658],[121.34427983777495,31.19387155374341]]],[[[121.34427981416448,31.194144838471658],[121.34603001460684,31.194141803015317],[121.34602999098531,31.194415087803396],[121.34427979055378,31.19441812326004],[121.34427981416448,31.194144838471658]]]]}},{"type":"Feature","properties":{"parcel_id":"hongqiao_hub:parcel:0030","geometry_method":"road_barrier_raster_plus_buildings","functional_type":"residential","dominant_type":"residential","confidence":0.81,"building_count":1,"avg_building_area_m2":606,"centroid_lng":121.314104,"centroid_lat":31.191822,"parcel_area_m2":14301,"safety_clipped":false,"classification_source":"osm_tags+building_morphology+spatial_prior","synthetic_classification":true,"qc_flags":""},"geometry":{"type":"MultiPolygon","coordinates":[[[[121.3101570091566,31.194208823183576],[121.31161526198866,31.194206117383622],[121.31161523859667,31.19447940217747],[121.31015698577434,31.19448210797767],[121.3101570091566,31.194208823183576]]],[[[121.31015698577434,31.19448210797767],[121.31190688651719,31.194478858566036],[121.31190686312301,31.194752143420033],[121.31015696239183,31.19475539283196],[121.31015698577434,31.19448210797767]]],[[[121.31015696239183,31.19475539283196],[121.31190686312301,31.194752143420033],[121.3119068397286,31.195025428334286],[121.31015693900909,31.195028677746507],[121.31015696239183,31.19475539283196]]]]}},{"type":"Feature","properties":{"parcel_id":"hongqiao_hub:parcel:0031","geometry_method":"road_barrier_raster_plus_buildings","functional_type":"residential","dominant_type":"residential","confidence":0.81,"building_count":1,"avg_building_area_m2":606,"centroid_lng":121.352454,"centroid_lat":31.192377,"parcel_area_m2":163205,"safety_clipped":false,"classification_source":"osm_tags+building_morphology+spatial_prior","synthetic_classification":true,"qc_flags":""},"geometry":{"type":"MultiPolygon","coordinates":[[[[121.34865536834948,31.19495720658059],[121.34894709195433,31.194956720091216],[121.3489470683145,31.19523000505955],[121.34865534471139,31.195230491548976],[121.34865536834948,31.19495720658059]]],[[[121.34836362311725,31.19523097970013],[121.34923879394786,31.1952295202501],[121.34923877030606,31.195502805278753],[121.34836359948065,31.195504264728942],[121.34836362311725,31.19523097970013]]],[[[121.34807187987592,31.19550475452359],[121.34923877030606,31.195502805278753],[121.34923874666401,31.195776090367843],[121.34807185624082,31.195778039612886],[121.34807187987592,31.19550475452359]]],[[[121.34778013860414,31.195778531032705],[121.34923874666401,31.195776090367843],[121.34923872302173,31.196049375517426],[121.34778011497055,31.196051816182543],[121.34778013860414,31.195778531032705]]],[[[121.34748839928052,31.19605230920917],[121.34923872302173,31.196049375517426],[121.3492386993792,31.196322660727557],[121.34748837564845,31.196325594419605],[121.34748839928052,31.19605230920917]]],[[[121.34690495002073,31.196326585219563],[121.3492386993792,31.196322660727557],[121.34923867573643,31.196595945998297],[121.34690492639196,31.19659987049071],[121.34690495002073,31.196326585219563]]],[[[121.34690492639196,31.19659987049071],[121.34923867573643,31.196595945998297],[121.34923865209342,31.196869231329707],[121.34690490276294,31.19687315582253],[121.34690492639196,31.19659987049071]]],[[[121.34690490276294,31.19687315582253],[121.34923865209342,31.196869231329707],[121.34923862845018,31.197142516721843],[121.34690487913369,31.19714644121508],[121.34690490276294,31.19687315582253]]],[[[121.34690487913369,31.197146441215082],[121.34923862845018,31.197142516721847],[121.34923860480669,31.19741580217477],[121.34690485550419,31.197419726668414],[121.34690487913369,31.197146441215082]]],[[[121.34690485550419,31.197419726668414],[121.34923860480669,31.19741580217477],[121.34923858116296,31.197689087688538],[121.34690483187445,31.197693012182594],[121.34690485550419,31.197419726668414]]],[[[121.34661312190083,31.197693509919198],[121.34923858116296,31.197689087688538],[121.34923855751899,31.19796237326321],[121.34661309827263,31.19796679549433],[121.34661312190083,31.197693509919198]]],[[[121.34661309827263,31.19796679549433],[121.34923855751899,31.19796237326321],[121.34923853387478,31.19823565889884],[121.34661307464418,31.198240081130425],[121.34661309827263,31.19796679549433]]],[[[121.34661307464418,31.198240081130425],[121.34923853387478,31.19823565889884],[121.34923851023034,31.198508944595496],[121.3466130510155,31.19851336682754],[121.34661307464418,31.198240081130425]]],[[[121.3466130510155,31.19851336682754],[121.34923851023034,31.198508944595496],[121.34923848658563,31.19878223035323],[121.34661302738658,31.198786652585735],[121.3466130510155,31.19851336682754]]],[[[121.34661302738658,31.198786652585735],[121.34923848658563,31.19878223035323],[121.3492384629407,31.199055516172105],[121.34661300375741,31.199059938405068],[121.34661302738658,31.198786652585735]]],[[[121.34661300375741,31.199059938405068],[121.3492384629407,31.199055516172105],[121.34923843929553,31.19932880205217],[121.34661298012801,31.1993332242856],[121.34661300375741,31.199059938405068]]],[[[121.34661298012801,31.199333224285603],[121.34923843929553,31.199328802052175],[121.34923841565012,31.1996020879935],[121.34661295649836,31.199606510227387],[121.34661298012801,31.199333224285603]]],[[[121.34661295649836,31.199606510227387],[121.34894669004443,31.19960257280378],[121.3489466664005,31.19987585880647],[121.34661293286848,31.199879796230487],[121.34661295649836,31.199606510227387]]],[[[121.34661293286848,31.199879796230487],[121.3489466664005,31.19987585880647],[121.34894664275633,31.200149144870533],[121.34661290923836,31.200153082294957],[121.34661293286848,31.199879796230487]]],[[[121.34661290923836,31.200153082294957],[121.34894664275633,31.200149144870533],[121.34894661911193,31.200422430996024],[121.34661288560798,31.200426368420857],[121.34661290923836,31.200153082294957]]],[[[121.34661288560798,31.200426368420857],[121.34894661911193,31.200422430996024],[121.34894659546728,31.200695717183006],[121.34661286197738,31.200699654608247],[121.34661288560798,31.200426368420857]]],[[[121.34661286197738,31.200699654608247],[121.34894659546728,31.200695717183006],[121.3489465718224,31.200969003431535],[121.34661283834653,31.200972940857184],[121.34661286197738,31.200699654608247]]],[[[121.34632113025309,31.2009734401273],[121.3489465718224,31.200969003431535],[121.34894654817727,31.201242289741668],[121.34632110662379,31.201246726437894],[121.34632113025309,31.2009734401273]]],[[[121.34632110662379,31.201246726437898],[121.34865482461232,31.201242776232228],[121.34865480096869,31.201516062604075],[121.34632108299424,31.201520012810153],[121.34632110662379,31.201246726437898]]],[[[121.34632108299424,31.201520012810153],[121.34865480096869,31.201516062604075],[121.34865477732482,31.201789349037647],[121.34632105936444,31.201793299244134],[121.34632108299424,31.201520012810153]]],[[[121.34661276745256,31.201792799973866],[121.34865477732482,31.201789349037647],[121.3486547536807,31.202062635532997],[121.34661274382074,31.202066086469575],[121.34661276745256,31.201792799973866]]]]}},{"type":"Feature","properties":{"parcel_id":"hongqiao_hub:parcel:0032","geometry_method":"road_barrier_raster_plus_buildings","functional_type":"office","dominant_type":"office","confidence":0.89,"building_count":1,"avg_building_area_m2":606,"centroid_lng":121.322991,"centroid_lat":31.194359,"parcel_area_m2":15143,"safety_clipped":false,"classification_source":"osm_tags+building_morphology+spatial_prior","synthetic_classification":true,"qc_flags":""},"geometry":{"type":"MultiPolygon","coordinates":[[[[121.31423992478699,31.19584090828822],[121.31803121792419,31.195833718140808],[121.31803119448736,31.196107003295648],[121.31423990137591,31.196114193443695],[121.31423992478699,31.19584090828822]]],[[[121.31657301477604,31.19610977849508],[121.31803119448736,31.196107003295648],[121.3180311710503,31.19638028851104],[121.31657299134892,31.19638306371072],[121.31657301477604,31.19610977849508]]]]}},{"type":"Feature","properties":{"parcel_id":"hongqiao_hub:parcel:0033","geometry_method":"road_barrier_raster_plus_buildings","functional_type":"residential","dominant_type":"residential","confidence":1,"building_count":1,"avg_building_area_m2":606,"centroid_lng":121.305669,"centroid_lat":31.196638,"parcel_area_m2":14301,"safety_clipped":false,"classification_source":"osm_tags+building_morphology+spatial_prior","synthetic_classification":true,"qc_flags":""},"geometry":{"type":"MultiPolygon","coordinates":[[[[121.29994823123414,31.196413296405396],[121.30082332202588,31.196411798855944],[121.300823298702,31.19668508413486],[121.29994820791569,31.196686581684464],[121.29994823123414,31.196413296405396]]],[[[121.29936480564635,31.196687572531992],[121.30053160342915,31.196685584799177],[121.30053158010685,31.19695887013881],[121.29936478233125,31.19696085787183],[121.29936480564635,31.196687572531992]]],[[[121.29848966592056,31.196962332527036],[121.30053158010685,31.19695887013881],[121.3005315567843,31.197232155539176],[121.29848964261059,31.197235617927756],[121.29848966592056,31.196962332527036]]],[[[121.29907305530205,31.19723463638983],[121.29994816127808,31.19723315242467],[121.2999481379589,31.197506437885917],[121.29907303198827,31.19750792185123],[121.29907305530205,31.19723463638983]]]]}},{"type":"Feature","properties":{"parcel_id":"hongqiao_hub:parcel:0034","geometry_method":"road_barrier_raster_plus_buildings","functional_type":"commercial","dominant_type":"commercial","confidence":0.86,"building_count":1,"avg_building_area_m2":606,"centroid_lng":121.32213,"centroid_lat":31.19983,"parcel_area_m2":79920,"safety_clipped":false,"classification_source":"osm_tags+building_morphology+spatial_prior","synthetic_classification":true,"qc_flags":""},"geometry":{"type":"MultiPolygon","coordinates":[[[[121.31482304270762,31.197752805262226],[121.31715614733794,31.19774838189003],[121.31715612390542,31.19802166747011],[121.31482301929094,31.198026090842696],[121.31482304270762,31.197752805262226]]],[[[121.31482301929094,31.198026090842696],[121.31744775981124,31.198021112410565],[121.3174477363765,31.19829439805156],[121.31482299587402,31.198299376484123],[121.31482301929094,31.198026090842696]]],[[[121.31482299587402,31.198299376484123],[121.3174477363765,31.19829439805156],[121.3174477129415,31.19856768375357],[121.31482297245687,31.198572662186574],[121.31482299587402,31.198299376484123]]],[[[121.31482297245687,31.198572662186574],[121.3174477129415,31.19856768375357],[121.31744768950628,31.198840969516663],[121.31482294903948,31.198845947950105],[121.31482297245687,31.198572662186574]]],[[[121.31482294903948,31.198845947950105],[121.31715605360641,31.198841524576352],[121.31715603017294,31.199114810400634],[121.31482292562185,31.199119233774773],[121.31482294903948,31.198845947950105]]],[[[121.31482292562185,31.199119233774773],[121.31715603017294,31.199114810400634],[121.31715600673922,31.199388096286107],[121.31482290220399,31.199392519660638],[121.31482292562185,31.199119233774773]]],[[[121.31482290220399,31.19939251966064],[121.31715600673922,31.19938809628611],[121.31715598330527,31.199661382232843],[121.31482287878588,31.19966580560776],[121.31482290220399,31.19939251966064]]],[[[121.31482287878588,31.19966580560776],[121.31715598330527,31.199661382232843],[121.31715595987109,31.19993466824089],[121.31482285536754,31.199939091616194],[121.31482287878588,31.19966580560776]]],[[[121.31540613470207,31.199937988892177],[121.31715595987109,31.19993466824089],[121.31715593643666,31.200207954310304],[121.31540611127954,31.200211274961887],[121.31540613470207,31.199937988892177]]],[[[121.31569775008671,31.200210722771903],[121.31715593643666,31.200207954310304],[121.317155913002,31.200481240441153],[121.31569772666197,31.200484008902993],[121.31569775008671,31.200210722771903]]],[[[121.31569772666197,31.200484008902993],[121.316864276684,31.200481795070964],[121.31686425325108,31.20075508126335],[121.31569770323698,31.20075729509557],[121.31569772666197,31.200484008902993]]],[[[121.31569770323698,31.20075729509557],[121.31686425325108,31.20075508126335],[121.31686422981794,31.20102836751728],[121.31569767981176,31.2010305813497],[121.31569770323698,31.20075729509557]]],[[[121.31569767981176,31.2010305813497],[121.31686422981794,31.20102836751728],[121.31686420638454,31.201301653832818],[121.31569765638629,31.20130386766543],[121.31569767981176,31.2010305813497]]],[[[121.31569765638629,31.201303867665434],[121.31657256961996,31.201302208013317],[121.31657254618831,31.201575494390564],[121.31569763296059,31.201577154042827],[121.31569765638629,31.201303867665434]]],[[[121.31598927121559,31.201576601326202],[121.31657254618831,31.201575494390564],[121.31657252275643,31.201848780829536],[121.31598924778767,31.20184988776527],[121.31598927121559,31.201576601326202]]]]}},{"type":"Feature","properties":{"parcel_id":"hongqiao_hub:parcel:0035","geometry_method":"road_barrier_raster_plus_buildings","functional_type":"office","dominant_type":"office","confidence":0.89,"building_count":1,"avg_building_area_m2":606,"centroid_lng":121.300861,"centroid_lat":31.195383,"parcel_area_m2":17667,"safety_clipped":false,"classification_source":"osm_tags+building_morphology+spatial_prior","synthetic_classification":true,"qc_flags":""},"geometry":{"type":"MultiPolygon","coordinates":[[[[121.29557239896681,31.198060283934034],[121.2958641249272,31.198059810629786],[121.29586410163209,31.198333096274467],[121.29557237567343,31.198333569578768],[121.29557239896681,31.198060283934034]]],[[[121.29557237567343,31.198333569578768],[121.29644754769038,31.19833214445885],[121.29644752439155,31.198605430164445],[121.29557235237982,31.19860685528452],[121.29557237567343,31.198333569578768]]],[[[121.29557235237982,31.19860685528452],[121.29703096276027,31.198604471514],[121.29703093945773,31.19887775728057],[121.29557232908596,31.19888014105135],[121.29557235237982,31.19860685528452]]],[[[121.29586405504116,31.198879667746947],[121.29732265580557,31.198877275432995],[121.29732263250104,31.199150561260655],[121.29586403174535,31.199152953574867],[121.29586405504116,31.198879667746947]]],[[[121.29644747779321,31.19915200175894],[121.29761434698275,31.199150077753337],[121.29761432367621,31.199423363642143],[121.29644745449367,31.19942528764795],[121.29644747779321,31.19915200175894]]],[[[121.29732260919626,31.199423847149518],[121.29819774711996,31.199422391714215],[121.29819772380965,31.199695677664174],[121.29732258589124,31.19969713309963],[121.29732260919626,31.199423847149518]]]]}},{"type":"Feature","properties":{"parcel_id":"hongqiao_hub:parcel:0036","geometry_method":"road_barrier_raster_plus_buildings","functional_type":"residential","dominant_type":"residential","confidence":1,"building_count":1,"avg_building_area_m2":606,"centroid_lng":121.318314,"centroid_lat":31.195745,"parcel_area_m2":2524,"safety_clipped":false,"classification_source":"osm_tags+building_morphology+spatial_prior","synthetic_classification":true,"qc_flags":""},"geometry":{"type":"MultiPolygon","coordinates":[[[[121.31278152116562,31.198029930983544],[121.31307316587127,31.198029384390935],[121.31307314246617,31.198302670032657],[121.31278149776247,31.198303216625316],[121.31278152116562,31.198029930983544]]],[[[121.31278149776247,31.198303216625316],[121.31307314246617,31.198302670032657],[121.31307311906083,31.1985759557354],[121.3127814743591,31.198576502328105],[121.31278149776247,31.198303216625316]]],[[[121.3127814743591,31.198576502328105],[121.31307311906083,31.1985759557354],[121.31307309565526,31.19884924149922],[121.31278145095548,31.198849788091977],[121.3127814743591,31.198576502328105]]]]}},{"type":"Feature","properties":{"parcel_id":"hongqiao_hub:parcel:0037","geometry_method":"road_barrier_raster_plus_buildings","functional_type":"residential","dominant_type":"residential","confidence":0.81,"building_count":1,"avg_building_area_m2":606,"centroid_lng":121.353674,"centroid_lat":31.208968,"parcel_area_m2":253220,"safety_clipped":false,"classification_source":"osm_tags+building_morphology+spatial_prior","synthetic_classification":true,"qc_flags":""},"geometry":{"type":"MultiPolygon","coordinates":[[[[121.35011369946189,31.19850750042686],[121.35069716948878,31.19850654638011],[121.35069714583554,31.198779832137586],[121.35011367581205,31.19878078618444],[121.35011369946189,31.19850750042686]]],[[[121.35011367581205,31.19878078618444],[121.3509888840721,31.198779357787934],[121.3509888604169,31.199052643606496],[121.35011365216197,31.199054072003158],[121.35011367581205,31.19878078618444]]],[[[121.35011365216197,31.199054072003158],[121.3509888604169,31.199052643606496],[121.35098883676149,31.199325929486253],[121.35011362851164,31.19932735788307],[121.35011365216197,31.199054072003158]]],[[[121.35011362851164,31.199327357883075],[121.35098883676149,31.199325929486257],[121.35098881310583,31.199599215427273],[121.35011360486106,31.199600643824247],[121.35011362851164,31.199327357883075]]],[[[121.35011360486106,31.199600643824247],[121.35098881310583,31.199599215427273],[121.35098878944991,31.1998725014296],[121.35011358121027,31.19987392982673],[121.35011360486106,31.199600643824247]]],[[[121.35011358121027,31.19987392982673],[121.35098878944991,31.1998725014296],[121.35098876579377,31.200145787493298],[121.35011355755921,31.200147215890585],[121.35011358121027,31.19987392982673]]],[[[121.35011355755921,31.200147215890585],[121.35098876579377,31.200145787493298],[121.35098874213739,31.20041907361843],[121.35011353390793,31.20042050201587],[121.35011355755921,31.200147215890585]]],[[[121.35011353390793,31.20042050201587],[121.35098874213739,31.20041907361843],[121.35098871848076,31.20069235980505],[121.35011351025639,31.200693788202646],[121.35011353390793,31.20042050201587]]],[[[121.35011351025639,31.200693788202646],[121.35069698025606,31.200692834155067],[121.35069695660088,31.200966120403283],[121.35011348660463,31.20096707445097],[121.35011351025639,31.200693788202646]]],[[[121.3498217547894,31.200967554112577],[121.35069695660088,31.200966120403283],[121.35069693294547,31.201239406713107],[121.3498217311391,31.201240840422557],[121.3498217547894,31.200967554112577]]],[[[121.3498217311391,31.20124084042256],[121.35069693294547,31.20123940671311],[121.35069690928981,31.2015126930846],[121.34982170748857,31.201514126794205],[121.3498217311391,31.20124084042256]]],[[[121.34982170748857,31.201514126794205],[121.35069690928981,31.2015126930846],[121.35069688563391,31.20178597951781],[121.34982168383779,31.201787413227567],[121.34982170748857,31.201514126794205]]],[[[121.34982168383779,31.201787413227567],[121.35069688563391,31.20178597951781],[121.35069686197778,31.202059266012796],[121.34982166018676,31.20206069972271],[121.34982168383779,31.201787413227567]]],[[[121.34952993047227,31.202061181118964],[121.35040512591847,31.20205974215158],[121.35040510226379,31.20233302870846],[121.34952990682274,31.202334467676],[121.34952993047227,31.202061181118964]]],[[[121.34952990682274,31.202334467676],[121.35040510226379,31.20233302870846],[121.35040507860887,31.202606315327234],[121.34952988317295,31.20260775429493],[121.34952990682274,31.202334467676]]],[[[121.34952988317295,31.20260775429493],[121.35040507860887,31.202606315327234],[121.35040505495371,31.20287960200796],[121.34952985952292,31.202881040975814],[121.34952988317295,31.20260775429493]]],[[[121.34952985952292,31.202881040975814],[121.3501133210355,31.20288007991743],[121.3501132973818,31.203153366660224],[121.34952983587266,31.20315432771871],[121.34952985952292,31.202881040975814]]],[[[121.34952983587266,31.20315432771871],[121.3501132973818,31.203153366660224],[121.35011327372786,31.203426653465087],[121.34952981222214,31.203427614523676],[121.34952983587266,31.20315432771871]]],[[[121.34923808458905,31.203428097636515],[121.35011327372786,31.20342665346509],[121.35011325007368,31.203699940332083],[121.34923806094002,31.20370138450366],[121.34923808458905,31.203428097636515]]],[[[121.34923806094002,31.20370138450366],[121.35011325007368,31.203699940332083],[121.35011322641927,31.203973227261258],[121.34923803729076,31.20397467143299],[121.34923806094002,31.20370138450366]]],[[[121.34923803729076,31.20397467143299],[121.35011322641927,31.203973227261258],[121.3501132027646,31.204246514252677],[121.34923801364125,31.204247958424567],[121.34923803729076,31.20397467143299]]],[[[121.34923801364125,31.204247958424567],[121.34982147096993,31.20424699391491],[121.34982144731673,31.204520280968683],[121.34923798999151,31.204521245478443],[121.34923801364125,31.204247958424567]]],[[[121.34894626441695,31.20452173028965],[121.34982144731673,31.204520280968683],[121.3498214236633,31.204793568084817],[121.34894624076868,31.204795017405935],[121.34894626441695,31.20452173028965]]],[[[121.34894624076868,31.204795017405935],[121.3498214236633,31.204793568084817],[121.34982140000963,31.205066855263365],[121.34894621712019,31.20506830458464],[121.34894624076868,31.204795017405935]]],[[[121.34894621712019,31.20506830458464],[121.34982140000963,31.205066855263365],[121.34982137635572,31.20534014250439],[121.34894619347145,31.205341591825817],[121.34894621712019,31.20506830458464]]],[[[121.34865446993254,31.20534207831715],[121.34952964666185,31.205340623901265],[121.34952962300942,31.205613911204875],[121.3486544462853,31.20561536562091],[121.34865446993254,31.20534207831715]]],[[[121.3486544462853,31.20561536562091],[121.34952962300942,31.205613911204875],[121.34952959935674,31.205887198571073],[121.34865442263782,31.205888652987262],[121.3486544462853,31.20561536562091]]],[[[121.34865442263782,31.205888652987262],[121.34952959935674,31.205887198571073],[121.34952957570383,31.206160485999916],[121.34865439899009,31.206161940416262],[121.34865442263782,31.205888652987262]]],[[[121.34865439899009,31.206161940416262],[121.34952957570383,31.206160485999916],[121.34952955205067,31.206433773491465],[121.34865437534212,31.206435227907967],[121.34865439899009,31.206161940416262]]],[[[121.34865437534212,31.206435227907967],[121.34923782443653,31.20643425660487],[121.34923780078486,31.20670754415923],[121.34865435169391,31.20670851546243],[121.34865437534212,31.206435227907967]]],[[[121.3483626301729,31.20670900361574],[121.34923780078486,31.20670754415923],[121.34923777713294,31.206980831776413],[121.3483626065262,31.20698229123308],[121.3483626301729,31.20670900361574]]],[[[121.34807088699482,31.20698278102988],[121.34923777713294,31.206980831776413],[121.34923775348079,31.207254119456472],[121.34807086334962,31.207256068710144],[121.34807088699482,31.20698278102988]]],[[[121.3471957164743,31.2072575477779],[121.34923775348079,31.207254119456472],[121.3492377298284,31.207527407199468],[121.34719569283413,31.207530835521254],[121.3471957164743,31.2072575477779]]],[[[121.34427865695771,31.20753586497493],[121.34894600427286,31.207527892011242],[121.34894598062196,31.20780117981728],[121.34427863333524,31.20780915278178],[121.34427865695771,31.20753586497493]]],[[[121.34427863333524,31.20780915278178],[121.34894598062196,31.20780117981728],[121.34894595697081,31.20807446768637],[121.34427860971252,31.208082440651683],[121.34427863333524,31.20780915278178]]],[[[121.34427860971252,31.208082440651683],[121.34894595697081,31.20807446768637],[121.34894593331943,31.20834775561856],[121.34427858608957,31.20835572858469],[121.34427860971252,31.208082440651683]]],[[[121.34398689213388,31.20835623944817],[121.34894593331943,31.20834775561856],[121.34894590966779,31.208621043613917],[121.34398686851252,31.20862952744439],[121.34398689213388,31.20835623944817]]],[[[121.34398686851252,31.20862952744439],[121.34865418614972,31.208621530105862],[121.34865416249959,31.208894818164488],[121.34398684489089,31.208902815503833],[121.34398686851252,31.20862952744439]]],[[[121.34398684489089,31.208902815503833],[121.34865416249959,31.208894818164488],[121.34865413884921,31.209168106286395],[121.34398682126904,31.20917610362655],[121.34398684489089,31.208902815503833]]],[[[121.34398682126904,31.20917610362655],[121.34865413884921,31.209168106286395],[121.3486541151986,31.209441394471636],[121.34398679764695,31.209449391812605],[121.34398682126904,31.20917610362655]]],[[[121.34398679764695,31.209449391812605],[121.3486541151986,31.209441394471636],[121.34865409154774,31.209714682720268],[121.34398677402461,31.20972268006205],[121.34398679764695,31.209449391812605]]],[[[121.34398677402461,31.209722680062054],[121.34836237004589,31.209715170874144],[121.34836234639653,31.209988459186278],[121.34398675040204,31.209995968374947],[121.34398677402461,31.209722680062054]]],[[[121.34398675040204,31.209995968374947],[121.34836234639653,31.209988459186278],[121.34836232274694,31.210261747561916],[121.34398672677922,31.210269256751346],[121.34398675040204,31.209995968374947]]],[[[121.34398672677922,31.210269256751346],[121.34836232274694,31.210261747561916],[121.3483622990971,31.210535036001115],[121.34398670315616,31.21054254519131],[121.34398672677922,31.210269256751346]]],[[[121.34398670315616,31.21054254519131],[121.3483622990971,31.210535036001115],[121.34836227544703,31.210808324503933],[121.34398667953286,31.21081583369489],[121.34398670315616,31.21054254519131]]],[[[121.34398667953286,31.21081583369489],[121.34807055594011,31.21080881430145],[121.34807053229154,31.211082102867998],[121.34398665590933,31.21108912226215],[121.34398667953286,31.21081583369489]]]]}},{"type":"Feature","properties":{"parcel_id":"hongqiao_hub:parcel:0038","geometry_method":"road_barrier_raster_plus_buildings","functional_type":"commercial","dominant_type":"commercial","confidence":0.86,"building_count":1,"avg_building_area_m2":606,"centroid_lng":121.303119,"centroid_lat":31.208159,"parcel_area_m2":271728,"safety_clipped":false,"classification_source":"osm_tags+building_morphology+spatial_prior","synthetic_classification":true,"qc_flags":""},"geometry":{"type":"MultiPolygon","coordinates":[[[[121.29498877805857,31.199974226052433],[121.29586396185648,31.199972811426044],[121.29586393855972,31.2002460974991],[121.29498875476698,31.200247512125646],[121.29498877805857,31.199974226052433]]],[[[121.29848940949793,31.199968475287875],[121.29878111670963,31.199967985306802],[121.29878109339529,31.200241271379344],[121.29848938618537,31.200241761360466],[121.29848940949793,31.199968475287875]]],[[[121.29498875476698,31.200247512125646],[121.29673910471884,31.20024466720343],[121.29673908141662,31.200517953337762],[121.29498873147514,31.20052079826029],[121.29498875476698,31.200247512125646]]],[[[121.29848938618537,31.200241761360466],[121.29878109339529,31.200241271379344],[121.29878107008071,31.200514557513316],[121.29848936287257,31.20051504749449],[121.29848938618537,31.200241761360466]]],[[[121.29498873147514,31.20052079826029],[121.29732251597477,31.200516991318082],[121.29732249266881,31.2007902775138],[121.29498870818308,31.200794084456422],[121.29498873147514,31.20052079826029]]],[[[121.29848936287257,31.20051504749449],[121.29878107008071,31.200514557513316],[121.29878104676588,31.200787843708774],[121.29848933955952,31.200788333690003],[121.29848936287257,31.20051504749449]]],[[[121.29498870818308,31.200794084456422],[121.29878104676588,31.200787843708774],[121.29878102345083,31.201061129965783],[121.29498868489078,31.2010673707141],[121.29498870818308,31.200794084456422]]],[[[121.29498868489078,31.2010673707141],[121.29878102345083,31.201061129965783],[121.29878100013553,31.201334416284396],[121.29498866159824,31.201340657033384],[121.29498868489078,31.2010673707141]]],[[[121.29498866159824,31.201340657033388],[121.29878100013553,31.2013344162844],[121.29878097682001,31.201607702664674],[121.29498863830547,31.201613943414337],[121.29498866159824,31.201340657033388]]],[[[121.29498863830547,31.201613943414337],[121.29878097682001,31.201607702664674],[121.29878095350425,31.201880989106673],[121.29498861501246,31.201887229857007],[121.29498863830547,31.201613943414337]]],[[[121.29498861501246,31.201887229857007],[121.29878095350425,31.201880989106673],[121.29878093018824,31.20215427561045],[121.2949885917192,31.202160516361456],[121.29498861501246,31.201887229857007]]],[[[121.2949885917192,31.202160516361456],[121.2984892229908,31.202154765591935],[121.29848919967634,31.2024280521576],[121.29498856842572,31.202433802927743],[121.2949885917192,31.202160516361456]]],[[[121.29498856842572,31.202433802927743],[121.29848919967634,31.2024280521576],[121.29848917636166,31.202701338785165],[121.294988545132,31.202707089555926],[121.29498856842572,31.202433802927743]]],[[[121.294988545132,31.202707089555926],[121.29848917636166,31.202701338785165],[121.29848915304672,31.20297462547468],[121.29498852183805,31.202980376246064],[121.294988545132,31.202707089555926]]],[[[121.29498852183805,31.202980376246064],[121.29848915304672,31.20297462547468],[121.29848912973156,31.20324791222621],[121.29498849854386,31.203253662998215],[121.29498852183805,31.202980376246064]]],[[[121.29498849854386,31.203253662998215],[121.29848912973156,31.20324791222621],[121.29848910641616,31.203521199039812],[121.29498847524944,31.203526949812435],[121.29498849854386,31.203253662998215]]],[[[121.29498847524944,31.20352694981244],[121.29819739744042,31.20352168742805],[121.29819737412656,31.20379497430383],[121.29498845195477,31.203800236688785],[121.29498847524944,31.20352694981244]]],[[[121.29498845195477,31.203800236688785],[121.29819737412656,31.20379497430383],[121.29819735081247,31.204068261241794],[121.29498842865988,31.20407352362732],[121.29498845195477,31.203800236688785]]],[[[121.29498842865988,31.20407352362732],[121.29819735081247,31.204068261241794],[121.29819732749813,31.204341548242002],[121.29498840536473,31.204346810628095],[121.29498842865988,31.20407352362732]]],[[[121.29498840536473,31.204346810628095],[121.29819732749813,31.204341548242002],[121.29819730418357,31.20461483530451],[121.29498838206936,31.204620097691176],[121.29498840536473,31.204346810628095]]],[[[121.29498838206936,31.204620097691176],[121.29586356577941,31.20461868306213],[121.29586354247864,31.20489197018741],[121.29498835877376,31.204893384816614],[121.29498838206936,31.204620097691176]]],[[[121.29673873185502,31.204617252763978],[121.29819730418357,31.20461483530451],[121.29819728086876,31.20488812242938],[121.29673870854903,31.204890539889103],[121.29673873185502,31.204617252763978]]],[[[121.29498835877376,31.204893384816614],[121.29557181656145,31.20489244349296],[121.29557179326217,31.205165730680708],[121.29498833547792,31.205166672004466],[121.29498835877376,31.204893384816614]]],[[[121.29673870854903,31.204890539889103],[121.29819728086876,31.20488812242938],[121.29819725755372,31.205161409616665],[121.29673868524279,31.205163827076646],[121.29673870854903,31.204890539889103]]],[[[121.29498833547792,31.205166672004466],[121.2952800653685,31.20516620222917],[121.29528004207071,31.205439489479446],[121.29498831218184,31.205439959254797],[121.29498833547792,31.205166672004466]]],[[[121.29673868524279,31.205163827076646],[121.29819725755372,31.205161409616665],[121.29819723423844,31.205434696866426],[121.29673866193633,31.205437114326664],[121.29673868524279,31.205163827076646]]],[[[121.29644694184432,31.205437592806973],[121.29819723423844,31.20543469686643],[121.29819721092294,31.205707984178723],[121.29644691853937,31.205710880119575],[121.29644694184432,31.205437592806973]]],[[[121.29615519652744,31.205711356891236],[121.29819721092294,31.205707984178723],[121.29819718760719,31.205981271553604],[121.29615517322398,31.20598464426648],[121.29615519652744,31.205711356891236]]],[[[121.29586344927317,31.205985119313286],[121.29819718760719,31.205981271553604],[121.2981971642912,31.206254558991134],[121.29586342597122,31.206258406751232],[121.29586344927317,31.205985119313286]]],[[[121.29557170006268,31.206258880057035],[121.2981971642912,31.206254558991134],[121.29819714097498,31.20652784649137],[121.29557167676221,31.206532167557736],[121.29557170006268,31.206258880057035]]],[[[121.29557167676221,31.206532167557736],[121.29819714097498,31.20652784649137],[121.29819711765852,31.206801134054363],[121.29557165346151,31.206805455121195],[121.29557167676221,31.206532167557736]]],[[[121.29557165346151,31.206805455121195],[121.29819711765852,31.206801134054363],[121.29819709434182,31.20707442168018],[121.29557163016058,31.207078742747477],[121.29557165346151,31.206805455121195]]],[[[121.29557163016058,31.207078742747477],[121.29790538358252,31.207074908458942],[121.29790536026735,31.207348196147688],[121.29557160685941,31.207352030436635],[121.29557163016058,31.207078742747477]]],[[[121.29557160685941,31.207352030436635],[121.29790536026735,31.207348196147688],[121.29790533695196,31.207621483899366],[121.295571583558,31.20762531818873],[121.29557160685941,31.207352030436635]]],[[[121.295571583558,31.207625318188732],[121.29790533695196,31.20762148389937],[121.29790531363632,31.20789477171404],[121.29557156025635,31.207898606003816],[121.295571583558,31.207625318188732]]],[[[121.29557156025635,31.207898606003816],[121.29790531363632,31.20789477171404],[121.29790529032046,31.20816805959176],[121.29557153695447,31.20817189388195],[121.29557156025635,31.207898606003816]]],[[[121.29557153695447,31.20817189388195],[121.29790529032046,31.20816805959176],[121.29790526700435,31.208441347532585],[121.29557151365236,31.208445181823187],[121.29557153695447,31.20817189388195]]],[[[121.29586323954706,31.208444708516964],[121.29790526700435,31.208441347532585],[121.29790524368802,31.208714635536573],[121.29586321624298,31.208717996521315],[121.29586323954706,31.208444708516964]]],[[[121.29586321624298,31.208717996521315],[121.29790524368802,31.208714635536573],[121.29790522037143,31.208987923603782],[121.29586319293865,31.208991284588887],[121.29586321624298,31.208717996521315]]],[[[121.29615491687039,31.208990809541508],[121.29790522037143,31.208987923603782],[121.29790519705462,31.20926121173427],[121.2961548935641,31.209264097672307],[121.29615491687039,31.208990809541508]]],[[[121.29703005378578,31.20926266224549],[121.29790519705462,31.20926121173427],[121.29790517373758,31.209534499928093],[121.29703003047402,31.209535950439466],[121.29703005378578,31.20926266224549]]],[[[121.29732174675337,31.20953546858988],[121.29790517373758,31.209534499928093],[121.29790515042029,31.209807788185305],[121.29732172343961,31.209808756847195],[121.29732174675337,31.20953546858988]]]]}},{"type":"Feature","properties":{"parcel_id":"hongqiao_hub:parcel:0039","geometry_method":"road_barrier_raster_plus_buildings","functional_type":"residential","dominant_type":"residential","confidence":0.94,"building_count":2,"avg_building_area_m2":606,"centroid_lng":121.318343,"centroid_lat":31.198761,"parcel_area_m2":3365,"safety_clipped":false,"classification_source":"osm_tags+building_morphology+spatial_prior","synthetic_classification":true,"qc_flags":""},"geometry":{"type":"MultiPolygon","coordinates":[[[[121.31248971188234,31.199943477635536],[121.31278135733865,31.19994293175943],[121.31278133393386,31.200216217829578],[121.31248968847949,31.200216763705733],[121.31248971188234,31.199943477635536]]],[[[121.31248968847949,31.200216763705733],[121.31278133393386,31.200216217829578],[121.3127813105288,31.200489503961155],[121.31248966507641,31.200490049837356],[121.31248968847949,31.200216763705733]]],[[[121.31248966507641,31.200490049837356],[121.3127813105288,31.200489503961155],[121.31278128712354,31.200762790154222],[121.3124896416731,31.200763336030473],[121.31248966507641,31.200490049837356]]],[[[121.3124896416731,31.200763336030473],[121.31278128712354,31.200762790154222],[121.31278126371802,31.201036076408837],[121.31248961826955,31.201036622285134],[121.3124896416731,31.200763336030473]]]]}},{"type":"Feature","properties":{"parcel_id":"hongqiao_hub:parcel:0040","geometry_method":"road_barrier_raster_plus_buildings","functional_type":"residential","dominant_type":"residential","confidence":0.81,"building_count":1,"avg_building_area_m2":606,"centroid_lng":121.365236,"centroid_lat":31.200858,"parcel_area_m2":174141,"safety_clipped":false,"classification_source":"osm_tags+building_morphology+spatial_prior","synthetic_classification":true,"qc_flags":""},"geometry":{"type":"MultiPolygon","coordinates":[[[[121.35653218203554,31.200683710535454],[121.35857473672894,31.200680712221814],[121.35857471303042,31.200953998468602],[121.35653215834776,31.20095699678262],[121.35653218203554,31.200683710535454]]],[[[121.35653215834776,31.20095699678262],[121.36032557925414,31.200951516203205],[121.36032555554648,31.20122480251127],[121.35653213465973,31.20123028309139],[121.35653215834776,31.20095699678262]]],[[[121.35653213465973,31.201230283091395],[121.36032555554648,31.201224802511273],[121.36032553183857,31.201498088881003],[121.35653211097147,31.201503569461828],[121.35653213465973,31.201230283091395]]],[[[121.35653211097147,31.201503569461828],[121.36032553183857,31.201498088881003],[121.36032550813043,31.201771375312454],[121.35653208728297,31.201776855893982],[121.35653211097147,31.201503569461828]]],[[[121.35653208728297,31.201776855893982],[121.36032550813043,31.201771375312454],[121.36032548442203,31.202044661805687],[121.35653206359422,31.202050142387918],[121.35653208728297,31.201776855893982]]],[[[121.35653206359422,31.202050142387918],[121.36032548442203,31.202044661805687],[121.36032546071341,31.202317948360754],[121.35653203990523,31.20232342894369],[121.35653206359422,31.202050142387918]]],[[[121.3562402568005,31.202323865960306],[121.36032546071341,31.202317948360754],[121.36032543700453,31.20259123497772],[121.35624023311284,31.20259715257803],[121.3562402568005,31.202323865960306]]],[[[121.35624023311284,31.20259715257803],[121.36003361904899,31.20259164290136],[121.36003359534135,31.202864929580336],[121.35624020942493,31.20287043925771],[121.35624023311284,31.20259715257803]]],[[[121.35624020942493,31.20287043925771],[121.36003359534135,31.202864929580336],[121.36003357163345,31.20313821632132],[121.35624018573678,31.203143725999396],[121.35624020942493,31.20287043925771]]],[[[121.35624018573678,31.203143725999396],[121.35974175647705,31.203138626581833],[121.35974173277039,31.203411913384944],[121.3562401620484,31.203417012803154],[121.35624018573678,31.203143725999396]]],[[[121.3562401620484,31.203417012803158],[121.35974173277039,31.203411913384947],[121.35974170906348,31.203685200250185],[121.35624013835977,31.203690299669045],[121.3562401620484,31.203417012803158]]],[[[121.35624013835977,31.203690299669045],[121.35974170906348,31.203685200250185],[121.35974168535634,31.203958487177612],[121.3562401146709,31.20396358659712],[121.35624013835977,31.203690299669045]]],[[[121.3562401146709,31.20396358659712],[121.35974168535634,31.203958487177612],[121.35974166164895,31.20423177416728],[121.35624009098179,31.204236873587437],[121.3562401146709,31.20396358659712]]],[[[121.35624009098179,31.204236873587437],[121.35944984927575,31.204232186748524],[121.3594498255696,31.20450547380055],[121.35624006729243,31.204510160640055],[121.35624009098179,31.204236873587437]]],[[[121.35594828674468,31.20451059977791],[121.3594498255696,31.20450547380055],[121.35944980186322,31.20477876091493],[121.35594826305666,31.20478388689294],[121.35594828674468,31.20451059977791]]],[[[121.35594826305666,31.20478388689294],[121.35944980186322,31.20477876091493],[121.35944977815659,31.20505204809173],[121.35594823936839,31.20505717407039],[121.35594826305666,31.20478388689294]]],[[[121.35594823936839,31.20505717407039],[121.35857435752366,31.2050532995956],[121.35857433382128,31.20532658683504],[121.35594821567989,31.20533046131031],[121.35594823936839,31.20505717407039]]],[[[121.35594821567989,31.205330461310314],[121.35682356496221,31.205329150275663],[121.35682354126878,31.20560243757796],[121.35594819199115,31.20560374861277],[121.35594821567989,31.205330461310314]]]]}},{"type":"Feature","properties":{"parcel_id":"hongqiao_hub:parcel:0041","geometry_method":"road_barrier_raster_plus_buildings","functional_type":"residential","dominant_type":"residential","confidence":1,"building_count":1,"avg_building_area_m2":606,"centroid_lng":121.303789,"centroid_lat":31.209691,"parcel_area_m2":432409,"safety_clipped":false,"classification_source":"osm_tags+building_morphology+spatial_prior","synthetic_classification":true,"qc_flags":""},"geometry":{"type":"MultiPolygon","coordinates":[[[[121.30286474769476,31.20105411236271],[121.30344811177112,31.20105308734539],[121.30344808842665,31.201326373663193],[121.30286472435401,31.20132739868061],[121.30286474769476,31.20105411236271]]],[[[121.30257304009577,31.20132790919227],[121.30403144671072,31.201325343437308],[121.3040314233623,31.201598629816672],[121.30257301675663,31.201601195571886],[121.30257304009577,31.20132790919227]]],[[[121.30082287883157,31.201604229586525],[121.30461477601865,31.201597594523314],[121.30461475266625,31.2018708809643],[121.30082285550318,31.201877516028166],[121.30082287883157,31.201604229586525]]],[[[121.30082285550318,31.201877516028166],[121.30490642693525,31.201870361461612],[121.30490640358073,31.202143647964327],[121.30082283217456,31.202150802531587],[121.30082285550318,31.201877516028166]]],[[[121.30053113693806,31.20215130319692],[121.3046147293136,31.202144167467065],[121.30461470596073,31.202417454031668],[121.30053111361103,31.20242458976223],[121.30053113693806,31.20215130319692]]],[[[121.30053111361103,31.20242458976223],[121.30461470596073,31.202417454031668],[121.3046146826076,31.20269074065817],[121.30053109028376,31.202697876389436],[121.30053111361103,31.20242458976223]]],[[[121.30053109028376,31.202697876389436],[121.3046146826076,31.20269074065817],[121.30461465925426,31.202964027346624],[121.30053106695624,31.202971163078598],[121.30053109028376,31.202697876389436]]],[[[121.30053106695624,31.202971163078598],[121.30461465925426,31.202964027346624],[121.30461463590066,31.20323731409709],[121.3005310436285,31.203244449829768],[121.30053106695624,31.202971163078598]]],[[[121.30023934674985,31.20324494901987],[121.30461463590066,31.20323731409709],[121.30461461254684,31.203510600909627],[121.30023932342367,31.20351823583316],[121.30023934674985,31.20324494901987]]],[[[121.30023932342367,31.203518235833165],[121.30432293692445,31.203511119181233],[121.30432291357226,31.20378440605595],[121.30023930009726,31.20379152270859],[121.30023932342367,31.203518235833165]]],[[[121.30023930009726,31.20379152270859],[121.30432291357226,31.20378440605595],[121.30432289021984,31.204057692992848],[121.30023927677063,31.204064809646194],[121.30023930009726,31.20379152270859]]],[[[121.30023927677063,31.204064809646194],[121.30432289021984,31.204057692992848],[121.30432286686717,31.204330979991994],[121.30023925344373,31.204338096646044],[121.30023927677063,31.204064809646194]]],[[[121.30023925344373,31.204338096646044],[121.30432286686717,31.204330979991994],[121.30432284351427,31.204604267053437],[121.30023923011662,31.204611383708198],[121.30023925344373,31.204338096646044]]],[[[121.30023923011662,31.204611383708198],[121.30432284351427,31.204604267053437],[121.30432282016113,31.20487755417724],[121.30023920678927,31.20488467083271],[121.30023923011662,31.204611383708198]]],[[[121.30023920678927,31.20488467083271],[121.30432282016113,31.20487755417724],[121.30432279680777,31.205150841363462],[121.30023918346168,31.205157958019637],[121.30023920678927,31.20488467083271]]],[[[121.29994748492638,31.20515845571762],[121.30403111981121,31.205151358386225],[121.30403109645948,31.20542464563497],[121.29994746160035,31.205431742967075],[121.29994748492638,31.20515845571762]]],[[[121.29994746160035,31.20543174296708],[121.30403109645948,31.205424645634974],[121.3040310731075,31.20569793294625],[121.2999474382741,31.205705030279063],[121.29994746160035,31.20543174296708]]],[[[121.2999474382741,31.205705030279063],[121.3040310731075,31.20569793294625],[121.30403104975528,31.20597122032012],[121.29994741494761,31.20597831765364],[121.2999474382741,31.205705030279063]]],[[[121.29994741494761,31.20597831765364],[121.30403104975528,31.20597122032012],[121.30403102640284,31.206244507756633],[121.29994739162088,31.20625160509086],[121.29994741494761,31.20597831765364]]],[[[121.29994739162088,31.20625160509086],[121.30373934800767,31.20624502351274],[121.30373932465685,31.20651831101201],[121.29994736829391,31.20652489259079],[121.29994739162088,31.20625160509086]]],[[[121.29994736829391,31.20652489259079],[121.30373932465685,31.20651831101201],[121.3037393013058,31.206791598574043],[121.29994734496671,31.206798180153477],[121.29994736829391,31.20652489259079]]],[[[121.29994734496671,31.206798180153477],[121.3037393013058,31.206791598574043],[121.30373927795449,31.207064886198893],[121.29994732163928,31.207071467778988],[121.29994734496671,31.206798180153477]]],[[[121.29994732163928,31.207071467778988],[121.30373927795449,31.207064886198893],[121.30373925460296,31.207338173886622],[121.29994729831161,31.20734475546737],[121.29994732163928,31.207071467778988]]],[[[121.29994729831161,31.20734475546737],[121.30373925460296,31.207338173886622],[121.30373923125119,31.20761146163729],[121.2999472749837,31.207618043218694],[121.29994729831161,31.20734475546737]]],[[[121.2999472749837,31.207618043218698],[121.30373923125119,31.207611461637292],[121.30373920789918,31.207884749450947],[121.29994725165555,31.20789133103301],[121.2999472749837,31.207618043218698]]],[[[121.29994725165555,31.20789133103301],[121.30373920789918,31.207884749450947],[121.30373918454694,31.20815803732765],[121.29994722832717,31.20816461891037],[121.29994725165555,31.20789133103301]]],[[[121.29994722832717,31.20816461891037],[121.30373918454694,31.20815803732765],[121.30373916119446,31.208431325267462],[121.29994720499855,31.208437906850836],[121.29994722832717,31.20816461891037]]],[[[121.29994720499855,31.208437906850836],[121.30344748138752,31.20843183973945],[121.30344745803667,31.208705127742476],[121.2999471816697,31.20871119485447],[121.29994720499855,31.208437906850836]]],[[[121.29965548146869,31.208711691043664],[121.30344745803667,31.208705127742476],[121.30344743468558,31.20897841580872],[121.2996554581414,31.208984979110568],[121.29965548146869,31.208711691043664]]],[[[121.2996554581414,31.208984979110568],[121.30344743468558,31.20897841580872],[121.30344741133425,31.209251703938243],[121.29965543481387,31.209258267240745],[121.2996554581414,31.208984979110568]]],[[[121.29965543481387,31.209258267240745],[121.30344741133425,31.209251703938243],[121.30344738798269,31.209524992131097],[121.29965541148611,31.20953155543426],[121.29965543481387,31.209258267240745]]],[[[121.29965541148611,31.20953155543426],[121.3031557067359,31.209525505301162],[121.30315568338595,31.20979879355746],[121.29965538815811,31.209804843691167],[121.29965541148611,31.20953155543426]]],[[[121.29965538815811,31.20980484369117],[121.30315568338595,31.209798793557464],[121.30315566003577,31.21007208187721],[121.29965536482987,31.210078132011525],[121.29965538815811,31.20980484369117]]],[[[121.29965536482987,31.210078132011525],[121.30315566003577,31.21007208187721],[121.30315563668536,31.210345370260463],[121.2996553415014,31.210351420395384],[121.29965536482987,31.210078132011525]]],[[[121.2996553415014,31.210351420395384],[121.30315563668536,31.210345370260463],[121.3031556133347,31.21061865870728],[121.2996553181727,31.210624708842808],[121.2996553415014,31.210351420395384]]],[[[121.2996553181727,31.210624708842808],[121.3031556133347,31.21061865870728],[121.3031555899838,31.210891947217714],[121.29965529484376,31.21089799735385],[121.2996553181727,31.210624708842808]]],[[[121.29965529484376,31.21089799735385],[121.3031555899838,31.210891947217714],[121.30315556663268,31.211165235791825],[121.29965527151457,31.211171285928568],[121.29965529484376,31.21089799735385]]],[[[121.29994697169934,31.211170789738915],[121.30286388392923,31.211165747642497],[121.30286386057972,31.211439036280392],[121.29994694836812,31.211444078377315],[121.29994697169934,31.211170789738915]]],[[[121.30023864686184,31.211443580678157],[121.30286386057972,31.211439036280392],[121.30286383722998,31.211712324982074],[121.30023862352857,31.211716869380297],[121.30023864686184,31.211443580678157]]],[[[121.30082201552393,31.211715869521512],[121.30286383722998,31.211712324982077],[121.30286381388,31.211985613747608],[121.3008219921868,31.2119891582874],[121.30082201552393,31.211715869521512]]],[[[121.30111368572827,31.211988656161893],[121.30286381388,31.211985613747608],[121.30286379052977,31.21225890257704],[121.30111366238907,31.212261944991628],[121.30111368572827,31.211988656161893]]],[[[121.30140535431912,31.21226144142488],[121.30286379052977,31.21225890257704],[121.30286376717932,31.212532191470434],[121.30140533097786,31.212534730318524],[121.30140535431912,31.21226144142488]]],[[[121.30169702131651,31.212534225327726],[121.30286376717932,31.212532191470434],[121.30286374382861,31.212805480427843],[121.3016969979732,31.212807514285334],[121.30169702131651,31.212534225327726]]],[[[121.3022803739588,31.21280650010072],[121.30257205964803,31.212805990941614],[121.30257203629894,31.213079279963143],[121.30228035061155,31.2130797891223],[121.3022803739588,31.21280650010072]]]]}},{"type":"Feature","properties":{"parcel_id":"hongqiao_hub:parcel:0042","geometry_method":"road_barrier_raster_plus_buildings","functional_type":"residential","dominant_type":"residential","confidence":1,"building_count":1,"avg_building_area_m2":606,"centroid_lng":121.319121,"centroid_lat":31.205076,"parcel_area_m2":111888,"safety_clipped":false,"classification_source":"osm_tags+building_morphology+spatial_prior","synthetic_classification":true,"qc_flags":""},"geometry":{"type":"MultiPolygon","coordinates":[[[[121.31482255090748,31.203491815331905],[121.31569746897404,31.20349016041606],[121.31569744554645,31.203763447288853],[121.31482252748582,31.203765102204848],[121.31482255090748,31.203491815331905]]],[[[121.3151141674189,31.203764551124515],[121.3168639954733,31.203761233454497],[121.31686397203752,31.204034520389282],[121.31511414399502,31.204037838059595],[121.3151141674189,31.203764551124515]]],[[[121.31511414399502,31.204037838059595],[121.31686397203752,31.204034520389282],[121.31686394860152,31.204307807386314],[121.3151141205709,31.204311125056915],[121.31511414399502,31.204037838059595]]],[[[121.3151141205709,31.204311125056915],[121.31686394860152,31.204307807386314],[121.31686392516528,31.204581094445643],[121.31511409714653,31.20458441211654],[121.3151141205709,31.204311125056915]]],[[[121.31511409714653,31.20458441211654],[121.31686392516528,31.204581094445643],[121.3168639017288,31.204854381567333],[121.31511407372194,31.20485769923852],[121.31511409714653,31.20458441211654]]],[[[121.31511407372194,31.20485769923852],[121.3168639017288,31.204854381567333],[121.31686387829207,31.205127668751445],[121.31511405029711,31.20513098642292],[121.31511407372194,31.20485769923852]]],[[[121.31511405029711,31.20513098642292],[121.31657224155528,31.205128222932615],[121.3165722181203,31.205401510179247],[121.31511402687204,31.205404273669792],[121.31511405029711,31.20513098642292]]],[[[121.31511402687204,31.205404273669796],[121.3165722181203,31.20540151017925],[121.31657219468508,31.205674797488413],[121.31511400344672,31.205677560979204],[121.31511402687204,31.205404273669796]]],[[[121.31511400344672,31.205677560979204],[121.31657219468508,31.205674797488413],[121.31657217124963,31.205948084860164],[121.31511398002118,31.205950848351197],[121.31511400344672,31.205677560979204]]],[[[121.31511398002118,31.205950848351197],[121.31657217124963,31.205948084860164],[121.31657214781394,31.206221372294564],[121.3151139565954,31.206224135785842],[121.31511398002118,31.205950848351197]]],[[[121.3151139565954,31.206224135785842],[121.31657214781394,31.206221372294564],[121.31657212437801,31.20649465979167],[121.31511393316937,31.20649742328319],[121.3151139565954,31.206224135785842]]],[[[121.31511393316937,31.20649742328319],[121.31657212437801,31.20649465979167],[121.31657210094185,31.206767947351537],[121.31511390974312,31.206770710843298],[121.31511393316937,31.20649742328319]]],[[[121.31511390974312,31.206770710843298],[121.31628046374192,31.206768501064268],[121.3162804403075,31.207041788687004],[121.31511388631661,31.20704399846623],[121.31511390974312,31.206770710843298]]],[[[121.31511388631661,31.20704399846623],[121.3162804403075,31.207041788687004],[121.31628041687284,31.207315076372616],[121.31511386288987,31.207317286152033],[121.31511388631661,31.20704399846623]]],[[[121.31511386288987,31.207317286152033],[121.31628041687284,31.207315076372616],[121.31628039343795,31.20758836412116],[121.31511383946291,31.207590573900774],[121.31511386288987,31.207317286152033]]],[[[121.31511383946291,31.207590573900777],[121.31628039343795,31.207588364121165],[121.31628037000281,31.207861651932703],[121.31511381603569,31.20786386171251],[121.31511383946291,31.207590573900777]]],[[[121.31511381603569,31.20786386171251],[121.31628037000281,31.207861651932703],[121.31628034656744,31.20813493980729],[121.31511379260824,31.208137149587294],[121.31511381603569,31.20786386171251]]],[[[121.31511379260824,31.208137149587294],[121.31628034656744,31.20813493980729],[121.31628032313183,31.208408227744986],[121.31511376918056,31.20841043752518],[121.31511379260824,31.208137149587294]]],[[[121.31511376918056,31.20841043752518],[121.31628032313183,31.208408227744986],[121.31628029969599,31.20868151574584],[121.31511374575264,31.20868372552623],[121.31511376918056,31.20841043752518]]],[[[121.31511374575264,31.20868372552623],[121.31628029969599,31.20868151574584],[121.3162802762599,31.20895480380992],[121.31511372232447,31.208957013590503],[121.31511374575264,31.20868372552623]]],[[[121.31511372232447,31.208957013590503],[121.3162802762599,31.20895480380992],[121.31628025282357,31.209228091937273],[121.31511369889607,31.20923030171805],[121.31511372232447,31.208957013590503]]],[[[121.31511369889607,31.20923030171805],[121.31628025282357,31.209228091937273],[121.31628022938702,31.209501380127964],[121.31511367546743,31.209503589908937],[121.31511369889607,31.20923030171805]]],[[[121.31511367546743,31.209503589908937],[121.31628022938702,31.209501380127964],[121.31628020595022,31.209774668382043],[121.31511365203856,31.20977687816321],[121.31511367546743,31.209503589908937]]],[[[121.31511365203856,31.209776878163215],[121.31628020595022,31.209774668382046],[121.31628018251318,31.21004795669958],[121.31511362860944,31.21005016648094],[121.31511365203856,31.209776878163215]]],[[[121.31511362860944,31.21005016648094],[121.31628018251318,31.21004795669958],[121.31628015907592,31.210321245080614],[121.31511360518009,31.21032345486217],[121.31511362860944,31.21005016648094]]],[[[121.31511360518009,31.21032345486217],[121.31628015907592,31.210321245080614],[121.3162801356384,31.21059453352521],[121.31511358175051,31.21059674330696],[121.31511360518009,31.21032345486217]]],[[[121.31511358175051,31.21059674330696],[121.3162801356384,31.21059453352521],[121.31628011220064,31.21086782203343],[121.31511355832068,31.210870031815375],[121.31511358175051,31.21059674330696]]],[[[121.31511355832068,31.210870031815375],[121.31628011220064,31.21086782203343],[121.31628008876267,31.211141110605322],[121.31511353489061,31.21114332038746],[121.31511355832068,31.210870031815375]]],[[[121.3148218950109,31.211143871469105],[121.31628008876267,31.211141110605322],[121.31628006532443,31.211414399240947],[121.31482187158257,31.211417160104975],[121.3148218950109,31.211143871469105]]],[[[121.31598842766071,31.211414952466523],[121.31628006532443,31.211414399240947],[121.31628004188597,31.211687687940366],[121.31598840422423,31.211688241165987],[121.31598842766071,31.211414952466523]]]]}},{"type":"Feature","properties":{"parcel_id":"hongqiao_hub:parcel:0043","geometry_method":"road_barrier_raster_plus_buildings","functional_type":"residential","dominant_type":"residential","confidence":1,"building_count":1,"avg_building_area_m2":606,"centroid_lng":121.326597,"centroid_lat":31.204621,"parcel_area_m2":14301,"safety_clipped":false,"classification_source":"osm_tags+building_morphology+spatial_prior","synthetic_classification":true,"qc_flags":""},"geometry":{"type":"MultiPolygon","coordinates":[[[[121.32065521675165,31.204027282180355],[121.32094684921717,31.20402672347043],[121.32094682575325,31.204300010466785],[121.32065519328972,31.204300569176755],[121.32065521675165,31.204027282180355]]],[[[121.32065519328972,31.204300569176755],[121.32123845808141,31.204299451579335],[121.32123843461527,31.204572738637943],[121.32065516982757,31.20457385623546],[121.32065519328972,31.204300569176755]]],[[[121.32065516982757,31.20457385623546],[121.32123843461527,31.204572738637943],[121.32123841114888,31.204846025758908],[121.32065514636518,31.20484714335652],[121.32065516982757,31.20457385623546]]],[[[121.32065514636518,31.20484714335652],[121.32123841114888,31.204846025758908],[121.32123838768226,31.20511931294229],[121.32065512290256,31.20512043054],[121.32065514636518,31.20484714335652]]],[[[121.32065512290256,31.20512043054],[121.32123838768226,31.20511931294229],[121.3212383642154,31.205392600188144],[121.32065509943969,31.205393717785952],[121.32065512290256,31.20512043054]]],[[[121.32065509943969,31.205393717785956],[121.3212383642154,31.205392600188148],[121.3212383407483,31.205665887496536],[121.32065507597659,31.20566700509444],[121.32065509943969,31.205393717785956]]],[[[121.32065507597659,31.20566700509444],[121.3212383407483,31.205665887496536],[121.32123831728096,31.205939174867517],[121.32065505251325,31.205940292465517],[121.32065507597659,31.20566700509444]]],[[[121.32065505251325,31.205940292465517],[121.32123831728096,31.205939174867517],[121.3212382938134,31.206212462301142],[121.32065502904968,31.206213579899238],[121.32065505251325,31.205940292465517]]],[[[121.32065502904968,31.206213579899238],[121.3212382938134,31.206212462301142],[121.32123827034557,31.206485749797473],[121.32065500558585,31.206486867395665],[121.32065502904968,31.206213579899238]]]]}},{"type":"Feature","properties":{"parcel_id":"hongqiao_hub:parcel:0044","geometry_method":"road_barrier_raster_plus_buildings","functional_type":"residential","dominant_type":"residential","confidence":1,"building_count":1,"avg_building_area_m2":606,"centroid_lng":121.313223,"centroid_lat":31.206727,"parcel_area_m2":25238,"safety_clipped":false,"classification_source":"osm_tags+building_morphology+spatial_prior","synthetic_classification":true,"qc_flags":""},"geometry":{"type":"MultiPolygon","coordinates":[[[[121.3092809705353,31.206781599916226],[121.30957262579643,31.20678106316288],[121.30957260240712,31.207054350786738],[121.30928094714793,31.207054887540135],[121.3092809705353,31.206781599916226]]],[[[121.30928094714793,31.207054887540135],[121.31103086406829,31.207051653551154],[121.31103084066905,31.207324941237644],[121.30928092376031,31.20732817522692],[121.30928094714793,31.207054887540135]]],[[[121.30928092376031,31.20732817522692],[121.31103084066905,31.207324941237644],[121.31103081726955,31.20759822898707],[121.30928090037246,31.20760146297664],[121.30928092376031,31.20732817522692]]],[[[121.30928090037246,31.207601462976644],[121.31103081726955,31.207598228987074],[121.31103079386983,31.20787151679949],[121.30928087698437,31.207874750789355],[121.30928090037246,31.207601462976644]]],[[[121.30928087698437,31.207874750789355],[121.31103079386983,31.20787151679949],[121.31103077046987,31.208144804674955],[121.30928085359604,31.208148038665115],[121.30928087698437,31.207874750789355]]],[[[121.30957250884751,31.20814750191152],[121.31103077046987,31.208144804674955],[121.31103074706967,31.208418092613528],[121.30957248545701,31.208420789850337],[121.30957250884751,31.20814750191152]]]]}},{"type":"Feature","properties":{"parcel_id":"hongqiao_hub:parcel:0045","geometry_method":"road_barrier_raster_plus_buildings","functional_type":"residential","dominant_type":"residential","confidence":1,"building_count":2,"avg_building_area_m2":606,"centroid_lng":121.34762,"centroid_lat":31.21031,"parcel_area_m2":39539,"safety_clipped":false,"classification_source":"osm_tags+building_morphology+spatial_prior","synthetic_classification":true,"qc_flags":""},"geometry":{"type":"MultiPolygon","coordinates":[[[[121.34077819829291,31.21027496214798],[121.34311165483919,31.21027079745476],[121.34311163122162,31.210544085894874],[121.34077817469019,31.21054825058849],[121.34077819829291,31.21027496214798]]],[[[121.34077817469019,31.21054825058849],[121.34311163122162,31.210544085894874],[121.34311160760382,31.210817374398605],[121.34077815108722,31.210821539092624],[121.34077817469019,31.21054825058849]]],[[[121.34077815108722,31.210821539092624],[121.34311160760382,31.210817374398605],[121.34311158398577,31.211090662966015],[121.34077812748401,31.211094827660432],[121.34077815108722,31.210821539092624]]],[[[121.34077812748401,31.211094827660432],[121.34281989656739,31.211091179174925],[121.34281987295095,31.211364467806117],[121.34077810388058,31.211368116291972],[121.34077812748401,31.211094827660432]]],[[[121.34077810388058,31.211368116291972],[121.34281987295095,31.211364467806117],[121.34281984933426,31.211637756501098],[121.34077808027689,31.211641404987304],[121.34077810388058,31.211368116291972]]],[[[121.34077808027689,31.211641404987308],[121.34223647920648,31.211638792766806],[121.34223645559324,31.211912081525735],[121.34077805667297,31.211914693746483],[121.34077808027689,31.211641404987308]]],[[[121.34077805667297,31.211914693746483],[121.3416530915901,31.211913122794986],[121.34165306798035,31.212186411617918],[121.34077803306882,31.212187982569564],[121.34077805667297,31.211914693746483]]],[[[121.34077803306882,31.212187982569564],[121.34106970992403,31.212187457738157],[121.34106968631777,31.212460746625144],[121.3407780094644,31.2124612714566],[121.34077803306882,31.212187982569564]]]]}},{"type":"Feature","properties":{"parcel_id":"hongqiao_hub:parcel:0046","geometry_method":"road_barrier_raster_plus_buildings","functional_type":"residential","dominant_type":"residential","confidence":1,"building_count":1,"avg_building_area_m2":606,"centroid_lng":121.307391,"centroid_lat":31.212244,"parcel_area_m2":153110,"safety_clipped":false,"classification_source":"osm_tags+building_morphology+spatial_prior","synthetic_classification":true,"qc_flags":""},"geometry":{"type":"MultiPolygon","coordinates":[[[[121.30403062937492,31.210890403818],[121.30490565611105,31.2108888490169],[121.30490563274871,31.21116213759071],[121.30403060601822,31.21116369239196],[121.30403062937492,31.210890403818]]],[[[121.30403060601822,31.21116369239196],[121.30665565048693,31.21115899570579],[121.30665562711302,31.211432284343037],[121.30403058266127,31.21143698102965],[121.30403060601822,31.21116369239196]]],[[[121.30403058266127,31.21143698102965],[121.30753061924707,31.211430698229474],[121.30753059586719,31.21170398693036],[121.30403055930408,31.211710269731135],[121.30403058266127,31.21143698102965]]],[[[121.30403055930408,31.21171026973114],[121.30753059586719,31.211703986930363],[121.30753057248708,31.211977275695094],[121.30403053594665,31.211983558496467],[121.30403055930408,31.21171026973114]]],[[[121.30373885759067,31.211984074253625],[121.30753057248708,31.211977275695094],[121.30753054910673,31.21225056452373],[121.30373883423488,31.212257363082905],[121.30373885759067,31.211984074253625]]],[[[121.30373883423488,31.212257363082905],[121.30753054910673,31.21225056452373],[121.30753052572614,31.21252385341632],[121.30373881087884,31.21253065197615],[121.30373883423488,31.212257363082905]]],[[[121.30373881087884,31.21253065197615],[121.30753052572614,31.21252385341632],[121.3075305023453,31.21279714237293],[121.30373878752258,31.212803940933405],[121.30373881087884,31.21253065197615]]],[[[121.30373878752258,31.212803940933405],[121.3075305023453,31.21279714237293],[121.30753047896424,31.213070431393614],[121.30373876416607,31.213077229954738],[121.30373878752258,31.212803940933405]]],[[[121.30373876416607,31.213077229954738],[121.30753047896424,31.213070431393614],[121.30753045558293,31.213343720478427],[121.30373874080932,31.213350519040198],[121.30373876416607,31.213077229954738]]],[[[121.3034470610359,31.213351033513092],[121.30753045558293,31.213343720478427],[121.3075304322014,31.213617009627423],[121.30344703768078,31.213624322662785],[121.3034470610359,31.213351033513092]]],[[[121.30344703768078,31.213624322662785],[121.30723876935492,31.21361753940787],[121.30723874597507,31.21389082862116],[121.30344701432543,31.213897611876725],[121.30344703768078,31.213624322662785]]],[[[121.30344701432543,31.213897611876728],[121.30723874597507,31.213890828621164],[121.30723872259496,31.21416411789875],[121.30344699096983,31.21417090115496],[121.30344701432543,31.213897611876728]]],[[[121.30403034907873,31.21416987092436],[121.30723872259496,31.21416411789875],[121.30723869921462,31.214437407240695],[121.30403032571917,31.214443160266846],[121.30403034907873,31.21416987092436]]],[[[121.30432200265213,31.214442643242386],[121.30723869921462,31.214437407240695],[121.30723867583404,31.214710696647046],[121.30432197929048,31.214715932649238],[121.30432200265213,31.214442643242386]]],[[[121.30461365483603,31.214715414375583],[121.3069470118193,31.21471122535822],[121.30694698844039,31.214984514829087],[121.30461363147225,31.214988703846853],[121.30461365483603,31.214715414375583]]],[[[121.30519697848595,31.214987663623106],[121.30694698844039,31.214984514829087],[121.30694696506124,31.21525780436448],[121.30519695511818,31.215260953158797],[121.30519697848595,31.214987663623106]]],[[[121.30578029683531,31.21525990815211],[121.30694696506124,31.21525780436448],[121.30694694168187,31.21553109396445],[121.30578027346353,31.215533197752283],[121.30578029683531,31.21525990815211]]],[[[121.30636361005138,31.21553214810604],[121.30694694168187,31.21553109396445],[121.30694691830224,31.21580438362906],[121.30636358667556,31.215805437770747],[121.30636361005138,31.21553214810604]]]]}},{"type":"Feature","properties":{"parcel_id":"hongqiao_hub:parcel:0047","geometry_method":"road_barrier_raster_plus_buildings","functional_type":"residential","dominant_type":"residential","confidence":1,"building_count":1,"avg_building_area_m2":606,"centroid_lng":121.368778,"centroid_lat":31.209595,"parcel_area_m2":26920,"safety_clipped":false,"classification_source":"osm_tags+building_morphology+spatial_prior","synthetic_classification":true,"qc_flags":""},"geometry":{"type":"MultiPolygon","coordinates":[[[[121.36149202561336,31.210788254544017],[121.36353491256412,31.210785534186442],[121.3635348888322,31.211058822750157],[121.36149200189122,31.211061543108123],[121.36149202561336,31.210788254544017]]],[[[121.36120017260725,31.211061941525184],[121.3635348888322,31.211058822750157],[121.36353486510004,31.211332111377608],[121.3612001488863,31.21133523015308],[121.36120017260725,31.211061941525184]]],[[[121.3612001488863,31.21133523015308],[121.36324301520098,31.21133249254446],[121.36324299146995,31.211605781235754],[121.36120012516511,31.21160851884476],[121.3612001488863,31.21133523015308]]],[[[121.36120012516511,31.211608518844763],[121.36324299146995,31.211605781235757],[121.36324296773867,31.2118790699909],[121.36120010144369,31.211881807600296],[121.36120012516511,31.211608518844763]]],[[[121.36090827503554,31.211882208418647],[121.36178376289314,31.2118810131829],[121.36178373916862,31.212154302002222],[121.36090825131531,31.212155497238133],[121.36090827503554,31.211882208418647]]]]}},{"type":"Feature","properties":{"parcel_id":"hongqiao_hub:parcel:0048","geometry_method":"road_barrier_raster_plus_buildings","functional_type":"mixed","dominant_type":"residential","confidence":0.49,"building_count":3,"avg_building_area_m2":606,"centroid_lng":121.349995,"centroid_lat":31.217002,"parcel_area_m2":334822,"safety_clipped":false,"classification_source":"osm_tags+building_morphology+spatial_prior","synthetic_classification":true,"qc_flags":"low_confidence"},"geometry":{"type":"MultiPolygon","coordinates":[[[[121.34602847870839,31.211905442006355],[121.34807046134439,31.21190196895027],[121.34807043769486,31.212175257772085],[121.34602845507125,31.21217873082853],[121.34602847870839,31.211905442006355]]],[[[121.34456995095796,31.21218125682412],[121.34777872016333,31.212175749194977],[121.34777869651532,31.212449038080806],[121.34456992732959,31.21245454571051],[121.34456995095796,31.21218125682412]]],[[[121.34369484552252,31.212456078284372],[121.34777869651532,31.212449038080806],[121.34777867286705,31.21272232703065],[121.34369482189936,31.212729367234928],[121.34369484552252,31.212456078284372]]],[[[121.34369482189936,31.212729367234928],[121.34777867286705,31.21272232703065],[121.34777864921855,31.21299561604457],[121.34369479827596,31.213002656249557],[121.34369482189936,31.212729367234928]]],[[[121.34369479827596,31.213002656249557],[121.34777864921855,31.21299561604457],[121.3477786255698,31.213268905122618],[121.34369477465233,31.213275945328313],[121.34369479827596,31.213002656249557]]],[[[121.34369477465233,31.213275945328313],[121.3477786255698,31.213268905122618],[121.34777860192082,31.21354219426485],[121.34369475102845,31.21354923447126],[121.34369477465233,31.213275945328313]]],[[[121.34369475102845,31.21354923447126],[121.34748688634332,31.213542687294748],[121.34748686269586,31.213815976501273],[121.34369472740434,31.21382252367844],[121.34369475102845,31.21354923447126]]],[[[121.34369472740434,31.213822523678445],[121.34748686269586,31.213815976501277],[121.34748683904816,31.214089265772103],[121.34369470377999,31.214095812949928],[121.34369472740434,31.213822523678445]]],[[[121.34369470377999,31.214095812949928],[121.34748683904816,31.214089265772103],[121.3474868154002,31.21436255510728],[121.3436946801554,31.214369102285765],[121.34369470377999,31.214095812949928]]],[[[121.3436946801554,31.214369102285765],[121.3471951017518,31.214363049725673],[121.34719507810537,31.214636339125317],[121.34369465653056,31.214642391686017],[121.3436946801554,31.214369102285765]]],[[[121.34369465653056,31.214642391686017],[121.34719507810537,31.214636339125317],[121.34719505445871,31.214909628589425],[121.34369463290548,31.214915681150732],[121.34369465653056,31.214642391686017]]],[[[121.34340294229727,31.214916194725692],[121.34690334271615,31.21491012477782],[121.346903319071,31.2151834143065],[121.34340291867379,31.21518948425498],[121.34340294229727,31.214916194725692]]],[[[121.34340291867379,31.21518948425498],[121.346903319071,31.2151834143065],[121.34690329542563,31.215456703899765],[121.34340289505006,31.21546277384885],[121.34340291867379,31.21518948425498]]],[[[121.34340289505006,31.21546277384885],[121.34690329542563,31.215456703899765],[121.34690327178002,31.215729993557662],[121.3434028714261,31.215736063507354],[121.34340289505006,31.21546277384885]]],[[[121.3434028714261,31.215736063507357],[121.34690327178002,31.215729993557666],[121.34690324813415,31.216003283280255],[121.34340284780188,31.216009353230554],[121.3434028714261,31.215736063507357]]],[[[121.34602812412597,31.216004781080432],[121.34690324813415,31.216003283280255],[121.34690322448806,31.216276573067592],[121.34602810048521,31.216278070867922],[121.34602812412597,31.216004781080432]]],[[[121.34602810048521,31.216278070867922],[121.34661151463514,31.21627707080766],[121.34661149099057,31.216550360659852],[121.34602807684422,31.216551360720217],[121.34602810048521,31.216278070867922]]],[[[121.34602807684422,31.216551360720217],[121.34631978299862,31.216550859932866],[121.3463197593556,31.21682414984997],[121.34602805320299,31.21682465063737],[121.34602807684422,31.216551360720217]]],[[[121.34281940057157,31.216830253900923],[121.3463197593556,31.21682414984997],[121.34631973571234,31.21709743983199],[121.34281937695008,31.21710354388355],[121.34281940057157,31.216830253900923]]],[[[121.34165264296355,31.217105621422405],[121.34602802956151,31.21709794061944],[121.34602800591979,31.21737123066648],[121.34165261934922,31.2173789114702],[121.34165264296355,31.217105621422405]]],[[[121.34077758454409,31.217380482424684],[121.34602800591979,31.21737123066648],[121.34602798227783,31.217644520778546],[121.34077756093511,31.217653772537655],[121.34077758454409,31.217380482424684]]],[[[121.34019421153386,31.2176548256492],[121.34573627794646,31.217645023061838],[121.34573625430605,31.21791831323904],[121.3401941879284,31.217928115827352],[121.34019421153386,31.2176548256492]]],[[[121.3401941879284,31.217928115827355],[121.34544455177065,31.21791881699949],[121.3454445281318,31.21819210724188],[121.34019416432271,31.218201406070648],[121.3401941879284,31.217928115827355]]],[[[121.34019416432271,31.218201406070648],[121.3454445281318,31.21819210724188],[121.3454445044927,31.218465397549465],[121.34019414071678,31.218474696379136],[121.34019416432271,31.218201406070648]]],[[[121.34019414071678,31.218474696379136],[121.34515280373331,31.21846590276845],[121.34515278009577,31.218739193141335],[121.34019411711061,31.21874798675287],[121.34019414071678,31.218474696379136]]],[[[121.34019411711061,31.21874798675287],[121.34515278009577,31.218739193141335],[121.345152756458,31.219012483579526],[121.3401940935042,31.219021277191914],[121.34019411711061,31.21874798675287]]],[[[121.3401940935042,31.219021277191914],[121.34486105745282,31.219012990238344],[121.34486103381661,31.219286280741947],[121.34019406989754,31.219294567696316],[121.3401940935042,31.219021277191914]]],[[[121.34019406989754,31.219294567696316],[121.34486103381661,31.219286280741947],[121.34486101018017,31.219559571310967],[121.34019404629065,31.219567858266135],[121.34019406989754,31.219294567696316]]],[[[121.3399023736756,31.21956838650722],[121.34456931290735,31.21956007939088],[121.34456928927248,31.219833370025423],[121.33990235007035,31.21984167714256],[121.3399023736756,31.21956838650722]]],[[[121.33990235007035,31.21984167714256],[121.34281914072191,31.219836447292405],[121.34281911709778,31.220109737992775],[121.33990232646485,31.22011496784343],[121.33990235007035,31.21984167714256]]],[[[121.33990232646485,31.220114967843433],[121.34252743131486,31.220110255492234],[121.34252740769233,31.220383546258237],[121.33990230285912,31.220388258609887],[121.33990232646485,31.220114967843433]]],[[[121.33990230285912,31.220388258609887],[121.34136067987174,31.22038562876479],[121.34136065625638,31.220658919596634],[121.33990227925315,31.220661549441974],[121.33990230285912,31.220388258609887]]],[[[121.33990227925315,31.220661549441974],[121.34019395186067,31.220661021200694],[121.34019392825257,31.22093431209843],[121.33990225564693,31.22093484033976],[121.33990227925315,31.220661549441974]]]]}},{"type":"Feature","properties":{"parcel_id":"hongqiao_hub:parcel:0049","geometry_method":"road_barrier_raster_plus_buildings","functional_type":"residential","dominant_type":"residential","confidence":0.94,"building_count":2,"avg_building_area_m2":606,"centroid_lng":121.304428,"centroid_lat":31.217503,"parcel_area_m2":292759,"safety_clipped":false,"classification_source":"osm_tags+building_morphology+spatial_prior","synthetic_classification":true,"qc_flags":""},"geometry":{"type":"MultiPolygon","coordinates":[[[[121.29965515486512,31.21253772975929],[121.29994685504087,31.212537233569382],[121.29994683170847,31.212810522527295],[121.29965513153452,31.212811018717257],[121.29965515486512,31.21253772975929]]],[[[121.29965513153452,31.212811018717257],[121.30023853019314,31.212810024827885],[121.30023850685869,31.213083313849822],[121.29965510820368,31.213084307739294],[121.29965513153452,31.212811018717257]]],[[[121.29965510820368,31.213084307739294],[121.3005302036721,31.21308281465789],[121.3005301803356,31.213356103743905],[121.29965508487261,31.213357596825464],[121.29965510820368,31.213084307739294]]],[[[121.29965508487261,31.213357596825464],[121.30111356902994,31.213355100950732],[121.30111354568956,31.213628390100833],[121.2996550615413,31.213630885975817],[121.29965508487261,31.213357596825464]]],[[[121.2996550615413,31.213630885975817],[121.30140523761047,31.21362788653383],[121.30140521426803,31.21390117574812],[121.29965503820975,31.21390417519041],[121.2996550615413,31.213630885975817]]],[[[121.29936333633397,31.213904669854205],[121.30169690459752,31.21390067075707],[121.30169688125302,31.21417396003561],[121.29936331300398,31.21417795913315],[121.29936333633397,31.213904669854205]]],[[[121.29936331300398,31.21417795913315],[121.30198857001125,31.214173453637766],[121.30198854666467,31.21444674298061],[121.29936328967376,31.214451248476447],[121.29936331300398,31.21417795913315]]],[[[121.29936328967376,31.214451248476447],[121.30228023387181,31.21444623519328],[121.30228021052316,31.21471952460048],[121.2993632663433,31.21472453788416],[121.29936328967376,31.214451248476447]]],[[[121.2993632663433,31.21472453788416],[121.30257189619948,31.214719015441023],[121.30257187284873,31.21499230491264],[121.2993632430126,31.214997827356335],[121.2993632663433,31.21472453788416]]],[[[121.2993632430126,31.214997827356335],[121.30315523969202,31.21499128254709],[121.30315521633733,31.215264572083132],[121.29936321968168,31.215271116893035],[121.2993632430126,31.214997827356335]]],[[[121.29936321968168,31.215271116893035],[121.3034468975451,31.215264058912016],[121.30344687418832,31.215537348512587],[121.29936319635051,31.215544406494317],[121.29936321968168,31.215271116893035]]],[[[121.29936319635051,31.215544406494317],[121.30373855394686,31.21553683403929],[121.30373853058798,31.215810123704447],[121.29936317301912,31.21581769616023],[121.29936319635051,31.215544406494317]]],[[[121.29936317301912,31.215817696160233],[121.30432188584145,31.215809090921876],[121.3043218624786,31.216082380651624],[121.29936314968747,31.21609098589084],[121.29936317301912,31.215817696160233]]],[[[121.29936314968747,31.21609098589084],[121.30490521218614,31.216081342872435],[121.3049051888193,31.21635463266683],[121.29936312635559,31.216364275686196],[121.29936314968747,31.21609098589084]]],[[[121.29936312635559,31.216364275686196],[121.3054885331469,31.21635359003329],[121.30548850977605,31.216626879892388],[121.29936310302348,31.216637565546357],[121.29936312635559,31.216364275686196]]],[[[121.29936310302348,31.216637565546357],[121.30607184889057,31.216625832547507],[121.3060718255157,31.216899122471368],[121.29936307969113,31.216910855471372],[121.29936310302348,31.216637565546357]]],[[[121.29936307969113,31.216910855471372],[121.3066551595848,31.216898070558898],[121.3066551362059,31.217171360547574],[121.29936305635854,31.217184145461307],[121.29936307969113,31.216910855471372]]],[[[121.29936305635854,31.217184145461307],[121.3066551362059,31.217171360547574],[121.30665511282677,31.21744465060122],[121.29936303302571,31.217457435516213],[121.29936305635854,31.217184145461307]]],[[[121.29936303302571,31.217457435516213],[121.30665511282677,31.21744465060122],[121.3066550894474,31.217717940719893],[121.29936300969266,31.217730725636144],[121.29936303302571,31.217457435516213]]],[[[121.29936300969266,31.217730725636144],[121.3066550894474,31.217717940719893],[121.30665506606779,31.217991230903653],[121.29936298635937,31.21800401582116],[121.29936300969266,31.217730725636144]]],[[[121.29936298635937,31.218004015821162],[121.30665506606779,31.217991230903657],[121.30665504268794,31.218264521152552],[121.29936296302583,31.218277306071318],[121.29936298635937,31.218004015821162]]],[[[121.29965466487283,31.21827681140671],[121.30636337628258,31.218265047670958],[121.30636335290438,31.2185383379851],[121.29965464153726,31.21855010172201],[121.29965466487283,31.21827681140671]]],[[[121.29965464153726,31.21855010172201],[121.30636335290438,31.2185383379851],[121.30636332952596,31.218811628364488],[121.29965461820146,31.218823392102557],[121.29965464153726,31.21855010172201]]]]}},{"type":"Feature","properties":{"parcel_id":"hongqiao_hub:parcel:0050","geometry_method":"road_barrier_raster_plus_buildings","functional_type":"office","dominant_type":"office","confidence":0.89,"building_count":1,"avg_building_area_m2":606,"centroid_lng":121.327455,"centroid_lat":31.215687,"parcel_area_m2":82444,"safety_clipped":false,"classification_source":"osm_tags+building_morphology+spatial_prior","synthetic_classification":true,"qc_flags":""},"geometry":{"type":"MultiPolygon","coordinates":[[[[121.32036280982496,31.213046344784658],[121.3206544423827,31.21304578627016],[121.32065441891294,31.213319075352775],[121.32036278635718,31.213319633867325],[121.32036280982496,31.213046344784658]]],[[[121.32036278635718,31.213319633867325],[121.32182094778229,31.213316839519923],[121.32182092430428,31.21359012866653],[121.32036276288916,31.213592923014176],[121.32036278635718,31.213319633867325]]],[[[121.32036276288916,31.213592923014176],[121.32182092430428,31.21359012866653],[121.32182090082603,31.213863417877384],[121.3203627394209,31.213866212225266],[121.32036276288916,31.213592923014176]]],[[[121.3203627394209,31.21386621222527],[121.32182090082603,31.213863417877388],[121.32182087734755,31.214136707152537],[121.32036271595241,31.21413950150066],[121.3203627394209,31.21386621222527]]],[[[121.32036271595241,31.21413950150066],[121.32182087734755,31.214136707152537],[121.32182085386881,31.21440999649204],[121.32036269248367,31.214412790840406],[121.32036271595241,31.21413950150066]]],[[[121.32036269248367,31.214412790840406],[121.32182085386881,31.21440999649204],[121.32182083038985,31.214683285895955],[121.3203626690147,31.214686080244565],[121.32036269248367,31.214412790840406]]],[[[121.32007103628798,31.214686638542805],[121.32182083038985,31.214683285895955],[121.32182080691065,31.214956575364337],[121.32007101282078,31.214959928011478],[121.32007103628798,31.214686638542805]]],[[[121.32007101282078,31.214959928011478],[121.32182080691065,31.214956575364337],[121.3218207834312,31.215229864897243],[121.32007098935333,31.21523321754467],[121.32007101282078,31.214959928011478]]],[[[121.32007098935333,31.21523321754467],[121.3218207834312,31.215229864897243],[121.32182075995152,31.215503154494726],[121.32007096588563,31.215506507142447],[121.32007098935333,31.21523321754467]]],[[[121.32007096588563,31.215506507142447],[121.32182075995152,31.215503154494726],[121.32182073647161,31.215776444156848],[121.3200709424177,31.215779796804856],[121.32007096588563,31.215506507142447]]],[[[121.3200709424177,31.21577979680486],[121.32182073647161,31.21577644415685],[121.32182071299145,31.216049733883665],[121.32007091894954,31.216053086531964],[121.3200709424177,31.21577979680486]]],[[[121.32007091894954,31.216053086531964],[121.32182071299145,31.216049733883665],[121.32182068951106,31.216323023675223],[121.32007089548114,31.216326376323813],[121.32007091894954,31.216053086531964]]],[[[121.31977926256269,31.21632693438628],[121.32182068951106,31.216323023675223],[121.32182066603042,31.216596313531586],[121.31977923909604,31.21660022424298],[121.31977926256269,31.21632693438628]]],[[[121.31977923909604,31.21660022424298],[121.32211229799944,31.21659575422697],[121.32211227451657,31.216869044148144],[121.31977921562915,31.216873514164543],[121.31977923909604,31.21660022424298]]],[[[121.31977921562915,31.216873514164543],[121.32182064254954,31.21686960345281],[121.32182061906843,31.21714289343895],[121.31977919216203,31.21714680415102],[121.31977921562915,31.216873514164543]]],[[[121.31977919216203,31.21714680415102],[121.32182061906843,31.21714289343895],[121.32182059558708,31.21741618349006],[121.31977916869468,31.21742009420247],[121.31977919216203,31.21714680415102]]],[[[121.31977916869468,31.21742009420247],[121.32182059558708,31.21741618349006],[121.3218205721055,31.217689473606196],[121.31977914522707,31.217693384318945],[121.31977916869468,31.21742009420247]]]]}},{"type":"Feature","properties":{"parcel_id":"hongqiao_hub:parcel:0051","geometry_method":"road_barrier_raster_plus_buildings","functional_type":"residential","dominant_type":"residential","confidence":1,"building_count":1,"avg_building_area_m2":606,"centroid_lng":121.327571,"centroid_lat":31.211815,"parcel_area_m2":103475,"safety_clipped":false,"classification_source":"osm_tags+building_morphology+spatial_prior","synthetic_classification":true,"qc_flags":""},"geometry":{"type":"MultiPolygon","coordinates":[[[[121.32386232462582,31.213859501353305],[121.32502885406288,31.21385726331907],[121.32502883056239,31.214130552593687],[121.32386230113335,31.214132790628117],[121.32386232462582,31.213859501353305]]],[[[121.32386230113335,31.214132790628117],[121.32590372949934,31.214128875022485],[121.32590370599264,31.21440216436131],[121.32386227764061,31.214406079967283],[121.32386230113335,31.214132790628117]]],[[[121.32386227764061,31.214406079967283],[121.32590370599264,31.21440216436131],[121.32590368248569,31.21467545376455],[121.32386225414766,31.21467936937086],[121.32386227764061,31.214406079967283]]],[[[121.32386225414766,31.21467936937086],[121.32590368248569,31.21467545376455],[121.3259036589785,31.214948743232256],[121.32386223065446,31.214952658838904],[121.32386225414766,31.21467936937086]]],[[[121.32386223065446,31.214952658838904],[121.3259036589785,31.214948743232256],[121.32590363547108,31.215222032764487],[121.32386220716101,31.215225948371472],[121.32386223065446,31.214952658838904]]],[[[121.32386220716101,31.215225948371472],[121.32590363547108,31.215222032764487],[121.32590361196341,31.215495322361296],[121.32386218366733,31.21549923796862],[121.32386220716101,31.215225948371472]]],[[[121.32386218366733,31.21549923796862],[121.32619524541029,31.215494763457603],[121.32619522190039,31.215768053119],[121.3238621601734,31.215772527630403],[121.32386218366733,31.21549923796862]]],[[[121.3238621601734,31.215772527630406],[121.32619522190039,31.215768053119003],[121.32619519839025,31.21604134284509],[121.32386213667925,31.21604581735688],[121.3238621601734,31.215772527630406]]],[[[121.32386213667925,31.21604581735688],[121.32619519839025,31.21604134284509],[121.32619517487987,31.216314632635928],[121.32386211318486,31.216319107148102],[121.32386213667925,31.21604581735688]]],[[[121.32386211318486,31.216319107148102],[121.32648680859803,31.21631407390844],[121.32648678508542,31.21658736376403],[121.32386208969022,31.216592397004128],[121.32386211318486,31.216319107148102]]],[[[121.32386208969022,31.216592397004128],[121.32648678508542,31.21658736376403],[121.32648676157257,31.21686065368448],[121.32386206619535,31.21686568692501],[121.32386208969022,31.216592397004128]]],[[[121.32386206619535,31.21686568692501],[121.32677839558703,31.21686009515297],[121.32677837207194,31.21713338513829],[121.32386204270024,31.217138976910814],[121.32386206619535,31.21686568692501]]],[[[121.32386204270024,31.217138976910814],[121.32677837207194,31.21713338513829],[121.32677834855662,31.217406675188577],[121.3238620192049,31.217412266961585],[121.32386204270024,31.217138976910814]]],[[[121.3238620192049,31.217412266961585],[121.32677834855662,31.217406675188577],[121.32677832504106,31.217679965303894],[121.3238619957093,31.217685557077385],[121.3238620192049,31.217412266961585]]],[[[121.32415362784303,31.21768499749087],[121.32677832504106,31.217679965303894],[121.32677830152525,31.217953255484293],[121.3241536043452,31.217958287671706],[121.32415362784303,31.21768499749087]]],[[[121.32590340038368,31.217954931647906],[121.32677830152525,31.217953255484296],[121.32677827800921,31.218226545729834],[121.32590337687363,31.21822822189359],[121.32590340038368,31.217954931647906]]]]}},{"type":"Feature","properties":{"parcel_id":"hongqiao_hub:parcel:0052","geometry_method":"road_barrier_raster_plus_buildings","functional_type":"office","dominant_type":"office","confidence":0.89,"building_count":1,"avg_building_area_m2":606,"centroid_lng":121.361091,"centroid_lat":31.21382,"parcel_area_m2":34492,"safety_clipped":false,"classification_source":"osm_tags+building_morphology+spatial_prior","synthetic_classification":true,"qc_flags":""},"geometry":{"type":"MultiPolygon","coordinates":[[[[121.35478038428845,31.21380417447363],[121.35623926171084,31.21380195790836],[121.35623923801305,31.214075247177618],[121.35478036059858,31.214077463743156],[121.35478038428845,31.21380417447363]]],[[[121.35478036059858,31.214077463743156],[121.35623923801305,31.214075247177618],[121.35623921431501,31.21434853651123],[121.35478033690848,31.214350753077035],[121.35478036059858,31.214077463743156]]],[[[121.35478033690848,31.214350753077035],[121.35623921431501,31.21434853651123],[121.35623919061672,31.214621825909255],[121.35478031321813,31.214624042475325],[121.35478033690848,31.214350753077035]]],[[[121.35478031321813,31.214624042475325],[121.35623919061672,31.214621825909255],[121.3562391669182,31.214895115371746],[121.35478028952754,31.214897331938083],[121.35478031321813,31.214624042475325]]],[[[121.35478028952754,31.214897331938083],[121.35594738643019,31.21489555451163],[121.35594736273299,31.2151688440387],[121.35478026583671,31.21517062146536],[121.35478028952754,31.214897331938083]]],[[[121.35478026583671,31.21517062146536],[121.35594736273299,31.2151688440387],[121.35594733903555,31.21544213363035],[121.35478024214564,31.215443911057225],[121.35478026583671,31.21517062146536]]],[[[121.35448847408551,31.21544436054489],[121.35594733903555,31.21544213363035],[121.35594731533787,31.215715423286632],[121.35448845039582,31.21571765020144],[121.35448847408551,31.21544436054489]]],[[[121.35448845039582,31.215717650201444],[121.35594731533787,31.215715423286635],[121.35594729163996,31.21598871300761],[121.35448842670587,31.215990939922683],[121.35448845039582,31.215717650201444]]],[[[121.35448842670587,31.215990939922683],[121.35536373823133,31.21598959758211],[121.35536371453634,31.21626288736794],[121.35448840301568,31.21626422970867],[121.35448842670587,31.215990939922683]]]]}},{"type":"Feature","properties":{"parcel_id":"hongqiao_hub:parcel:0053","geometry_method":"road_barrier_raster_plus_buildings","functional_type":"residential","dominant_type":"residential","confidence":1,"building_count":1,"avg_building_area_m2":606,"centroid_lng":121.330873,"centroid_lat":31.222887,"parcel_area_m2":152269,"safety_clipped":false,"classification_source":"osm_tags+building_morphology+spatial_prior","synthetic_classification":true,"qc_flags":""},"geometry":{"type":"MultiPolygon","coordinates":[[[[121.32357026969225,31.218779277797392],[121.32473679847388,31.218777039566717],[121.3247367749711,31.219050330008344],[121.32357024619748,31.219052568239213],[121.32357026969225,31.218779277797392]]],[[[121.32357024619748,31.219052568239213],[121.32561167317537,31.219048652082968],[121.32561164966636,31.219321942589808],[121.32357022270246,31.219325858746394],[121.32357024619748,31.219052568239213]]],[[[121.32357022270246,31.219325858746394],[121.32648654994617,31.21932026589643],[121.32648652643093,31.219593556468546],[121.3235701992072,31.21959914931899],[121.32357022270246,31.219325858746394]]],[[[121.32386183123349,31.219598589713424],[121.32677816042543,31.219592997936555],[121.32677813690796,31.219866288574092],[121.323861807736,31.219871880351445],[121.32386183123349,31.219598589713424]]],[[[121.323861807736,31.219871880351445],[121.32677813690796,31.219866288574092],[121.32677811339025,31.220139579277156],[121.32386178423826,31.220145171054995],[121.323861807736,31.219871880351445]]],[[[121.32386178423826,31.220145171054998],[121.32677811339025,31.22013957927716],[121.32677808987229,31.22041287004581],[121.32386176074027,31.220418461824128],[121.32386178423826,31.220145171054998]]],[[[121.32386176074027,31.220418461824128],[121.32706972418414,31.220412311729483],[121.32706970066396,31.22068560256372],[121.32386173724207,31.220691752658897],[121.32386176074027,31.220418461824128]]],[[[121.32386173724207,31.220691752658897],[121.32706970066396,31.22068560256372],[121.32706967714353,31.220958893463653],[121.32386171374361,31.22096504355936],[121.32386173724207,31.220691752658897]]],[[[121.32386171374361,31.22096504355936],[121.32706967714353,31.220958893463653],[121.32706965362287,31.221232184429333],[121.32386169024491,31.221238334525573],[121.32386171374361,31.22096504355936]]],[[[121.32386169024491,31.221238334525573],[121.32706965362287,31.221232184429333],[121.32706963010197,31.22150547546082],[121.32386166674598,31.22151162555759],[121.32386169024491,31.221238334525573]]],[[[121.32386166674598,31.22151162555759],[121.32706963010197,31.22150547546082],[121.32706960658084,31.221778766558163],[121.32386164324681,31.221784916655466],[121.32386166674598,31.22151162555759]]],[[[121.32386164324681,31.221784916655466],[121.32706960658084,31.221778766558163],[121.32706958305945,31.22205205772142],[121.3238616197474,31.222058207819256],[121.32386164324681,31.221784916655466]]],[[[121.3238616197474,31.22205820781926],[121.32706958305945,31.222052057721424],[121.32706955953783,31.222325348950655],[121.32386159624775,31.22233149904902],[121.3238616197474,31.22205820781926]]],[[[121.32386159624775,31.22233149904902],[121.32706955953783,31.222325348950655],[121.32706953601597,31.222598640245906],[121.32386157274787,31.222604790344803],[121.32386159624775,31.22233149904902]]],[[[121.3241532048456,31.22260423075742],[121.32706953601597,31.222598640245906],[121.32706951249388,31.222871931607237],[121.32415318134348,31.222877522119237],[121.3241532048456,31.22260423075742]]],[[[121.32415318134348,31.222877522119237],[121.32706951249388,31.222871931607237],[121.32706948897155,31.223145223034706],[121.32415315784112,31.223150813547186],[121.32415318134348,31.222877522119237]]],[[[121.32415315784112,31.223150813547186],[121.32706948897155,31.223145223034706],[121.32706946544897,31.223418514528362],[121.32415313433852,31.223424105041325],[121.32415315784112,31.223150813547186]]],[[[121.32473639889413,31.223422986001136],[121.32706946544897,31.223418514528362],[121.32706944192616,31.22369180608826],[121.32473637538729,31.223696277561423],[121.32473639889413,31.223422986001136]]],[[[121.32590290662236,31.22369404057182],[121.32706944192616,31.22369180608826],[121.3270694184031,31.223965097714462],[121.32590288310729,31.223967332198214],[121.32590290662236,31.22369404057182]]]]}},{"type":"Feature","properties":{"parcel_id":"hongqiao_hub:parcel:0054","geometry_method":"road_barrier_raster_plus_buildings","functional_type":"commercial","dominant_type":"commercial","confidence":0.86,"building_count":1,"avg_building_area_m2":606,"centroid_lng":121.302453,"centroid_lat":31.218204,"parcel_area_m2":92539,"safety_clipped":false,"classification_source":"osm_tags+building_morphology+spatial_prior","synthetic_classification":true,"qc_flags":""},"geometry":{"type":"MultiPolygon","coordinates":[[[[121.29498705384296,31.22019756512967],[121.29527878363905,31.220197095351505],[121.29527876032827,31.22047038612549],[121.29498703053389,31.22047085590371],[121.29498705384296,31.22019756512967]]],[[[121.29498703053389,31.22047085590371],[121.2955704881254,31.22046991457412],[121.29557046481266,31.220743205413694],[121.29498700722459,31.220744146743385],[121.29498703053389,31.22047085590371]]],[[[121.29498700722459,31.220744146743385],[121.29615391448664,31.220742257055523],[121.29615389117019,31.221015547960686],[121.29498698391505,31.221017437648754],[121.29498700722459,31.220744146743385]]],[[[121.29498698391505,31.221017437648754],[121.2967373330771,31.221014592702872],[121.29673730975694,31.22128788367368],[121.29498696060527,31.221290728619874],[121.29498698391505,31.221017437648754]]],[[[121.29498696060527,31.221290728619874],[121.29673730975694,31.22128788367368],[121.29673728643652,31.22156117471029],[121.29498693729526,31.221564019656796],[121.29498696060527,31.221290728619874]]],[[[121.29498693729526,31.221564019656796],[121.2970290045225,31.221560694534514],[121.2970289812001,31.221833985636934],[121.29498691398501,31.22183731075958],[121.29498693729526,31.221564019656796]]],[[[121.29498691398501,31.22183731075958],[121.2970289812001,31.221833985636934],[121.29702895787747,31.222107276805268],[121.29498689067454,31.222110601928275],[121.29498691398501,31.22183731075958]]],[[[121.29498689067454,31.22211060192828],[121.29702895787747,31.22210727680527],[121.29702893455459,31.222380568039576],[121.29498686736382,31.222383893162945],[121.29498689067454,31.22211060192828]]],[[[121.29498686736382,31.222383893162945],[121.29702893455459,31.222380568039576],[121.2970289112315,31.2226538593399],[121.29498684405286,31.222657184463635],[121.29498686736382,31.222383893162945]]],[[[121.29498684405286,31.222657184463635],[121.2970289112315,31.2226538593399],[121.29702888790814,31.222927150706308],[121.29498682074166,31.222930475830406],[121.29498684405286,31.222657184463635]]],[[[121.29498682074166,31.222930475830406],[121.29702888790814,31.222927150706308],[121.29702886458456,31.22320044213885],[121.29498679743023,31.22320376726331],[121.29498682074166,31.222930475830406]]],[[[121.29498679743023,31.22320376726331],[121.29702886458456,31.22320044213885],[121.29702884126075,31.22347373363758],[121.29498677411857,31.223477058762406],[121.29498679743023,31.22320376726331]]],[[[121.29498677411857,31.223477058762406],[121.29702884126075,31.22347373363758],[121.29702881793669,31.223747025202556],[121.29498675080667,31.223750350327744],[121.29498677411857,31.223477058762406]]],[[[121.29498675080667,31.223750350327744],[121.29702881793669,31.223747025202556],[121.2970287946124,31.22402031683383],[121.29498672749453,31.22402364195938],[121.29498675080667,31.223750350327744]]],[[[121.29498672749453,31.22402364195938],[121.2970287946124,31.22402031683383],[121.29702877128788,31.224293608531458],[121.29498670418215,31.22429693365737],[121.29498672749453,31.22402364195938]]],[[[121.29498670418215,31.224296933657374],[121.29702877128788,31.22429360853146],[121.29702874796311,31.2245669002955],[121.29498668086954,31.224570225421775],[121.29498670418215,31.224296933657374]]],[[[121.29498668086954,31.224570225421775],[121.29702874796311,31.2245669002955],[121.29702872463812,31.224840192126],[121.29498665755669,31.22484351725264],[121.29498668086954,31.224570225421775]]],[[[121.29498665755669,31.22484351725264],[121.29702872463812,31.224840192126],[121.29702870131288,31.22511348402302],[121.29498663424361,31.22511680915002],[121.29498665755669,31.22484351725264]]]]}},{"type":"Feature","properties":{"parcel_id":"hongqiao_hub:parcel:0055","geometry_method":"road_barrier_raster_plus_buildings","functional_type":"residential","dominant_type":"residential","confidence":1,"building_count":1,"avg_building_area_m2":606,"centroid_lng":121.30864,"centroid_lat":31.220821,"parcel_area_m2":196014,"safety_clipped":false,"classification_source":"osm_tags+building_morphology+spatial_prior","synthetic_classification":true,"qc_flags":""},"geometry":{"type":"MultiPolygon","coordinates":[[[[121.30140465397847,31.220460136309594],[121.30519651108546,31.220453466670804],[121.30519648771293,31.220726757508697],[121.30140463063012,31.22073342714814],[121.30140465397847,31.220460136309594]]],[[[121.30052955016069,31.220734933512375],[121.30519648771293,31.220726757508697],[121.30519646434018,31.221000048412286],[121.30052952681757,31.221008224416767],[121.30052955016069,31.220734933512375]]],[[[121.2996544315065,31.2210097175026],[121.30490479154678,31.221000569132045],[121.30490476817567,31.22127386010143],[121.29965440816856,31.221283008472895],[121.2996544315065,31.2210097175026]]],[[[121.29965440816856,31.221283008472895],[121.30432141853944,31.22127489788252],[121.30432139517185,31.221548188917808],[121.29965438483039,31.221556299508993],[121.29965440816856,31.221283008472895]]],[[[121.29936268300499,31.22155679417421],[121.30402971828752,31.221548705943572],[121.30402969492157,31.22182199704477],[121.29936265966838,31.221830085276217],[121.29936268300499,31.22155679417421]]],[[[121.29907095611588,31.221830578398247],[121.30402969492157,31.22182199704477],[121.30402967155538,31.222095288211886],[121.29907093278084,31.222103869566222],[121.29907095611588,31.221830578398247]]],[[[121.29907093278084,31.222103869566226],[121.30373799326847,31.222095803970902],[121.3037379699039,31.222369095204037],[121.29907090944555,31.222377160800168],[121.29907093278084,31.222103869566226]]],[[[121.29907090944555,31.222377160800168],[121.3037379699039,31.222369095204037],[121.3037379465391,31.222642386503193],[121.29907088611003,31.222650452100137],[121.29907090944555,31.222377160800168]]],[[[121.29907088611003,31.222650452100137],[121.303446266829,31.222642900977796],[121.30344624346583,31.22291619234308],[121.29907086277427,31.222923743466183],[121.29907088611003,31.222650452100137]]],[[[121.29907086277427,31.222923743466183],[121.30344624346583,31.22291619234308],[121.30344622010243,31.223189483774505],[121.29907083943827,31.223197034898366],[121.29907086277427,31.222923743466183]]],[[[121.29907083943827,31.223197034898366],[121.30344622010243,31.223189483774505],[121.30344619673878,31.223462775272115],[121.29907081610203,31.223470326396736],[121.29907083943827,31.223197034898366]]],[[[121.29907081610203,31.223470326396736],[121.30344619673878,31.223462775272115],[121.3034461733749,31.223736066835972],[121.29907079276556,31.22374361796135],[121.29907081610203,31.223470326396736]]],[[[121.29907079276556,31.22374361796135],[121.3034461733749,31.223736066835972],[121.30344615001077,31.224009358466127],[121.29907076942885,31.224016909592265],[121.29907079276556,31.22374361796135]]],[[[121.29907076942885,31.224016909592265],[121.30344615001077,31.224009358466127],[121.30344612664642,31.224282650162635],[121.29907074609191,31.224290201289534],[121.29907076942885,31.224016909592265]]],[[[121.30198770603006,31.22428520265476],[121.30344612664642,31.22428265016264],[121.30344610328183,31.224555941925555],[121.30198768267472,31.224558494417927],[121.30198770603006,31.22428520265476]]],[[[121.30198768267472,31.224558494417927],[121.30344610328183,31.224555941925555],[121.303446079917,31.22482923375494],[121.30198765931915,31.22483178624756],[121.30198768267472,31.224558494417927]]],[[[121.30198765931915,31.22483178624756],[121.303446079917,31.22482923375494],[121.30344605655192,31.225102525650836],[121.30198763596333,31.22510507814371],[121.30198765931915,31.22483178624756]]]]}},{"type":"Feature","properties":{"parcel_id":"hongqiao_hub:parcel:0056","geometry_method":"road_barrier_raster_plus_buildings","functional_type":"mixed","dominant_type":"office","confidence":0.53,"building_count":2,"avg_building_area_m2":606,"centroid_lng":121.314204,"centroid_lat":31.222375,"parcel_area_m2":312950,"safety_clipped":false,"classification_source":"osm_tags+building_morphology+spatial_prior","synthetic_classification":true,"qc_flags":"low_confidence"},"geometry":{"type":"MultiPolygon","coordinates":[[[[121.30636314249006,31.220997953755273],[121.30694647404444,31.2209968996117],[121.30694645066006,31.221270190580736],[121.30636311910949,31.22127124472441],[121.30636314249006,31.220997953755273]]],[[[121.30607145148561,31.221271770119518],[121.30752977742198,31.22126913208654],[121.30752975403357,31.22154242312128],[121.30607142810672,31.221545061154508],[121.30607145148561,31.221271770119518]]],[[[121.30577975922425,31.22154558540778],[121.30811307617273,31.221541360421973],[121.30811305278024,31.221814651522475],[121.30577973584701,31.22181887650868],[121.30577975922425,31.22154558540778]]],[[[121.30548806568497,31.22181939960213],[121.3086963704672,31.221813584764234],[121.30869634707064,31.22208687593055],[121.30548804230939,31.222092690768996],[121.30548806568497,31.22181939960213]]],[[[121.30519637084682,31.222093212684676],[121.30957131562961,31.22208526850411],[121.309571292227,31.22235855973625],[121.30519634747287,31.22236650391756],[121.30519637084682,31.222093212684676]]],[[[121.30490467468888,31.22236702463757],[121.31015459953649,31.22235748347452],[121.31015457612978,31.22263077477259],[121.30490465131659,31.222640315936527],[121.30490467468888,31.22236702463757]]],[[[121.30490465131659,31.222640315936527],[121.31073787958981,31.2226296949686],[121.31073785617897,31.22290298633265],[121.30490462794407,31.222913607301564],[121.30490465131659,31.222640315936527]]],[[[121.30490462794407,31.222913607301564],[121.31132115596338,31.222901903135384],[121.3113211325484,31.223175194565467],[121.30490460457129,31.223186898732735],[121.30490462794407,31.222913607301564]]],[[[121.3046129304488,31.22318741823932],[121.31219607571647,31.223173563734523],[121.31219605229539,31.22344685523065],[121.30461290707767,31.22346070973673],[121.3046129304488,31.22318741823932]]],[[[121.30461290707767,31.22346070973673],[121.31307098818043,31.223445217608617],[121.31307096475322,31.22371850917084],[121.30461288370631,31.223734001300386],[121.30461290707767,31.22346070973673]]],[[[121.30432120822262,31.22373451957569],[121.31365425159,31.22371741390159],[121.31365422815863,31.223990705530014],[121.3043211848529,31.224007811205695],[121.30432120822262,31.22373451957569]]],[[[121.30461286033471,31.22400729293034],[121.31482079362243,31.223988507223346],[121.31482077018292,31.224261798917933],[121.30461283696287,31.224280584626648],[121.30461286033471,31.22400729293034]]],[[[121.30461283696287,31.22428058462665],[121.31744550899,31.22425682044386],[121.3174454855324,31.224530112204416],[121.30461281359081,31.22455387638937],[121.30461283696287,31.22428058462665]]],[[[121.30490448770392,31.224553356882534],[121.31948692537466,31.224526216335416],[121.31948690190286,31.2247995081621],[121.30490446432972,31.224826648711666],[121.30490448770392,31.224553356882534]]],[[[121.30490446432972,31.224826648711666],[121.32094506528064,31.22479671675952],[121.32094504179861,31.22507000865248],[121.30490444095531,31.225099940607315],[121.30490446432972,31.224826648711666]]]]}},{"type":"Feature","properties":{"parcel_id":"hongqiao_hub:parcel:0057","geometry_method":"road_barrier_raster_plus_buildings","functional_type":"commercial","dominant_type":"commercial","confidence":0.86,"building_count":1,"avg_building_area_m2":606,"centroid_lng":121.355174,"centroid_lat":31.220482,"parcel_area_m2":30285,"safety_clipped":false,"classification_source":"osm_tags+building_morphology+spatial_prior","synthetic_classification":true,"qc_flags":""},"geometry":{"type":"MultiPolygon","coordinates":[[[[121.34923657056596,31.220918584883936],[121.35040349318041,31.220916662789723],[121.3504034695091,31.221189953751434],[121.34923654690152,31.221191875845854],[121.34923657056596,31.220918584883936]]],[[[121.34923654690152,31.221191875845854],[121.3504034695091,31.221189953751434],[121.35040344583756,31.22146324477895],[121.34923652323684,31.221465166873575],[121.34923654690152,31.221191875845854]]],[[[121.34894479776958,31.22146565168797],[121.35040344583756,31.22146324477895],[121.35040342216577,31.221736535872324],[121.34894477410639,31.221738942781606],[121.34894479776958,31.22146565168797]]],[[[121.34661104169817,31.221742880238352],[121.3501116883653,31.22173701378536],[121.35011166469498,31.222010304944703],[121.34661101804879,31.22201617139831],[121.34661104169817,31.221742880238352]]],[[[121.34631931009245,31.222016670672343],[121.34952820342258,31.22201126601032],[121.34952817975545,31.22228455723573],[121.34631928644463,31.22228996189832],[121.34631931009245,31.222016670672343]]]]}},{"type":"Feature","properties":{"parcel_id":"hongqiao_hub:parcel:0058","geometry_method":"road_barrier_raster_plus_buildings","functional_type":"residential","dominant_type":"residential","confidence":1,"building_count":1,"avg_building_area_m2":606,"centroid_lng":121.368347,"centroid_lat":31.224239,"parcel_area_m2":19349,"safety_clipped":false,"classification_source":"osm_tags+building_morphology+spatial_prior","synthetic_classification":true,"qc_flags":""},"geometry":{"type":"MultiPolygon","coordinates":[[[[121.36178288492458,31.22199274253169],[121.36265839880306,31.2219915691857],[121.36265837506537,31.22226486040871],[121.3617828611911,31.222266033754867],[121.36178288492458,31.22199274253169]]],[[[121.36061554999658,31.222267632202467],[121.36265837506537,31.22226486040871],[121.36265835132743,31.22253815169774],[121.3606155262686,31.222540923491888],[121.36061554999658,31.222267632202467]]],[[[121.3606155262686,31.222540923491888],[121.36265835132743,31.22253815169774],[121.36265832758924,31.222811443052855],[121.3606155025404,31.222814214847386],[121.3606155262686,31.222540923491888]]],[[[121.3606155025404,31.222814214847386],[121.36236648669436,31.222811831709144],[121.36236646295734,31.223085123130446],[121.36061547881194,31.22308750626902],[121.3606155025404,31.222814214847386]]]]}}]}