{"type":"FeatureCollection","features":[{"type":"Feature","properties":{"parcel_id":"hongqiao_hub:parcel:0001","geometry_method":"road_barrier_raster_plus_buildings","functional_type":"residential","dominant_type":"residential","confidence":1,"building_count":1,"avg_building_area_m2":606,"centroid_lng":121.309494,"centroid_lat":31.172225,"parcel_area_m2":1123085,"safety_clipped":false,"classification_source":"osm_tags+building_morphology+spatial_prior","synthetic_classification":true,"qc_flags":""},"geometry":{"type":"MultiPolygon","coordinates":[[[[121.29946699861861,31.162982019484403],[121.3105743160577,31.162982019484403],[121.3105743160577,31.16325543951844],[121.29946699861861,31.16325543951844],[121.29946699861861,31.162982019484403]]],[[[121.29946699861861,31.16325543951844],[121.3105743160577,31.16325543951844],[121.3105743160577,31.16352885955248],[121.29946699861861,31.16352885955248],[121.29946699861861,31.16325543951844]]],[[[121.29946699861861,31.16352885955248],[121.31145120953973,31.16352885955248],[121.31145120953973,31.163802279586516],[121.29946699861861,31.163802279586516],[121.29946699861861,31.16352885955248]]],[[[121.29946699861861,31.163802279586516],[121.31232810302177,31.163802279586516],[121.31232810302177,31.164075699620554],[121.29946699861861,31.164075699620554],[121.29946699861861,31.163802279586516]]],[[[121.29946699861861,31.164075699620557],[121.31291269867646,31.164075699620557],[121.31291269867646,31.164349119654595],[121.29946699861861,31.164349119654595],[121.29946699861861,31.164075699620557]]],[[[121.29946699861861,31.164349119654595],[121.31349729433114,31.164349119654595],[121.31349729433114,31.164622539688633],[121.29946699861861,31.164622539688633],[121.29946699861861,31.164349119654595]]],[[[121.29946699861861,31.164622539688633],[121.31378959215849,31.164622539688633],[121.31378959215849,31.16489595972267],[121.29946699861861,31.16489595972267],[121.29946699861861,31.164622539688633]]],[[[121.29946699861861,31.16489595972267],[121.31378959215849,31.16489595972267],[121.31378959215849,31.16516937975671],[121.29946699861861,31.16516937975671],[121.29946699861861,31.16489595972267]]],[[[121.29946699861861,31.16516937975671],[121.31349729433114,31.16516937975671],[121.31349729433114,31.165442799790746],[121.29946699861861,31.165442799790746],[121.29946699861861,31.16516937975671]]],[[[121.29946699861861,31.165442799790746],[121.3132049965038,31.165442799790746],[121.3132049965038,31.165716219824784],[121.29946699861861,31.165716219824784],[121.29946699861861,31.165442799790746]]],[[[121.29946699861861,31.165716219824784],[121.31291269867646,31.165716219824784],[121.31291269867646,31.16598963985882],[121.29946699861861,31.16598963985882],[121.29946699861861,31.165716219824784]]],[[[121.29946699861861,31.16598963985882],[121.31291269867646,31.16598963985882],[121.31291269867646,31.16626305989286],[121.29946699861861,31.16626305989286],[121.29946699861861,31.16598963985882]]],[[[121.29946699861861,31.166263059892863],[121.31262040084911,31.166263059892863],[121.31262040084911,31.1665364799269],[121.29946699861861,31.1665364799269],[121.29946699861861,31.166263059892863]]],[[[121.29946699861861,31.1665364799269],[121.31232810302177,31.1665364799269],[121.31232810302177,31.16680989996094],[121.29946699861861,31.16680989996094],[121.29946699861861,31.1665364799269]]],[[[121.29946699861861,31.16680989996094],[121.31232810302177,31.16680989996094],[121.31232810302177,31.167083319994976],[121.29946699861861,31.167083319994976],[121.29946699861861,31.16680989996094]]],[[[121.29946699861861,31.167083319994976],[121.31203580519443,31.167083319994976],[121.31203580519443,31.167356740029014],[121.29946699861861,31.167356740029014],[121.29946699861861,31.167083319994976]]],[[[121.29946699861861,31.167356740029014],[121.31203580519443,31.167356740029014],[121.31203580519443,31.16763016006305],[121.29946699861861,31.16763016006305],[121.29946699861861,31.167356740029014]]],[[[121.29946699861861,31.16763016006305],[121.31174350736708,31.16763016006305],[121.31174350736708,31.16790358009709],[121.29946699861861,31.16790358009709],[121.29946699861861,31.16763016006305]]],[[[121.29946699861861,31.16790358009709],[121.31145120953973,31.16790358009709],[121.31145120953973,31.168177000131127],[121.29946699861861,31.168177000131127],[121.29946699861861,31.16790358009709]]],[[[121.29946699861861,31.16817700013113],[121.31145120953973,31.16817700013113],[121.31145120953973,31.16845042016517],[121.29946699861861,31.16845042016517],[121.29946699861861,31.16817700013113]]],[[[121.29946699861861,31.16845042016517],[121.31115891171238,31.16845042016517],[121.31115891171238,31.168723840199206],[121.29946699861861,31.168723840199206],[121.29946699861861,31.16845042016517]]],[[[121.29946699861861,31.168723840199206],[121.31115891171238,31.168723840199206],[121.31115891171238,31.168997260233244],[121.29946699861861,31.168997260233244],[121.29946699861861,31.168723840199206]]],[[[121.29946699861861,31.168997260233244],[121.31086661388504,31.168997260233244],[121.31086661388504,31.16927068026728],[121.29946699861861,31.16927068026728],[121.29946699861861,31.168997260233244]]],[[[121.29946699861861,31.16927068026728],[121.3105743160577,31.16927068026728],[121.3105743160577,31.16954410030132],[121.29946699861861,31.16954410030132],[121.29946699861861,31.16927068026728]]],[[[121.29946699861861,31.16954410030132],[121.3105743160577,31.16954410030132],[121.3105743160577,31.169817520335357],[121.29946699861861,31.169817520335357],[121.29946699861861,31.16954410030132]]],[[[121.29946699861861,31.169817520335357],[121.31028201823035,31.169817520335357],[121.31028201823035,31.170090940369395],[121.29946699861861,31.170090940369395],[121.29946699861861,31.169817520335357]]],[[[121.29946699861861,31.170090940369395],[121.30998972040301,31.170090940369395],[121.30998972040301,31.170364360403433],[121.29946699861861,31.170364360403433],[121.29946699861861,31.170090940369395]]],[[[121.29946699861861,31.170364360403436],[121.30998972040301,31.170364360403436],[121.30998972040301,31.170637780437474],[121.29946699861861,31.170637780437474],[121.29946699861861,31.170364360403436]]],[[[121.29946699861861,31.170637780437474],[121.30969742257567,31.170637780437474],[121.30969742257567,31.17091120047151],[121.29946699861861,31.17091120047151],[121.29946699861861,31.170637780437474]]],[[[121.29946699861861,31.17091120047151],[121.30969742257567,31.17091120047151],[121.30969742257567,31.17118462050555],[121.29946699861861,31.17118462050555],[121.29946699861861,31.17091120047151]]],[[[121.3000515942733,31.17118462050555],[121.30940512474832,31.17118462050555],[121.30940512474832,31.171458040539587],[121.3000515942733,31.171458040539587],[121.3000515942733,31.17118462050555]]],[[[121.3000515942733,31.171458040539587],[121.30823593343894,31.171458040539587],[121.30823593343894,31.171731460573625],[121.3000515942733,31.171731460573625],[121.3000515942733,31.171458040539587]]],[[[121.30034389210064,31.171731460573625],[121.30560525299285,31.171731460573625],[121.30560525299285,31.172004880607663],[121.30034389210064,31.172004880607663],[121.30034389210064,31.171731460573625]]]]}},{"type":"Feature","properties":{"parcel_id":"hongqiao_hub:parcel:0002","geometry_method":"road_barrier_raster_plus_buildings","functional_type":"office","dominant_type":"office","confidence":0.89,"building_count":1,"avg_building_area_m2":606,"centroid_lng":121.323091,"centroid_lat":31.16462,"parcel_area_m2":553551,"safety_clipped":false,"classification_source":"osm_tags+building_morphology+spatial_prior","synthetic_classification":true,"qc_flags":""},"geometry":{"type":"MultiPolygon","coordinates":[[[[121.31642027260459,31.162982019484403],[121.3210970378421,31.162982019484403],[121.3210970378421,31.16325543951844],[121.31642027260459,31.16325543951844],[121.31642027260459,31.162982019484403]]],[[[121.31642027260459,31.16325543951844],[121.3210970378421,31.16325543951844],[121.3210970378421,31.16352885955248],[121.31642027260459,31.16352885955248],[121.31642027260459,31.16325543951844]]],[[[121.31642027260459,31.16352885955248],[121.3210970378421,31.16352885955248],[121.3210970378421,31.163802279586516],[121.31642027260459,31.163802279586516],[121.31642027260459,31.16352885955248]]],[[[121.31612797477725,31.163802279586516],[121.32226622915147,31.163802279586516],[121.32226622915147,31.164075699620554],[121.31612797477725,31.164075699620554],[121.31612797477725,31.163802279586516]]],[[[121.3158356769499,31.164075699620557],[121.32226622915147,31.164075699620557],[121.32226622915147,31.164349119654595],[121.3158356769499,31.164349119654595],[121.3158356769499,31.164075699620557]]],[[[121.31554337912256,31.164349119654595],[121.32226622915147,31.164349119654595],[121.32226622915147,31.164622539688633],[121.31554337912256,31.164622539688633],[121.31554337912256,31.164349119654595]]],[[[121.3152510812952,31.164622539688633],[121.32197393132412,31.164622539688633],[121.32197393132412,31.16489595972267],[121.3152510812952,31.16489595972267],[121.3152510812952,31.164622539688633]]],[[[121.3152510812952,31.16489595972267],[121.32197393132412,31.16489595972267],[121.32197393132412,31.16516937975671],[121.3152510812952,31.16516937975671],[121.3152510812952,31.16489595972267]]],[[[121.31495878346786,31.16516937975671],[121.32168163349678,31.16516937975671],[121.32168163349678,31.165442799790746],[121.31495878346786,31.165442799790746],[121.31495878346786,31.16516937975671]]],[[[121.31466648564052,31.165442799790746],[121.32138933566944,31.165442799790746],[121.32138933566944,31.165716219824784],[121.31466648564052,31.165716219824784],[121.31466648564052,31.165442799790746]]],[[[121.31466648564052,31.165716219824784],[121.32138933566944,31.165716219824784],[121.32138933566944,31.16598963985882],[121.31466648564052,31.16598963985882],[121.31466648564052,31.165716219824784]]],[[[121.31437418781317,31.16598963985882],[121.32138933566944,31.16598963985882],[121.32138933566944,31.16626305989286],[121.31437418781317,31.16626305989286],[121.31437418781317,31.16598963985882]]],[[[121.31408188998583,31.166263059892863],[121.3210970378421,31.166263059892863],[121.3210970378421,31.1665364799269],[121.31408188998583,31.1665364799269],[121.31408188998583,31.166263059892863]]],[[[121.31378959215849,31.1665364799269],[121.32080474001475,31.1665364799269],[121.32080474001475,31.16680989996094],[121.31378959215849,31.16680989996094],[121.31378959215849,31.1665364799269]]],[[[121.31378959215849,31.16680989996094],[121.32080474001475,31.16680989996094],[121.32080474001475,31.167083319994976],[121.31378959215849,31.167083319994976],[121.31378959215849,31.16680989996094]]],[[[121.31349729433114,31.167083319994976],[121.32051244218741,31.167083319994976],[121.32051244218741,31.167356740029014],[121.31349729433114,31.167356740029014],[121.31349729433114,31.167083319994976]]],[[[121.3132049965038,31.167356740029014],[121.32051244218741,31.167356740029014],[121.32051244218741,31.16763016006305],[121.3132049965038,31.16763016006305],[121.3132049965038,31.167356740029014]]],[[[121.3132049965038,31.16763016006305],[121.32022014436006,31.16763016006305],[121.32022014436006,31.16790358009709],[121.3132049965038,31.16790358009709],[121.3132049965038,31.16763016006305]]],[[[121.31291269867646,31.16790358009709],[121.31992784653272,31.16790358009709],[121.31992784653272,31.168177000131127],[121.31291269867646,31.168177000131127],[121.31291269867646,31.16790358009709]]],[[[121.31291269867646,31.16817700013113],[121.31992784653272,31.16817700013113],[121.31992784653272,31.16845042016517],[121.31291269867646,31.16845042016517],[121.31291269867646,31.16817700013113]]],[[[121.31262040084911,31.16845042016517],[121.31963554870538,31.16845042016517],[121.31963554870538,31.168723840199206],[121.31262040084911,31.168723840199206],[121.31262040084911,31.16845042016517]]],[[[121.31232810302177,31.168723840199206],[121.31963554870538,31.168723840199206],[121.31963554870538,31.168997260233244],[121.31232810302177,31.168997260233244],[121.31232810302177,31.168723840199206]]],[[[121.31232810302177,31.168997260233244],[121.31934325087803,31.168997260233244],[121.31934325087803,31.16927068026728],[121.31232810302177,31.16927068026728],[121.31232810302177,31.168997260233244]]],[[[121.31203580519443,31.16927068026728],[121.31934325087803,31.16927068026728],[121.31934325087803,31.16954410030132],[121.31203580519443,31.16954410030132],[121.31203580519443,31.16927068026728]]],[[[121.31203580519443,31.16954410030132],[121.31905095305069,31.16954410030132],[121.31905095305069,31.169817520335357],[121.31203580519443,31.169817520335357],[121.31203580519443,31.16954410030132]]],[[[121.31174350736708,31.169817520335357],[121.31905095305069,31.169817520335357],[121.31905095305069,31.170090940369395],[121.31174350736708,31.170090940369395],[121.31174350736708,31.169817520335357]]],[[[121.31145120953973,31.170090940369395],[121.31875865522335,31.170090940369395],[121.31875865522335,31.170364360403433],[121.31145120953973,31.170364360403433],[121.31145120953973,31.170090940369395]]],[[[121.31145120953973,31.170364360403436],[121.31817405956865,31.170364360403436],[121.31817405956865,31.170637780437474],[121.31145120953973,31.170637780437474],[121.31145120953973,31.170364360403436]]],[[[121.31115891171238,31.170637780437474],[121.31437418781317,31.170637780437474],[121.31437418781317,31.17091120047151],[121.31115891171238,31.17091120047151],[121.31115891171238,31.170637780437474]]],[[[121.31086661388504,31.17091120047151],[121.31262040084911,31.17091120047151],[121.31262040084911,31.17118462050555],[121.31086661388504,31.17118462050555],[121.31086661388504,31.17091120047151]]]]}},{"type":"Feature","properties":{"parcel_id":"hongqiao_hub:parcel:0003","geometry_method":"road_barrier_raster_plus_buildings","functional_type":"commercial","dominant_type":"commercial","confidence":0.86,"building_count":1,"avg_building_area_m2":606,"centroid_lng":121.339847,"centroid_lat":31.168636,"parcel_area_m2":326410,"safety_clipped":false,"classification_source":"osm_tags+building_morphology+spatial_prior","synthetic_classification":true,"qc_flags":""},"geometry":{"type":"MultiPolygon","coordinates":[[[[121.33308124876322,31.162982019484403],[121.33834260965541,31.162982019484403],[121.33834260965541,31.16325543951844],[121.33308124876322,31.16325543951844],[121.33308124876322,31.162982019484403]]],[[[121.33308124876322,31.16325543951844],[121.33834260965541,31.16325543951844],[121.33834260965541,31.16352885955248],[121.33308124876322,31.16352885955248],[121.33308124876322,31.16325543951844]]],[[[121.33308124876322,31.16352885955248],[121.34126558792886,31.16352885955248],[121.34126558792886,31.163802279586516],[121.33308124876322,31.163802279586516],[121.33308124876322,31.16352885955248]]],[[[121.33308124876322,31.163802279586516],[121.34214248141089,31.163802279586516],[121.34214248141089,31.164075699620554],[121.33308124876322,31.164075699620554],[121.33308124876322,31.163802279586516]]],[[[121.33278895093588,31.164075699620557],[121.34214248141089,31.164075699620557],[121.34214248141089,31.164349119654595],[121.33278895093588,31.164349119654595],[121.33278895093588,31.164075699620557]]],[[[121.33249665310852,31.164349119654595],[121.34185018358355,31.164349119654595],[121.34185018358355,31.164622539688633],[121.33249665310852,31.164622539688633],[121.33249665310852,31.164349119654595]]],[[[121.33220435528118,31.164622539688633],[121.34185018358355,31.164622539688633],[121.34185018358355,31.16489595972267],[121.33220435528118,31.16489595972267],[121.33220435528118,31.164622539688633]]],[[[121.33220435528118,31.16489595972267],[121.3415578857562,31.16489595972267],[121.3415578857562,31.16516937975671],[121.33220435528118,31.16516937975671],[121.33220435528118,31.16489595972267]]],[[[121.33249665310852,31.16516937975671],[121.34126558792886,31.16516937975671],[121.34126558792886,31.165442799790746],[121.33249665310852,31.165442799790746],[121.33249665310852,31.16516937975671]]],[[[121.33308124876322,31.165442799790746],[121.34126558792886,31.165442799790746],[121.34126558792886,31.165716219824784],[121.33308124876322,31.165716219824784],[121.33308124876322,31.165442799790746]]],[[[121.3342504400726,31.165716219824784],[121.34097329010152,31.165716219824784],[121.34097329010152,31.16598963985882],[121.3342504400726,31.16598963985882],[121.3342504400726,31.165716219824784]]],[[[121.33454273789994,31.16598963985882],[121.34097329010152,31.16598963985882],[121.34097329010152,31.16626305989286],[121.33454273789994,31.16626305989286],[121.33454273789994,31.16598963985882]]],[[[121.33512733355462,31.166263059892863],[121.34068099227417,31.166263059892863],[121.34068099227417,31.1665364799269],[121.33512733355462,31.1665364799269],[121.33512733355462,31.166263059892863]]],[[[121.336296524864,31.1665364799269],[121.34038869444683,31.1665364799269],[121.34038869444683,31.16680989996094],[121.336296524864,31.16680989996094],[121.336296524864,31.1665364799269]]],[[[121.33717341834604,31.16680989996094],[121.34038869444683,31.16680989996094],[121.34038869444683,31.167083319994976],[121.33717341834604,31.167083319994976],[121.33717341834604,31.16680989996094]]],[[[121.33746571617338,31.167083319994976],[121.34009639661949,31.167083319994976],[121.34009639661949,31.167356740029014],[121.33746571617338,31.167356740029014],[121.33746571617338,31.167083319994976]]],[[[121.33805031182807,31.167356740029014],[121.33980409879214,31.167356740029014],[121.33980409879214,31.16763016006305],[121.33805031182807,31.16763016006305],[121.33805031182807,31.167356740029014]]],[[[121.3389272053101,31.16763016006305],[121.33951180096479,31.16763016006305],[121.33951180096479,31.16790358009709],[121.3389272053101,31.16790358009709],[121.3389272053101,31.16763016006305]]]]}},{"type":"Feature","properties":{"parcel_id":"hongqiao_hub:parcel:0004","geometry_method":"road_barrier_raster_plus_buildings","functional_type":"residential","dominant_type":"residential","confidence":0.81,"building_count":1,"avg_building_area_m2":606,"centroid_lng":121.333247,"centroid_lat":31.168991,"parcel_area_m2":26079,"safety_clipped":false,"classification_source":"osm_tags+building_morphology+spatial_prior","synthetic_classification":true,"qc_flags":""},"geometry":{"type":"MultiPolygon","coordinates":[[[[121.33395814224525,31.16817700013113],[121.33483503572728,31.16817700013113],[121.33483503572728,31.16845042016517],[121.33395814224525,31.16845042016517],[121.33395814224525,31.16817700013113]]],[[[121.3342504400726,31.16845042016517],[121.33571192920931,31.16845042016517],[121.33571192920931,31.168723840199206],[121.3342504400726,31.168723840199206],[121.3342504400726,31.16845042016517]]],[[[121.33483503572728,31.168723840199206],[121.33658882269135,31.168723840199206],[121.33658882269135,31.168997260233244],[121.33483503572728,31.168997260233244],[121.33483503572728,31.168723840199206]]],[[[121.33571192920931,31.168997260233244],[121.33746571617338,31.168997260233244],[121.33746571617338,31.16927068026728],[121.33571192920931,31.16927068026728],[121.33571192920931,31.168997260233244]]],[[[121.33600422703665,31.16927068026728],[121.33805031182807,31.16927068026728],[121.33805031182807,31.16954410030132],[121.33600422703665,31.16954410030132],[121.33600422703665,31.16927068026728]]],[[[121.3368811205187,31.16954410030132],[121.33775801400073,31.16954410030132],[121.33775801400073,31.169817520335357],[121.3368811205187,31.169817520335357],[121.3368811205187,31.16954410030132]]],[[[121.33717341834604,31.169817520335357],[121.33746571617338,31.169817520335357],[121.33746571617338,31.170090940369395],[121.33717341834604,31.170090940369395],[121.33717341834604,31.169817520335357]]]]}},{"type":"Feature","properties":{"parcel_id":"hongqiao_hub:parcel:0005","geometry_method":"road_barrier_raster_plus_buildings","functional_type":"mixed","dominant_type":"office","confidence":0.53,"building_count":2,"avg_building_area_m2":606,"centroid_lng":121.324339,"centroid_lat":31.176397,"parcel_area_m2":308743,"safety_clipped":false,"classification_source":"osm_tags+building_morphology+spatial_prior","synthetic_classification":true,"qc_flags":"low_confidence"},"geometry":{"type":"MultiPolygon","coordinates":[[[[121.32898907918039,31.168997260233244],[121.33045056831712,31.168997260233244],[121.33045056831712,31.16927068026728],[121.32898907918039,31.16927068026728],[121.32898907918039,31.168997260233244]]],[[[121.32869678135305,31.16927068026728],[121.33161975962649,31.16927068026728],[121.33161975962649,31.16954410030132],[121.32869678135305,31.16954410030132],[121.32869678135305,31.16927068026728]]],[[[121.3284044835257,31.16954410030132],[121.33191205745383,31.16954410030132],[121.33191205745383,31.169817520335357],[121.3284044835257,31.169817520335357],[121.3284044835257,31.16954410030132]]],[[[121.32811218569836,31.169817520335357],[121.33161975962649,31.169817520335357],[121.33161975962649,31.170090940369395],[121.32811218569836,31.170090940369395],[121.32811218569836,31.169817520335357]]],[[[121.32781988787102,31.170090940369395],[121.33161975962649,31.170090940369395],[121.33161975962649,31.170364360403433],[121.32781988787102,31.170364360403433],[121.32781988787102,31.170090940369395]]],[[[121.32752759004367,31.170364360403436],[121.33132746179915,31.170364360403436],[121.33132746179915,31.170637780437474],[121.32752759004367,31.170637780437474],[121.32752759004367,31.170364360403436]]],[[[121.32752759004367,31.170637780437474],[121.3310351639718,31.170637780437474],[121.3310351639718,31.17091120047151],[121.32752759004367,31.17091120047151],[121.32752759004367,31.170637780437474]]],[[[121.32723529221633,31.17091120047151],[121.3310351639718,31.17091120047151],[121.3310351639718,31.17118462050555],[121.32723529221633,31.17118462050555],[121.32723529221633,31.17091120047151]]],[[[121.32694299438899,31.17118462050555],[121.33074286614446,31.17118462050555],[121.33074286614446,31.171458040539587],[121.32694299438899,31.171458040539587],[121.32694299438899,31.17118462050555]]],[[[121.32694299438899,31.171458040539587],[121.33045056831712,31.171458040539587],[121.33045056831712,31.171731460573625],[121.32694299438899,31.171731460573625],[121.32694299438899,31.171458040539587]]],[[[121.32665069656164,31.171731460573625],[121.33045056831712,31.171731460573625],[121.33045056831712,31.172004880607663],[121.32665069656164,31.172004880607663],[121.32665069656164,31.171731460573625]]],[[[121.3263583987343,31.172004880607663],[121.33015827048978,31.172004880607663],[121.33015827048978,31.1722783006417],[121.3263583987343,31.1722783006417],[121.3263583987343,31.172004880607663]]],[[[121.32606610090696,31.1722783006417],[121.32986597266243,31.1722783006417],[121.32986597266243,31.172551720675738],[121.32606610090696,31.172551720675738],[121.32606610090696,31.1722783006417]]],[[[121.32577380307961,31.17255172067574],[121.32957367483509,31.17255172067574],[121.32957367483509,31.17282514070978],[121.32577380307961,31.17282514070978],[121.32577380307961,31.17255172067574]]],[[[121.32548150525226,31.17282514070978],[121.32957367483509,31.17282514070978],[121.32957367483509,31.173098560743817],[121.32548150525226,31.173098560743817],[121.32548150525226,31.17282514070978]]],[[[121.32489690959757,31.173098560743817],[121.32928137700773,31.173098560743817],[121.32928137700773,31.173371980777855],[121.32489690959757,31.173371980777855],[121.32489690959757,31.173098560743817]]],[[[121.32431231394288,31.173371980777855],[121.32898907918039,31.173371980777855],[121.32898907918039,31.173645400811893],[121.32431231394288,31.173645400811893],[121.32431231394288,31.173371980777855]]],[[[121.3237277182882,31.173645400811893],[121.32869678135305,31.173645400811893],[121.32869678135305,31.17391882084593],[121.3237277182882,31.17391882084593],[121.3237277182882,31.173645400811893]]],[[[121.32314312263351,31.17391882084593],[121.3284044835257,31.17391882084593],[121.3284044835257,31.174192240879968],[121.32314312263351,31.174192240879968],[121.32314312263351,31.17391882084593]]],[[[121.32285082480617,31.174192240879968],[121.3284044835257,31.174192240879968],[121.3284044835257,31.174465660914006],[121.32285082480617,31.174465660914006],[121.32285082480617,31.174192240879968]]],[[[121.32255852697882,31.17446566091401],[121.32811218569836,31.17446566091401],[121.32811218569836,31.174739080948047],[121.32255852697882,31.174739080948047],[121.32255852697882,31.17446566091401]]],[[[121.32226622915147,31.174739080948047],[121.32781988787102,31.174739080948047],[121.32781988787102,31.175012500982085],[121.32226622915147,31.175012500982085],[121.32226622915147,31.174739080948047]]],[[[121.32168163349678,31.175012500982085],[121.32752759004367,31.175012500982085],[121.32752759004367,31.175285921016123],[121.32168163349678,31.175285921016123],[121.32168163349678,31.175012500982085]]],[[[121.3210970378421,31.175285921016123],[121.32314312263351,31.175285921016123],[121.32314312263351,31.17555934105016],[121.3210970378421,31.17555934105016],[121.3210970378421,31.175285921016123]]],[[[121.32080474001475,31.17555934105016],[121.32197393132412,31.17555934105016],[121.32197393132412,31.175832761084198],[121.32080474001475,31.175832761084198],[121.32080474001475,31.17555934105016]]],[[[121.32080474001475,31.175832761084198],[121.32197393132412,31.175832761084198],[121.32197393132412,31.176106181118236],[121.32080474001475,31.176106181118236],[121.32080474001475,31.175832761084198]]],[[[121.32051244218741,31.176106181118236],[121.3210970378421,31.176106181118236],[121.3210970378421,31.176379601152274],[121.32051244218741,31.176379601152274],[121.32051244218741,31.176106181118236]]],[[[121.32022014436006,31.176379601152274],[121.32080474001475,31.176379601152274],[121.32080474001475,31.17665302118631],[121.32022014436006,31.17665302118631],[121.32022014436006,31.176379601152274]]],[[[121.31963554870538,31.176653021186315],[121.32051244218741,31.176653021186315],[121.32051244218741,31.176926441220353],[121.31963554870538,31.176926441220353],[121.31963554870538,31.176653021186315]]],[[[121.31934325087803,31.176926441220353],[121.32022014436006,31.176926441220353],[121.32022014436006,31.17719986125439],[121.31934325087803,31.17719986125439],[121.31934325087803,31.176926441220353]]],[[[121.31934325087803,31.17719986125439],[121.31992784653272,31.17719986125439],[121.31992784653272,31.177473281288428],[121.31934325087803,31.177473281288428],[121.31934325087803,31.17719986125439]]],[[[121.31905095305069,31.177473281288428],[121.31992784653272,31.177473281288428],[121.31992784653272,31.177746701322466],[121.31905095305069,31.177746701322466],[121.31905095305069,31.177473281288428]]],[[[121.31875865522335,31.177746701322466],[121.31963554870538,31.177746701322466],[121.31963554870538,31.178020121356504],[121.31875865522335,31.178020121356504],[121.31875865522335,31.177746701322466]]],[[[121.31846635739599,31.178020121356504],[121.31934325087803,31.178020121356504],[121.31934325087803,31.17829354139054],[121.31846635739599,31.17829354139054],[121.31846635739599,31.178020121356504]]],[[[121.31817405956865,31.17829354139054],[121.31905095305069,31.17829354139054],[121.31905095305069,31.17856696142458],[121.31817405956865,31.17856696142458],[121.31817405956865,31.17829354139054]]],[[[121.31817405956865,31.178566961424583],[121.31905095305069,31.178566961424583],[121.31905095305069,31.17884038145862],[121.31817405956865,31.17884038145862],[121.31817405956865,31.178566961424583]]],[[[121.31846635739599,31.17884038145862],[121.31875865522335,31.17884038145862],[121.31875865522335,31.179113801492658],[121.31846635739599,31.179113801492658],[121.31846635739599,31.17884038145862]]]]}},{"type":"Feature","properties":{"parcel_id":"hongqiao_hub:parcel:0006","geometry_method":"road_barrier_raster_plus_buildings","functional_type":"office","dominant_type":"office","confidence":0.89,"building_count":1,"avg_building_area_m2":606,"centroid_lng":121.358554,"centroid_lat":31.183328,"parcel_area_m2":450075,"safety_clipped":false,"classification_source":"osm_tags+building_morphology+spatial_prior","synthetic_classification":true,"qc_flags":""},"geometry":{"type":"MultiPolygon","coordinates":[[[[121.36348022280703,31.170090940369395],[121.36406481846171,31.170090940369395],[121.36406481846171,31.170364360403433],[121.36348022280703,31.170364360403433],[121.36348022280703,31.170090940369395]]],[[[121.36318792497968,31.170364360403436],[121.36494171194376,31.170364360403436],[121.36494171194376,31.170637780437474],[121.36318792497968,31.170637780437474],[121.36318792497968,31.170364360403436]]],[[[121.36318792497968,31.170637780437474],[121.36494171194376,31.170637780437474],[121.36494171194376,31.17091120047151],[121.36318792497968,31.17091120047151],[121.36318792497968,31.170637780437474]]],[[[121.36289562715234,31.17091120047151],[121.36464941411641,31.17091120047151],[121.36464941411641,31.17118462050555],[121.36289562715234,31.17118462050555],[121.36289562715234,31.17091120047151]]],[[[121.36289562715234,31.17118462050555],[121.36464941411641,31.17118462050555],[121.36464941411641,31.171458040539587],[121.36289562715234,31.171458040539587],[121.36289562715234,31.17118462050555]]],[[[121.36289562715234,31.171458040539587],[121.36435711628906,31.171458040539587],[121.36435711628906,31.171731460573625],[121.36289562715234,31.171731460573625],[121.36289562715234,31.171458040539587]]],[[[121.362603329325,31.171731460573625],[121.36435711628906,31.171731460573625],[121.36435711628906,31.172004880607663],[121.362603329325,31.172004880607663],[121.362603329325,31.171731460573625]]],[[[121.362603329325,31.172004880607663],[121.36435711628906,31.172004880607663],[121.36435711628906,31.1722783006417],[121.362603329325,31.1722783006417],[121.362603329325,31.172004880607663]]],[[[121.362603329325,31.1722783006417],[121.36406481846171,31.1722783006417],[121.36406481846171,31.172551720675738],[121.362603329325,31.172551720675738],[121.362603329325,31.1722783006417]]],[[[121.36231103149765,31.17255172067574],[121.36406481846171,31.17255172067574],[121.36406481846171,31.17282514070978],[121.36231103149765,31.17282514070978],[121.36231103149765,31.17255172067574]]],[[[121.36231103149765,31.17282514070978],[121.36406481846171,31.17282514070978],[121.36406481846171,31.173098560743817],[121.36231103149765,31.173098560743817],[121.36231103149765,31.17282514070978]]],[[[121.36201873367031,31.173098560743817],[121.36406481846171,31.173098560743817],[121.36406481846171,31.173371980777855],[121.36201873367031,31.173371980777855],[121.36201873367031,31.173098560743817]]],[[[121.36201873367031,31.173371980777855],[121.36377252063437,31.173371980777855],[121.36377252063437,31.173645400811893],[121.36201873367031,31.173645400811893],[121.36201873367031,31.173371980777855]]],[[[121.36172643584297,31.173645400811893],[121.36377252063437,31.173645400811893],[121.36377252063437,31.17391882084593],[121.36172643584297,31.17391882084593],[121.36172643584297,31.173645400811893]]],[[[121.36172643584297,31.17391882084593],[121.36377252063437,31.17391882084593],[121.36377252063437,31.174192240879968],[121.36172643584297,31.174192240879968],[121.36172643584297,31.17391882084593]]],[[[121.36143413801562,31.174192240879968],[121.36377252063437,31.174192240879968],[121.36377252063437,31.174465660914006],[121.36143413801562,31.174465660914006],[121.36143413801562,31.174192240879968]]],[[[121.36143413801562,31.17446566091401],[121.36348022280703,31.17446566091401],[121.36348022280703,31.174739080948047],[121.36143413801562,31.174739080948047],[121.36143413801562,31.17446566091401]]],[[[121.36114184018828,31.174739080948047],[121.36348022280703,31.174739080948047],[121.36348022280703,31.175012500982085],[121.36114184018828,31.175012500982085],[121.36114184018828,31.174739080948047]]],[[[121.36114184018828,31.175012500982085],[121.36348022280703,31.175012500982085],[121.36348022280703,31.175285921016123],[121.36114184018828,31.175285921016123],[121.36114184018828,31.175012500982085]]],[[[121.36114184018828,31.175285921016123],[121.36201873367031,31.175285921016123],[121.36201873367031,31.17555934105016],[121.36114184018828,31.17555934105016],[121.36114184018828,31.175285921016123]]],[[[121.36084954236092,31.17555934105016],[121.36172643584297,31.17555934105016],[121.36172643584297,31.175832761084198],[121.36084954236092,31.175832761084198],[121.36084954236092,31.17555934105016]]],[[[121.36084954236092,31.175832761084198],[121.36172643584297,31.175832761084198],[121.36172643584297,31.176106181118236],[121.36084954236092,31.176106181118236],[121.36084954236092,31.175832761084198]]],[[[121.36084954236092,31.176106181118236],[121.36172643584297,31.176106181118236],[121.36172643584297,31.176379601152274],[121.36084954236092,31.176379601152274],[121.36084954236092,31.176106181118236]]],[[[121.36055724453358,31.176379601152274],[121.36143413801562,31.176379601152274],[121.36143413801562,31.17665302118631],[121.36055724453358,31.17665302118631],[121.36055724453358,31.176379601152274]]],[[[121.36055724453358,31.176653021186315],[121.36143413801562,31.176653021186315],[121.36143413801562,31.176926441220353],[121.36055724453358,31.176926441220353],[121.36055724453358,31.176653021186315]]],[[[121.36055724453358,31.176926441220353],[121.36114184018828,31.176926441220353],[121.36114184018828,31.17719986125439],[121.36055724453358,31.17719986125439],[121.36055724453358,31.176926441220353]]],[[[121.36026494670624,31.17719986125439],[121.36114184018828,31.17719986125439],[121.36114184018828,31.177473281288428],[121.36026494670624,31.177473281288428],[121.36026494670624,31.17719986125439]]],[[[121.36026494670624,31.177473281288428],[121.36114184018828,31.177473281288428],[121.36114184018828,31.177746701322466],[121.36026494670624,31.177746701322466],[121.36026494670624,31.177473281288428]]],[[[121.36026494670624,31.177746701322466],[121.36114184018828,31.177746701322466],[121.36114184018828,31.178020121356504],[121.36026494670624,31.178020121356504],[121.36026494670624,31.177746701322466]]],[[[121.3599726488789,31.178020121356504],[121.36084954236092,31.178020121356504],[121.36084954236092,31.17829354139054],[121.3599726488789,31.17829354139054],[121.3599726488789,31.178020121356504]]],[[[121.3599726488789,31.17829354139054],[121.36084954236092,31.17829354139054],[121.36084954236092,31.17856696142458],[121.3599726488789,31.17856696142458],[121.3599726488789,31.17829354139054]]],[[[121.3599726488789,31.178566961424583],[121.36055724453358,31.178566961424583],[121.36055724453358,31.17884038145862],[121.3599726488789,31.17884038145862],[121.3599726488789,31.178566961424583]]],[[[121.3599726488789,31.17884038145862],[121.36055724453358,31.17884038145862],[121.36055724453358,31.179113801492658],[121.3599726488789,31.179113801492658],[121.3599726488789,31.17884038145862]]],[[[121.3599726488789,31.179113801492658],[121.36055724453358,31.179113801492658],[121.36055724453358,31.179387221526696],[121.3599726488789,31.179387221526696],[121.3599726488789,31.179113801492658]]],[[[121.35968035105155,31.179387221526696],[121.36055724453358,31.179387221526696],[121.36055724453358,31.179660641560734],[121.35968035105155,31.179660641560734],[121.35968035105155,31.179387221526696]]],[[[121.35968035105155,31.179660641560734],[121.36055724453358,31.179660641560734],[121.36055724453358,31.17993406159477],[121.35968035105155,31.17993406159477],[121.35968035105155,31.179660641560734]]],[[[121.35968035105155,31.17993406159477],[121.36114184018828,31.17993406159477],[121.36114184018828,31.18020748162881],[121.35968035105155,31.18020748162881],[121.35968035105155,31.17993406159477]]],[[[121.35968035105155,31.18020748162881],[121.36231103149765,31.18020748162881],[121.36231103149765,31.180480901662847],[121.35968035105155,31.180480901662847],[121.35968035105155,31.18020748162881]]],[[[121.35938805322421,31.180480901662847],[121.36348022280703,31.180480901662847],[121.36348022280703,31.180754321696885],[121.35938805322421,31.180754321696885],[121.35938805322421,31.180480901662847]]],[[[121.35938805322421,31.180754321696888],[121.36435711628906,31.180754321696888],[121.36435711628906,31.181027741730926],[121.35938805322421,31.181027741730926],[121.35938805322421,31.180754321696888]]],[[[121.35968035105155,31.181027741730926],[121.36494171194376,31.181027741730926],[121.36494171194376,31.181301161764964],[121.35968035105155,31.181301161764964],[121.35968035105155,31.181027741730926]]],[[[121.35968035105155,31.181301161764964],[121.36640320108047,31.181301161764964],[121.36640320108047,31.181574581799],[121.35968035105155,31.181574581799],[121.35968035105155,31.181301161764964]]],[[[121.3599726488789,31.181574581799],[121.3672800945625,31.181574581799],[121.3672800945625,31.18184800183304],[121.3599726488789,31.18184800183304],[121.3599726488789,31.181574581799]]],[[[121.3599726488789,31.18184800183304],[121.36815698804455,31.18184800183304],[121.36815698804455,31.182121421867077],[121.3599726488789,31.182121421867077],[121.3599726488789,31.18184800183304]]],[[[121.36026494670624,31.182121421867077],[121.36903388152658,31.182121421867077],[121.36903388152658,31.182394841901115],[121.36026494670624,31.182394841901115],[121.36026494670624,31.182121421867077]]],[[[121.36055724453358,31.182394841901115],[121.36903388152658,31.182394841901115],[121.36903388152658,31.182668261935152],[121.36055724453358,31.182668261935152],[121.36055724453358,31.182394841901115]]],[[[121.36084954236092,31.182668261935152],[121.36874158369923,31.182668261935152],[121.36874158369923,31.18294168196919],[121.36084954236092,31.18294168196919],[121.36084954236092,31.182668261935152]]],[[[121.36114184018828,31.182941681969194],[121.36874158369923,31.182941681969194],[121.36874158369923,31.18321510200323],[121.36114184018828,31.18321510200323],[121.36114184018828,31.182941681969194]]],[[[121.36172643584297,31.18321510200323],[121.36874158369923,31.18321510200323],[121.36874158369923,31.18348852203727],[121.36172643584297,31.18348852203727],[121.36172643584297,31.18321510200323]]],[[[121.36201873367031,31.18348852203727],[121.36874158369923,31.18348852203727],[121.36874158369923,31.183761942071307],[121.36201873367031,31.183761942071307],[121.36201873367031,31.18348852203727]]],[[[121.36289562715234,31.183761942071307],[121.36874158369923,31.183761942071307],[121.36874158369923,31.184035362105345],[121.36289562715234,31.184035362105345],[121.36289562715234,31.183761942071307]]],[[[121.36435711628906,31.184035362105345],[121.36874158369923,31.184035362105345],[121.36874158369923,31.184308782139382],[121.36435711628906,31.184308782139382],[121.36435711628906,31.184035362105345]]],[[[121.36464941411641,31.184308782139382],[121.36874158369923,31.184308782139382],[121.36874158369923,31.18458220217342],[121.36464941411641,31.18458220217342],[121.36464941411641,31.184308782139382]]],[[[121.3652340097711,31.18458220217342],[121.36874158369923,31.18458220217342],[121.36874158369923,31.184855622207458],[121.3652340097711,31.184855622207458],[121.3652340097711,31.18458220217342]]],[[[121.36640320108047,31.18485562220746],[121.36844928587189,31.18485562220746],[121.36844928587189,31.1851290422415],[121.36640320108047,31.1851290422415],[121.36640320108047,31.18485562220746]]],[[[121.36757239238985,31.1851290422415],[121.36844928587189,31.1851290422415],[121.36844928587189,31.185402462275537],[121.36757239238985,31.185402462275537],[121.36757239238985,31.1851290422415]]],[[[121.36815698804455,31.185402462275537],[121.36844928587189,31.185402462275537],[121.36844928587189,31.185675882309575],[121.36815698804455,31.185675882309575],[121.36815698804455,31.185402462275537]]]]}},{"type":"Feature","properties":{"parcel_id":"hongqiao_hub:parcel:0007","geometry_method":"road_barrier_raster_plus_buildings","functional_type":"residential","dominant_type":"residential","confidence":1,"building_count":1,"avg_building_area_m2":606,"centroid_lng":121.34653,"centroid_lat":31.172306,"parcel_area_m2":158157,"safety_clipped":false,"classification_source":"osm_tags+building_morphology+spatial_prior","synthetic_classification":true,"qc_flags":""},"geometry":{"type":"MultiPolygon","coordinates":[[[[121.34798843795778,31.17091120047151],[121.34828073578512,31.17091120047151],[121.34828073578512,31.17118462050555],[121.34798843795778,31.17118462050555],[121.34798843795778,31.17091120047151]]],[[[121.34798843795778,31.17118462050555],[121.34915762926715,31.17118462050555],[121.34915762926715,31.171458040539587],[121.34798843795778,31.171458040539587],[121.34798843795778,31.17118462050555]]],[[[121.34769614013044,31.171458040539587],[121.34974222492184,31.171458040539587],[121.34974222492184,31.171731460573625],[121.34769614013044,31.171731460573625],[121.34769614013044,31.171458040539587]]],[[[121.34769614013044,31.171731460573625],[121.35032682057653,31.171731460573625],[121.35032682057653,31.172004880607663],[121.34769614013044,31.172004880607663],[121.34769614013044,31.171731460573625]]],[[[121.34828073578512,31.172004880607663],[121.35061911840388,31.172004880607663],[121.35061911840388,31.1722783006417],[121.34828073578512,31.1722783006417],[121.34828073578512,31.172004880607663]]],[[[121.34857303361247,31.1722783006417],[121.35178830971326,31.1722783006417],[121.35178830971326,31.172551720675738],[121.34857303361247,31.172551720675738],[121.34857303361247,31.1722783006417]]],[[[121.34886533143981,31.17255172067574],[121.35237290536794,31.17255172067574],[121.35237290536794,31.17282514070978],[121.34886533143981,31.17282514070978],[121.34886533143981,31.17255172067574]]],[[[121.3494499270945,31.17282514070978],[121.35295750102263,31.17282514070978],[121.35295750102263,31.173098560743817],[121.3494499270945,31.173098560743817],[121.3494499270945,31.17282514070978]]],[[[121.34974222492184,31.173098560743817],[121.35383439450467,31.173098560743817],[121.35383439450467,31.173371980777855],[121.34974222492184,31.173371980777855],[121.34974222492184,31.173098560743817]]],[[[121.35003452274918,31.173371980777855],[121.35441899015936,31.173371980777855],[121.35441899015936,31.173645400811893],[121.35003452274918,31.173645400811893],[121.35003452274918,31.173371980777855]]],[[[121.35032682057653,31.173645400811893],[121.35500358581405,31.173645400811893],[121.35500358581405,31.17391882084593],[121.35032682057653,31.17391882084593],[121.35032682057653,31.173645400811893]]],[[[121.35061911840388,31.17391882084593],[121.35500358581405,31.17391882084593],[121.35500358581405,31.174192240879968],[121.35061911840388,31.174192240879968],[121.35061911840388,31.17391882084593]]],[[[121.35061911840388,31.174192240879968],[121.3547112879867,31.174192240879968],[121.3547112879867,31.174465660914006],[121.35061911840388,31.174465660914006],[121.35061911840388,31.174192240879968]]],[[[121.35091141623123,31.17446566091401],[121.35441899015936,31.17446566091401],[121.35441899015936,31.174739080948047],[121.35091141623123,31.174739080948047],[121.35091141623123,31.17446566091401]]],[[[121.35149601188591,31.174739080948047],[121.35441899015936,31.174739080948047],[121.35441899015936,31.175012500982085],[121.35149601188591,31.175012500982085],[121.35149601188591,31.174739080948047]]],[[[121.35178830971326,31.175012500982085],[121.35412669233202,31.175012500982085],[121.35412669233202,31.175285921016123],[121.35178830971326,31.175285921016123],[121.35178830971326,31.175012500982085]]],[[[121.3520806075406,31.175285921016123],[121.35383439450467,31.175285921016123],[121.35383439450467,31.17555934105016],[121.3520806075406,31.17555934105016],[121.3520806075406,31.175285921016123]]],[[[121.35237290536794,31.17555934105016],[121.35383439450467,31.17555934105016],[121.35383439450467,31.175832761084198],[121.35237290536794,31.175832761084198],[121.35237290536794,31.17555934105016]]],[[[121.35266520319529,31.175832761084198],[121.35383439450467,31.175832761084198],[121.35383439450467,31.176106181118236],[121.35266520319529,31.176106181118236],[121.35266520319529,31.175832761084198]]],[[[121.35295750102263,31.176106181118236],[121.35354209667732,31.176106181118236],[121.35354209667732,31.176379601152274],[121.35295750102263,31.176379601152274],[121.35295750102263,31.176106181118236]]],[[[121.35295750102263,31.176379601152274],[121.35354209667732,31.176379601152274],[121.35354209667732,31.17665302118631],[121.35295750102263,31.17665302118631],[121.35295750102263,31.176379601152274]]],[[[121.35324979884997,31.176653021186315],[121.35354209667732,31.176653021186315],[121.35354209667732,31.176926441220353],[121.35324979884997,31.176926441220353],[121.35324979884997,31.176653021186315]]]]}},{"type":"Feature","properties":{"parcel_id":"hongqiao_hub:parcel:0008","geometry_method":"road_barrier_raster_plus_buildings","functional_type":"commercial","dominant_type":"commercial","confidence":0.86,"building_count":1,"avg_building_area_m2":606,"centroid_lng":121.369358,"centroid_lat":31.176892,"parcel_area_m2":223776,"safety_clipped":false,"classification_source":"osm_tags+building_morphology+spatial_prior","synthetic_classification":true,"qc_flags":""},"geometry":{"type":"MultiPolygon","coordinates":[[[[121.36581860542579,31.17091120047151],[121.36611090325313,31.17091120047151],[121.36611090325313,31.17118462050555],[121.36581860542579,31.17118462050555],[121.36581860542579,31.17091120047151]]],[[[121.36581860542579,31.17118462050555],[121.36698779673516,31.17118462050555],[121.36698779673516,31.171458040539587],[121.36581860542579,31.171458040539587],[121.36581860542579,31.17118462050555]]],[[[121.36581860542579,31.171458040539587],[121.3678646902172,31.171458040539587],[121.3678646902172,31.171731460573625],[121.36581860542579,31.171731460573625],[121.36581860542579,31.171458040539587]]],[[[121.36552630759844,31.171731460573625],[121.36844928587189,31.171731460573625],[121.36844928587189,31.172004880607663],[121.36552630759844,31.172004880607663],[121.36552630759844,31.171731460573625]]],[[[121.3652340097711,31.172004880607663],[121.36903388152658,31.172004880607663],[121.36903388152658,31.1722783006417],[121.3652340097711,31.1722783006417],[121.3652340097711,31.172004880607663]]],[[[121.3652340097711,31.1722783006417],[121.36903388152658,31.1722783006417],[121.36903388152658,31.172551720675738],[121.3652340097711,31.172551720675738],[121.3652340097711,31.1722783006417]]],[[[121.3652340097711,31.17255172067574],[121.36903388152658,31.17255172067574],[121.36903388152658,31.17282514070978],[121.3652340097711,31.17282514070978],[121.3652340097711,31.17255172067574]]],[[[121.3652340097711,31.17282514070978],[121.36961847718126,31.17282514070978],[121.36961847718126,31.173098560743817],[121.3652340097711,31.173098560743817],[121.3652340097711,31.17282514070978]]],[[[121.36494171194376,31.173098560743817],[121.36961847718126,31.173098560743817],[121.36961847718126,31.173371980777855],[121.36494171194376,31.173371980777855],[121.36494171194376,31.173098560743817]]],[[[121.36494171194376,31.173371980777855],[121.36961847718126,31.173371980777855],[121.36961847718126,31.173645400811893],[121.36494171194376,31.173645400811893],[121.36494171194376,31.173371980777855]]],[[[121.36494171194376,31.173645400811893],[121.36961847718126,31.173645400811893],[121.36961847718126,31.17391882084593],[121.36494171194376,31.17391882084593],[121.36494171194376,31.173645400811893]]],[[[121.36494171194376,31.17391882084593],[121.36961847718126,31.17391882084593],[121.36961847718126,31.174192240879968],[121.36494171194376,31.174192240879968],[121.36494171194376,31.17391882084593]]],[[[121.36464941411641,31.174192240879968],[121.36961847718126,31.174192240879968],[121.36961847718126,31.174465660914006],[121.36464941411641,31.174465660914006],[121.36464941411641,31.174192240879968]]],[[[121.36464941411641,31.17446566091401],[121.36961847718126,31.17446566091401],[121.36961847718126,31.174739080948047],[121.36464941411641,31.174739080948047],[121.36464941411641,31.17446566091401]]],[[[121.36464941411641,31.174739080948047],[121.36961847718126,31.174739080948047],[121.36961847718126,31.175012500982085],[121.36464941411641,31.175012500982085],[121.36464941411641,31.174739080948047]]],[[[121.36464941411641,31.175012500982085],[121.36961847718126,31.175012500982085],[121.36961847718126,31.175285921016123],[121.36464941411641,31.175285921016123],[121.36464941411641,31.175012500982085]]],[[[121.36435711628906,31.175285921016123],[121.36961847718126,31.175285921016123],[121.36961847718126,31.17555934105016],[121.36435711628906,31.17555934105016],[121.36435711628906,31.175285921016123]]],[[[121.36435711628906,31.17555934105016],[121.36961847718126,31.17555934105016],[121.36961847718126,31.175832761084198],[121.36435711628906,31.175832761084198],[121.36435711628906,31.17555934105016]]],[[[121.36552630759844,31.175832761084198],[121.36961847718126,31.175832761084198],[121.36961847718126,31.176106181118236],[121.36552630759844,31.176106181118236],[121.36552630759844,31.175832761084198]]],[[[121.3672800945625,31.176106181118236],[121.36961847718126,31.176106181118236],[121.36961847718126,31.176379601152274],[121.3672800945625,31.176379601152274],[121.3672800945625,31.176106181118236]]]]}},{"type":"Feature","properties":{"parcel_id":"hongqiao_hub:parcel:0009","geometry_method":"road_barrier_raster_plus_buildings","functional_type":"residential","dominant_type":"residential","confidence":1,"building_count":1,"avg_building_area_m2":606,"centroid_lng":121.318259,"centroid_lat":31.173686,"parcel_area_m2":37016,"safety_clipped":false,"classification_source":"osm_tags+building_morphology+spatial_prior","synthetic_classification":true,"qc_flags":""},"geometry":{"type":"MultiPolygon","coordinates":[[[[121.32255852697882,31.171458040539587],[121.32314312263351,31.171458040539587],[121.32314312263351,31.171731460573625],[121.32255852697882,31.171731460573625],[121.32255852697882,31.171458040539587]]],[[[121.32168163349678,31.171731460573625],[121.32285082480617,31.171731460573625],[121.32285082480617,31.172004880607663],[121.32168163349678,31.172004880607663],[121.32168163349678,31.171731460573625]]],[[[121.32022014436006,31.172004880607663],[121.32226622915147,31.172004880607663],[121.32226622915147,31.1722783006417],[121.32022014436006,31.1722783006417],[121.32022014436006,31.172004880607663]]],[[[121.31992784653272,31.1722783006417],[121.32197393132412,31.1722783006417],[121.32197393132412,31.172551720675738],[121.31992784653272,31.172551720675738],[121.31992784653272,31.1722783006417]]],[[[121.31992784653272,31.17255172067574],[121.32168163349678,31.17255172067574],[121.32168163349678,31.17282514070978],[121.31992784653272,31.17282514070978],[121.31992784653272,31.17255172067574]]],[[[121.31963554870538,31.17282514070978],[121.32138933566944,31.17282514070978],[121.32138933566944,31.173098560743817],[121.31963554870538,31.173098560743817],[121.31963554870538,31.17282514070978]]],[[[121.31963554870538,31.173098560743817],[121.32080474001475,31.173098560743817],[121.32080474001475,31.173371980777855],[121.31963554870538,31.173371980777855],[121.31963554870538,31.173098560743817]]],[[[121.31934325087803,31.173371980777855],[121.32022014436006,31.173371980777855],[121.32022014436006,31.173645400811893],[121.31934325087803,31.173645400811893],[121.31934325087803,31.173371980777855]]],[[[121.31934325087803,31.173645400811893],[121.31992784653272,31.173645400811893],[121.31992784653272,31.17391882084593],[121.31934325087803,31.17391882084593],[121.31934325087803,31.173645400811893]]],[[[121.31905095305069,31.17391882084593],[121.31963554870538,31.17391882084593],[121.31963554870538,31.174192240879968],[121.31905095305069,31.174192240879968],[121.31905095305069,31.17391882084593]]],[[[121.31905095305069,31.174192240879968],[121.31934325087803,31.174192240879968],[121.31934325087803,31.174465660914006],[121.31905095305069,31.174465660914006],[121.31905095305069,31.174192240879968]]]]}},{"type":"Feature","properties":{"parcel_id":"hongqiao_hub:parcel:0010","geometry_method":"road_barrier_raster_plus_buildings","functional_type":"residential","dominant_type":"residential","confidence":1,"building_count":1,"avg_building_area_m2":606,"centroid_lng":121.315761,"centroid_lat":31.171501,"parcel_area_m2":198538,"safety_clipped":false,"classification_source":"osm_tags+building_morphology+spatial_prior","synthetic_classification":true,"qc_flags":""},"geometry":{"type":"MultiPolygon","coordinates":[[[[121.31378959215849,31.1722783006417],[121.31758946391396,31.1722783006417],[121.31758946391396,31.172551720675738],[121.31378959215849,31.172551720675738],[121.31378959215849,31.1722783006417]]],[[[121.31291269867646,31.17255172067574],[121.31758946391396,31.17255172067574],[121.31758946391396,31.17282514070978],[121.31291269867646,31.17282514070978],[121.31291269867646,31.17255172067574]]],[[[121.3105743160577,31.17282514070978],[121.31729716608662,31.17282514070978],[121.31729716608662,31.173098560743817],[121.3105743160577,31.173098560743817],[121.3105743160577,31.17282514070978]]],[[[121.30940512474832,31.173098560743817],[121.31729716608662,31.173098560743817],[121.31729716608662,31.173371980777855],[121.30940512474832,31.173371980777855],[121.30940512474832,31.173098560743817]]],[[[121.30940512474832,31.173371980777855],[121.31729716608662,31.173371980777855],[121.31729716608662,31.173645400811893],[121.30940512474832,31.173645400811893],[121.30940512474832,31.173371980777855]]],[[[121.30911282692098,31.173645400811893],[121.31700486825927,31.173645400811893],[121.31700486825927,31.17391882084593],[121.30911282692098,31.17391882084593],[121.30911282692098,31.173645400811893]]],[[[121.30882052909364,31.17391882084593],[121.31700486825927,31.17391882084593],[121.31700486825927,31.174192240879968],[121.30882052909364,31.174192240879968],[121.30882052909364,31.17391882084593]]],[[[121.30882052909364,31.174192240879968],[121.31700486825927,31.174192240879968],[121.31700486825927,31.174465660914006],[121.30882052909364,31.174465660914006],[121.30882052909364,31.174192240879968]]],[[[121.30882052909364,31.17446566091401],[121.31700486825927,31.17446566091401],[121.31700486825927,31.174739080948047],[121.30882052909364,31.174739080948047],[121.30882052909364,31.17446566091401]]],[[[121.30911282692098,31.174739080948047],[121.31466648564052,31.174739080948047],[121.31466648564052,31.175012500982085],[121.30911282692098,31.175012500982085],[121.30911282692098,31.174739080948047]]]]}},{"type":"Feature","properties":{"parcel_id":"hongqiao_hub:parcel:0011","geometry_method":"road_barrier_raster_plus_buildings","functional_type":"mixed","dominant_type":"residential","confidence":0.49,"building_count":3,"avg_building_area_m2":606,"centroid_lng":121.340767,"centroid_lat":31.175786,"parcel_area_m2":577106,"safety_clipped":false,"classification_source":"osm_tags+building_morphology+spatial_prior","synthetic_classification":true,"qc_flags":"low_confidence"},"geometry":{"type":"MultiPolygon","coordinates":[[[[121.33805031182807,31.17282514070978],[121.33834260965541,31.17282514070978],[121.33834260965541,31.173098560743817],[121.33805031182807,31.173098560743817],[121.33805031182807,31.17282514070978]]],[[[121.33775801400073,31.173098560743817],[121.33863490748276,31.173098560743817],[121.33863490748276,31.173371980777855],[121.33775801400073,31.173371980777855],[121.33775801400073,31.173098560743817]]],[[[121.33746571617338,31.173371980777855],[121.33921950313744,31.173371980777855],[121.33921950313744,31.173645400811893],[121.33746571617338,31.173645400811893],[121.33746571617338,31.173371980777855]]],[[[121.33717341834604,31.173645400811893],[121.33951180096479,31.173645400811893],[121.33951180096479,31.17391882084593],[121.33717341834604,31.17391882084593],[121.33717341834604,31.173645400811893]]],[[[121.33717341834604,31.17391882084593],[121.33980409879214,31.17391882084593],[121.33980409879214,31.174192240879968],[121.33717341834604,31.174192240879968],[121.33717341834604,31.17391882084593]]],[[[121.33717341834604,31.174192240879968],[121.34009639661949,31.174192240879968],[121.34009639661949,31.174465660914006],[121.33717341834604,31.174465660914006],[121.33717341834604,31.174192240879968]]],[[[121.3368811205187,31.17446566091401],[121.34068099227417,31.17446566091401],[121.34068099227417,31.174739080948047],[121.3368811205187,31.174739080948047],[121.3368811205187,31.17446566091401]]],[[[121.33658882269135,31.174739080948047],[121.34097329010152,31.174739080948047],[121.34097329010152,31.175012500982085],[121.33658882269135,31.175012500982085],[121.33658882269135,31.174739080948047]]],[[[121.336296524864,31.175012500982085],[121.3415578857562,31.175012500982085],[121.3415578857562,31.175285921016123],[121.336296524864,31.175285921016123],[121.336296524864,31.175012500982085]]],[[[121.33600422703665,31.175285921016123],[121.34185018358355,31.175285921016123],[121.34185018358355,31.17555934105016],[121.33600422703665,31.17555934105016],[121.33600422703665,31.175285921016123]]],[[[121.33571192920931,31.17555934105016],[121.34214248141089,31.17555934105016],[121.34214248141089,31.175832761084198],[121.33571192920931,31.175832761084198],[121.33571192920931,31.17555934105016]]],[[[121.33541963138197,31.175832761084198],[121.34243477923823,31.175832761084198],[121.34243477923823,31.176106181118236],[121.33541963138197,31.176106181118236],[121.33541963138197,31.175832761084198]]],[[[121.33512733355462,31.176106181118236],[121.34301937489292,31.176106181118236],[121.34301937489292,31.176379601152274],[121.33512733355462,31.176379601152274],[121.33512733355462,31.176106181118236]]],[[[121.33483503572728,31.176379601152274],[121.34331167272026,31.176379601152274],[121.34331167272026,31.17665302118631],[121.33483503572728,31.17665302118631],[121.33483503572728,31.176379601152274]]],[[[121.33483503572728,31.176653021186315],[121.34360397054762,31.176653021186315],[121.34360397054762,31.176926441220353],[121.33483503572728,31.176926441220353],[121.33483503572728,31.176653021186315]]],[[[121.33454273789994,31.176926441220353],[121.34389626837496,31.176926441220353],[121.34389626837496,31.17719986125439],[121.33454273789994,31.17719986125439],[121.33454273789994,31.176926441220353]]],[[[121.3342504400726,31.17719986125439],[121.34448086402965,31.17719986125439],[121.34448086402965,31.177473281288428],[121.3342504400726,31.177473281288428],[121.3342504400726,31.17719986125439]]],[[[121.33512733355462,31.177473281288428],[121.34477316185699,31.177473281288428],[121.34477316185699,31.177746701322466],[121.33512733355462,31.177746701322466],[121.33512733355462,31.177473281288428]]],[[[121.33834260965541,31.177746701322466],[121.34506545968433,31.177746701322466],[121.34506545968433,31.178020121356504],[121.33834260965541,31.178020121356504],[121.33834260965541,31.177746701322466]]],[[[121.33951180096479,31.178020121356504],[121.34535775751168,31.178020121356504],[121.34535775751168,31.17829354139054],[121.33951180096479,31.17829354139054],[121.33951180096479,31.178020121356504]]],[[[121.34009639661949,31.17829354139054],[121.34594235316636,31.17829354139054],[121.34594235316636,31.17856696142458],[121.34009639661949,31.17856696142458],[121.34009639661949,31.17829354139054]]],[[[121.34068099227417,31.178566961424583],[121.34623465099371,31.178566961424583],[121.34623465099371,31.17884038145862],[121.34068099227417,31.17884038145862],[121.34068099227417,31.178566961424583]]],[[[121.34097329010152,31.17884038145862],[121.34652694882105,31.17884038145862],[121.34652694882105,31.179113801492658],[121.34097329010152,31.179113801492658],[121.34097329010152,31.17884038145862]]],[[[121.3415578857562,31.179113801492658],[121.34681924664841,31.179113801492658],[121.34681924664841,31.179387221526696],[121.3415578857562,31.179387221526696],[121.3415578857562,31.179113801492658]]],[[[121.34185018358355,31.179387221526696],[121.34711154447575,31.179387221526696],[121.34711154447575,31.179660641560734],[121.34185018358355,31.179660641560734],[121.34185018358355,31.179387221526696]]],[[[121.34214248141089,31.179660641560734],[121.3474038423031,31.179660641560734],[121.3474038423031,31.17993406159477],[121.34214248141089,31.17993406159477],[121.34214248141089,31.179660641560734]]],[[[121.34243477923823,31.17993406159477],[121.34798843795778,31.17993406159477],[121.34798843795778,31.18020748162881],[121.34243477923823,31.18020748162881],[121.34243477923823,31.17993406159477]]],[[[121.34243477923823,31.18020748162881],[121.34828073578512,31.18020748162881],[121.34828073578512,31.180480901662847],[121.34243477923823,31.180480901662847],[121.34243477923823,31.18020748162881]]],[[[121.34272707706558,31.180480901662847],[121.34857303361247,31.180480901662847],[121.34857303361247,31.180754321696885],[121.34272707706558,31.180754321696885],[121.34272707706558,31.180480901662847]]],[[[121.34301937489292,31.180754321696888],[121.34857303361247,31.180754321696888],[121.34857303361247,31.181027741730926],[121.34301937489292,31.181027741730926],[121.34301937489292,31.180754321696888]]],[[[121.34331167272026,31.181027741730926],[121.34828073578512,31.181027741730926],[121.34828073578512,31.181301161764964],[121.34331167272026,31.181301161764964],[121.34331167272026,31.181027741730926]]],[[[121.34331167272026,31.181301161764964],[121.34828073578512,31.181301161764964],[121.34828073578512,31.181574581799],[121.34331167272026,31.181574581799],[121.34331167272026,31.181301161764964]]],[[[121.34360397054762,31.181574581799],[121.34798843795778,31.181574581799],[121.34798843795778,31.18184800183304],[121.34360397054762,31.18184800183304],[121.34360397054762,31.181574581799]]],[[[121.34389626837496,31.18184800183304],[121.34769614013044,31.18184800183304],[121.34769614013044,31.182121421867077],[121.34389626837496,31.182121421867077],[121.34389626837496,31.18184800183304]]],[[[121.3441885662023,31.182121421867077],[121.34769614013044,31.182121421867077],[121.34769614013044,31.182394841901115],[121.3441885662023,31.182394841901115],[121.3441885662023,31.182121421867077]]],[[[121.34448086402965,31.182394841901115],[121.34769614013044,31.182394841901115],[121.34769614013044,31.182668261935152],[121.34448086402965,31.182668261935152],[121.34448086402965,31.182394841901115]]],[[[121.34506545968433,31.182668261935152],[121.34769614013044,31.182668261935152],[121.34769614013044,31.18294168196919],[121.34506545968433,31.18294168196919],[121.34506545968433,31.182668261935152]]],[[[121.34535775751168,31.182941681969194],[121.34769614013044,31.182941681969194],[121.34769614013044,31.18321510200323],[121.34535775751168,31.18321510200323],[121.34535775751168,31.182941681969194]]],[[[121.34565005533902,31.18321510200323],[121.34769614013044,31.18321510200323],[121.34769614013044,31.18348852203727],[121.34565005533902,31.18348852203727],[121.34565005533902,31.18321510200323]]],[[[121.34623465099371,31.18348852203727],[121.34769614013044,31.18348852203727],[121.34769614013044,31.183761942071307],[121.34623465099371,31.183761942071307],[121.34623465099371,31.18348852203727]]],[[[121.34681924664841,31.183761942071307],[121.34769614013044,31.183761942071307],[121.34769614013044,31.184035362105345],[121.34681924664841,31.184035362105345],[121.34681924664841,31.183761942071307]]],[[[121.3474038423031,31.184035362105345],[121.34769614013044,31.184035362105345],[121.34769614013044,31.184308782139382],[121.3474038423031,31.184308782139382],[121.3474038423031,31.184035362105345]]]]}},{"type":"Feature","properties":{"parcel_id":"hongqiao_hub:parcel:0012","geometry_method":"road_barrier_raster_plus_buildings","functional_type":"office","dominant_type":"office","confidence":0.89,"building_count":1,"avg_building_area_m2":606,"centroid_lng":121.3442,"centroid_lat":31.175893,"parcel_area_m2":191808,"safety_clipped":false,"classification_source":"osm_tags+building_morphology+spatial_prior","synthetic_classification":true,"qc_flags":""},"geometry":{"type":"MultiPolygon","coordinates":[[[[121.34652694882105,31.173645400811893],[121.34711154447575,31.173645400811893],[121.34711154447575,31.17391882084593],[121.34652694882105,31.17391882084593],[121.34652694882105,31.173645400811893]]],[[[121.34623465099371,31.17391882084593],[121.3474038423031,31.17391882084593],[121.3474038423031,31.174192240879968],[121.34623465099371,31.174192240879968],[121.34623465099371,31.17391882084593]]],[[[121.34594235316636,31.174192240879968],[121.34769614013044,31.174192240879968],[121.34769614013044,31.174465660914006],[121.34594235316636,31.174465660914006],[121.34594235316636,31.174192240879968]]],[[[121.34565005533902,31.17446566091401],[121.34798843795778,31.17446566091401],[121.34798843795778,31.174739080948047],[121.34565005533902,31.174739080948047],[121.34565005533902,31.17446566091401]]],[[[121.34565005533902,31.174739080948047],[121.34828073578512,31.174739080948047],[121.34828073578512,31.175012500982085],[121.34565005533902,31.175012500982085],[121.34565005533902,31.174739080948047]]],[[[121.34535775751168,31.175012500982085],[121.34857303361247,31.175012500982085],[121.34857303361247,31.175285921016123],[121.34535775751168,31.175285921016123],[121.34535775751168,31.175012500982085]]],[[[121.34535775751168,31.175285921016123],[121.34886533143981,31.175285921016123],[121.34886533143981,31.17555934105016],[121.34535775751168,31.17555934105016],[121.34535775751168,31.175285921016123]]],[[[121.34535775751168,31.17555934105016],[121.3494499270945,31.17555934105016],[121.3494499270945,31.175832761084198],[121.34535775751168,31.175832761084198],[121.34535775751168,31.17555934105016]]],[[[121.34594235316636,31.175832761084198],[121.34974222492184,31.175832761084198],[121.34974222492184,31.176106181118236],[121.34594235316636,31.176106181118236],[121.34594235316636,31.175832761084198]]],[[[121.34623465099371,31.176106181118236],[121.35003452274918,31.176106181118236],[121.35003452274918,31.176379601152274],[121.34623465099371,31.176379601152274],[121.34623465099371,31.176106181118236]]],[[[121.34652694882105,31.176379601152274],[121.35032682057653,31.176379601152274],[121.35032682057653,31.17665302118631],[121.34652694882105,31.17665302118631],[121.34652694882105,31.176379601152274]]],[[[121.34681924664841,31.176653021186315],[121.35061911840388,31.176653021186315],[121.35061911840388,31.176926441220353],[121.34681924664841,31.176926441220353],[121.34681924664841,31.176653021186315]]],[[[121.34711154447575,31.176926441220353],[121.35091141623123,31.176926441220353],[121.35091141623123,31.17719986125439],[121.34711154447575,31.17719986125439],[121.34711154447575,31.176926441220353]]],[[[121.34769614013044,31.17719986125439],[121.35091141623123,31.17719986125439],[121.35091141623123,31.177473281288428],[121.34769614013044,31.177473281288428],[121.34769614013044,31.17719986125439]]],[[[121.34798843795778,31.177473281288428],[121.35120371405857,31.177473281288428],[121.35120371405857,31.177746701322466],[121.34798843795778,31.177746701322466],[121.34798843795778,31.177473281288428]]],[[[121.34828073578512,31.177746701322466],[121.35149601188591,31.177746701322466],[121.35149601188591,31.178020121356504],[121.34828073578512,31.178020121356504],[121.34828073578512,31.177746701322466]]],[[[121.34857303361247,31.178020121356504],[121.35178830971326,31.178020121356504],[121.35178830971326,31.17829354139054],[121.34857303361247,31.17829354139054],[121.34857303361247,31.178020121356504]]],[[[121.34886533143981,31.17829354139054],[121.3520806075406,31.17829354139054],[121.3520806075406,31.17856696142458],[121.34886533143981,31.17856696142458],[121.34886533143981,31.17829354139054]]],[[[121.34915762926715,31.178566961424583],[121.35237290536794,31.178566961424583],[121.35237290536794,31.17884038145862],[121.34915762926715,31.17884038145862],[121.34915762926715,31.178566961424583]]],[[[121.3494499270945,31.17884038145862],[121.35237290536794,31.17884038145862],[121.35237290536794,31.179113801492658],[121.3494499270945,31.179113801492658],[121.3494499270945,31.17884038145862]]],[[[121.35003452274918,31.179113801492658],[121.35237290536794,31.179113801492658],[121.35237290536794,31.179387221526696],[121.35003452274918,31.179387221526696],[121.35003452274918,31.179113801492658]]],[[[121.35032682057653,31.179387221526696],[121.35237290536794,31.179387221526696],[121.35237290536794,31.179660641560734],[121.35032682057653,31.179660641560734],[121.35032682057653,31.179387221526696]]],[[[121.35091141623123,31.179660641560734],[121.3520806075406,31.179660641560734],[121.3520806075406,31.17993406159477],[121.35091141623123,31.17993406159477],[121.35091141623123,31.179660641560734]]],[[[121.35149601188591,31.17993406159477],[121.3520806075406,31.17993406159477],[121.3520806075406,31.18020748162881],[121.35149601188591,31.18020748162881],[121.35149601188591,31.17993406159477]]]]}},{"type":"Feature","properties":{"parcel_id":"hongqiao_hub:parcel:0013","geometry_method":"road_barrier_raster_plus_buildings","functional_type":"residential","dominant_type":"residential","confidence":0.76,"building_count":2,"avg_building_area_m2":606,"centroid_lng":121.357605,"centroid_lat":31.181421,"parcel_area_m2":168253,"safety_clipped":false,"classification_source":"osm_tags+building_morphology+spatial_prior","synthetic_classification":true,"qc_flags":""},"geometry":{"type":"MultiPolygon","coordinates":[[[[121.35588047929608,31.17446566091401],[121.35704967060545,31.17446566091401],[121.35704967060545,31.174739080948047],[121.35588047929608,31.174739080948047],[121.35588047929608,31.17446566091401]]],[[[121.35588047929608,31.174739080948047],[121.35792656408749,31.174739080948047],[121.35792656408749,31.175012500982085],[121.35588047929608,31.175012500982085],[121.35588047929608,31.174739080948047]]],[[[121.35558818146873,31.175012500982085],[121.35909575539687,31.175012500982085],[121.35909575539687,31.175285921016123],[121.35558818146873,31.175285921016123],[121.35558818146873,31.175012500982085]]],[[[121.35529588364139,31.175285921016123],[121.35880345756952,31.175285921016123],[121.35880345756952,31.17555934105016],[121.35529588364139,31.17555934105016],[121.35529588364139,31.175285921016123]]],[[[121.35529588364139,31.17555934105016],[121.35851115974218,31.17555934105016],[121.35851115974218,31.175832761084198],[121.35529588364139,31.175832761084198],[121.35529588364139,31.17555934105016]]],[[[121.35500358581405,31.175832761084198],[121.35851115974218,31.175832761084198],[121.35851115974218,31.176106181118236],[121.35500358581405,31.176106181118236],[121.35500358581405,31.175832761084198]]],[[[121.3547112879867,31.176106181118236],[121.35851115974218,31.176106181118236],[121.35851115974218,31.176379601152274],[121.3547112879867,31.176379601152274],[121.3547112879867,31.176106181118236]]],[[[121.3547112879867,31.176379601152274],[121.35821886191484,31.176379601152274],[121.35821886191484,31.17665302118631],[121.3547112879867,31.17665302118631],[121.3547112879867,31.176379601152274]]],[[[121.3547112879867,31.176653021186315],[121.35821886191484,31.176653021186315],[121.35821886191484,31.176926441220353],[121.3547112879867,31.176926441220353],[121.3547112879867,31.176653021186315]]],[[[121.35441899015936,31.176926441220353],[121.35821886191484,31.176926441220353],[121.35821886191484,31.17719986125439],[121.35441899015936,31.17719986125439],[121.35441899015936,31.176926441220353]]],[[[121.35441899015936,31.17719986125439],[121.35821886191484,31.17719986125439],[121.35821886191484,31.177473281288428],[121.35441899015936,31.177473281288428],[121.35441899015936,31.17719986125439]]],[[[121.35441899015936,31.177473281288428],[121.35792656408749,31.177473281288428],[121.35792656408749,31.177746701322466],[121.35441899015936,31.177746701322466],[121.35441899015936,31.177473281288428]]],[[[121.35441899015936,31.177746701322466],[121.35792656408749,31.177746701322466],[121.35792656408749,31.178020121356504],[121.35441899015936,31.178020121356504],[121.35441899015936,31.177746701322466]]],[[[121.3547112879867,31.178020121356504],[121.35763426626015,31.178020121356504],[121.35763426626015,31.17829354139054],[121.3547112879867,31.17829354139054],[121.3547112879867,31.178020121356504]]],[[[121.3547112879867,31.17829354139054],[121.35763426626015,31.17829354139054],[121.35763426626015,31.17856696142458],[121.3547112879867,31.17856696142458],[121.3547112879867,31.17829354139054]]],[[[121.35500358581405,31.178566961424583],[121.35763426626015,31.178566961424583],[121.35763426626015,31.17884038145862],[121.35500358581405,31.17884038145862],[121.35500358581405,31.178566961424583]]],[[[121.35529588364139,31.17884038145862],[121.35763426626015,31.17884038145862],[121.35763426626015,31.179113801492658],[121.35529588364139,31.179113801492658],[121.35529588364139,31.17884038145862]]],[[[121.35558818146873,31.179113801492658],[121.35734196843279,31.179113801492658],[121.35734196843279,31.179387221526696],[121.35558818146873,31.179387221526696],[121.35558818146873,31.179113801492658]]],[[[121.35588047929608,31.179387221526696],[121.35734196843279,31.179387221526696],[121.35734196843279,31.179660641560734],[121.35588047929608,31.179660641560734],[121.35588047929608,31.179387221526696]]],[[[121.35617277712342,31.179660641560734],[121.35734196843279,31.179660641560734],[121.35734196843279,31.17993406159477],[121.35617277712342,31.17993406159477],[121.35617277712342,31.179660641560734]]],[[[121.35646507495076,31.17993406159477],[121.35704967060545,31.17993406159477],[121.35704967060545,31.18020748162881],[121.35646507495076,31.18020748162881],[121.35646507495076,31.17993406159477]]],[[[121.3567573727781,31.18020748162881],[121.35704967060545,31.18020748162881],[121.35704967060545,31.180480901662847],[121.3567573727781,31.180480901662847],[121.3567573727781,31.18020748162881]]]]}},{"type":"Feature","properties":{"parcel_id":"hongqiao_hub:parcel:0014","geometry_method":"road_barrier_raster_plus_buildings","functional_type":"residential","dominant_type":"residential","confidence":0.81,"building_count":1,"avg_building_area_m2":606,"centroid_lng":121.313166,"centroid_lat":31.185241,"parcel_area_m2":732740,"safety_clipped":false,"classification_source":"osm_tags+building_morphology+spatial_prior","synthetic_classification":true,"qc_flags":""},"geometry":{"type":"MultiPolygon","coordinates":[[[[121.30823593343894,31.17555934105016],[121.3085282312663,31.17555934105016],[121.3085282312663,31.175832761084198],[121.30823593343894,31.175832761084198],[121.30823593343894,31.17555934105016]]],[[[121.3152510812952,31.17555934105016],[121.31671257043193,31.17555934105016],[121.31671257043193,31.175832761084198],[121.3152510812952,31.175832761084198],[121.3152510812952,31.17555934105016]]],[[[121.3079436356116,31.175832761084198],[121.31115891171238,31.175832761084198],[121.31115891171238,31.176106181118236],[121.3079436356116,31.176106181118236],[121.3079436356116,31.175832761084198]]],[[[121.31262040084911,31.175832761084198],[121.31642027260459,31.175832761084198],[121.31642027260459,31.176106181118236],[121.31262040084911,31.176106181118236],[121.31262040084911,31.175832761084198]]],[[[121.30765133778425,31.176106181118236],[121.31115891171238,31.176106181118236],[121.31115891171238,31.176379601152274],[121.30765133778425,31.176379601152274],[121.30765133778425,31.176106181118236]]],[[[121.31232810302177,31.176106181118236],[121.31642027260459,31.176106181118236],[121.31642027260459,31.176379601152274],[121.31232810302177,31.176379601152274],[121.31232810302177,31.176106181118236]]],[[[121.30765133778425,31.176379601152274],[121.31115891171238,31.176379601152274],[121.31115891171238,31.17665302118631],[121.30765133778425,31.17665302118631],[121.30765133778425,31.176379601152274]]],[[[121.31232810302177,31.176379601152274],[121.31642027260459,31.176379601152274],[121.31642027260459,31.17665302118631],[121.31232810302177,31.17665302118631],[121.31232810302177,31.176379601152274]]],[[[121.3073590399569,31.176653021186315],[121.31086661388504,31.176653021186315],[121.31086661388504,31.176926441220353],[121.3073590399569,31.176926441220353],[121.3073590399569,31.176653021186315]]],[[[121.31203580519443,31.176653021186315],[121.31642027260459,31.176653021186315],[121.31642027260459,31.176926441220353],[121.31203580519443,31.176926441220353],[121.31203580519443,31.176653021186315]]],[[[121.30706674212956,31.176926441220353],[121.31086661388504,31.176926441220353],[121.31086661388504,31.17719986125439],[121.30706674212956,31.17719986125439],[121.30706674212956,31.176926441220353]]],[[[121.31203580519443,31.176926441220353],[121.31612797477725,31.176926441220353],[121.31612797477725,31.17719986125439],[121.31203580519443,31.17719986125439],[121.31203580519443,31.176926441220353]]],[[[121.30677444430222,31.17719986125439],[121.3105743160577,31.17719986125439],[121.3105743160577,31.177473281288428],[121.30677444430222,31.177473281288428],[121.30677444430222,31.17719986125439]]],[[[121.31174350736708,31.17719986125439],[121.31612797477725,31.17719986125439],[121.31612797477725,31.177473281288428],[121.31174350736708,31.177473281288428],[121.31174350736708,31.17719986125439]]],[[[121.30677444430222,31.177473281288428],[121.3105743160577,31.177473281288428],[121.3105743160577,31.177746701322466],[121.30677444430222,31.177746701322466],[121.30677444430222,31.177473281288428]]],[[[121.31174350736708,31.177473281288428],[121.31612797477725,31.177473281288428],[121.31612797477725,31.177746701322466],[121.31174350736708,31.177746701322466],[121.31174350736708,31.177473281288428]]],[[[121.30648214647488,31.177746701322466],[121.31028201823035,31.177746701322466],[121.31028201823035,31.178020121356504],[121.30648214647488,31.178020121356504],[121.30648214647488,31.177746701322466]]],[[[121.31145120953973,31.177746701322466],[121.31612797477725,31.177746701322466],[121.31612797477725,31.178020121356504],[121.31145120953973,31.178020121356504],[121.31145120953973,31.177746701322466]]],[[[121.30618984864753,31.178020121356504],[121.31028201823035,31.178020121356504],[121.31028201823035,31.17829354139054],[121.30618984864753,31.17829354139054],[121.30618984864753,31.178020121356504]]],[[[121.31145120953973,31.178020121356504],[121.3158356769499,31.178020121356504],[121.3158356769499,31.17829354139054],[121.31145120953973,31.17829354139054],[121.31145120953973,31.178020121356504]]],[[[121.30589755082019,31.17829354139054],[121.31028201823035,31.17829354139054],[121.31028201823035,31.17856696142458],[121.30589755082019,31.17856696142458],[121.30589755082019,31.17829354139054]]],[[[121.31145120953973,31.17829354139054],[121.31554337912256,31.17829354139054],[121.31554337912256,31.17856696142458],[121.31145120953973,31.17856696142458],[121.31145120953973,31.17829354139054]]],[[[121.30560525299285,31.178566961424583],[121.31028201823035,31.178566961424583],[121.31028201823035,31.17884038145862],[121.30560525299285,31.17884038145862],[121.30560525299285,31.178566961424583]]],[[[121.31115891171238,31.178566961424583],[121.31554337912256,31.178566961424583],[121.31554337912256,31.17884038145862],[121.31115891171238,31.17884038145862],[121.31115891171238,31.178566961424583]]],[[[121.3053129551655,31.17884038145862],[121.3152510812952,31.17884038145862],[121.3152510812952,31.179113801492658],[121.3053129551655,31.179113801492658],[121.3053129551655,31.17884038145862]]],[[[121.3053129551655,31.179113801492658],[121.3152510812952,31.179113801492658],[121.3152510812952,31.179387221526696],[121.3053129551655,31.179387221526696],[121.3053129551655,31.179113801492658]]],[[[121.30502065733816,31.179387221526696],[121.31495878346786,31.179387221526696],[121.31495878346786,31.179660641560734],[121.30502065733816,31.179660641560734],[121.30502065733816,31.179387221526696]]],[[[121.30502065733816,31.179660641560734],[121.31466648564052,31.179660641560734],[121.31466648564052,31.17993406159477],[121.30502065733816,31.17993406159477],[121.30502065733816,31.179660641560734]]],[[[121.30472835951082,31.17993406159477],[121.31466648564052,31.17993406159477],[121.31466648564052,31.18020748162881],[121.30472835951082,31.18020748162881],[121.30472835951082,31.17993406159477]]],[[[121.30443606168346,31.18020748162881],[121.31437418781317,31.18020748162881],[121.31437418781317,31.180480901662847],[121.30443606168346,31.180480901662847],[121.30443606168346,31.18020748162881]]],[[[121.30443606168346,31.180480901662847],[121.31437418781317,31.180480901662847],[121.31437418781317,31.180754321696885],[121.30443606168346,31.180754321696885],[121.30443606168346,31.180480901662847]]],[[[121.30414376385612,31.180754321696888],[121.31408188998583,31.180754321696888],[121.31408188998583,31.181027741730926],[121.30414376385612,31.181027741730926],[121.30414376385612,31.180754321696888]]],[[[121.30414376385612,31.181027741730926],[121.31378959215849,31.181027741730926],[121.31378959215849,31.181301161764964],[121.30414376385612,31.181301161764964],[121.30414376385612,31.181027741730926]]],[[[121.30443606168346,31.181301161764964],[121.31349729433114,31.181301161764964],[121.31349729433114,31.181574581799],[121.30443606168346,31.181574581799],[121.30443606168346,31.181301161764964]]],[[[121.30502065733816,31.181574581799],[121.31349729433114,31.181574581799],[121.31349729433114,31.18184800183304],[121.30502065733816,31.18184800183304],[121.30502065733816,31.181574581799]]],[[[121.3053129551655,31.18184800183304],[121.3132049965038,31.18184800183304],[121.3132049965038,31.182121421867077],[121.3053129551655,31.182121421867077],[121.3053129551655,31.18184800183304]]],[[[121.30589755082019,31.182121421867077],[121.3132049965038,31.182121421867077],[121.3132049965038,31.182394841901115],[121.30589755082019,31.182394841901115],[121.30589755082019,31.182121421867077]]],[[[121.30618984864753,31.182394841901115],[121.31291269867646,31.182394841901115],[121.31291269867646,31.182668261935152],[121.30618984864753,31.182668261935152],[121.30618984864753,31.182394841901115]]],[[[121.30648214647488,31.182668261935152],[121.31291269867646,31.182668261935152],[121.31291269867646,31.18294168196919],[121.30648214647488,31.18294168196919],[121.30648214647488,31.182668261935152]]],[[[121.30706674212956,31.182941681969194],[121.31262040084911,31.182941681969194],[121.31262040084911,31.18321510200323],[121.30706674212956,31.18321510200323],[121.30706674212956,31.182941681969194]]],[[[121.3073590399569,31.18321510200323],[121.31232810302177,31.18321510200323],[121.31232810302177,31.18348852203727],[121.3073590399569,31.18348852203727],[121.3073590399569,31.18321510200323]]],[[[121.30765133778425,31.18348852203727],[121.31203580519443,31.18348852203727],[121.31203580519443,31.183761942071307],[121.30765133778425,31.183761942071307],[121.30765133778425,31.18348852203727]]],[[[121.30823593343894,31.183761942071307],[121.31203580519443,31.183761942071307],[121.31203580519443,31.184035362105345],[121.30823593343894,31.184035362105345],[121.30823593343894,31.183761942071307]]],[[[121.3085282312663,31.184035362105345],[121.31174350736708,31.184035362105345],[121.31174350736708,31.184308782139382],[121.3085282312663,31.184308782139382],[121.3085282312663,31.184035362105345]]],[[[121.30911282692098,31.184308782139382],[121.31174350736708,31.184308782139382],[121.31174350736708,31.18458220217342],[121.30911282692098,31.18458220217342],[121.30911282692098,31.184308782139382]]],[[[121.30969742257567,31.18458220217342],[121.31145120953973,31.18458220217342],[121.31145120953973,31.184855622207458],[121.30969742257567,31.184855622207458],[121.30969742257567,31.18458220217342]]],[[[121.30969742257567,31.18485562220746],[121.31086661388504,31.18485562220746],[121.31086661388504,31.1851290422415],[121.30969742257567,31.1851290422415],[121.30969742257567,31.18485562220746]]],[[[121.30969742257567,31.1851290422415],[121.31086661388504,31.1851290422415],[121.31086661388504,31.185402462275537],[121.30969742257567,31.185402462275537],[121.30969742257567,31.1851290422415]]],[[[121.30998972040301,31.185402462275537],[121.3105743160577,31.185402462275537],[121.3105743160577,31.185675882309575],[121.30998972040301,31.185675882309575],[121.30998972040301,31.185402462275537]]]]}},{"type":"Feature","properties":{"parcel_id":"hongqiao_hub:parcel:0015","geometry_method":"road_barrier_raster_plus_buildings","functional_type":"mixed","dominant_type":"office","confidence":0.48,"building_count":3,"avg_building_area_m2":606,"centroid_lng":121.327847,"centroid_lat":31.200806,"parcel_area_m2":7571,"safety_clipped":true,"classification_source":"osm_tags+building_morphology+spatial_prior","synthetic_classification":true,"qc_flags":"low_confidence|safety_clipped"},"geometry":{"type":"MultiPolygon","coordinates":[[[[121.32811218569836,31.193605063296683],[121.3284044835257,31.193605063296683],[121.3284044835257,31.19387848333072],[121.32811218569836,31.19387848333072],[121.32811218569836,31.193605063296683]]],[[[121.32869678135305,31.210283685373014],[121.32957367483509,31.210283685373014],[121.32957367483509,31.21055710540705],[121.32869678135305,31.21055710540705],[121.32869678135305,31.210283685373014]]],[[[121.3284044835257,31.21055710540705],[121.32986597266243,31.21055710540705],[121.32986597266243,31.21083052544109],[121.3284044835257,31.21083052544109],[121.3284044835257,31.21055710540705]]]]}},{"type":"Feature","properties":{"parcel_id":"hongqiao_hub:parcel:0016","geometry_method":"road_barrier_raster_plus_buildings","functional_type":"residential","dominant_type":"residential","confidence":0.68,"building_count":3,"avg_building_area_m2":606,"centroid_lng":121.35629,"centroid_lat":31.183983,"parcel_area_m2":179189,"safety_clipped":false,"classification_source":"osm_tags+building_morphology+spatial_prior","synthetic_classification":true,"qc_flags":""},"geometry":{"type":"MultiPolygon","coordinates":[[[[121.3494499270945,31.181301161764964],[121.35003452274918,31.181301161764964],[121.35003452274918,31.181574581799],[121.3494499270945,31.181574581799],[121.3494499270945,31.181301161764964]]],[[[121.3494499270945,31.181574581799],[121.35032682057653,31.181574581799],[121.35032682057653,31.18184800183304],[121.3494499270945,31.18184800183304],[121.3494499270945,31.181574581799]]],[[[121.34915762926715,31.18184800183304],[121.35120371405857,31.18184800183304],[121.35120371405857,31.182121421867077],[121.34915762926715,31.182121421867077],[121.34915762926715,31.18184800183304]]],[[[121.34886533143981,31.182121421867077],[121.3520806075406,31.182121421867077],[121.3520806075406,31.182394841901115],[121.34886533143981,31.182394841901115],[121.34886533143981,31.182121421867077]]],[[[121.34857303361247,31.182394841901115],[121.35295750102263,31.182394841901115],[121.35295750102263,31.182668261935152],[121.34857303361247,31.182668261935152],[121.34857303361247,31.182394841901115]]],[[[121.34857303361247,31.182668261935152],[121.35354209667732,31.182668261935152],[121.35354209667732,31.18294168196919],[121.34857303361247,31.18294168196919],[121.34857303361247,31.182668261935152]]],[[[121.34857303361247,31.182941681969194],[121.35441899015936,31.182941681969194],[121.35441899015936,31.18321510200323],[121.34857303361247,31.18321510200323],[121.34857303361247,31.182941681969194]]],[[[121.34857303361247,31.18321510200323],[121.35558818146873,31.18321510200323],[121.35558818146873,31.18348852203727],[121.34857303361247,31.18348852203727],[121.34857303361247,31.18321510200323]]],[[[121.34857303361247,31.18348852203727],[121.35646507495076,31.18348852203727],[121.35646507495076,31.183761942071307],[121.34857303361247,31.183761942071307],[121.34857303361247,31.18348852203727]]],[[[121.34857303361247,31.183761942071307],[121.35646507495076,31.183761942071307],[121.35646507495076,31.184035362105345],[121.34857303361247,31.184035362105345],[121.34857303361247,31.183761942071307]]],[[[121.34857303361247,31.184035362105345],[121.35646507495076,31.184035362105345],[121.35646507495076,31.184308782139382],[121.34857303361247,31.184308782139382],[121.34857303361247,31.184035362105345]]],[[[121.34857303361247,31.184308782139382],[121.35149601188591,31.184308782139382],[121.35149601188591,31.18458220217342],[121.34857303361247,31.18458220217342],[121.34857303361247,31.184308782139382]]],[[[121.35383439450467,31.184308782139382],[121.35646507495076,31.184308782139382],[121.35646507495076,31.18458220217342],[121.35383439450467,31.18458220217342],[121.35383439450467,31.184308782139382]]],[[[121.3547112879867,31.18458220217342],[121.3567573727781,31.18458220217342],[121.3567573727781,31.184855622207458],[121.3547112879867,31.184855622207458],[121.3547112879867,31.18458220217342]]],[[[121.35529588364139,31.18485562220746],[121.3567573727781,31.18485562220746],[121.3567573727781,31.1851290422415],[121.35529588364139,31.1851290422415],[121.35529588364139,31.18485562220746]]],[[[121.35617277712342,31.1851290422415],[121.3567573727781,31.1851290422415],[121.3567573727781,31.185402462275537],[121.35617277712342,31.185402462275537],[121.35617277712342,31.1851290422415]]]]}},{"type":"Feature","properties":{"parcel_id":"hongqiao_hub:parcel:0017","geometry_method":"road_barrier_raster_plus_buildings","functional_type":"commercial","dominant_type":"commercial","confidence":0.86,"building_count":1,"avg_building_area_m2":606,"centroid_lng":121.323045,"centroid_lat":31.187561,"parcel_area_m2":26920,"safety_clipped":false,"classification_source":"osm_tags+building_morphology+spatial_prior","synthetic_classification":true,"qc_flags":""},"geometry":{"type":"MultiPolygon","coordinates":[[[[121.32080474001475,31.18458220217342],[121.32285082480617,31.18458220217342],[121.32285082480617,31.184855622207458],[121.32080474001475,31.184855622207458],[121.32080474001475,31.18458220217342]]],[[[121.3210970378421,31.18485562220746],[121.32314312263351,31.18485562220746],[121.32314312263351,31.1851290422415],[121.3210970378421,31.1851290422415],[121.3210970378421,31.18485562220746]]],[[[121.32138933566944,31.1851290422415],[121.32314312263351,31.1851290422415],[121.32314312263351,31.185402462275537],[121.32138933566944,31.185402462275537],[121.32138933566944,31.1851290422415]]],[[[121.32138933566944,31.185402462275537],[121.32314312263351,31.185402462275537],[121.32314312263351,31.185675882309575],[121.32138933566944,31.185675882309575],[121.32138933566944,31.185402462275537]]],[[[121.32138933566944,31.185675882309575],[121.32314312263351,31.185675882309575],[121.32314312263351,31.185949302343612],[121.32138933566944,31.185949302343612],[121.32138933566944,31.185675882309575]]]]}},{"type":"Feature","properties":{"parcel_id":"hongqiao_hub:parcel:0018","geometry_method":"road_barrier_raster_plus_buildings","functional_type":"office","dominant_type":"office","confidence":0.89,"building_count":1,"avg_building_area_m2":606,"centroid_lng":121.325737,"centroid_lat":31.18535,"parcel_area_m2":11778,"safety_clipped":false,"classification_source":"osm_tags+building_morphology+spatial_prior","synthetic_classification":true,"qc_flags":""},"geometry":{"type":"MultiPolygon","coordinates":[[[[121.32402001611554,31.18485562220746],[121.32460461177023,31.18485562220746],[121.32460461177023,31.1851290422415],[121.32402001611554,31.1851290422415],[121.32402001611554,31.18485562220746]]],[[[121.32402001611554,31.1851290422415],[121.32489690959757,31.1851290422415],[121.32489690959757,31.185402462275537],[121.32402001611554,31.185402462275537],[121.32402001611554,31.1851290422415]]],[[[121.32402001611554,31.185402462275537],[121.32489690959757,31.185402462275537],[121.32489690959757,31.185675882309575],[121.32402001611554,31.185675882309575],[121.32402001611554,31.185402462275537]]],[[[121.32402001611554,31.185675882309575],[121.32489690959757,31.185675882309575],[121.32489690959757,31.185949302343612],[121.32402001611554,31.185949302343612],[121.32402001611554,31.185675882309575]]],[[[121.32402001611554,31.185949302343612],[121.32489690959757,31.185949302343612],[121.32489690959757,31.18622272237765],[121.32402001611554,31.18622272237765],[121.32402001611554,31.185949302343612]]]]}},{"type":"Feature","properties":{"parcel_id":"hongqiao_hub:parcel:0019","geometry_method":"road_barrier_raster_plus_buildings","functional_type":"residential","dominant_type":"residential","confidence":1,"building_count":1,"avg_building_area_m2":606,"centroid_lng":121.314351,"centroid_lat":31.186363,"parcel_area_m2":14301,"safety_clipped":false,"classification_source":"osm_tags+building_morphology+spatial_prior","synthetic_classification":true,"qc_flags":""},"geometry":{"type":"MultiPolygon","coordinates":[[[[121.31466648564052,31.187316402513805],[121.31554337912256,31.187316402513805],[121.31554337912256,31.187589822547842],[121.31466648564052,31.187589822547842],[121.31466648564052,31.187316402513805]]],[[[121.31466648564052,31.187589822547842],[121.31554337912256,31.187589822547842],[121.31554337912256,31.18786324258188],[121.31466648564052,31.18786324258188],[121.31466648564052,31.187589822547842]]],[[[121.31466648564052,31.18786324258188],[121.3152510812952,31.18786324258188],[121.3152510812952,31.188136662615918],[121.31466648564052,31.188136662615918],[121.31466648564052,31.18786324258188]]],[[[121.31437418781317,31.188136662615918],[121.3152510812952,31.188136662615918],[121.3152510812952,31.188410082649956],[121.31437418781317,31.188410082649956],[121.31437418781317,31.188136662615918]]],[[[121.31408188998583,31.188410082649956],[121.31495878346786,31.188410082649956],[121.31495878346786,31.188683502683993],[121.31408188998583,31.188683502683993],[121.31408188998583,31.188410082649956]]],[[[121.31408188998583,31.188683502683993],[121.31495878346786,31.188683502683993],[121.31495878346786,31.18895692271803],[121.31408188998583,31.18895692271803],[121.31408188998583,31.188683502683993]]]]}},{"type":"Feature","properties":{"parcel_id":"hongqiao_hub:parcel:0020","geometry_method":"road_barrier_raster_plus_buildings","functional_type":"commercial","dominant_type":"commercial","confidence":0.92,"building_count":2,"avg_building_area_m2":606,"centroid_lng":121.318179,"centroid_lat":31.188337,"parcel_area_m2":17667,"safety_clipped":false,"classification_source":"osm_tags+building_morphology+spatial_prior","synthetic_classification":true,"qc_flags":""},"geometry":{"type":"MultiPolygon","coordinates":[[[[121.31700486825927,31.18786324258188],[121.31758946391396,31.18786324258188],[121.31758946391396,31.188136662615918],[121.31700486825927,31.188136662615918],[121.31700486825927,31.18786324258188]]],[[[121.31700486825927,31.188136662615918],[121.31758946391396,31.188136662615918],[121.31758946391396,31.188410082649956],[121.31700486825927,31.188410082649956],[121.31700486825927,31.188136662615918]]],[[[121.31671257043193,31.188410082649956],[121.31758946391396,31.188410082649956],[121.31758946391396,31.188683502683993],[121.31671257043193,31.188683502683993],[121.31671257043193,31.188410082649956]]],[[[121.31642027260459,31.188683502683993],[121.31758946391396,31.188683502683993],[121.31758946391396,31.18895692271803],[121.31642027260459,31.18895692271803],[121.31642027260459,31.188683502683993]]],[[[121.31612797477725,31.188956922718035],[121.31758946391396,31.188956922718035],[121.31758946391396,31.189230342752072],[121.31612797477725,31.189230342752072],[121.31612797477725,31.188956922718035]]],[[[121.31612797477725,31.189230342752072],[121.31758946391396,31.189230342752072],[121.31758946391396,31.18950376278611],[121.31612797477725,31.18950376278611],[121.31612797477725,31.189230342752072]]]]}},{"type":"Feature","properties":{"parcel_id":"hongqiao_hub:parcel:0021","geometry_method":"road_barrier_raster_plus_buildings","functional_type":"residential","dominant_type":"residential","confidence":0.94,"building_count":2,"avg_building_area_m2":606,"centroid_lng":121.357525,"centroid_lat":31.192194,"parcel_area_m2":874913,"safety_clipped":false,"classification_source":"osm_tags+building_morphology+spatial_prior","synthetic_classification":true,"qc_flags":""},"geometry":{"type":"MultiPolygon","coordinates":[[[[121.35880345756952,31.18786324258188],[121.35968035105155,31.18786324258188],[121.35968035105155,31.188136662615918],[121.35880345756952,31.188136662615918],[121.35880345756952,31.18786324258188]]],[[[121.35851115974218,31.188136662615918],[121.36026494670624,31.188136662615918],[121.36026494670624,31.188410082649956],[121.35851115974218,31.188410082649956],[121.35851115974218,31.188136662615918]]],[[[121.35851115974218,31.188410082649956],[121.36114184018828,31.188410082649956],[121.36114184018828,31.188683502683993],[121.35851115974218,31.188683502683993],[121.35851115974218,31.188410082649956]]],[[[121.35851115974218,31.188683502683993],[121.36201873367031,31.188683502683993],[121.36201873367031,31.18895692271803],[121.35851115974218,31.18895692271803],[121.35851115974218,31.188683502683993]]],[[[121.35851115974218,31.188956922718035],[121.36231103149765,31.188956922718035],[121.36231103149765,31.189230342752072],[121.35851115974218,31.189230342752072],[121.35851115974218,31.188956922718035]]],[[[121.35851115974218,31.189230342752072],[121.362603329325,31.189230342752072],[121.362603329325,31.18950376278611],[121.35851115974218,31.18950376278611],[121.35851115974218,31.189230342752072]]],[[[121.35851115974218,31.18950376278611],[121.36289562715234,31.18950376278611],[121.36289562715234,31.189777182820148],[121.35851115974218,31.189777182820148],[121.35851115974218,31.18950376278611]]],[[[121.35851115974218,31.189777182820148],[121.36318792497968,31.189777182820148],[121.36318792497968,31.190050602854186],[121.35851115974218,31.190050602854186],[121.35851115974218,31.189777182820148]]],[[[121.35851115974218,31.190050602854186],[121.36377252063437,31.190050602854186],[121.36377252063437,31.190324022888223],[121.35851115974218,31.190324022888223],[121.35851115974218,31.190050602854186]]],[[[121.35821886191484,31.190324022888223],[121.36435711628906,31.190324022888223],[121.36435711628906,31.19059744292226],[121.35821886191484,31.19059744292226],[121.35821886191484,31.190324022888223]]],[[[121.35821886191484,31.19059744292226],[121.3652340097711,31.19059744292226],[121.3652340097711,31.1908708629563],[121.35821886191484,31.1908708629563],[121.35821886191484,31.19059744292226]]],[[[121.35821886191484,31.1908708629563],[121.36874158369923,31.1908708629563],[121.36874158369923,31.191144282990336],[121.35821886191484,31.191144282990336],[121.35821886191484,31.1908708629563]]],[[[121.35821886191484,31.19114428299034],[121.36874158369923,31.19114428299034],[121.36874158369923,31.191417703024378],[121.35821886191484,31.191417703024378],[121.35821886191484,31.19114428299034]]],[[[121.35821886191484,31.191417703024378],[121.36874158369923,31.191417703024378],[121.36874158369923,31.191691123058416],[121.35821886191484,31.191691123058416],[121.35821886191484,31.191417703024378]]],[[[121.35792656408749,31.191691123058416],[121.36874158369923,31.191691123058416],[121.36874158369923,31.191964543092453],[121.35792656408749,31.191964543092453],[121.35792656408749,31.191691123058416]]],[[[121.35792656408749,31.191964543092453],[121.36874158369923,31.191964543092453],[121.36874158369923,31.19223796312649],[121.35792656408749,31.19223796312649],[121.35792656408749,31.191964543092453]]],[[[121.35792656408749,31.19223796312649],[121.36874158369923,31.19223796312649],[121.36874158369923,31.19251138316053],[121.35792656408749,31.19251138316053],[121.35792656408749,31.19223796312649]]],[[[121.35792656408749,31.19251138316053],[121.36874158369923,31.19251138316053],[121.36874158369923,31.192784803194566],[121.35792656408749,31.192784803194566],[121.35792656408749,31.19251138316053]]],[[[121.35792656408749,31.192784803194566],[121.36874158369923,31.192784803194566],[121.36874158369923,31.193058223228604],[121.35792656408749,31.193058223228604],[121.35792656408749,31.192784803194566]]],[[[121.35792656408749,31.193058223228604],[121.36874158369923,31.193058223228604],[121.36874158369923,31.193331643262642],[121.35792656408749,31.193331643262642],[121.35792656408749,31.193058223228604]]],[[[121.35763426626015,31.193331643262646],[121.36874158369923,31.193331643262646],[121.36874158369923,31.193605063296683],[121.35763426626015,31.193605063296683],[121.35763426626015,31.193331643262646]]],[[[121.35763426626015,31.193605063296683],[121.36874158369923,31.193605063296683],[121.36874158369923,31.19387848333072],[121.35763426626015,31.19387848333072],[121.35763426626015,31.193605063296683]]],[[[121.35763426626015,31.19387848333072],[121.36874158369923,31.19387848333072],[121.36874158369923,31.19415190336476],[121.35763426626015,31.19415190336476],[121.35763426626015,31.19387848333072]]],[[[121.35763426626015,31.19415190336476],[121.36844928587189,31.19415190336476],[121.36844928587189,31.194425323398796],[121.35763426626015,31.194425323398796],[121.35763426626015,31.19415190336476]]],[[[121.35763426626015,31.194425323398796],[121.36815698804455,31.194425323398796],[121.36815698804455,31.194698743432834],[121.35763426626015,31.194698743432834],[121.35763426626015,31.194425323398796]]],[[[121.35763426626015,31.194698743432834],[121.3678646902172,31.194698743432834],[121.3678646902172,31.194972163466872],[121.35763426626015,31.194972163466872],[121.35763426626015,31.194698743432834]]],[[[121.35763426626015,31.194972163466872],[121.36757239238985,31.194972163466872],[121.36757239238985,31.19524558350091],[121.35763426626015,31.19524558350091],[121.35763426626015,31.194972163466872]]],[[[121.35763426626015,31.195245583500913],[121.3672800945625,31.195245583500913],[121.3672800945625,31.19551900353495],[121.35763426626015,31.19551900353495],[121.35763426626015,31.195245583500913]]],[[[121.35763426626015,31.19551900353495],[121.3672800945625,31.19551900353495],[121.3672800945625,31.19579242356899],[121.35763426626015,31.19579242356899],[121.35763426626015,31.19551900353495]]],[[[121.35763426626015,31.19579242356899],[121.36669549890782,31.19579242356899],[121.36669549890782,31.196065843603026],[121.35763426626015,31.196065843603026],[121.35763426626015,31.19579242356899]]],[[[121.35763426626015,31.196065843603026],[121.36669549890782,31.196065843603026],[121.36669549890782,31.196339263637064],[121.35763426626015,31.196339263637064],[121.35763426626015,31.196065843603026]]],[[[121.35763426626015,31.196339263637064],[121.36640320108047,31.196339263637064],[121.36640320108047,31.196612683671102],[121.35763426626015,31.196612683671102],[121.35763426626015,31.196339263637064]]],[[[121.35763426626015,31.196612683671102],[121.36640320108047,31.196612683671102],[121.36640320108047,31.19688610370514],[121.35763426626015,31.19688610370514],[121.35763426626015,31.196612683671102]]],[[[121.35763426626015,31.19688610370514],[121.36611090325313,31.19688610370514],[121.36611090325313,31.197159523739177],[121.35763426626015,31.197159523739177],[121.35763426626015,31.19688610370514]]],[[[121.35763426626015,31.197159523739177],[121.36581860542579,31.197159523739177],[121.36581860542579,31.197432943773215],[121.35763426626015,31.197432943773215],[121.35763426626015,31.197159523739177]]],[[[121.35763426626015,31.19743294377322],[121.36552630759844,31.19743294377322],[121.36552630759844,31.197706363807256],[121.35763426626015,31.197706363807256],[121.35763426626015,31.19743294377322]]],[[[121.35763426626015,31.197706363807256],[121.36552630759844,31.197706363807256],[121.36552630759844,31.197979783841294],[121.35763426626015,31.197979783841294],[121.35763426626015,31.197706363807256]]],[[[121.36406481846171,31.197979783841294],[121.3652340097711,31.197979783841294],[121.3652340097711,31.198253203875332],[121.36406481846171,31.198253203875332],[121.36406481846171,31.197979783841294]]]]}},{"type":"Feature","properties":{"parcel_id":"hongqiao_hub:parcel:0022","geometry_method":"road_barrier_raster_plus_buildings","functional_type":"residential","dominant_type":"residential","confidence":0.97,"building_count":3,"avg_building_area_m2":606,"centroid_lng":121.31903,"centroid_lat":31.189617,"parcel_area_m2":92539,"safety_clipped":false,"classification_source":"osm_tags+building_morphology+spatial_prior","synthetic_classification":true,"qc_flags":""},"geometry":{"type":"MultiPolygon","coordinates":[[[[121.32080474001475,31.188136662615918],[121.32138933566944,31.188136662615918],[121.32138933566944,31.188410082649956],[121.32080474001475,31.188410082649956],[121.32080474001475,31.188136662615918]]],[[[121.32080474001475,31.188410082649956],[121.32138933566944,31.188410082649956],[121.32138933566944,31.188683502683993],[121.32080474001475,31.188683502683993],[121.32080474001475,31.188410082649956]]],[[[121.32051244218741,31.188683502683993],[121.32138933566944,31.188683502683993],[121.32138933566944,31.18895692271803],[121.32051244218741,31.18895692271803],[121.32051244218741,31.188683502683993]]],[[[121.32051244218741,31.188956922718035],[121.32168163349678,31.188956922718035],[121.32168163349678,31.189230342752072],[121.32051244218741,31.189230342752072],[121.32051244218741,31.188956922718035]]],[[[121.32051244218741,31.189230342752072],[121.32255852697882,31.189230342752072],[121.32255852697882,31.18950376278611],[121.32051244218741,31.18950376278611],[121.32051244218741,31.189230342752072]]],[[[121.32022014436006,31.18950376278611],[121.32255852697882,31.18950376278611],[121.32255852697882,31.189777182820148],[121.32022014436006,31.189777182820148],[121.32022014436006,31.18950376278611]]],[[[121.32022014436006,31.189777182820148],[121.32255852697882,31.189777182820148],[121.32255852697882,31.190050602854186],[121.32022014436006,31.190050602854186],[121.32022014436006,31.189777182820148]]],[[[121.31963554870538,31.190050602854186],[121.32255852697882,31.190050602854186],[121.32255852697882,31.190324022888223],[121.31963554870538,31.190324022888223],[121.31963554870538,31.190050602854186]]],[[[121.31963554870538,31.190324022888223],[121.32255852697882,31.190324022888223],[121.32255852697882,31.19059744292226],[121.31963554870538,31.19059744292226],[121.31963554870538,31.190324022888223]]],[[[121.31963554870538,31.19059744292226],[121.32226622915147,31.19059744292226],[121.32226622915147,31.1908708629563],[121.31963554870538,31.1908708629563],[121.31963554870538,31.19059744292226]]],[[[121.31963554870538,31.1908708629563],[121.32226622915147,31.1908708629563],[121.32226622915147,31.191144282990336],[121.31963554870538,31.191144282990336],[121.31963554870538,31.1908708629563]]],[[[121.31963554870538,31.19114428299034],[121.32226622915147,31.19114428299034],[121.32226622915147,31.191417703024378],[121.31963554870538,31.191417703024378],[121.31963554870538,31.19114428299034]]],[[[121.31963554870538,31.191417703024378],[121.32226622915147,31.191417703024378],[121.32226622915147,31.191691123058416],[121.31963554870538,31.191691123058416],[121.31963554870538,31.191417703024378]]],[[[121.31963554870538,31.191691123058416],[121.32226622915147,31.191691123058416],[121.32226622915147,31.191964543092453],[121.31963554870538,31.191964543092453],[121.31963554870538,31.191691123058416]]],[[[121.31963554870538,31.191964543092453],[121.32226622915147,31.191964543092453],[121.32226622915147,31.19223796312649],[121.31963554870538,31.19223796312649],[121.31963554870538,31.191964543092453]]],[[[121.32138933566944,31.19223796312649],[121.32197393132412,31.19223796312649],[121.32197393132412,31.19251138316053],[121.32138933566944,31.19251138316053],[121.32138933566944,31.19223796312649]]]]}},{"type":"Feature","properties":{"parcel_id":"hongqiao_hub:parcel:0023","geometry_method":"road_barrier_raster_plus_buildings","functional_type":"commercial","dominant_type":"commercial","confidence":0.86,"building_count":1,"avg_building_area_m2":606,"centroid_lng":121.325349,"centroid_lat":31.190948,"parcel_area_m2":35333,"safety_clipped":false,"classification_source":"osm_tags+building_morphology+spatial_prior","synthetic_classification":true,"qc_flags":""},"geometry":{"type":"MultiPolygon","coordinates":[[[[121.32460461177023,31.188136662615918],[121.32489690959757,31.188136662615918],[121.32489690959757,31.188410082649956],[121.32460461177023,31.188410082649956],[121.32460461177023,31.188136662615918]]],[[[121.32431231394288,31.188410082649956],[121.32518920742491,31.188410082649956],[121.32518920742491,31.188683502683993],[121.32431231394288,31.188683502683993],[121.32431231394288,31.188410082649956]]],[[[121.32431231394288,31.188683502683993],[121.32518920742491,31.188683502683993],[121.32518920742491,31.18895692271803],[121.32431231394288,31.18895692271803],[121.32431231394288,31.188683502683993]]],[[[121.32431231394288,31.188956922718035],[121.32518920742491,31.188956922718035],[121.32518920742491,31.189230342752072],[121.32431231394288,31.189230342752072],[121.32431231394288,31.188956922718035]]],[[[121.32431231394288,31.189230342752072],[121.32518920742491,31.189230342752072],[121.32518920742491,31.18950376278611],[121.32431231394288,31.18950376278611],[121.32431231394288,31.189230342752072]]],[[[121.32431231394288,31.18950376278611],[121.32489690959757,31.18950376278611],[121.32489690959757,31.189777182820148],[121.32431231394288,31.189777182820148],[121.32431231394288,31.18950376278611]]],[[[121.32431231394288,31.189777182820148],[121.32489690959757,31.189777182820148],[121.32489690959757,31.190050602854186],[121.32431231394288,31.190050602854186],[121.32431231394288,31.189777182820148]]],[[[121.32431231394288,31.190050602854186],[121.32489690959757,31.190050602854186],[121.32489690959757,31.190324022888223],[121.32431231394288,31.190324022888223],[121.32431231394288,31.190050602854186]]],[[[121.32402001611554,31.190324022888223],[121.32489690959757,31.190324022888223],[121.32489690959757,31.19059744292226],[121.32402001611554,31.19059744292226],[121.32402001611554,31.190324022888223]]],[[[121.32402001611554,31.19059744292226],[121.32489690959757,31.19059744292226],[121.32489690959757,31.1908708629563],[121.32402001611554,31.1908708629563],[121.32402001611554,31.19059744292226]]],[[[121.32402001611554,31.1908708629563],[121.32489690959757,31.1908708629563],[121.32489690959757,31.191144282990336],[121.32402001611554,31.191144282990336],[121.32402001611554,31.1908708629563]]],[[[121.32402001611554,31.19114428299034],[121.32489690959757,31.19114428299034],[121.32489690959757,31.191417703024378],[121.32402001611554,31.191417703024378],[121.32402001611554,31.19114428299034]]],[[[121.32402001611554,31.191417703024378],[121.32489690959757,31.191417703024378],[121.32489690959757,31.191691123058416],[121.32402001611554,31.191691123058416],[121.32402001611554,31.191417703024378]]],[[[121.32402001611554,31.191691123058416],[121.32489690959757,31.191691123058416],[121.32489690959757,31.191964543092453],[121.32402001611554,31.191964543092453],[121.32402001611554,31.191691123058416]]],[[[121.32402001611554,31.191964543092453],[121.32489690959757,31.191964543092453],[121.32489690959757,31.19223796312649],[121.32402001611554,31.19223796312649],[121.32402001611554,31.191964543092453]]],[[[121.32431231394288,31.19223796312649],[121.32489690959757,31.19223796312649],[121.32489690959757,31.19251138316053],[121.32431231394288,31.19251138316053],[121.32431231394288,31.19223796312649]]]]}},{"type":"Feature","properties":{"parcel_id":"hongqiao_hub:parcel:0024","geometry_method":"road_barrier_raster_plus_buildings","functional_type":"office","dominant_type":"office","confidence":0.89,"building_count":1,"avg_building_area_m2":606,"centroid_lng":121.367618,"centroid_lat":31.188841,"parcel_area_m2":6730,"safety_clipped":false,"classification_source":"osm_tags+building_morphology+spatial_prior","synthetic_classification":true,"qc_flags":""},"geometry":{"type":"MultiPolygon","coordinates":[[[[121.36844928587189,31.188136662615918],[121.36874158369923,31.188136662615918],[121.36874158369923,31.188410082649956],[121.36844928587189,31.188410082649956],[121.36844928587189,31.188136662615918]]],[[[121.36844928587189,31.188410082649956],[121.36874158369923,31.188410082649956],[121.36874158369923,31.188683502683993],[121.36844928587189,31.188683502683993],[121.36844928587189,31.188410082649956]]],[[[121.36815698804455,31.188683502683993],[121.36874158369923,31.188683502683993],[121.36874158369923,31.18895692271803],[121.36815698804455,31.18895692271803],[121.36815698804455,31.188683502683993]]],[[[121.36815698804455,31.188956922718035],[121.36874158369923,31.188956922718035],[121.36874158369923,31.189230342752072],[121.36815698804455,31.189230342752072],[121.36815698804455,31.188956922718035]]],[[[121.36815698804455,31.189230342752072],[121.36874158369923,31.189230342752072],[121.36874158369923,31.18950376278611],[121.36815698804455,31.18950376278611],[121.36815698804455,31.189230342752072]]]]}},{"type":"Feature","properties":{"parcel_id":"hongqiao_hub:parcel:0025","geometry_method":"road_barrier_raster_plus_buildings","functional_type":"residential","dominant_type":"residential","confidence":1,"building_count":1,"avg_building_area_m2":606,"centroid_lng":121.32737,"centroid_lat":31.190325,"parcel_area_m2":16825,"safety_clipped":false,"classification_source":"osm_tags+building_morphology+spatial_prior","synthetic_classification":true,"qc_flags":""},"geometry":{"type":"MultiPolygon","coordinates":[[[[121.32606610090696,31.188683502683993],[121.32665069656164,31.188683502683993],[121.32665069656164,31.18895692271803],[121.32606610090696,31.18895692271803],[121.32606610090696,31.188683502683993]]],[[[121.32606610090696,31.188956922718035],[121.32665069656164,31.188956922718035],[121.32665069656164,31.189230342752072],[121.32606610090696,31.189230342752072],[121.32606610090696,31.188956922718035]]],[[[121.32606610090696,31.189230342752072],[121.32665069656164,31.189230342752072],[121.32665069656164,31.18950376278611],[121.32606610090696,31.18950376278611],[121.32606610090696,31.189230342752072]]],[[[121.32606610090696,31.18950376278611],[121.32665069656164,31.18950376278611],[121.32665069656164,31.189777182820148],[121.32606610090696,31.189777182820148],[121.32606610090696,31.18950376278611]]],[[[121.32606610090696,31.189777182820148],[121.32665069656164,31.189777182820148],[121.32665069656164,31.190050602854186],[121.32606610090696,31.190050602854186],[121.32606610090696,31.189777182820148]]],[[[121.32606610090696,31.190050602854186],[121.32665069656164,31.190050602854186],[121.32665069656164,31.190324022888223],[121.32606610090696,31.190324022888223],[121.32606610090696,31.190050602854186]]],[[[121.32606610090696,31.190324022888223],[121.32665069656164,31.190324022888223],[121.32665069656164,31.19059744292226],[121.32606610090696,31.19059744292226],[121.32606610090696,31.190324022888223]]],[[[121.32606610090696,31.19059744292226],[121.3263583987343,31.19059744292226],[121.3263583987343,31.1908708629563],[121.32606610090696,31.1908708629563],[121.32606610090696,31.19059744292226]]],[[[121.32606610090696,31.1908708629563],[121.3263583987343,31.1908708629563],[121.3263583987343,31.191144282990336],[121.32606610090696,31.191144282990336],[121.32606610090696,31.1908708629563]]],[[[121.32606610090696,31.19114428299034],[121.3263583987343,31.19114428299034],[121.3263583987343,31.191417703024378],[121.32606610090696,31.191417703024378],[121.32606610090696,31.19114428299034]]],[[[121.32606610090696,31.191417703024378],[121.3263583987343,31.191417703024378],[121.3263583987343,31.191691123058416],[121.32606610090696,31.191691123058416],[121.32606610090696,31.191417703024378]]],[[[121.32606610090696,31.191691123058416],[121.3263583987343,31.191691123058416],[121.3263583987343,31.191964543092453],[121.32606610090696,31.191964543092453],[121.32606610090696,31.191691123058416]]],[[[121.32606610090696,31.191964543092453],[121.3263583987343,31.191964543092453],[121.3263583987343,31.19223796312649],[121.32606610090696,31.19223796312649],[121.32606610090696,31.191964543092453]]]]}},{"type":"Feature","properties":{"parcel_id":"hongqiao_hub:parcel:0026","geometry_method":"road_barrier_raster_plus_buildings","functional_type":"commercial","dominant_type":"commercial","confidence":0.86,"building_count":1,"avg_building_area_m2":606,"centroid_lng":121.311853,"centroid_lat":31.188825,"parcel_area_m2":5048,"safety_clipped":false,"classification_source":"osm_tags+building_morphology+spatial_prior","synthetic_classification":true,"qc_flags":""},"geometry":{"type":"MultiPolygon","coordinates":[[[[121.31115891171238,31.18950376278611],[121.31203580519443,31.18950376278611],[121.31203580519443,31.189777182820148],[121.31115891171238,31.189777182820148],[121.31115891171238,31.18950376278611]]],[[[121.31115891171238,31.189777182820148],[121.31203580519443,31.189777182820148],[121.31203580519443,31.190050602854186],[121.31115891171238,31.190050602854186],[121.31115891171238,31.189777182820148]]]]}},{"type":"Feature","properties":{"parcel_id":"hongqiao_hub:parcel:0027","geometry_method":"road_barrier_raster_plus_buildings","functional_type":"mixed","dominant_type":"residential","confidence":0.54,"building_count":2,"avg_building_area_m2":606,"centroid_lng":121.3096,"centroid_lat":31.191686,"parcel_area_m2":16825,"safety_clipped":false,"classification_source":"osm_tags+building_morphology+spatial_prior","synthetic_classification":true,"qc_flags":"low_confidence"},"geometry":{"type":"MultiPolygon","coordinates":[[[[121.31028201823035,31.1908708629563],[121.31115891171238,31.1908708629563],[121.31115891171238,31.191144282990336],[121.31028201823035,31.191144282990336],[121.31028201823035,31.1908708629563]]],[[[121.31028201823035,31.19114428299034],[121.31115891171238,31.19114428299034],[121.31115891171238,31.191417703024378],[121.31028201823035,31.191417703024378],[121.31028201823035,31.19114428299034]]],[[[121.30998972040301,31.191417703024378],[121.31086661388504,31.191417703024378],[121.31086661388504,31.191691123058416],[121.30998972040301,31.191691123058416],[121.30998972040301,31.191417703024378]]],[[[121.30998972040301,31.191691123058416],[121.3105743160577,31.191691123058416],[121.3105743160577,31.191964543092453],[121.30998972040301,31.191964543092453],[121.30998972040301,31.191691123058416]]],[[[121.30969742257567,31.191964543092453],[121.3105743160577,31.191964543092453],[121.3105743160577,31.19223796312649],[121.30969742257567,31.19223796312649],[121.30969742257567,31.191964543092453]]],[[[121.30969742257567,31.19223796312649],[121.31028201823035,31.19223796312649],[121.31028201823035,31.19251138316053],[121.30969742257567,31.19251138316053],[121.30969742257567,31.19223796312649]]],[[[121.30940512474832,31.19251138316053],[121.30998972040301,31.19251138316053],[121.30998972040301,31.192784803194566],[121.30940512474832,31.192784803194566],[121.30940512474832,31.19251138316053]]],[[[121.30940512474832,31.192784803194566],[121.30998972040301,31.192784803194566],[121.30998972040301,31.193058223228604],[121.30940512474832,31.193058223228604],[121.30940512474832,31.192784803194566]]]]}},{"type":"Feature","properties":{"parcel_id":"hongqiao_hub:parcel:0028","geometry_method":"road_barrier_raster_plus_buildings","functional_type":"commercial","dominant_type":"commercial","confidence":0.86,"building_count":1,"avg_building_area_m2":606,"centroid_lng":121.318432,"centroid_lat":31.19109,"parcel_area_m2":5889,"safety_clipped":false,"classification_source":"osm_tags+building_morphology+spatial_prior","synthetic_classification":true,"qc_flags":""},"geometry":{"type":"MultiPolygon","coordinates":[[[[121.31758946391396,31.1908708629563],[121.3178817617413,31.1908708629563],[121.3178817617413,31.191144282990336],[121.31758946391396,31.191144282990336],[121.31758946391396,31.1908708629563]]],[[[121.31758946391396,31.19114428299034],[121.3178817617413,31.19114428299034],[121.3178817617413,31.191417703024378],[121.31758946391396,31.191417703024378],[121.31758946391396,31.19114428299034]]],[[[121.31758946391396,31.191417703024378],[121.3178817617413,31.191417703024378],[121.3178817617413,31.191691123058416],[121.31758946391396,31.191691123058416],[121.31758946391396,31.191417703024378]]],[[[121.31758946391396,31.191691123058416],[121.3178817617413,31.191691123058416],[121.3178817617413,31.191964543092453],[121.31758946391396,31.191964543092453],[121.31758946391396,31.191691123058416]]],[[[121.31758946391396,31.191964543092453],[121.3178817617413,31.191964543092453],[121.3178817617413,31.19223796312649],[121.31758946391396,31.19223796312649],[121.31758946391396,31.191964543092453]]],[[[121.31758946391396,31.19223796312649],[121.3178817617413,31.19223796312649],[121.3178817617413,31.19251138316053],[121.31758946391396,31.19251138316053],[121.31758946391396,31.19223796312649]]],[[[121.31758946391396,31.19251138316053],[121.3178817617413,31.19251138316053],[121.3178817617413,31.192784803194566],[121.31758946391396,31.192784803194566],[121.31758946391396,31.19251138316053]]]]}},{"type":"Feature","properties":{"parcel_id":"hongqiao_hub:parcel:0029","geometry_method":"road_barrier_raster_plus_buildings","functional_type":"commercial","dominant_type":"commercial","confidence":0.86,"building_count":1,"avg_building_area_m2":606,"centroid_lng":121.351317,"centroid_lat":31.193126,"parcel_area_m2":10936,"safety_clipped":false,"classification_source":"osm_tags+building_morphology+spatial_prior","synthetic_classification":true,"qc_flags":""},"geometry":{"type":"MultiPolygon","coordinates":[[[[121.34886533143981,31.191964543092453],[121.35091141623123,31.191964543092453],[121.35091141623123,31.19223796312649],[121.34886533143981,31.19223796312649],[121.34886533143981,31.191964543092453]]],[[[121.34886533143981,31.19223796312649],[121.35061911840388,31.19223796312649],[121.35061911840388,31.19251138316053],[121.34886533143981,31.19251138316053],[121.34886533143981,31.19223796312649]]]]}},{"type":"Feature","properties":{"parcel_id":"hongqiao_hub:parcel:0030","geometry_method":"road_barrier_raster_plus_buildings","functional_type":"residential","dominant_type":"residential","confidence":0.81,"building_count":1,"avg_building_area_m2":606,"centroid_lng":121.314104,"centroid_lat":31.191822,"parcel_area_m2":14301,"safety_clipped":false,"classification_source":"osm_tags+building_morphology+spatial_prior","synthetic_classification":true,"qc_flags":""},"geometry":{"type":"MultiPolygon","coordinates":[[[[121.31466648564052,31.19223796312649],[121.31612797477725,31.19223796312649],[121.31612797477725,31.19251138316053],[121.31466648564052,31.19251138316053],[121.31466648564052,31.19223796312649]]],[[[121.31466648564052,31.19251138316053],[121.31642027260459,31.19251138316053],[121.31642027260459,31.192784803194566],[121.31466648564052,31.192784803194566],[121.31466648564052,31.19251138316053]]],[[[121.31466648564052,31.192784803194566],[121.31642027260459,31.192784803194566],[121.31642027260459,31.193058223228604],[121.31466648564052,31.193058223228604],[121.31466648564052,31.192784803194566]]]]}},{"type":"Feature","properties":{"parcel_id":"hongqiao_hub:parcel:0031","geometry_method":"road_barrier_raster_plus_buildings","functional_type":"residential","dominant_type":"residential","confidence":0.81,"building_count":1,"avg_building_area_m2":606,"centroid_lng":121.352454,"centroid_lat":31.192377,"parcel_area_m2":163205,"safety_clipped":false,"classification_source":"osm_tags+building_morphology+spatial_prior","synthetic_classification":true,"qc_flags":""},"geometry":{"type":"MultiPolygon","coordinates":[[[[121.35324979884997,31.193058223228604],[121.35354209667732,31.193058223228604],[121.35354209667732,31.193331643262642],[121.35324979884997,31.193331643262642],[121.35324979884997,31.193058223228604]]],[[[121.35295750102263,31.193331643262646],[121.35383439450467,31.193331643262646],[121.35383439450467,31.193605063296683],[121.35295750102263,31.193605063296683],[121.35295750102263,31.193331643262646]]],[[[121.35266520319529,31.193605063296683],[121.35383439450467,31.193605063296683],[121.35383439450467,31.19387848333072],[121.35266520319529,31.19387848333072],[121.35266520319529,31.193605063296683]]],[[[121.35237290536794,31.19387848333072],[121.35383439450467,31.19387848333072],[121.35383439450467,31.19415190336476],[121.35237290536794,31.19415190336476],[121.35237290536794,31.19387848333072]]],[[[121.3520806075406,31.19415190336476],[121.35383439450467,31.19415190336476],[121.35383439450467,31.194425323398796],[121.3520806075406,31.194425323398796],[121.3520806075406,31.19415190336476]]],[[[121.35149601188591,31.194425323398796],[121.35383439450467,31.194425323398796],[121.35383439450467,31.194698743432834],[121.35149601188591,31.194698743432834],[121.35149601188591,31.194425323398796]]],[[[121.35149601188591,31.194698743432834],[121.35383439450467,31.194698743432834],[121.35383439450467,31.194972163466872],[121.35149601188591,31.194972163466872],[121.35149601188591,31.194698743432834]]],[[[121.35149601188591,31.194972163466872],[121.35383439450467,31.194972163466872],[121.35383439450467,31.19524558350091],[121.35149601188591,31.19524558350091],[121.35149601188591,31.194972163466872]]],[[[121.35149601188591,31.195245583500913],[121.35383439450467,31.195245583500913],[121.35383439450467,31.19551900353495],[121.35149601188591,31.19551900353495],[121.35149601188591,31.195245583500913]]],[[[121.35149601188591,31.19551900353495],[121.35383439450467,31.19551900353495],[121.35383439450467,31.19579242356899],[121.35149601188591,31.19579242356899],[121.35149601188591,31.19551900353495]]],[[[121.35120371405857,31.19579242356899],[121.35383439450467,31.19579242356899],[121.35383439450467,31.196065843603026],[121.35120371405857,31.196065843603026],[121.35120371405857,31.19579242356899]]],[[[121.35120371405857,31.196065843603026],[121.35383439450467,31.196065843603026],[121.35383439450467,31.196339263637064],[121.35120371405857,31.196339263637064],[121.35120371405857,31.196065843603026]]],[[[121.35120371405857,31.196339263637064],[121.35383439450467,31.196339263637064],[121.35383439450467,31.196612683671102],[121.35120371405857,31.196612683671102],[121.35120371405857,31.196339263637064]]],[[[121.35120371405857,31.196612683671102],[121.35383439450467,31.196612683671102],[121.35383439450467,31.19688610370514],[121.35120371405857,31.19688610370514],[121.35120371405857,31.196612683671102]]],[[[121.35120371405857,31.19688610370514],[121.35383439450467,31.19688610370514],[121.35383439450467,31.197159523739177],[121.35120371405857,31.197159523739177],[121.35120371405857,31.19688610370514]]],[[[121.35120371405857,31.197159523739177],[121.35383439450467,31.197159523739177],[121.35383439450467,31.197432943773215],[121.35120371405857,31.197432943773215],[121.35120371405857,31.197159523739177]]],[[[121.35120371405857,31.19743294377322],[121.35383439450467,31.19743294377322],[121.35383439450467,31.197706363807256],[121.35120371405857,31.197706363807256],[121.35120371405857,31.19743294377322]]],[[[121.35120371405857,31.197706363807256],[121.35354209667732,31.197706363807256],[121.35354209667732,31.197979783841294],[121.35120371405857,31.197979783841294],[121.35120371405857,31.197706363807256]]],[[[121.35120371405857,31.197979783841294],[121.35354209667732,31.197979783841294],[121.35354209667732,31.198253203875332],[121.35120371405857,31.198253203875332],[121.35120371405857,31.197979783841294]]],[[[121.35120371405857,31.198253203875332],[121.35354209667732,31.198253203875332],[121.35354209667732,31.19852662390937],[121.35120371405857,31.19852662390937],[121.35120371405857,31.198253203875332]]],[[[121.35120371405857,31.19852662390937],[121.35354209667732,31.19852662390937],[121.35354209667732,31.198800043943407],[121.35120371405857,31.198800043943407],[121.35120371405857,31.19852662390937]]],[[[121.35120371405857,31.198800043943407],[121.35354209667732,31.198800043943407],[121.35354209667732,31.199073463977445],[121.35120371405857,31.199073463977445],[121.35120371405857,31.198800043943407]]],[[[121.35091141623123,31.199073463977445],[121.35354209667732,31.199073463977445],[121.35354209667732,31.199346884011483],[121.35091141623123,31.199346884011483],[121.35091141623123,31.199073463977445]]],[[[121.35091141623123,31.199346884011486],[121.35324979884997,31.199346884011486],[121.35324979884997,31.199620304045524],[121.35091141623123,31.199620304045524],[121.35091141623123,31.199346884011486]]],[[[121.35091141623123,31.199620304045524],[121.35324979884997,31.199620304045524],[121.35324979884997,31.199893724079562],[121.35091141623123,31.199893724079562],[121.35091141623123,31.199620304045524]]],[[[121.35120371405857,31.199893724079562],[121.35324979884997,31.199893724079562],[121.35324979884997,31.2001671441136],[121.35120371405857,31.2001671441136],[121.35120371405857,31.199893724079562]]]]}},{"type":"Feature","properties":{"parcel_id":"hongqiao_hub:parcel:0032","geometry_method":"road_barrier_raster_plus_buildings","functional_type":"office","dominant_type":"office","confidence":0.89,"building_count":1,"avg_building_area_m2":606,"centroid_lng":121.322991,"centroid_lat":31.194359,"parcel_area_m2":15143,"safety_clipped":false,"classification_source":"osm_tags+building_morphology+spatial_prior","synthetic_classification":true,"qc_flags":""},"geometry":{"type":"MultiPolygon","coordinates":[[[[121.31875865522335,31.19387848333072],[121.32255852697882,31.19387848333072],[121.32255852697882,31.19415190336476],[121.31875865522335,31.19415190336476],[121.31875865522335,31.19387848333072]]],[[[121.3210970378421,31.19415190336476],[121.32255852697882,31.19415190336476],[121.32255852697882,31.194425323398796],[121.3210970378421,31.194425323398796],[121.3210970378421,31.19415190336476]]]]}},{"type":"Feature","properties":{"parcel_id":"hongqiao_hub:parcel:0033","geometry_method":"road_barrier_raster_plus_buildings","functional_type":"residential","dominant_type":"residential","confidence":1,"building_count":1,"avg_building_area_m2":606,"centroid_lng":121.305669,"centroid_lat":31.196638,"parcel_area_m2":14301,"safety_clipped":false,"classification_source":"osm_tags+building_morphology+spatial_prior","synthetic_classification":true,"qc_flags":""},"geometry":{"type":"MultiPolygon","coordinates":[[[[121.30443606168346,31.194425323398796],[121.3053129551655,31.194425323398796],[121.3053129551655,31.194698743432834],[121.30443606168346,31.194698743432834],[121.30443606168346,31.194425323398796]]],[[[121.30385146602877,31.194698743432834],[121.30502065733816,31.194698743432834],[121.30502065733816,31.194972163466872],[121.30385146602877,31.194972163466872],[121.30385146602877,31.194698743432834]]],[[[121.30297457254674,31.194972163466872],[121.30502065733816,31.194972163466872],[121.30502065733816,31.19524558350091],[121.30297457254674,31.19524558350091],[121.30297457254674,31.194972163466872]]],[[[121.30355916820143,31.195245583500913],[121.30443606168346,31.195245583500913],[121.30443606168346,31.19551900353495],[121.30355916820143,31.19551900353495],[121.30355916820143,31.195245583500913]]]]}},{"type":"Feature","properties":{"parcel_id":"hongqiao_hub:parcel:0034","geometry_method":"road_barrier_raster_plus_buildings","functional_type":"commercial","dominant_type":"commercial","confidence":0.86,"building_count":1,"avg_building_area_m2":606,"centroid_lng":121.32213,"centroid_lat":31.19983,"parcel_area_m2":79920,"safety_clipped":false,"classification_source":"osm_tags+building_morphology+spatial_prior","synthetic_classification":true,"qc_flags":""},"geometry":{"type":"MultiPolygon","coordinates":[[[[121.31934325087803,31.19579242356899],[121.32168163349678,31.19579242356899],[121.32168163349678,31.196065843603026],[121.31934325087803,31.196065843603026],[121.31934325087803,31.19579242356899]]],[[[121.31934325087803,31.196065843603026],[121.32197393132412,31.196065843603026],[121.32197393132412,31.196339263637064],[121.31934325087803,31.196339263637064],[121.31934325087803,31.196065843603026]]],[[[121.31934325087803,31.196339263637064],[121.32197393132412,31.196339263637064],[121.32197393132412,31.196612683671102],[121.31934325087803,31.196612683671102],[121.31934325087803,31.196339263637064]]],[[[121.31934325087803,31.196612683671102],[121.32197393132412,31.196612683671102],[121.32197393132412,31.19688610370514],[121.31934325087803,31.19688610370514],[121.31934325087803,31.196612683671102]]],[[[121.31934325087803,31.19688610370514],[121.32168163349678,31.19688610370514],[121.32168163349678,31.197159523739177],[121.31934325087803,31.197159523739177],[121.31934325087803,31.19688610370514]]],[[[121.31934325087803,31.197159523739177],[121.32168163349678,31.197159523739177],[121.32168163349678,31.197432943773215],[121.31934325087803,31.197432943773215],[121.31934325087803,31.197159523739177]]],[[[121.31934325087803,31.19743294377322],[121.32168163349678,31.19743294377322],[121.32168163349678,31.197706363807256],[121.31934325087803,31.197706363807256],[121.31934325087803,31.19743294377322]]],[[[121.31934325087803,31.197706363807256],[121.32168163349678,31.197706363807256],[121.32168163349678,31.197979783841294],[121.31934325087803,31.197979783841294],[121.31934325087803,31.197706363807256]]],[[[121.31992784653272,31.197979783841294],[121.32168163349678,31.197979783841294],[121.32168163349678,31.198253203875332],[121.31992784653272,31.198253203875332],[121.31992784653272,31.197979783841294]]],[[[121.32022014436006,31.198253203875332],[121.32168163349678,31.198253203875332],[121.32168163349678,31.19852662390937],[121.32022014436006,31.19852662390937],[121.32022014436006,31.198253203875332]]],[[[121.32022014436006,31.19852662390937],[121.32138933566944,31.19852662390937],[121.32138933566944,31.198800043943407],[121.32022014436006,31.198800043943407],[121.32022014436006,31.19852662390937]]],[[[121.32022014436006,31.198800043943407],[121.32138933566944,31.198800043943407],[121.32138933566944,31.199073463977445],[121.32022014436006,31.199073463977445],[121.32022014436006,31.198800043943407]]],[[[121.32022014436006,31.199073463977445],[121.32138933566944,31.199073463977445],[121.32138933566944,31.199346884011483],[121.32022014436006,31.199346884011483],[121.32022014436006,31.199073463977445]]],[[[121.32022014436006,31.199346884011486],[121.3210970378421,31.199346884011486],[121.3210970378421,31.199620304045524],[121.32022014436006,31.199620304045524],[121.32022014436006,31.199346884011486]]],[[[121.32051244218741,31.199620304045524],[121.3210970378421,31.199620304045524],[121.3210970378421,31.199893724079562],[121.32051244218741,31.199893724079562],[121.32051244218741,31.199620304045524]]]]}},{"type":"Feature","properties":{"parcel_id":"hongqiao_hub:parcel:0035","geometry_method":"road_barrier_raster_plus_buildings","functional_type":"office","dominant_type":"office","confidence":0.89,"building_count":1,"avg_building_area_m2":606,"centroid_lng":121.300861,"centroid_lat":31.195383,"parcel_area_m2":17667,"safety_clipped":false,"classification_source":"osm_tags+building_morphology+spatial_prior","synthetic_classification":true,"qc_flags":""},"geometry":{"type":"MultiPolygon","coordinates":[[[[121.3000515942733,31.196065843603026],[121.30034389210064,31.196065843603026],[121.30034389210064,31.196339263637064],[121.3000515942733,31.196339263637064],[121.3000515942733,31.196065843603026]]],[[[121.3000515942733,31.196339263637064],[121.30092848775533,31.196339263637064],[121.30092848775533,31.196612683671102],[121.3000515942733,31.196612683671102],[121.3000515942733,31.196339263637064]]],[[[121.3000515942733,31.196612683671102],[121.30151308341003,31.196612683671102],[121.30151308341003,31.19688610370514],[121.3000515942733,31.19688610370514],[121.3000515942733,31.196612683671102]]],[[[121.30034389210064,31.19688610370514],[121.30180538123737,31.19688610370514],[121.30180538123737,31.197159523739177],[121.30034389210064,31.197159523739177],[121.30034389210064,31.19688610370514]]],[[[121.30092848775533,31.197159523739177],[121.30209767906472,31.197159523739177],[121.30209767906472,31.197432943773215],[121.30092848775533,31.197432943773215],[121.30092848775533,31.197159523739177]]],[[[121.30180538123737,31.19743294377322],[121.3026822747194,31.19743294377322],[121.3026822747194,31.197706363807256],[121.30180538123737,31.197706363807256],[121.30180538123737,31.19743294377322]]]]}},{"type":"Feature","properties":{"parcel_id":"hongqiao_hub:parcel:0036","geometry_method":"road_barrier_raster_plus_buildings","functional_type":"residential","dominant_type":"residential","confidence":1,"building_count":1,"avg_building_area_m2":606,"centroid_lng":121.318314,"centroid_lat":31.195745,"parcel_area_m2":2524,"safety_clipped":false,"classification_source":"osm_tags+building_morphology+spatial_prior","synthetic_classification":true,"qc_flags":""},"geometry":{"type":"MultiPolygon","coordinates":[[[[121.31729716608662,31.196065843603026],[121.31758946391396,31.196065843603026],[121.31758946391396,31.196339263637064],[121.31729716608662,31.196339263637064],[121.31729716608662,31.196065843603026]]],[[[121.31729716608662,31.196339263637064],[121.31758946391396,31.196339263637064],[121.31758946391396,31.196612683671102],[121.31729716608662,31.196612683671102],[121.31729716608662,31.196339263637064]]],[[[121.31729716608662,31.196612683671102],[121.31758946391396,31.196612683671102],[121.31758946391396,31.19688610370514],[121.31729716608662,31.19688610370514],[121.31729716608662,31.196612683671102]]]]}},{"type":"Feature","properties":{"parcel_id":"hongqiao_hub:parcel:0037","geometry_method":"road_barrier_raster_plus_buildings","functional_type":"residential","dominant_type":"residential","confidence":0.81,"building_count":1,"avg_building_area_m2":606,"centroid_lng":121.353674,"centroid_lat":31.208968,"parcel_area_m2":253220,"safety_clipped":false,"classification_source":"osm_tags+building_morphology+spatial_prior","synthetic_classification":true,"qc_flags":""},"geometry":{"type":"MultiPolygon","coordinates":[[[[121.3547112879867,31.196612683671102],[121.35529588364139,31.196612683671102],[121.35529588364139,31.19688610370514],[121.3547112879867,31.19688610370514],[121.3547112879867,31.196612683671102]]],[[[121.3547112879867,31.19688610370514],[121.35558818146873,31.19688610370514],[121.35558818146873,31.197159523739177],[121.3547112879867,31.197159523739177],[121.3547112879867,31.19688610370514]]],[[[121.3547112879867,31.197159523739177],[121.35558818146873,31.197159523739177],[121.35558818146873,31.197432943773215],[121.3547112879867,31.197432943773215],[121.3547112879867,31.197159523739177]]],[[[121.3547112879867,31.19743294377322],[121.35558818146873,31.19743294377322],[121.35558818146873,31.197706363807256],[121.3547112879867,31.197706363807256],[121.3547112879867,31.19743294377322]]],[[[121.3547112879867,31.197706363807256],[121.35558818146873,31.197706363807256],[121.35558818146873,31.197979783841294],[121.3547112879867,31.197979783841294],[121.3547112879867,31.197706363807256]]],[[[121.3547112879867,31.197979783841294],[121.35558818146873,31.197979783841294],[121.35558818146873,31.198253203875332],[121.3547112879867,31.198253203875332],[121.3547112879867,31.197979783841294]]],[[[121.3547112879867,31.198253203875332],[121.35558818146873,31.198253203875332],[121.35558818146873,31.19852662390937],[121.3547112879867,31.19852662390937],[121.3547112879867,31.198253203875332]]],[[[121.3547112879867,31.19852662390937],[121.35558818146873,31.19852662390937],[121.35558818146873,31.198800043943407],[121.3547112879867,31.198800043943407],[121.3547112879867,31.19852662390937]]],[[[121.3547112879867,31.198800043943407],[121.35529588364139,31.198800043943407],[121.35529588364139,31.199073463977445],[121.3547112879867,31.199073463977445],[121.3547112879867,31.198800043943407]]],[[[121.35441899015936,31.199073463977445],[121.35529588364139,31.199073463977445],[121.35529588364139,31.199346884011483],[121.35441899015936,31.199346884011483],[121.35441899015936,31.199073463977445]]],[[[121.35441899015936,31.199346884011486],[121.35529588364139,31.199346884011486],[121.35529588364139,31.199620304045524],[121.35441899015936,31.199620304045524],[121.35441899015936,31.199346884011486]]],[[[121.35441899015936,31.199620304045524],[121.35529588364139,31.199620304045524],[121.35529588364139,31.199893724079562],[121.35441899015936,31.199893724079562],[121.35441899015936,31.199620304045524]]],[[[121.35441899015936,31.199893724079562],[121.35529588364139,31.199893724079562],[121.35529588364139,31.2001671441136],[121.35441899015936,31.2001671441136],[121.35441899015936,31.199893724079562]]],[[[121.35412669233202,31.2001671441136],[121.35500358581405,31.2001671441136],[121.35500358581405,31.200440564147637],[121.35412669233202,31.200440564147637],[121.35412669233202,31.2001671441136]]],[[[121.35412669233202,31.200440564147637],[121.35500358581405,31.200440564147637],[121.35500358581405,31.200713984181675],[121.35412669233202,31.200713984181675],[121.35412669233202,31.200440564147637]]],[[[121.35412669233202,31.200713984181675],[121.35500358581405,31.200713984181675],[121.35500358581405,31.200987404215713],[121.35412669233202,31.200987404215713],[121.35412669233202,31.200713984181675]]],[[[121.35412669233202,31.200987404215713],[121.3547112879867,31.200987404215713],[121.3547112879867,31.20126082424975],[121.35412669233202,31.20126082424975],[121.35412669233202,31.200987404215713]]],[[[121.35412669233202,31.20126082424975],[121.3547112879867,31.20126082424975],[121.3547112879867,31.20153424428379],[121.35412669233202,31.20153424428379],[121.35412669233202,31.20126082424975]]],[[[121.35383439450467,31.201534244283792],[121.3547112879867,31.201534244283792],[121.3547112879867,31.20180766431783],[121.35383439450467,31.20180766431783],[121.35383439450467,31.201534244283792]]],[[[121.35383439450467,31.20180766431783],[121.3547112879867,31.20180766431783],[121.3547112879867,31.202081084351867],[121.35383439450467,31.202081084351867],[121.35383439450467,31.20180766431783]]],[[[121.35383439450467,31.202081084351867],[121.3547112879867,31.202081084351867],[121.3547112879867,31.202354504385905],[121.35383439450467,31.202354504385905],[121.35383439450467,31.202081084351867]]],[[[121.35383439450467,31.202354504385905],[121.35441899015936,31.202354504385905],[121.35441899015936,31.202627924419943],[121.35383439450467,31.202627924419943],[121.35383439450467,31.202354504385905]]],[[[121.35354209667732,31.202627924419943],[121.35441899015936,31.202627924419943],[121.35441899015936,31.20290134445398],[121.35354209667732,31.20290134445398],[121.35354209667732,31.202627924419943]]],[[[121.35354209667732,31.20290134445398],[121.35441899015936,31.20290134445398],[121.35441899015936,31.20317476448802],[121.35354209667732,31.20317476448802],[121.35354209667732,31.20290134445398]]],[[[121.35354209667732,31.20317476448802],[121.35441899015936,31.20317476448802],[121.35441899015936,31.203448184522056],[121.35354209667732,31.203448184522056],[121.35354209667732,31.20317476448802]]],[[[121.35324979884997,31.20344818452206],[121.35412669233202,31.20344818452206],[121.35412669233202,31.203721604556097],[121.35324979884997,31.203721604556097],[121.35324979884997,31.20344818452206]]],[[[121.35324979884997,31.203721604556097],[121.35412669233202,31.203721604556097],[121.35412669233202,31.203995024590135],[121.35324979884997,31.203995024590135],[121.35324979884997,31.203721604556097]]],[[[121.35324979884997,31.203995024590135],[121.35412669233202,31.203995024590135],[121.35412669233202,31.204268444624173],[121.35324979884997,31.204268444624173],[121.35324979884997,31.203995024590135]]],[[[121.35324979884997,31.204268444624173],[121.35412669233202,31.204268444624173],[121.35412669233202,31.20454186465821],[121.35324979884997,31.20454186465821],[121.35324979884997,31.204268444624173]]],[[[121.35324979884997,31.20454186465821],[121.35383439450467,31.20454186465821],[121.35383439450467,31.20481528469225],[121.35324979884997,31.20481528469225],[121.35324979884997,31.20454186465821]]],[[[121.35295750102263,31.20481528469225],[121.35383439450467,31.20481528469225],[121.35383439450467,31.205088704726286],[121.35295750102263,31.205088704726286],[121.35295750102263,31.20481528469225]]],[[[121.35266520319529,31.205088704726286],[121.35383439450467,31.205088704726286],[121.35383439450467,31.205362124760324],[121.35266520319529,31.205362124760324],[121.35266520319529,31.205088704726286]]],[[[121.35178830971326,31.205362124760324],[121.35383439450467,31.205362124760324],[121.35383439450467,31.20563554479436],[121.35178830971326,31.20563554479436],[121.35178830971326,31.205362124760324]]],[[[121.34886533143981,31.205635544794365],[121.35354209667732,31.205635544794365],[121.35354209667732,31.205908964828403],[121.34886533143981,31.205908964828403],[121.34886533143981,31.205635544794365]]],[[[121.34886533143981,31.205908964828403],[121.35354209667732,31.205908964828403],[121.35354209667732,31.20618238486244],[121.34886533143981,31.20618238486244],[121.34886533143981,31.205908964828403]]],[[[121.34886533143981,31.20618238486244],[121.35354209667732,31.20618238486244],[121.35354209667732,31.20645580489648],[121.34886533143981,31.20645580489648],[121.34886533143981,31.20618238486244]]],[[[121.34857303361247,31.20645580489648],[121.35354209667732,31.20645580489648],[121.35354209667732,31.206729224930516],[121.34857303361247,31.206729224930516],[121.34857303361247,31.20645580489648]]],[[[121.34857303361247,31.206729224930516],[121.35324979884997,31.206729224930516],[121.35324979884997,31.207002644964554],[121.34857303361247,31.207002644964554],[121.34857303361247,31.206729224930516]]],[[[121.34857303361247,31.207002644964554],[121.35324979884997,31.207002644964554],[121.35324979884997,31.20727606499859],[121.34857303361247,31.20727606499859],[121.34857303361247,31.207002644964554]]],[[[121.34857303361247,31.20727606499859],[121.35324979884997,31.20727606499859],[121.35324979884997,31.20754948503263],[121.34857303361247,31.20754948503263],[121.34857303361247,31.20727606499859]]],[[[121.34857303361247,31.20754948503263],[121.35324979884997,31.20754948503263],[121.35324979884997,31.207822905066667],[121.34857303361247,31.207822905066667],[121.34857303361247,31.20754948503263]]],[[[121.34857303361247,31.20782290506667],[121.35295750102263,31.20782290506667],[121.35295750102263,31.20809632510071],[121.34857303361247,31.20809632510071],[121.34857303361247,31.20782290506667]]],[[[121.34857303361247,31.20809632510071],[121.35295750102263,31.20809632510071],[121.35295750102263,31.208369745134746],[121.34857303361247,31.208369745134746],[121.34857303361247,31.20809632510071]]],[[[121.34857303361247,31.208369745134746],[121.35295750102263,31.208369745134746],[121.35295750102263,31.208643165168784],[121.34857303361247,31.208643165168784],[121.34857303361247,31.208369745134746]]],[[[121.34857303361247,31.208643165168784],[121.35295750102263,31.208643165168784],[121.35295750102263,31.20891658520282],[121.34857303361247,31.20891658520282],[121.34857303361247,31.208643165168784]]],[[[121.34857303361247,31.20891658520282],[121.35266520319529,31.20891658520282],[121.35266520319529,31.20919000523686],[121.34857303361247,31.20919000523686],[121.34857303361247,31.20891658520282]]]]}},{"type":"Feature","properties":{"parcel_id":"hongqiao_hub:parcel:0038","geometry_method":"road_barrier_raster_plus_buildings","functional_type":"commercial","dominant_type":"commercial","confidence":0.86,"building_count":1,"avg_building_area_m2":606,"centroid_lng":121.303119,"centroid_lat":31.208159,"parcel_area_m2":271728,"safety_clipped":false,"classification_source":"osm_tags+building_morphology+spatial_prior","synthetic_classification":true,"qc_flags":""},"geometry":{"type":"MultiPolygon","coordinates":[[[[121.29946699861861,31.197979783841294],[121.30034389210064,31.197979783841294],[121.30034389210064,31.198253203875332],[121.29946699861861,31.198253203875332],[121.29946699861861,31.197979783841294]]],[[[121.30297457254674,31.197979783841294],[121.30326687037409,31.197979783841294],[121.30326687037409,31.198253203875332],[121.30297457254674,31.198253203875332],[121.30297457254674,31.197979783841294]]],[[[121.29946699861861,31.198253203875332],[121.30122078558267,31.198253203875332],[121.30122078558267,31.19852662390937],[121.29946699861861,31.19852662390937],[121.29946699861861,31.198253203875332]]],[[[121.30297457254674,31.198253203875332],[121.30326687037409,31.198253203875332],[121.30326687037409,31.19852662390937],[121.30297457254674,31.19852662390937],[121.30297457254674,31.198253203875332]]],[[[121.29946699861861,31.19852662390937],[121.30180538123737,31.19852662390937],[121.30180538123737,31.198800043943407],[121.29946699861861,31.198800043943407],[121.29946699861861,31.19852662390937]]],[[[121.30297457254674,31.19852662390937],[121.30326687037409,31.19852662390937],[121.30326687037409,31.198800043943407],[121.30297457254674,31.198800043943407],[121.30297457254674,31.19852662390937]]],[[[121.29946699861861,31.198800043943407],[121.30326687037409,31.198800043943407],[121.30326687037409,31.199073463977445],[121.29946699861861,31.199073463977445],[121.29946699861861,31.198800043943407]]],[[[121.29946699861861,31.199073463977445],[121.30326687037409,31.199073463977445],[121.30326687037409,31.199346884011483],[121.29946699861861,31.199346884011483],[121.29946699861861,31.199073463977445]]],[[[121.29946699861861,31.199346884011486],[121.30326687037409,31.199346884011486],[121.30326687037409,31.199620304045524],[121.29946699861861,31.199620304045524],[121.29946699861861,31.199346884011486]]],[[[121.29946699861861,31.199620304045524],[121.30326687037409,31.199620304045524],[121.30326687037409,31.199893724079562],[121.29946699861861,31.199893724079562],[121.29946699861861,31.199620304045524]]],[[[121.29946699861861,31.199893724079562],[121.30326687037409,31.199893724079562],[121.30326687037409,31.2001671441136],[121.29946699861861,31.2001671441136],[121.29946699861861,31.199893724079562]]],[[[121.29946699861861,31.2001671441136],[121.30297457254674,31.2001671441136],[121.30297457254674,31.200440564147637],[121.29946699861861,31.200440564147637],[121.29946699861861,31.2001671441136]]],[[[121.29946699861861,31.200440564147637],[121.30297457254674,31.200440564147637],[121.30297457254674,31.200713984181675],[121.29946699861861,31.200713984181675],[121.29946699861861,31.200440564147637]]],[[[121.29946699861861,31.200713984181675],[121.30297457254674,31.200713984181675],[121.30297457254674,31.200987404215713],[121.29946699861861,31.200987404215713],[121.29946699861861,31.200713984181675]]],[[[121.29946699861861,31.200987404215713],[121.30297457254674,31.200987404215713],[121.30297457254674,31.20126082424975],[121.29946699861861,31.20126082424975],[121.29946699861861,31.200987404215713]]],[[[121.29946699861861,31.20126082424975],[121.30297457254674,31.20126082424975],[121.30297457254674,31.20153424428379],[121.29946699861861,31.20153424428379],[121.29946699861861,31.20126082424975]]],[[[121.29946699861861,31.201534244283792],[121.3026822747194,31.201534244283792],[121.3026822747194,31.20180766431783],[121.29946699861861,31.20180766431783],[121.29946699861861,31.201534244283792]]],[[[121.29946699861861,31.20180766431783],[121.3026822747194,31.20180766431783],[121.3026822747194,31.202081084351867],[121.29946699861861,31.202081084351867],[121.29946699861861,31.20180766431783]]],[[[121.29946699861861,31.202081084351867],[121.3026822747194,31.202081084351867],[121.3026822747194,31.202354504385905],[121.29946699861861,31.202354504385905],[121.29946699861861,31.202081084351867]]],[[[121.29946699861861,31.202354504385905],[121.3026822747194,31.202354504385905],[121.3026822747194,31.202627924419943],[121.29946699861861,31.202627924419943],[121.29946699861861,31.202354504385905]]],[[[121.29946699861861,31.202627924419943],[121.30034389210064,31.202627924419943],[121.30034389210064,31.20290134445398],[121.29946699861861,31.20290134445398],[121.29946699861861,31.202627924419943]]],[[[121.30122078558267,31.202627924419943],[121.3026822747194,31.202627924419943],[121.3026822747194,31.20290134445398],[121.30122078558267,31.20290134445398],[121.30122078558267,31.202627924419943]]],[[[121.29946699861861,31.20290134445398],[121.3000515942733,31.20290134445398],[121.3000515942733,31.20317476448802],[121.29946699861861,31.20317476448802],[121.29946699861861,31.20290134445398]]],[[[121.30122078558267,31.20290134445398],[121.3026822747194,31.20290134445398],[121.3026822747194,31.20317476448802],[121.30122078558267,31.20317476448802],[121.30122078558267,31.20290134445398]]],[[[121.29946699861861,31.20317476448802],[121.29975929644596,31.20317476448802],[121.29975929644596,31.203448184522056],[121.29946699861861,31.203448184522056],[121.29946699861861,31.20317476448802]]],[[[121.30122078558267,31.20317476448802],[121.3026822747194,31.20317476448802],[121.3026822747194,31.203448184522056],[121.30122078558267,31.203448184522056],[121.30122078558267,31.20317476448802]]],[[[121.30092848775533,31.20344818452206],[121.3026822747194,31.20344818452206],[121.3026822747194,31.203721604556097],[121.30092848775533,31.203721604556097],[121.30092848775533,31.20344818452206]]],[[[121.30063618992799,31.203721604556097],[121.3026822747194,31.203721604556097],[121.3026822747194,31.203995024590135],[121.30063618992799,31.203995024590135],[121.30063618992799,31.203721604556097]]],[[[121.30034389210064,31.203995024590135],[121.3026822747194,31.203995024590135],[121.3026822747194,31.204268444624173],[121.30034389210064,31.204268444624173],[121.30034389210064,31.203995024590135]]],[[[121.3000515942733,31.204268444624173],[121.3026822747194,31.204268444624173],[121.3026822747194,31.20454186465821],[121.3000515942733,31.20454186465821],[121.3000515942733,31.204268444624173]]],[[[121.3000515942733,31.20454186465821],[121.3026822747194,31.20454186465821],[121.3026822747194,31.20481528469225],[121.3000515942733,31.20481528469225],[121.3000515942733,31.20454186465821]]],[[[121.3000515942733,31.20481528469225],[121.3026822747194,31.20481528469225],[121.3026822747194,31.205088704726286],[121.3000515942733,31.205088704726286],[121.3000515942733,31.20481528469225]]],[[[121.3000515942733,31.205088704726286],[121.30238997689206,31.205088704726286],[121.30238997689206,31.205362124760324],[121.3000515942733,31.205362124760324],[121.3000515942733,31.205088704726286]]],[[[121.3000515942733,31.205362124760324],[121.30238997689206,31.205362124760324],[121.30238997689206,31.20563554479436],[121.3000515942733,31.20563554479436],[121.3000515942733,31.205362124760324]]],[[[121.3000515942733,31.205635544794365],[121.30238997689206,31.205635544794365],[121.30238997689206,31.205908964828403],[121.3000515942733,31.205908964828403],[121.3000515942733,31.205635544794365]]],[[[121.3000515942733,31.205908964828403],[121.30238997689206,31.205908964828403],[121.30238997689206,31.20618238486244],[121.3000515942733,31.20618238486244],[121.3000515942733,31.205908964828403]]],[[[121.3000515942733,31.20618238486244],[121.30238997689206,31.20618238486244],[121.30238997689206,31.20645580489648],[121.3000515942733,31.20645580489648],[121.3000515942733,31.20618238486244]]],[[[121.30034389210064,31.20645580489648],[121.30238997689206,31.20645580489648],[121.30238997689206,31.206729224930516],[121.30034389210064,31.206729224930516],[121.30034389210064,31.20645580489648]]],[[[121.30034389210064,31.206729224930516],[121.30238997689206,31.206729224930516],[121.30238997689206,31.207002644964554],[121.30034389210064,31.207002644964554],[121.30034389210064,31.206729224930516]]],[[[121.30063618992799,31.207002644964554],[121.30238997689206,31.207002644964554],[121.30238997689206,31.20727606499859],[121.30063618992799,31.20727606499859],[121.30063618992799,31.207002644964554]]],[[[121.30151308341003,31.20727606499859],[121.30238997689206,31.20727606499859],[121.30238997689206,31.20754948503263],[121.30151308341003,31.20754948503263],[121.30151308341003,31.20727606499859]]],[[[121.30180538123737,31.20754948503263],[121.30238997689206,31.20754948503263],[121.30238997689206,31.207822905066667],[121.30180538123737,31.207822905066667],[121.30180538123737,31.20754948503263]]]]}},{"type":"Feature","properties":{"parcel_id":"hongqiao_hub:parcel:0039","geometry_method":"road_barrier_raster_plus_buildings","functional_type":"residential","dominant_type":"residential","confidence":0.94,"building_count":2,"avg_building_area_m2":606,"centroid_lng":121.318343,"centroid_lat":31.198761,"parcel_area_m2":3365,"safety_clipped":false,"classification_source":"osm_tags+building_morphology+spatial_prior","synthetic_classification":true,"qc_flags":""},"geometry":{"type":"MultiPolygon","coordinates":[[[[121.31700486825927,31.197979783841294],[121.31729716608662,31.197979783841294],[121.31729716608662,31.198253203875332],[121.31700486825927,31.198253203875332],[121.31700486825927,31.197979783841294]]],[[[121.31700486825927,31.198253203875332],[121.31729716608662,31.198253203875332],[121.31729716608662,31.19852662390937],[121.31700486825927,31.19852662390937],[121.31700486825927,31.198253203875332]]],[[[121.31700486825927,31.19852662390937],[121.31729716608662,31.19852662390937],[121.31729716608662,31.198800043943407],[121.31700486825927,31.198800043943407],[121.31700486825927,31.19852662390937]]],[[[121.31700486825927,31.198800043943407],[121.31729716608662,31.198800043943407],[121.31729716608662,31.199073463977445],[121.31700486825927,31.199073463977445],[121.31700486825927,31.198800043943407]]]]}},{"type":"Feature","properties":{"parcel_id":"hongqiao_hub:parcel:0040","geometry_method":"road_barrier_raster_plus_buildings","functional_type":"residential","dominant_type":"residential","confidence":0.81,"building_count":1,"avg_building_area_m2":606,"centroid_lng":121.365236,"centroid_lat":31.200858,"parcel_area_m2":174141,"safety_clipped":false,"classification_source":"osm_tags+building_morphology+spatial_prior","synthetic_classification":true,"qc_flags":""},"geometry":{"type":"MultiPolygon","coordinates":[[[[121.36114184018828,31.198800043943407],[121.36318792497968,31.198800043943407],[121.36318792497968,31.199073463977445],[121.36114184018828,31.199073463977445],[121.36114184018828,31.198800043943407]]],[[[121.36114184018828,31.199073463977445],[121.36494171194376,31.199073463977445],[121.36494171194376,31.199346884011483],[121.36114184018828,31.199346884011483],[121.36114184018828,31.199073463977445]]],[[[121.36114184018828,31.199346884011486],[121.36494171194376,31.199346884011486],[121.36494171194376,31.199620304045524],[121.36114184018828,31.199620304045524],[121.36114184018828,31.199346884011486]]],[[[121.36114184018828,31.199620304045524],[121.36494171194376,31.199620304045524],[121.36494171194376,31.199893724079562],[121.36114184018828,31.199893724079562],[121.36114184018828,31.199620304045524]]],[[[121.36114184018828,31.199893724079562],[121.36494171194376,31.199893724079562],[121.36494171194376,31.2001671441136],[121.36114184018828,31.2001671441136],[121.36114184018828,31.199893724079562]]],[[[121.36114184018828,31.2001671441136],[121.36494171194376,31.2001671441136],[121.36494171194376,31.200440564147637],[121.36114184018828,31.200440564147637],[121.36114184018828,31.2001671441136]]],[[[121.36084954236092,31.200440564147637],[121.36494171194376,31.200440564147637],[121.36494171194376,31.200713984181675],[121.36084954236092,31.200713984181675],[121.36084954236092,31.200440564147637]]],[[[121.36084954236092,31.200713984181675],[121.36464941411641,31.200713984181675],[121.36464941411641,31.200987404215713],[121.36084954236092,31.200987404215713],[121.36084954236092,31.200713984181675]]],[[[121.36084954236092,31.200987404215713],[121.36464941411641,31.200987404215713],[121.36464941411641,31.20126082424975],[121.36084954236092,31.20126082424975],[121.36084954236092,31.200987404215713]]],[[[121.36084954236092,31.20126082424975],[121.36435711628906,31.20126082424975],[121.36435711628906,31.20153424428379],[121.36084954236092,31.20153424428379],[121.36084954236092,31.20126082424975]]],[[[121.36084954236092,31.201534244283792],[121.36435711628906,31.201534244283792],[121.36435711628906,31.20180766431783],[121.36084954236092,31.20180766431783],[121.36084954236092,31.201534244283792]]],[[[121.36084954236092,31.20180766431783],[121.36435711628906,31.20180766431783],[121.36435711628906,31.202081084351867],[121.36084954236092,31.202081084351867],[121.36084954236092,31.20180766431783]]],[[[121.36084954236092,31.202081084351867],[121.36435711628906,31.202081084351867],[121.36435711628906,31.202354504385905],[121.36084954236092,31.202354504385905],[121.36084954236092,31.202081084351867]]],[[[121.36084954236092,31.202354504385905],[121.36406481846171,31.202354504385905],[121.36406481846171,31.202627924419943],[121.36084954236092,31.202627924419943],[121.36084954236092,31.202354504385905]]],[[[121.36055724453358,31.202627924419943],[121.36406481846171,31.202627924419943],[121.36406481846171,31.20290134445398],[121.36055724453358,31.20290134445398],[121.36055724453358,31.202627924419943]]],[[[121.36055724453358,31.20290134445398],[121.36406481846171,31.20290134445398],[121.36406481846171,31.20317476448802],[121.36055724453358,31.20317476448802],[121.36055724453358,31.20290134445398]]],[[[121.36055724453358,31.20317476448802],[121.36318792497968,31.20317476448802],[121.36318792497968,31.203448184522056],[121.36055724453358,31.203448184522056],[121.36055724453358,31.20317476448802]]],[[[121.36055724453358,31.20344818452206],[121.36143413801562,31.20344818452206],[121.36143413801562,31.203721604556097],[121.36055724453358,31.203721604556097],[121.36055724453358,31.20344818452206]]]]}},{"type":"Feature","properties":{"parcel_id":"hongqiao_hub:parcel:0041","geometry_method":"road_barrier_raster_plus_buildings","functional_type":"residential","dominant_type":"residential","confidence":1,"building_count":1,"avg_building_area_m2":606,"centroid_lng":121.303789,"centroid_lat":31.209691,"parcel_area_m2":432409,"safety_clipped":false,"classification_source":"osm_tags+building_morphology+spatial_prior","synthetic_classification":true,"qc_flags":""},"geometry":{"type":"MultiPolygon","coordinates":[[[[121.3073590399569,31.199073463977445],[121.3079436356116,31.199073463977445],[121.3079436356116,31.199346884011483],[121.3073590399569,31.199346884011483],[121.3073590399569,31.199073463977445]]],[[[121.30706674212956,31.199346884011486],[121.3085282312663,31.199346884011486],[121.3085282312663,31.199620304045524],[121.30706674212956,31.199620304045524],[121.30706674212956,31.199346884011486]]],[[[121.3053129551655,31.199620304045524],[121.30911282692098,31.199620304045524],[121.30911282692098,31.199893724079562],[121.3053129551655,31.199893724079562],[121.3053129551655,31.199620304045524]]],[[[121.3053129551655,31.199893724079562],[121.30940512474832,31.199893724079562],[121.30940512474832,31.2001671441136],[121.3053129551655,31.2001671441136],[121.3053129551655,31.199893724079562]]],[[[121.30502065733816,31.2001671441136],[121.30911282692098,31.2001671441136],[121.30911282692098,31.200440564147637],[121.30502065733816,31.200440564147637],[121.30502065733816,31.2001671441136]]],[[[121.30502065733816,31.200440564147637],[121.30911282692098,31.200440564147637],[121.30911282692098,31.200713984181675],[121.30502065733816,31.200713984181675],[121.30502065733816,31.200440564147637]]],[[[121.30502065733816,31.200713984181675],[121.30911282692098,31.200713984181675],[121.30911282692098,31.200987404215713],[121.30502065733816,31.200987404215713],[121.30502065733816,31.200713984181675]]],[[[121.30502065733816,31.200987404215713],[121.30911282692098,31.200987404215713],[121.30911282692098,31.20126082424975],[121.30502065733816,31.20126082424975],[121.30502065733816,31.200987404215713]]],[[[121.30472835951082,31.20126082424975],[121.30911282692098,31.20126082424975],[121.30911282692098,31.20153424428379],[121.30472835951082,31.20153424428379],[121.30472835951082,31.20126082424975]]],[[[121.30472835951082,31.201534244283792],[121.30882052909364,31.201534244283792],[121.30882052909364,31.20180766431783],[121.30472835951082,31.20180766431783],[121.30472835951082,31.201534244283792]]],[[[121.30472835951082,31.20180766431783],[121.30882052909364,31.20180766431783],[121.30882052909364,31.202081084351867],[121.30472835951082,31.202081084351867],[121.30472835951082,31.20180766431783]]],[[[121.30472835951082,31.202081084351867],[121.30882052909364,31.202081084351867],[121.30882052909364,31.202354504385905],[121.30472835951082,31.202354504385905],[121.30472835951082,31.202081084351867]]],[[[121.30472835951082,31.202354504385905],[121.30882052909364,31.202354504385905],[121.30882052909364,31.202627924419943],[121.30472835951082,31.202627924419943],[121.30472835951082,31.202354504385905]]],[[[121.30472835951082,31.202627924419943],[121.30882052909364,31.202627924419943],[121.30882052909364,31.20290134445398],[121.30472835951082,31.20290134445398],[121.30472835951082,31.202627924419943]]],[[[121.30472835951082,31.20290134445398],[121.30882052909364,31.20290134445398],[121.30882052909364,31.20317476448802],[121.30472835951082,31.20317476448802],[121.30472835951082,31.20290134445398]]],[[[121.30443606168346,31.20317476448802],[121.3085282312663,31.20317476448802],[121.3085282312663,31.203448184522056],[121.30443606168346,31.203448184522056],[121.30443606168346,31.20317476448802]]],[[[121.30443606168346,31.20344818452206],[121.3085282312663,31.20344818452206],[121.3085282312663,31.203721604556097],[121.30443606168346,31.203721604556097],[121.30443606168346,31.20344818452206]]],[[[121.30443606168346,31.203721604556097],[121.3085282312663,31.203721604556097],[121.3085282312663,31.203995024590135],[121.30443606168346,31.203995024590135],[121.30443606168346,31.203721604556097]]],[[[121.30443606168346,31.203995024590135],[121.3085282312663,31.203995024590135],[121.3085282312663,31.204268444624173],[121.30443606168346,31.204268444624173],[121.30443606168346,31.203995024590135]]],[[[121.30443606168346,31.204268444624173],[121.30823593343894,31.204268444624173],[121.30823593343894,31.20454186465821],[121.30443606168346,31.20454186465821],[121.30443606168346,31.204268444624173]]],[[[121.30443606168346,31.20454186465821],[121.30823593343894,31.20454186465821],[121.30823593343894,31.20481528469225],[121.30443606168346,31.20481528469225],[121.30443606168346,31.20454186465821]]],[[[121.30443606168346,31.20481528469225],[121.30823593343894,31.20481528469225],[121.30823593343894,31.205088704726286],[121.30443606168346,31.205088704726286],[121.30443606168346,31.20481528469225]]],[[[121.30443606168346,31.205088704726286],[121.30823593343894,31.205088704726286],[121.30823593343894,31.205362124760324],[121.30443606168346,31.205362124760324],[121.30443606168346,31.205088704726286]]],[[[121.30443606168346,31.205362124760324],[121.30823593343894,31.205362124760324],[121.30823593343894,31.20563554479436],[121.30443606168346,31.20563554479436],[121.30443606168346,31.205362124760324]]],[[[121.30443606168346,31.205635544794365],[121.30823593343894,31.205635544794365],[121.30823593343894,31.205908964828403],[121.30443606168346,31.205908964828403],[121.30443606168346,31.205635544794365]]],[[[121.30443606168346,31.205908964828403],[121.30823593343894,31.205908964828403],[121.30823593343894,31.20618238486244],[121.30443606168346,31.20618238486244],[121.30443606168346,31.205908964828403]]],[[[121.30443606168346,31.20618238486244],[121.30823593343894,31.20618238486244],[121.30823593343894,31.20645580489648],[121.30443606168346,31.20645580489648],[121.30443606168346,31.20618238486244]]],[[[121.30443606168346,31.20645580489648],[121.3079436356116,31.20645580489648],[121.3079436356116,31.206729224930516],[121.30443606168346,31.206729224930516],[121.30443606168346,31.20645580489648]]],[[[121.30414376385612,31.206729224930516],[121.3079436356116,31.206729224930516],[121.3079436356116,31.207002644964554],[121.30414376385612,31.207002644964554],[121.30414376385612,31.206729224930516]]],[[[121.30414376385612,31.207002644964554],[121.3079436356116,31.207002644964554],[121.3079436356116,31.20727606499859],[121.30414376385612,31.20727606499859],[121.30414376385612,31.207002644964554]]],[[[121.30414376385612,31.20727606499859],[121.3079436356116,31.20727606499859],[121.3079436356116,31.20754948503263],[121.30414376385612,31.20754948503263],[121.30414376385612,31.20727606499859]]],[[[121.30414376385612,31.20754948503263],[121.30765133778425,31.20754948503263],[121.30765133778425,31.207822905066667],[121.30414376385612,31.207822905066667],[121.30414376385612,31.20754948503263]]],[[[121.30414376385612,31.20782290506667],[121.30765133778425,31.20782290506667],[121.30765133778425,31.20809632510071],[121.30414376385612,31.20809632510071],[121.30414376385612,31.20782290506667]]],[[[121.30414376385612,31.20809632510071],[121.30765133778425,31.20809632510071],[121.30765133778425,31.208369745134746],[121.30414376385612,31.208369745134746],[121.30414376385612,31.20809632510071]]],[[[121.30414376385612,31.208369745134746],[121.30765133778425,31.208369745134746],[121.30765133778425,31.208643165168784],[121.30414376385612,31.208643165168784],[121.30414376385612,31.208369745134746]]],[[[121.30414376385612,31.208643165168784],[121.30765133778425,31.208643165168784],[121.30765133778425,31.20891658520282],[121.30414376385612,31.20891658520282],[121.30414376385612,31.208643165168784]]],[[[121.30414376385612,31.20891658520282],[121.30765133778425,31.20891658520282],[121.30765133778425,31.20919000523686],[121.30414376385612,31.20919000523686],[121.30414376385612,31.20891658520282]]],[[[121.30443606168346,31.20919000523686],[121.3073590399569,31.20919000523686],[121.3073590399569,31.209463425270897],[121.30443606168346,31.209463425270897],[121.30443606168346,31.20919000523686]]],[[[121.30472835951082,31.209463425270897],[121.3073590399569,31.209463425270897],[121.3073590399569,31.209736845304935],[121.30472835951082,31.209736845304935],[121.30472835951082,31.209463425270897]]],[[[121.3053129551655,31.20973684530494],[121.3073590399569,31.20973684530494],[121.3073590399569,31.210010265338976],[121.3053129551655,31.210010265338976],[121.3053129551655,31.20973684530494]]],[[[121.30560525299285,31.210010265338976],[121.3073590399569,31.210010265338976],[121.3073590399569,31.210283685373014],[121.30560525299285,31.210283685373014],[121.30560525299285,31.210010265338976]]],[[[121.30589755082019,31.210283685373014],[121.3073590399569,31.210283685373014],[121.3073590399569,31.21055710540705],[121.30589755082019,31.21055710540705],[121.30589755082019,31.210283685373014]]],[[[121.30618984864753,31.21055710540705],[121.3073590399569,31.21055710540705],[121.3073590399569,31.21083052544109],[121.30618984864753,31.21083052544109],[121.30618984864753,31.21055710540705]]],[[[121.30677444430222,31.21083052544109],[121.30706674212956,31.21083052544109],[121.30706674212956,31.211103945475127],[121.30677444430222,31.211103945475127],[121.30677444430222,31.21083052544109]]]]}},{"type":"Feature","properties":{"parcel_id":"hongqiao_hub:parcel:0042","geometry_method":"road_barrier_raster_plus_buildings","functional_type":"residential","dominant_type":"residential","confidence":1,"building_count":1,"avg_building_area_m2":606,"centroid_lng":121.319121,"centroid_lat":31.205076,"parcel_area_m2":111888,"safety_clipped":false,"classification_source":"osm_tags+building_morphology+spatial_prior","synthetic_classification":true,"qc_flags":""},"geometry":{"type":"MultiPolygon","coordinates":[[[[121.31934325087803,31.201534244283792],[121.32022014436006,31.201534244283792],[121.32022014436006,31.20180766431783],[121.31934325087803,31.20180766431783],[121.31934325087803,31.201534244283792]]],[[[121.31963554870538,31.20180766431783],[121.32138933566944,31.20180766431783],[121.32138933566944,31.202081084351867],[121.31963554870538,31.202081084351867],[121.31963554870538,31.20180766431783]]],[[[121.31963554870538,31.202081084351867],[121.32138933566944,31.202081084351867],[121.32138933566944,31.202354504385905],[121.31963554870538,31.202354504385905],[121.31963554870538,31.202081084351867]]],[[[121.31963554870538,31.202354504385905],[121.32138933566944,31.202354504385905],[121.32138933566944,31.202627924419943],[121.31963554870538,31.202627924419943],[121.31963554870538,31.202354504385905]]],[[[121.31963554870538,31.202627924419943],[121.32138933566944,31.202627924419943],[121.32138933566944,31.20290134445398],[121.31963554870538,31.20290134445398],[121.31963554870538,31.202627924419943]]],[[[121.31963554870538,31.20290134445398],[121.32138933566944,31.20290134445398],[121.32138933566944,31.20317476448802],[121.31963554870538,31.20317476448802],[121.31963554870538,31.20290134445398]]],[[[121.31963554870538,31.20317476448802],[121.3210970378421,31.20317476448802],[121.3210970378421,31.203448184522056],[121.31963554870538,31.203448184522056],[121.31963554870538,31.20317476448802]]],[[[121.31963554870538,31.20344818452206],[121.3210970378421,31.20344818452206],[121.3210970378421,31.203721604556097],[121.31963554870538,31.203721604556097],[121.31963554870538,31.20344818452206]]],[[[121.31963554870538,31.203721604556097],[121.3210970378421,31.203721604556097],[121.3210970378421,31.203995024590135],[121.31963554870538,31.203995024590135],[121.31963554870538,31.203721604556097]]],[[[121.31963554870538,31.203995024590135],[121.3210970378421,31.203995024590135],[121.3210970378421,31.204268444624173],[121.31963554870538,31.204268444624173],[121.31963554870538,31.203995024590135]]],[[[121.31963554870538,31.204268444624173],[121.3210970378421,31.204268444624173],[121.3210970378421,31.20454186465821],[121.31963554870538,31.20454186465821],[121.31963554870538,31.204268444624173]]],[[[121.31963554870538,31.20454186465821],[121.3210970378421,31.20454186465821],[121.3210970378421,31.20481528469225],[121.31963554870538,31.20481528469225],[121.31963554870538,31.20454186465821]]],[[[121.31963554870538,31.20481528469225],[121.32080474001475,31.20481528469225],[121.32080474001475,31.205088704726286],[121.31963554870538,31.205088704726286],[121.31963554870538,31.20481528469225]]],[[[121.31963554870538,31.205088704726286],[121.32080474001475,31.205088704726286],[121.32080474001475,31.205362124760324],[121.31963554870538,31.205362124760324],[121.31963554870538,31.205088704726286]]],[[[121.31963554870538,31.205362124760324],[121.32080474001475,31.205362124760324],[121.32080474001475,31.20563554479436],[121.31963554870538,31.20563554479436],[121.31963554870538,31.205362124760324]]],[[[121.31963554870538,31.205635544794365],[121.32080474001475,31.205635544794365],[121.32080474001475,31.205908964828403],[121.31963554870538,31.205908964828403],[121.31963554870538,31.205635544794365]]],[[[121.31963554870538,31.205908964828403],[121.32080474001475,31.205908964828403],[121.32080474001475,31.20618238486244],[121.31963554870538,31.20618238486244],[121.31963554870538,31.205908964828403]]],[[[121.31963554870538,31.20618238486244],[121.32080474001475,31.20618238486244],[121.32080474001475,31.20645580489648],[121.31963554870538,31.20645580489648],[121.31963554870538,31.20618238486244]]],[[[121.31963554870538,31.20645580489648],[121.32080474001475,31.20645580489648],[121.32080474001475,31.206729224930516],[121.31963554870538,31.206729224930516],[121.31963554870538,31.20645580489648]]],[[[121.31963554870538,31.206729224930516],[121.32080474001475,31.206729224930516],[121.32080474001475,31.207002644964554],[121.31963554870538,31.207002644964554],[121.31963554870538,31.206729224930516]]],[[[121.31963554870538,31.207002644964554],[121.32080474001475,31.207002644964554],[121.32080474001475,31.20727606499859],[121.31963554870538,31.20727606499859],[121.31963554870538,31.207002644964554]]],[[[121.31963554870538,31.20727606499859],[121.32080474001475,31.20727606499859],[121.32080474001475,31.20754948503263],[121.31963554870538,31.20754948503263],[121.31963554870538,31.20727606499859]]],[[[121.31963554870538,31.20754948503263],[121.32080474001475,31.20754948503263],[121.32080474001475,31.207822905066667],[121.31963554870538,31.207822905066667],[121.31963554870538,31.20754948503263]]],[[[121.31963554870538,31.20782290506667],[121.32080474001475,31.20782290506667],[121.32080474001475,31.20809632510071],[121.31963554870538,31.20809632510071],[121.31963554870538,31.20782290506667]]],[[[121.31963554870538,31.20809632510071],[121.32080474001475,31.20809632510071],[121.32080474001475,31.208369745134746],[121.31963554870538,31.208369745134746],[121.31963554870538,31.20809632510071]]],[[[121.31963554870538,31.208369745134746],[121.32080474001475,31.208369745134746],[121.32080474001475,31.208643165168784],[121.31963554870538,31.208643165168784],[121.31963554870538,31.208369745134746]]],[[[121.31963554870538,31.208643165168784],[121.32080474001475,31.208643165168784],[121.32080474001475,31.20891658520282],[121.31963554870538,31.20891658520282],[121.31963554870538,31.208643165168784]]],[[[121.31963554870538,31.20891658520282],[121.32080474001475,31.20891658520282],[121.32080474001475,31.20919000523686],[121.31963554870538,31.20919000523686],[121.31963554870538,31.20891658520282]]],[[[121.31934325087803,31.20919000523686],[121.32080474001475,31.20919000523686],[121.32080474001475,31.209463425270897],[121.31934325087803,31.209463425270897],[121.31934325087803,31.20919000523686]]],[[[121.32051244218741,31.209463425270897],[121.32080474001475,31.209463425270897],[121.32080474001475,31.209736845304935],[121.32051244218741,31.209736845304935],[121.32051244218741,31.209463425270897]]]]}},{"type":"Feature","properties":{"parcel_id":"hongqiao_hub:parcel:0043","geometry_method":"road_barrier_raster_plus_buildings","functional_type":"residential","dominant_type":"residential","confidence":1,"building_count":1,"avg_building_area_m2":606,"centroid_lng":121.326597,"centroid_lat":31.204621,"parcel_area_m2":14301,"safety_clipped":false,"classification_source":"osm_tags+building_morphology+spatial_prior","synthetic_classification":true,"qc_flags":""},"geometry":{"type":"MultiPolygon","coordinates":[[[[121.32518920742491,31.202081084351867],[121.32548150525226,31.202081084351867],[121.32548150525226,31.202354504385905],[121.32518920742491,31.202354504385905],[121.32518920742491,31.202081084351867]]],[[[121.32518920742491,31.202354504385905],[121.32577380307961,31.202354504385905],[121.32577380307961,31.202627924419943],[121.32518920742491,31.202627924419943],[121.32518920742491,31.202354504385905]]],[[[121.32518920742491,31.202627924419943],[121.32577380307961,31.202627924419943],[121.32577380307961,31.20290134445398],[121.32518920742491,31.20290134445398],[121.32518920742491,31.202627924419943]]],[[[121.32518920742491,31.20290134445398],[121.32577380307961,31.20290134445398],[121.32577380307961,31.20317476448802],[121.32518920742491,31.20317476448802],[121.32518920742491,31.20290134445398]]],[[[121.32518920742491,31.20317476448802],[121.32577380307961,31.20317476448802],[121.32577380307961,31.203448184522056],[121.32518920742491,31.203448184522056],[121.32518920742491,31.20317476448802]]],[[[121.32518920742491,31.20344818452206],[121.32577380307961,31.20344818452206],[121.32577380307961,31.203721604556097],[121.32518920742491,31.203721604556097],[121.32518920742491,31.20344818452206]]],[[[121.32518920742491,31.203721604556097],[121.32577380307961,31.203721604556097],[121.32577380307961,31.203995024590135],[121.32518920742491,31.203995024590135],[121.32518920742491,31.203721604556097]]],[[[121.32518920742491,31.203995024590135],[121.32577380307961,31.203995024590135],[121.32577380307961,31.204268444624173],[121.32518920742491,31.204268444624173],[121.32518920742491,31.203995024590135]]],[[[121.32518920742491,31.204268444624173],[121.32577380307961,31.204268444624173],[121.32577380307961,31.20454186465821],[121.32518920742491,31.20454186465821],[121.32518920742491,31.204268444624173]]]]}},{"type":"Feature","properties":{"parcel_id":"hongqiao_hub:parcel:0044","geometry_method":"road_barrier_raster_plus_buildings","functional_type":"residential","dominant_type":"residential","confidence":1,"building_count":1,"avg_building_area_m2":606,"centroid_lng":121.313223,"centroid_lat":31.206727,"parcel_area_m2":25238,"safety_clipped":false,"classification_source":"osm_tags+building_morphology+spatial_prior","synthetic_classification":true,"qc_flags":""},"geometry":{"type":"MultiPolygon","coordinates":[[[[121.31378959215849,31.20481528469225],[121.31408188998583,31.20481528469225],[121.31408188998583,31.205088704726286],[121.31378959215849,31.205088704726286],[121.31378959215849,31.20481528469225]]],[[[121.31378959215849,31.205088704726286],[121.31554337912256,31.205088704726286],[121.31554337912256,31.205362124760324],[121.31378959215849,31.205362124760324],[121.31378959215849,31.205088704726286]]],[[[121.31378959215849,31.205362124760324],[121.31554337912256,31.205362124760324],[121.31554337912256,31.20563554479436],[121.31378959215849,31.20563554479436],[121.31378959215849,31.205362124760324]]],[[[121.31378959215849,31.205635544794365],[121.31554337912256,31.205635544794365],[121.31554337912256,31.205908964828403],[121.31378959215849,31.205908964828403],[121.31378959215849,31.205635544794365]]],[[[121.31378959215849,31.205908964828403],[121.31554337912256,31.205908964828403],[121.31554337912256,31.20618238486244],[121.31378959215849,31.20618238486244],[121.31378959215849,31.205908964828403]]],[[[121.31408188998583,31.20618238486244],[121.31554337912256,31.20618238486244],[121.31554337912256,31.20645580489648],[121.31408188998583,31.20645580489648],[121.31408188998583,31.20618238486244]]]]}},{"type":"Feature","properties":{"parcel_id":"hongqiao_hub:parcel:0045","geometry_method":"road_barrier_raster_plus_buildings","functional_type":"residential","dominant_type":"residential","confidence":1,"building_count":2,"avg_building_area_m2":606,"centroid_lng":121.34762,"centroid_lat":31.21031,"parcel_area_m2":39539,"safety_clipped":false,"classification_source":"osm_tags+building_morphology+spatial_prior","synthetic_classification":true,"qc_flags":""},"geometry":{"type":"MultiPolygon","coordinates":[[[[121.34535775751168,31.208369745134746],[121.34769614013044,31.208369745134746],[121.34769614013044,31.208643165168784],[121.34535775751168,31.208643165168784],[121.34535775751168,31.208369745134746]]],[[[121.34535775751168,31.208643165168784],[121.34769614013044,31.208643165168784],[121.34769614013044,31.20891658520282],[121.34535775751168,31.20891658520282],[121.34535775751168,31.208643165168784]]],[[[121.34535775751168,31.20891658520282],[121.34769614013044,31.20891658520282],[121.34769614013044,31.20919000523686],[121.34535775751168,31.20919000523686],[121.34535775751168,31.20891658520282]]],[[[121.34535775751168,31.20919000523686],[121.3474038423031,31.20919000523686],[121.3474038423031,31.209463425270897],[121.34535775751168,31.209463425270897],[121.34535775751168,31.20919000523686]]],[[[121.34535775751168,31.209463425270897],[121.3474038423031,31.209463425270897],[121.3474038423031,31.209736845304935],[121.34535775751168,31.209736845304935],[121.34535775751168,31.209463425270897]]],[[[121.34535775751168,31.20973684530494],[121.34681924664841,31.20973684530494],[121.34681924664841,31.210010265338976],[121.34535775751168,31.210010265338976],[121.34535775751168,31.20973684530494]]],[[[121.34535775751168,31.210010265338976],[121.34623465099371,31.210010265338976],[121.34623465099371,31.210283685373014],[121.34535775751168,31.210283685373014],[121.34535775751168,31.210010265338976]]],[[[121.34535775751168,31.210283685373014],[121.34565005533902,31.210283685373014],[121.34565005533902,31.21055710540705],[121.34535775751168,31.21055710540705],[121.34535775751168,31.210283685373014]]]]}},{"type":"Feature","properties":{"parcel_id":"hongqiao_hub:parcel:0046","geometry_method":"road_barrier_raster_plus_buildings","functional_type":"residential","dominant_type":"residential","confidence":1,"building_count":1,"avg_building_area_m2":606,"centroid_lng":121.307391,"centroid_lat":31.212244,"parcel_area_m2":153110,"safety_clipped":false,"classification_source":"osm_tags+building_morphology+spatial_prior","synthetic_classification":true,"qc_flags":""},"geometry":{"type":"MultiPolygon","coordinates":[[[[121.3085282312663,31.20891658520282],[121.30940512474832,31.20891658520282],[121.30940512474832,31.20919000523686],[121.3085282312663,31.20919000523686],[121.3085282312663,31.20891658520282]]],[[[121.3085282312663,31.20919000523686],[121.31115891171238,31.20919000523686],[121.31115891171238,31.209463425270897],[121.3085282312663,31.209463425270897],[121.3085282312663,31.20919000523686]]],[[[121.3085282312663,31.209463425270897],[121.31203580519443,31.209463425270897],[121.31203580519443,31.209736845304935],[121.3085282312663,31.209736845304935],[121.3085282312663,31.209463425270897]]],[[[121.3085282312663,31.20973684530494],[121.31203580519443,31.20973684530494],[121.31203580519443,31.210010265338976],[121.3085282312663,31.210010265338976],[121.3085282312663,31.20973684530494]]],[[[121.30823593343894,31.210010265338976],[121.31203580519443,31.210010265338976],[121.31203580519443,31.210283685373014],[121.30823593343894,31.210283685373014],[121.30823593343894,31.210010265338976]]],[[[121.30823593343894,31.210283685373014],[121.31203580519443,31.210283685373014],[121.31203580519443,31.21055710540705],[121.30823593343894,31.21055710540705],[121.30823593343894,31.210283685373014]]],[[[121.30823593343894,31.21055710540705],[121.31203580519443,31.21055710540705],[121.31203580519443,31.21083052544109],[121.30823593343894,31.21083052544109],[121.30823593343894,31.21055710540705]]],[[[121.30823593343894,31.21083052544109],[121.31203580519443,31.21083052544109],[121.31203580519443,31.211103945475127],[121.30823593343894,31.211103945475127],[121.30823593343894,31.21083052544109]]],[[[121.30823593343894,31.211103945475127],[121.31203580519443,31.211103945475127],[121.31203580519443,31.211377365509165],[121.30823593343894,31.211377365509165],[121.30823593343894,31.211103945475127]]],[[[121.3079436356116,31.211377365509165],[121.31203580519443,31.211377365509165],[121.31203580519443,31.211650785543203],[121.3079436356116,31.211650785543203],[121.3079436356116,31.211377365509165]]],[[[121.3079436356116,31.211650785543203],[121.31174350736708,31.211650785543203],[121.31174350736708,31.21192420557724],[121.3079436356116,31.21192420557724],[121.3079436356116,31.211650785543203]]],[[[121.3079436356116,31.211924205577244],[121.31174350736708,31.211924205577244],[121.31174350736708,31.21219762561128],[121.3079436356116,31.21219762561128],[121.3079436356116,31.211924205577244]]],[[[121.3085282312663,31.21219762561128],[121.31174350736708,31.21219762561128],[121.31174350736708,31.21247104564532],[121.3085282312663,31.21247104564532],[121.3085282312663,31.21219762561128]]],[[[121.30882052909364,31.21247104564532],[121.31174350736708,31.21247104564532],[121.31174350736708,31.212744465679357],[121.30882052909364,31.212744465679357],[121.30882052909364,31.21247104564532]]],[[[121.30911282692098,31.212744465679357],[121.31145120953973,31.212744465679357],[121.31145120953973,31.213017885713395],[121.30911282692098,31.213017885713395],[121.30911282692098,31.212744465679357]]],[[[121.30969742257567,31.213017885713395],[121.31145120953973,31.213017885713395],[121.31145120953973,31.213291305747433],[121.30969742257567,31.213291305747433],[121.30969742257567,31.213017885713395]]],[[[121.31028201823035,31.213291305747433],[121.31145120953973,31.213291305747433],[121.31145120953973,31.21356472578147],[121.31028201823035,31.21356472578147],[121.31028201823035,31.213291305747433]]],[[[121.31086661388504,31.21356472578147],[121.31145120953973,31.21356472578147],[121.31145120953973,31.213838145815508],[121.31086661388504,31.213838145815508],[121.31086661388504,31.21356472578147]]]]}},{"type":"Feature","properties":{"parcel_id":"hongqiao_hub:parcel:0047","geometry_method":"road_barrier_raster_plus_buildings","functional_type":"residential","dominant_type":"residential","confidence":1,"building_count":1,"avg_building_area_m2":606,"centroid_lng":121.368778,"centroid_lat":31.209595,"parcel_area_m2":26920,"safety_clipped":false,"classification_source":"osm_tags+building_morphology+spatial_prior","synthetic_classification":true,"qc_flags":""},"geometry":{"type":"MultiPolygon","coordinates":[[[[121.36611090325313,31.20891658520282],[121.36815698804455,31.20891658520282],[121.36815698804455,31.20919000523686],[121.36611090325313,31.20919000523686],[121.36611090325313,31.20891658520282]]],[[[121.36581860542579,31.20919000523686],[121.36815698804455,31.20919000523686],[121.36815698804455,31.209463425270897],[121.36581860542579,31.209463425270897],[121.36581860542579,31.20919000523686]]],[[[121.36581860542579,31.209463425270897],[121.3678646902172,31.209463425270897],[121.3678646902172,31.209736845304935],[121.36581860542579,31.209736845304935],[121.36581860542579,31.209463425270897]]],[[[121.36581860542579,31.20973684530494],[121.3678646902172,31.20973684530494],[121.3678646902172,31.210010265338976],[121.36581860542579,31.210010265338976],[121.36581860542579,31.20973684530494]]],[[[121.36552630759844,31.210010265338976],[121.36640320108047,31.210010265338976],[121.36640320108047,31.210283685373014],[121.36552630759844,31.210283685373014],[121.36552630759844,31.210010265338976]]]]}},{"type":"Feature","properties":{"parcel_id":"hongqiao_hub:parcel:0048","geometry_method":"road_barrier_raster_plus_buildings","functional_type":"mixed","dominant_type":"residential","confidence":0.49,"building_count":3,"avg_building_area_m2":606,"centroid_lng":121.349995,"centroid_lat":31.217002,"parcel_area_m2":334822,"safety_clipped":false,"classification_source":"osm_tags+building_morphology+spatial_prior","synthetic_classification":true,"qc_flags":"low_confidence"},"geometry":{"type":"MultiPolygon","coordinates":[[[[121.35061911840388,31.210010265338976],[121.35266520319529,31.210010265338976],[121.35266520319529,31.210283685373014],[121.35061911840388,31.210283685373014],[121.35061911840388,31.210010265338976]]],[[[121.34915762926715,31.210283685373014],[121.35237290536794,31.210283685373014],[121.35237290536794,31.21055710540705],[121.34915762926715,31.21055710540705],[121.34915762926715,31.210283685373014]]],[[[121.34828073578512,31.21055710540705],[121.35237290536794,31.21055710540705],[121.35237290536794,31.21083052544109],[121.34828073578512,31.21083052544109],[121.34828073578512,31.21055710540705]]],[[[121.34828073578512,31.21083052544109],[121.35237290536794,31.21083052544109],[121.35237290536794,31.211103945475127],[121.34828073578512,31.211103945475127],[121.34828073578512,31.21083052544109]]],[[[121.34828073578512,31.211103945475127],[121.35237290536794,31.211103945475127],[121.35237290536794,31.211377365509165],[121.34828073578512,31.211377365509165],[121.34828073578512,31.211103945475127]]],[[[121.34828073578512,31.211377365509165],[121.35237290536794,31.211377365509165],[121.35237290536794,31.211650785543203],[121.34828073578512,31.211650785543203],[121.34828073578512,31.211377365509165]]],[[[121.34828073578512,31.211650785543203],[121.3520806075406,31.211650785543203],[121.3520806075406,31.21192420557724],[121.34828073578512,31.21192420557724],[121.34828073578512,31.211650785543203]]],[[[121.34828073578512,31.211924205577244],[121.3520806075406,31.211924205577244],[121.3520806075406,31.21219762561128],[121.34828073578512,31.21219762561128],[121.34828073578512,31.211924205577244]]],[[[121.34828073578512,31.21219762561128],[121.3520806075406,31.21219762561128],[121.3520806075406,31.21247104564532],[121.34828073578512,31.21247104564532],[121.34828073578512,31.21219762561128]]],[[[121.34828073578512,31.21247104564532],[121.35178830971326,31.21247104564532],[121.35178830971326,31.212744465679357],[121.34828073578512,31.212744465679357],[121.34828073578512,31.21247104564532]]],[[[121.34828073578512,31.212744465679357],[121.35178830971326,31.212744465679357],[121.35178830971326,31.213017885713395],[121.34828073578512,31.213017885713395],[121.34828073578512,31.212744465679357]]],[[[121.34798843795778,31.213017885713395],[121.35149601188591,31.213017885713395],[121.35149601188591,31.213291305747433],[121.34798843795778,31.213291305747433],[121.34798843795778,31.213017885713395]]],[[[121.34798843795778,31.213291305747433],[121.35149601188591,31.213291305747433],[121.35149601188591,31.21356472578147],[121.34798843795778,31.21356472578147],[121.34798843795778,31.213291305747433]]],[[[121.34798843795778,31.21356472578147],[121.35149601188591,31.21356472578147],[121.35149601188591,31.213838145815508],[121.34798843795778,31.213838145815508],[121.34798843795778,31.21356472578147]]],[[[121.34798843795778,31.21383814581551],[121.35149601188591,31.21383814581551],[121.35149601188591,31.21411156584955],[121.34798843795778,31.21411156584955],[121.34798843795778,31.21383814581551]]],[[[121.35061911840388,31.21411156584955],[121.35149601188591,31.21411156584955],[121.35149601188591,31.214384985883587],[121.35061911840388,31.214384985883587],[121.35061911840388,31.21411156584955]]],[[[121.35061911840388,31.214384985883587],[121.35120371405857,31.214384985883587],[121.35120371405857,31.214658405917625],[121.35061911840388,31.214658405917625],[121.35061911840388,31.214384985883587]]],[[[121.35061911840388,31.214658405917625],[121.35091141623123,31.214658405917625],[121.35091141623123,31.214931825951663],[121.35061911840388,31.214931825951663],[121.35061911840388,31.214658405917625]]],[[[121.3474038423031,31.214931825951663],[121.35091141623123,31.214931825951663],[121.35091141623123,31.2152052459857],[121.3474038423031,31.2152052459857],[121.3474038423031,31.214931825951663]]],[[[121.34623465099371,31.2152052459857],[121.35061911840388,31.2152052459857],[121.35061911840388,31.215478666019738],[121.34623465099371,31.215478666019738],[121.34623465099371,31.2152052459857]]],[[[121.34535775751168,31.215478666019738],[121.35061911840388,31.215478666019738],[121.35061911840388,31.215752086053776],[121.34535775751168,31.215752086053776],[121.34535775751168,31.215478666019738]]],[[[121.34477316185699,31.215752086053776],[121.35032682057653,31.215752086053776],[121.35032682057653,31.216025506087814],[121.34477316185699,31.216025506087814],[121.34477316185699,31.215752086053776]]],[[[121.34477316185699,31.216025506087817],[121.35003452274918,31.216025506087817],[121.35003452274918,31.216298926121855],[121.34477316185699,31.216298926121855],[121.34477316185699,31.216025506087817]]],[[[121.34477316185699,31.216298926121855],[121.35003452274918,31.216298926121855],[121.35003452274918,31.216572346155893],[121.34477316185699,31.216572346155893],[121.34477316185699,31.216298926121855]]],[[[121.34477316185699,31.216572346155893],[121.34974222492184,31.216572346155893],[121.34974222492184,31.21684576618993],[121.34477316185699,31.21684576618993],[121.34477316185699,31.216572346155893]]],[[[121.34477316185699,31.21684576618993],[121.34974222492184,31.21684576618993],[121.34974222492184,31.217119186223968],[121.34477316185699,31.217119186223968],[121.34477316185699,31.21684576618993]]],[[[121.34477316185699,31.217119186223968],[121.3494499270945,31.217119186223968],[121.3494499270945,31.217392606258006],[121.34477316185699,31.217392606258006],[121.34477316185699,31.217119186223968]]],[[[121.34477316185699,31.217392606258006],[121.3494499270945,31.217392606258006],[121.3494499270945,31.217666026292044],[121.34477316185699,31.217666026292044],[121.34477316185699,31.217392606258006]]],[[[121.34448086402965,31.217666026292044],[121.34915762926715,31.217666026292044],[121.34915762926715,31.21793944632608],[121.34448086402965,31.21793944632608],[121.34448086402965,31.217666026292044]]],[[[121.34448086402965,31.21793944632608],[121.3474038423031,31.21793944632608],[121.3474038423031,31.21821286636012],[121.34448086402965,31.21821286636012],[121.34448086402965,31.21793944632608]]],[[[121.34448086402965,31.218212866360123],[121.34711154447575,31.218212866360123],[121.34711154447575,31.21848628639416],[121.34448086402965,31.21848628639416],[121.34448086402965,31.218212866360123]]],[[[121.34448086402965,31.21848628639416],[121.34594235316636,31.21848628639416],[121.34594235316636,31.218759706428198],[121.34448086402965,31.218759706428198],[121.34448086402965,31.21848628639416]]],[[[121.34448086402965,31.218759706428198],[121.34477316185699,31.218759706428198],[121.34477316185699,31.219033126462236],[121.34448086402965,31.219033126462236],[121.34448086402965,31.218759706428198]]]]}},{"type":"Feature","properties":{"parcel_id":"hongqiao_hub:parcel:0049","geometry_method":"road_barrier_raster_plus_buildings","functional_type":"residential","dominant_type":"residential","confidence":0.94,"building_count":2,"avg_building_area_m2":606,"centroid_lng":121.304428,"centroid_lat":31.217503,"parcel_area_m2":292759,"safety_clipped":false,"classification_source":"osm_tags+building_morphology+spatial_prior","synthetic_classification":true,"qc_flags":""},"geometry":{"type":"MultiPolygon","coordinates":[[[[121.30414376385612,31.21055710540705],[121.30443606168346,31.21055710540705],[121.30443606168346,31.21083052544109],[121.30414376385612,31.21083052544109],[121.30414376385612,31.21055710540705]]],[[[121.30414376385612,31.21083052544109],[121.30472835951082,31.21083052544109],[121.30472835951082,31.211103945475127],[121.30414376385612,31.211103945475127],[121.30414376385612,31.21083052544109]]],[[[121.30414376385612,31.211103945475127],[121.30502065733816,31.211103945475127],[121.30502065733816,31.211377365509165],[121.30414376385612,31.211377365509165],[121.30414376385612,31.211103945475127]]],[[[121.30414376385612,31.211377365509165],[121.30560525299285,31.211377365509165],[121.30560525299285,31.211650785543203],[121.30414376385612,31.211650785543203],[121.30414376385612,31.211377365509165]]],[[[121.30414376385612,31.211650785543203],[121.30589755082019,31.211650785543203],[121.30589755082019,31.21192420557724],[121.30414376385612,31.21192420557724],[121.30414376385612,31.211650785543203]]],[[[121.30385146602877,31.211924205577244],[121.30618984864753,31.211924205577244],[121.30618984864753,31.21219762561128],[121.30385146602877,31.21219762561128],[121.30385146602877,31.211924205577244]]],[[[121.30385146602877,31.21219762561128],[121.30648214647488,31.21219762561128],[121.30648214647488,31.21247104564532],[121.30385146602877,31.21247104564532],[121.30385146602877,31.21219762561128]]],[[[121.30385146602877,31.21247104564532],[121.30677444430222,31.21247104564532],[121.30677444430222,31.212744465679357],[121.30385146602877,31.212744465679357],[121.30385146602877,31.21247104564532]]],[[[121.30385146602877,31.212744465679357],[121.30706674212956,31.212744465679357],[121.30706674212956,31.213017885713395],[121.30385146602877,31.213017885713395],[121.30385146602877,31.212744465679357]]],[[[121.30385146602877,31.213017885713395],[121.30765133778425,31.213017885713395],[121.30765133778425,31.213291305747433],[121.30385146602877,31.213291305747433],[121.30385146602877,31.213017885713395]]],[[[121.30385146602877,31.213291305747433],[121.3079436356116,31.213291305747433],[121.3079436356116,31.21356472578147],[121.30385146602877,31.21356472578147],[121.30385146602877,31.213291305747433]]],[[[121.30385146602877,31.21356472578147],[121.30823593343894,31.21356472578147],[121.30823593343894,31.213838145815508],[121.30385146602877,31.213838145815508],[121.30385146602877,31.21356472578147]]],[[[121.30385146602877,31.21383814581551],[121.30882052909364,31.21383814581551],[121.30882052909364,31.21411156584955],[121.30385146602877,31.21411156584955],[121.30385146602877,31.21383814581551]]],[[[121.30385146602877,31.21411156584955],[121.30940512474832,31.21411156584955],[121.30940512474832,31.214384985883587],[121.30385146602877,31.214384985883587],[121.30385146602877,31.21411156584955]]],[[[121.30385146602877,31.214384985883587],[121.30998972040301,31.214384985883587],[121.30998972040301,31.214658405917625],[121.30385146602877,31.214658405917625],[121.30385146602877,31.214384985883587]]],[[[121.30385146602877,31.214658405917625],[121.3105743160577,31.214658405917625],[121.3105743160577,31.214931825951663],[121.30385146602877,31.214931825951663],[121.30385146602877,31.214658405917625]]],[[[121.30385146602877,31.214931825951663],[121.31115891171238,31.214931825951663],[121.31115891171238,31.2152052459857],[121.30385146602877,31.2152052459857],[121.30385146602877,31.214931825951663]]],[[[121.30385146602877,31.2152052459857],[121.31115891171238,31.2152052459857],[121.31115891171238,31.215478666019738],[121.30385146602877,31.215478666019738],[121.30385146602877,31.2152052459857]]],[[[121.30385146602877,31.215478666019738],[121.31115891171238,31.215478666019738],[121.31115891171238,31.215752086053776],[121.30385146602877,31.215752086053776],[121.30385146602877,31.215478666019738]]],[[[121.30385146602877,31.215752086053776],[121.31115891171238,31.215752086053776],[121.31115891171238,31.216025506087814],[121.30385146602877,31.216025506087814],[121.30385146602877,31.215752086053776]]],[[[121.30385146602877,31.216025506087817],[121.31115891171238,31.216025506087817],[121.31115891171238,31.216298926121855],[121.30385146602877,31.216298926121855],[121.30385146602877,31.216025506087817]]],[[[121.30414376385612,31.216298926121855],[121.31086661388504,31.216298926121855],[121.31086661388504,31.216572346155893],[121.30414376385612,31.216572346155893],[121.30414376385612,31.216298926121855]]],[[[121.30414376385612,31.216572346155893],[121.31086661388504,31.216572346155893],[121.31086661388504,31.21684576618993],[121.30414376385612,31.21684576618993],[121.30414376385612,31.216572346155893]]]]}},{"type":"Feature","properties":{"parcel_id":"hongqiao_hub:parcel:0050","geometry_method":"road_barrier_raster_plus_buildings","functional_type":"office","dominant_type":"office","confidence":0.89,"building_count":1,"avg_building_area_m2":606,"centroid_lng":121.327455,"centroid_lat":31.215687,"parcel_area_m2":82444,"safety_clipped":false,"classification_source":"osm_tags+building_morphology+spatial_prior","synthetic_classification":true,"qc_flags":""},"geometry":{"type":"MultiPolygon","coordinates":[[[[121.32489690959757,31.211103945475127],[121.32518920742491,31.211103945475127],[121.32518920742491,31.211377365509165],[121.32489690959757,31.211377365509165],[121.32489690959757,31.211103945475127]]],[[[121.32489690959757,31.211377365509165],[121.3263583987343,31.211377365509165],[121.3263583987343,31.211650785543203],[121.32489690959757,31.211650785543203],[121.32489690959757,31.211377365509165]]],[[[121.32489690959757,31.211650785543203],[121.3263583987343,31.211650785543203],[121.3263583987343,31.21192420557724],[121.32489690959757,31.21192420557724],[121.32489690959757,31.211650785543203]]],[[[121.32489690959757,31.211924205577244],[121.3263583987343,31.211924205577244],[121.3263583987343,31.21219762561128],[121.32489690959757,31.21219762561128],[121.32489690959757,31.211924205577244]]],[[[121.32489690959757,31.21219762561128],[121.3263583987343,31.21219762561128],[121.3263583987343,31.21247104564532],[121.32489690959757,31.21247104564532],[121.32489690959757,31.21219762561128]]],[[[121.32489690959757,31.21247104564532],[121.3263583987343,31.21247104564532],[121.3263583987343,31.212744465679357],[121.32489690959757,31.212744465679357],[121.32489690959757,31.21247104564532]]],[[[121.32460461177023,31.212744465679357],[121.3263583987343,31.212744465679357],[121.3263583987343,31.213017885713395],[121.32460461177023,31.213017885713395],[121.32460461177023,31.212744465679357]]],[[[121.32460461177023,31.213017885713395],[121.3263583987343,31.213017885713395],[121.3263583987343,31.213291305747433],[121.32460461177023,31.213291305747433],[121.32460461177023,31.213017885713395]]],[[[121.32460461177023,31.213291305747433],[121.3263583987343,31.213291305747433],[121.3263583987343,31.21356472578147],[121.32460461177023,31.21356472578147],[121.32460461177023,31.213291305747433]]],[[[121.32460461177023,31.21356472578147],[121.3263583987343,31.21356472578147],[121.3263583987343,31.213838145815508],[121.32460461177023,31.213838145815508],[121.32460461177023,31.21356472578147]]],[[[121.32460461177023,31.21383814581551],[121.3263583987343,31.21383814581551],[121.3263583987343,31.21411156584955],[121.32460461177023,31.21411156584955],[121.32460461177023,31.21383814581551]]],[[[121.32460461177023,31.21411156584955],[121.3263583987343,31.21411156584955],[121.3263583987343,31.214384985883587],[121.32460461177023,31.214384985883587],[121.32460461177023,31.21411156584955]]],[[[121.32431231394288,31.214384985883587],[121.3263583987343,31.214384985883587],[121.3263583987343,31.214658405917625],[121.32431231394288,31.214658405917625],[121.32431231394288,31.214384985883587]]],[[[121.32431231394288,31.214658405917625],[121.32665069656164,31.214658405917625],[121.32665069656164,31.214931825951663],[121.32431231394288,31.214931825951663],[121.32431231394288,31.214658405917625]]],[[[121.32431231394288,31.214931825951663],[121.3263583987343,31.214931825951663],[121.3263583987343,31.2152052459857],[121.32431231394288,31.2152052459857],[121.32431231394288,31.214931825951663]]],[[[121.32431231394288,31.2152052459857],[121.3263583987343,31.2152052459857],[121.3263583987343,31.215478666019738],[121.32431231394288,31.215478666019738],[121.32431231394288,31.2152052459857]]],[[[121.32431231394288,31.215478666019738],[121.3263583987343,31.215478666019738],[121.3263583987343,31.215752086053776],[121.32431231394288,31.215752086053776],[121.32431231394288,31.215478666019738]]]]}},{"type":"Feature","properties":{"parcel_id":"hongqiao_hub:parcel:0051","geometry_method":"road_barrier_raster_plus_buildings","functional_type":"residential","dominant_type":"residential","confidence":1,"building_count":1,"avg_building_area_m2":606,"centroid_lng":121.327571,"centroid_lat":31.211815,"parcel_area_m2":103475,"safety_clipped":false,"classification_source":"osm_tags+building_morphology+spatial_prior","synthetic_classification":true,"qc_flags":""},"geometry":{"type":"MultiPolygon","coordinates":[[[[121.3284044835257,31.211924205577244],[121.32957367483509,31.211924205577244],[121.32957367483509,31.21219762561128],[121.3284044835257,31.21219762561128],[121.3284044835257,31.211924205577244]]],[[[121.3284044835257,31.21219762561128],[121.33045056831712,31.21219762561128],[121.33045056831712,31.21247104564532],[121.3284044835257,31.21247104564532],[121.3284044835257,31.21219762561128]]],[[[121.3284044835257,31.21247104564532],[121.33045056831712,31.21247104564532],[121.33045056831712,31.212744465679357],[121.3284044835257,31.212744465679357],[121.3284044835257,31.21247104564532]]],[[[121.3284044835257,31.212744465679357],[121.33045056831712,31.212744465679357],[121.33045056831712,31.213017885713395],[121.3284044835257,31.213017885713395],[121.3284044835257,31.212744465679357]]],[[[121.3284044835257,31.213017885713395],[121.33045056831712,31.213017885713395],[121.33045056831712,31.213291305747433],[121.3284044835257,31.213291305747433],[121.3284044835257,31.213017885713395]]],[[[121.3284044835257,31.213291305747433],[121.33045056831712,31.213291305747433],[121.33045056831712,31.21356472578147],[121.3284044835257,31.21356472578147],[121.3284044835257,31.213291305747433]]],[[[121.3284044835257,31.21356472578147],[121.33074286614446,31.21356472578147],[121.33074286614446,31.213838145815508],[121.3284044835257,31.213838145815508],[121.3284044835257,31.21356472578147]]],[[[121.3284044835257,31.21383814581551],[121.33074286614446,31.21383814581551],[121.33074286614446,31.21411156584955],[121.3284044835257,31.21411156584955],[121.3284044835257,31.21383814581551]]],[[[121.3284044835257,31.21411156584955],[121.33074286614446,31.21411156584955],[121.33074286614446,31.214384985883587],[121.3284044835257,31.214384985883587],[121.3284044835257,31.21411156584955]]],[[[121.3284044835257,31.214384985883587],[121.3310351639718,31.214384985883587],[121.3310351639718,31.214658405917625],[121.3284044835257,31.214658405917625],[121.3284044835257,31.214384985883587]]],[[[121.3284044835257,31.214658405917625],[121.3310351639718,31.214658405917625],[121.3310351639718,31.214931825951663],[121.3284044835257,31.214931825951663],[121.3284044835257,31.214658405917625]]],[[[121.3284044835257,31.214931825951663],[121.33132746179915,31.214931825951663],[121.33132746179915,31.2152052459857],[121.3284044835257,31.2152052459857],[121.3284044835257,31.214931825951663]]],[[[121.3284044835257,31.2152052459857],[121.33132746179915,31.2152052459857],[121.33132746179915,31.215478666019738],[121.3284044835257,31.215478666019738],[121.3284044835257,31.2152052459857]]],[[[121.3284044835257,31.215478666019738],[121.33132746179915,31.215478666019738],[121.33132746179915,31.215752086053776],[121.3284044835257,31.215752086053776],[121.3284044835257,31.215478666019738]]],[[[121.32869678135305,31.215752086053776],[121.33132746179915,31.215752086053776],[121.33132746179915,31.216025506087814],[121.32869678135305,31.216025506087814],[121.32869678135305,31.215752086053776]]],[[[121.33045056831712,31.216025506087817],[121.33132746179915,31.216025506087817],[121.33132746179915,31.216298926121855],[121.33045056831712,31.216298926121855],[121.33045056831712,31.216025506087817]]]]}},{"type":"Feature","properties":{"parcel_id":"hongqiao_hub:parcel:0052","geometry_method":"road_barrier_raster_plus_buildings","functional_type":"office","dominant_type":"office","confidence":0.89,"building_count":1,"avg_building_area_m2":606,"centroid_lng":121.361091,"centroid_lat":31.21382,"parcel_area_m2":34492,"safety_clipped":false,"classification_source":"osm_tags+building_morphology+spatial_prior","synthetic_classification":true,"qc_flags":""},"geometry":{"type":"MultiPolygon","coordinates":[[[[121.35938805322421,31.211924205577244],[121.36084954236092,31.211924205577244],[121.36084954236092,31.21219762561128],[121.35938805322421,31.21219762561128],[121.35938805322421,31.211924205577244]]],[[[121.35938805322421,31.21219762561128],[121.36084954236092,31.21219762561128],[121.36084954236092,31.21247104564532],[121.35938805322421,31.21247104564532],[121.35938805322421,31.21219762561128]]],[[[121.35938805322421,31.21247104564532],[121.36084954236092,31.21247104564532],[121.36084954236092,31.212744465679357],[121.35938805322421,31.212744465679357],[121.35938805322421,31.21247104564532]]],[[[121.35938805322421,31.212744465679357],[121.36084954236092,31.212744465679357],[121.36084954236092,31.213017885713395],[121.35938805322421,31.213017885713395],[121.35938805322421,31.212744465679357]]],[[[121.35938805322421,31.213017885713395],[121.36055724453358,31.213017885713395],[121.36055724453358,31.213291305747433],[121.35938805322421,31.213291305747433],[121.35938805322421,31.213017885713395]]],[[[121.35938805322421,31.213291305747433],[121.36055724453358,31.213291305747433],[121.36055724453358,31.21356472578147],[121.35938805322421,31.21356472578147],[121.35938805322421,31.213291305747433]]],[[[121.35909575539687,31.21356472578147],[121.36055724453358,31.21356472578147],[121.36055724453358,31.213838145815508],[121.35909575539687,31.213838145815508],[121.35909575539687,31.21356472578147]]],[[[121.35909575539687,31.21383814581551],[121.36055724453358,31.21383814581551],[121.36055724453358,31.21411156584955],[121.35909575539687,31.21411156584955],[121.35909575539687,31.21383814581551]]],[[[121.35909575539687,31.21411156584955],[121.3599726488789,31.21411156584955],[121.3599726488789,31.214384985883587],[121.35909575539687,31.214384985883587],[121.35909575539687,31.21411156584955]]]]}},{"type":"Feature","properties":{"parcel_id":"hongqiao_hub:parcel:0053","geometry_method":"road_barrier_raster_plus_buildings","functional_type":"residential","dominant_type":"residential","confidence":1,"building_count":1,"avg_building_area_m2":606,"centroid_lng":121.330873,"centroid_lat":31.222887,"parcel_area_m2":152269,"safety_clipped":false,"classification_source":"osm_tags+building_morphology+spatial_prior","synthetic_classification":true,"qc_flags":""},"geometry":{"type":"MultiPolygon","coordinates":[[[[121.32811218569836,31.21684576618993],[121.32928137700773,31.21684576618993],[121.32928137700773,31.217119186223968],[121.32811218569836,31.217119186223968],[121.32811218569836,31.21684576618993]]],[[[121.32811218569836,31.217119186223968],[121.33015827048978,31.217119186223968],[121.33015827048978,31.217392606258006],[121.32811218569836,31.217392606258006],[121.32811218569836,31.217119186223968]]],[[[121.32811218569836,31.217392606258006],[121.3310351639718,31.217392606258006],[121.3310351639718,31.217666026292044],[121.32811218569836,31.217666026292044],[121.32811218569836,31.217392606258006]]],[[[121.3284044835257,31.217666026292044],[121.33132746179915,31.217666026292044],[121.33132746179915,31.21793944632608],[121.3284044835257,31.21793944632608],[121.3284044835257,31.217666026292044]]],[[[121.3284044835257,31.21793944632608],[121.33132746179915,31.21793944632608],[121.33132746179915,31.21821286636012],[121.3284044835257,31.21821286636012],[121.3284044835257,31.21793944632608]]],[[[121.3284044835257,31.218212866360123],[121.33132746179915,31.218212866360123],[121.33132746179915,31.21848628639416],[121.3284044835257,31.21848628639416],[121.3284044835257,31.218212866360123]]],[[[121.3284044835257,31.21848628639416],[121.33161975962649,31.21848628639416],[121.33161975962649,31.218759706428198],[121.3284044835257,31.218759706428198],[121.3284044835257,31.21848628639416]]],[[[121.3284044835257,31.218759706428198],[121.33161975962649,31.218759706428198],[121.33161975962649,31.219033126462236],[121.3284044835257,31.219033126462236],[121.3284044835257,31.218759706428198]]],[[[121.3284044835257,31.219033126462236],[121.33161975962649,31.219033126462236],[121.33161975962649,31.219306546496274],[121.3284044835257,31.219306546496274],[121.3284044835257,31.219033126462236]]],[[[121.3284044835257,31.219306546496274],[121.33161975962649,31.219306546496274],[121.33161975962649,31.21957996653031],[121.3284044835257,31.21957996653031],[121.3284044835257,31.219306546496274]]],[[[121.3284044835257,31.21957996653031],[121.33161975962649,31.21957996653031],[121.33161975962649,31.21985338656435],[121.3284044835257,31.21985338656435],[121.3284044835257,31.21957996653031]]],[[[121.3284044835257,31.21985338656435],[121.33161975962649,31.21985338656435],[121.33161975962649,31.220126806598387],[121.3284044835257,31.220126806598387],[121.3284044835257,31.21985338656435]]],[[[121.3284044835257,31.22012680659839],[121.33161975962649,31.22012680659839],[121.33161975962649,31.220400226632428],[121.3284044835257,31.220400226632428],[121.3284044835257,31.22012680659839]]],[[[121.3284044835257,31.220400226632428],[121.33161975962649,31.220400226632428],[121.33161975962649,31.220673646666466],[121.3284044835257,31.220673646666466],[121.3284044835257,31.220400226632428]]],[[[121.32869678135305,31.220673646666466],[121.33161975962649,31.220673646666466],[121.33161975962649,31.220947066700504],[121.32869678135305,31.220947066700504],[121.32869678135305,31.220673646666466]]],[[[121.32869678135305,31.220947066700504],[121.33161975962649,31.220947066700504],[121.33161975962649,31.22122048673454],[121.32869678135305,31.22122048673454],[121.32869678135305,31.220947066700504]]],[[[121.32869678135305,31.22122048673454],[121.33161975962649,31.22122048673454],[121.33161975962649,31.22149390676858],[121.32869678135305,31.22149390676858],[121.32869678135305,31.22122048673454]]],[[[121.32928137700773,31.22149390676858],[121.33161975962649,31.22149390676858],[121.33161975962649,31.221767326802617],[121.32928137700773,31.221767326802617],[121.32928137700773,31.22149390676858]]],[[[121.33045056831712,31.221767326802617],[121.33161975962649,31.221767326802617],[121.33161975962649,31.222040746836655],[121.33045056831712,31.222040746836655],[121.33045056831712,31.221767326802617]]]]}},{"type":"Feature","properties":{"parcel_id":"hongqiao_hub:parcel:0054","geometry_method":"road_barrier_raster_plus_buildings","functional_type":"commercial","dominant_type":"commercial","confidence":0.86,"building_count":1,"avg_building_area_m2":606,"centroid_lng":121.302453,"centroid_lat":31.218204,"parcel_area_m2":92539,"safety_clipped":false,"classification_source":"osm_tags+building_morphology+spatial_prior","synthetic_classification":true,"qc_flags":""},"geometry":{"type":"MultiPolygon","coordinates":[[[[121.29946699861861,31.218212866360123],[121.29975929644596,31.218212866360123],[121.29975929644596,31.21848628639416],[121.29946699861861,31.21848628639416],[121.29946699861861,31.218212866360123]]],[[[121.29946699861861,31.21848628639416],[121.3000515942733,31.21848628639416],[121.3000515942733,31.218759706428198],[121.29946699861861,31.218759706428198],[121.29946699861861,31.21848628639416]]],[[[121.29946699861861,31.218759706428198],[121.30063618992799,31.218759706428198],[121.30063618992799,31.219033126462236],[121.29946699861861,31.219033126462236],[121.29946699861861,31.218759706428198]]],[[[121.29946699861861,31.219033126462236],[121.30122078558267,31.219033126462236],[121.30122078558267,31.219306546496274],[121.29946699861861,31.219306546496274],[121.29946699861861,31.219033126462236]]],[[[121.29946699861861,31.219306546496274],[121.30122078558267,31.219306546496274],[121.30122078558267,31.21957996653031],[121.29946699861861,31.21957996653031],[121.29946699861861,31.219306546496274]]],[[[121.29946699861861,31.21957996653031],[121.30151308341003,31.21957996653031],[121.30151308341003,31.21985338656435],[121.29946699861861,31.21985338656435],[121.29946699861861,31.21957996653031]]],[[[121.29946699861861,31.21985338656435],[121.30151308341003,31.21985338656435],[121.30151308341003,31.220126806598387],[121.29946699861861,31.220126806598387],[121.29946699861861,31.21985338656435]]],[[[121.29946699861861,31.22012680659839],[121.30151308341003,31.22012680659839],[121.30151308341003,31.220400226632428],[121.29946699861861,31.220400226632428],[121.29946699861861,31.22012680659839]]],[[[121.29946699861861,31.220400226632428],[121.30151308341003,31.220400226632428],[121.30151308341003,31.220673646666466],[121.29946699861861,31.220673646666466],[121.29946699861861,31.220400226632428]]],[[[121.29946699861861,31.220673646666466],[121.30151308341003,31.220673646666466],[121.30151308341003,31.220947066700504],[121.29946699861861,31.220947066700504],[121.29946699861861,31.220673646666466]]],[[[121.29946699861861,31.220947066700504],[121.30151308341003,31.220947066700504],[121.30151308341003,31.22122048673454],[121.29946699861861,31.22122048673454],[121.29946699861861,31.220947066700504]]],[[[121.29946699861861,31.22122048673454],[121.30151308341003,31.22122048673454],[121.30151308341003,31.22149390676858],[121.29946699861861,31.22149390676858],[121.29946699861861,31.22122048673454]]],[[[121.29946699861861,31.22149390676858],[121.30151308341003,31.22149390676858],[121.30151308341003,31.221767326802617],[121.29946699861861,31.221767326802617],[121.29946699861861,31.22149390676858]]],[[[121.29946699861861,31.221767326802617],[121.30151308341003,31.221767326802617],[121.30151308341003,31.222040746836655],[121.29946699861861,31.222040746836655],[121.29946699861861,31.221767326802617]]],[[[121.29946699861861,31.222040746836655],[121.30151308341003,31.222040746836655],[121.30151308341003,31.222314166870692],[121.29946699861861,31.222314166870692],[121.29946699861861,31.222040746836655]]],[[[121.29946699861861,31.222314166870696],[121.30151308341003,31.222314166870696],[121.30151308341003,31.222587586904734],[121.29946699861861,31.222587586904734],[121.29946699861861,31.222314166870696]]],[[[121.29946699861861,31.222587586904734],[121.30151308341003,31.222587586904734],[121.30151308341003,31.22286100693877],[121.29946699861861,31.22286100693877],[121.29946699861861,31.222587586904734]]],[[[121.29946699861861,31.22286100693877],[121.30151308341003,31.22286100693877],[121.30151308341003,31.22313442697281],[121.29946699861861,31.22313442697281],[121.29946699861861,31.22286100693877]]]]}},{"type":"Feature","properties":{"parcel_id":"hongqiao_hub:parcel:0055","geometry_method":"road_barrier_raster_plus_buildings","functional_type":"residential","dominant_type":"residential","confidence":1,"building_count":1,"avg_building_area_m2":606,"centroid_lng":121.30864,"centroid_lat":31.220821,"parcel_area_m2":196014,"safety_clipped":false,"classification_source":"osm_tags+building_morphology+spatial_prior","synthetic_classification":true,"qc_flags":""},"geometry":{"type":"MultiPolygon","coordinates":[[[[121.30589755082019,31.21848628639416],[121.30969742257567,31.21848628639416],[121.30969742257567,31.218759706428198],[121.30589755082019,31.218759706428198],[121.30589755082019,31.21848628639416]]],[[[121.30502065733816,31.218759706428198],[121.30969742257567,31.218759706428198],[121.30969742257567,31.219033126462236],[121.30502065733816,31.219033126462236],[121.30502065733816,31.218759706428198]]],[[[121.30414376385612,31.219033126462236],[121.30940512474832,31.219033126462236],[121.30940512474832,31.219306546496274],[121.30414376385612,31.219306546496274],[121.30414376385612,31.219033126462236]]],[[[121.30414376385612,31.219306546496274],[121.30882052909364,31.219306546496274],[121.30882052909364,31.21957996653031],[121.30414376385612,31.21957996653031],[121.30414376385612,31.219306546496274]]],[[[121.30385146602877,31.21957996653031],[121.3085282312663,31.21957996653031],[121.3085282312663,31.21985338656435],[121.30385146602877,31.21985338656435],[121.30385146602877,31.21957996653031]]],[[[121.30355916820143,31.21985338656435],[121.3085282312663,31.21985338656435],[121.3085282312663,31.220126806598387],[121.30355916820143,31.220126806598387],[121.30355916820143,31.21985338656435]]],[[[121.30355916820143,31.22012680659839],[121.30823593343894,31.22012680659839],[121.30823593343894,31.220400226632428],[121.30355916820143,31.220400226632428],[121.30355916820143,31.22012680659839]]],[[[121.30355916820143,31.220400226632428],[121.30823593343894,31.220400226632428],[121.30823593343894,31.220673646666466],[121.30355916820143,31.220673646666466],[121.30355916820143,31.220400226632428]]],[[[121.30355916820143,31.220673646666466],[121.3079436356116,31.220673646666466],[121.3079436356116,31.220947066700504],[121.30355916820143,31.220947066700504],[121.30355916820143,31.220673646666466]]],[[[121.30355916820143,31.220947066700504],[121.3079436356116,31.220947066700504],[121.3079436356116,31.22122048673454],[121.30355916820143,31.22122048673454],[121.30355916820143,31.220947066700504]]],[[[121.30355916820143,31.22122048673454],[121.3079436356116,31.22122048673454],[121.3079436356116,31.22149390676858],[121.30355916820143,31.22149390676858],[121.30355916820143,31.22122048673454]]],[[[121.30355916820143,31.22149390676858],[121.3079436356116,31.22149390676858],[121.3079436356116,31.221767326802617],[121.30355916820143,31.221767326802617],[121.30355916820143,31.22149390676858]]],[[[121.30355916820143,31.221767326802617],[121.3079436356116,31.221767326802617],[121.3079436356116,31.222040746836655],[121.30355916820143,31.222040746836655],[121.30355916820143,31.221767326802617]]],[[[121.30355916820143,31.222040746836655],[121.3079436356116,31.222040746836655],[121.3079436356116,31.222314166870692],[121.30355916820143,31.222314166870692],[121.30355916820143,31.222040746836655]]],[[[121.30648214647488,31.222314166870696],[121.3079436356116,31.222314166870696],[121.3079436356116,31.222587586904734],[121.30648214647488,31.222587586904734],[121.30648214647488,31.222314166870696]]],[[[121.30648214647488,31.222587586904734],[121.3079436356116,31.222587586904734],[121.3079436356116,31.22286100693877],[121.30648214647488,31.22286100693877],[121.30648214647488,31.222587586904734]]],[[[121.30648214647488,31.22286100693877],[121.3079436356116,31.22286100693877],[121.3079436356116,31.22313442697281],[121.30648214647488,31.22313442697281],[121.30648214647488,31.22286100693877]]]]}},{"type":"Feature","properties":{"parcel_id":"hongqiao_hub:parcel:0056","geometry_method":"road_barrier_raster_plus_buildings","functional_type":"mixed","dominant_type":"office","confidence":0.53,"building_count":2,"avg_building_area_m2":606,"centroid_lng":121.314204,"centroid_lat":31.222375,"parcel_area_m2":312950,"safety_clipped":false,"classification_source":"osm_tags+building_morphology+spatial_prior","synthetic_classification":true,"qc_flags":"low_confidence"},"geometry":{"type":"MultiPolygon","coordinates":[[[[121.31086661388504,31.219033126462236],[121.31145120953973,31.219033126462236],[121.31145120953973,31.219306546496274],[121.31086661388504,31.219306546496274],[121.31086661388504,31.219033126462236]]],[[[121.3105743160577,31.219306546496274],[121.31203580519443,31.219306546496274],[121.31203580519443,31.21957996653031],[121.3105743160577,31.21957996653031],[121.3105743160577,31.219306546496274]]],[[[121.31028201823035,31.21957996653031],[121.31262040084911,31.21957996653031],[121.31262040084911,31.21985338656435],[121.31028201823035,31.21985338656435],[121.31028201823035,31.21957996653031]]],[[[121.30998972040301,31.21985338656435],[121.3132049965038,31.21985338656435],[121.3132049965038,31.220126806598387],[121.30998972040301,31.220126806598387],[121.30998972040301,31.21985338656435]]],[[[121.30969742257567,31.22012680659839],[121.31408188998583,31.22012680659839],[121.31408188998583,31.220400226632428],[121.30969742257567,31.220400226632428],[121.30969742257567,31.22012680659839]]],[[[121.30940512474832,31.220400226632428],[121.31466648564052,31.220400226632428],[121.31466648564052,31.220673646666466],[121.30940512474832,31.220673646666466],[121.30940512474832,31.220400226632428]]],[[[121.30940512474832,31.220673646666466],[121.3152510812952,31.220673646666466],[121.3152510812952,31.220947066700504],[121.30940512474832,31.220947066700504],[121.30940512474832,31.220673646666466]]],[[[121.30940512474832,31.220947066700504],[121.3158356769499,31.220947066700504],[121.3158356769499,31.22122048673454],[121.30940512474832,31.22122048673454],[121.30940512474832,31.220947066700504]]],[[[121.30911282692098,31.22122048673454],[121.31671257043193,31.22122048673454],[121.31671257043193,31.22149390676858],[121.30911282692098,31.22149390676858],[121.30911282692098,31.22122048673454]]],[[[121.30911282692098,31.22149390676858],[121.31758946391396,31.22149390676858],[121.31758946391396,31.221767326802617],[121.30911282692098,31.221767326802617],[121.30911282692098,31.22149390676858]]],[[[121.30882052909364,31.221767326802617],[121.31817405956865,31.221767326802617],[121.31817405956865,31.222040746836655],[121.30882052909364,31.222040746836655],[121.30882052909364,31.221767326802617]]],[[[121.30911282692098,31.222040746836655],[121.31934325087803,31.222040746836655],[121.31934325087803,31.222314166870692],[121.30911282692098,31.222314166870692],[121.30911282692098,31.222040746836655]]],[[[121.30911282692098,31.222314166870696],[121.32197393132412,31.222314166870696],[121.32197393132412,31.222587586904734],[121.30911282692098,31.222587586904734],[121.30911282692098,31.222314166870696]]],[[[121.30940512474832,31.222587586904734],[121.32402001611554,31.222587586904734],[121.32402001611554,31.22286100693877],[121.30940512474832,31.22286100693877],[121.30940512474832,31.222587586904734]]],[[[121.30940512474832,31.22286100693877],[121.32548150525226,31.22286100693877],[121.32548150525226,31.22313442697281],[121.30940512474832,31.22313442697281],[121.30940512474832,31.22286100693877]]]]}},{"type":"Feature","properties":{"parcel_id":"hongqiao_hub:parcel:0057","geometry_method":"road_barrier_raster_plus_buildings","functional_type":"commercial","dominant_type":"commercial","confidence":0.86,"building_count":1,"avg_building_area_m2":606,"centroid_lng":121.355174,"centroid_lat":31.220482,"parcel_area_m2":30285,"safety_clipped":false,"classification_source":"osm_tags+building_morphology+spatial_prior","synthetic_classification":true,"qc_flags":""},"geometry":{"type":"MultiPolygon","coordinates":[[[[121.35383439450467,31.219033126462236],[121.35500358581405,31.219033126462236],[121.35500358581405,31.219306546496274],[121.35383439450467,31.219306546496274],[121.35383439450467,31.219033126462236]]],[[[121.35383439450467,31.219306546496274],[121.35500358581405,31.219306546496274],[121.35500358581405,31.21957996653031],[121.35383439450467,31.21957996653031],[121.35383439450467,31.219306546496274]]],[[[121.35354209667732,31.21957996653031],[121.35500358581405,31.21957996653031],[121.35500358581405,31.21985338656435],[121.35354209667732,31.21985338656435],[121.35354209667732,31.21957996653031]]],[[[121.35120371405857,31.21985338656435],[121.3547112879867,31.21985338656435],[121.3547112879867,31.220126806598387],[121.35120371405857,31.220126806598387],[121.35120371405857,31.21985338656435]]],[[[121.35091141623123,31.22012680659839],[121.35412669233202,31.22012680659839],[121.35412669233202,31.220400226632428],[121.35091141623123,31.220400226632428],[121.35091141623123,31.22012680659839]]]]}},{"type":"Feature","properties":{"parcel_id":"hongqiao_hub:parcel:0058","geometry_method":"road_barrier_raster_plus_buildings","functional_type":"residential","dominant_type":"residential","confidence":1,"building_count":1,"avg_building_area_m2":606,"centroid_lng":121.368347,"centroid_lat":31.224239,"parcel_area_m2":19349,"safety_clipped":false,"classification_source":"osm_tags+building_morphology+spatial_prior","synthetic_classification":true,"qc_flags":""},"geometry":{"type":"MultiPolygon","coordinates":[[[[121.36640320108047,31.22012680659839],[121.3672800945625,31.22012680659839],[121.3672800945625,31.220400226632428],[121.36640320108047,31.220400226632428],[121.36640320108047,31.22012680659839]]],[[[121.3652340097711,31.220400226632428],[121.3672800945625,31.220400226632428],[121.3672800945625,31.220673646666466],[121.3652340097711,31.220673646666466],[121.3652340097711,31.220400226632428]]],[[[121.3652340097711,31.220673646666466],[121.3672800945625,31.220673646666466],[121.3672800945625,31.220947066700504],[121.3652340097711,31.220947066700504],[121.3652340097711,31.220673646666466]]],[[[121.3652340097711,31.220947066700504],[121.36698779673516,31.220947066700504],[121.36698779673516,31.22122048673454],[121.3652340097711,31.22122048673454],[121.3652340097711,31.220947066700504]]]]}}]}