{"type":"FeatureCollection","features":[{"type":"Feature","properties":{"osm_id":10412415,"name":"东海大桥","ref":"","highway":"motorway","road_grade":"R1","maxspeed_raw":null,"speed_base_kmh":78,"speed_pm_kmh":56,"speed_pm_rain_kmh":49,"speed_source":"synthetic_grade_default","lanes":4,"lanes_source":"Synthetic_by_grade","oneway":false,"oneway_source":"default","bridge":false,"tunnel":false,"layer":0,"layer_source":"default_ground","access":"","surface":"","service":"","topology_source":"LBS-Master_roads_gcj_clip","impedance_synthetic":true,"routable":true,"fallback_clip":true},"geometry":{"type":"LineString","coordinates":[[122.023727,30.657094],[122.023332,30.657161],[122.022637,30.657295],[122.021881,30.65746],[122.021303,30.657598],[122.020704,30.657759],[122.02007,30.657941],[122.019202,30.658209],[122.01853,30.658446],[122.017796,30.658729],[122.017034,30.659043],[122.016284,30.659377],[122.01517,30.659931],[122.013989,30.660582],[122.013261,30.661029],[122.012572,30.661482],[122.011705,30.662089],[122.011056,30.662586],[122.010337,30.66317],[122.009731,30.663715],[122.008916,30.664496],[122.008177,30.665267],[122.00765,30.665869],[122.005902,30.668022],[122.00312,30.671464],[122.000944,30.674126],[121.999636,30.675714],[121.996634,30.679419],[121.992033,30.685045],[121.991268,30.685984],[121.99058,30.686816],[121.986465,30.691847],[121.985693,30.692851],[121.985052,30.693732],[121.984504,30.694535],[121.983879,30.69549],[121.983114,30.696806],[121.98228,30.698386],[121.98174,30.699533],[121.981152,30.700947],[121.980552,30.702648],[121.980282,30.703442],[121.979871,30.70501],[121.979697,30.705689],[121.979495,30.706694],[121.97931,30.707746],[121.979156,30.70889],[121.979061,30.709864],[121.978925,30.712499],[121.979167,30.722698],[121.979305,30.728589],[121.979394,30.732305],[121.979419,30.73546],[121.979404,30.736914],[121.979362,30.737848],[121.979329,30.738432],[121.979258,30.739363],[121.979182,30.740142],[121.979062,30.741078],[121.978933,30.74198],[121.978806,30.742712],[121.97866,30.743468],[121.978449,30.744449],[121.978215,30.745418],[121.977922,30.746533],[121.977569,30.747718],[121.977165,30.748933],[121.976765,30.750033],[121.976505,30.750688],[121.976245,30.751296],[121.975625,30.752665],[121.975079,30.753775],[121.974508,30.754876],[121.974193,30.755443],[121.97383,30.756099],[121.973046,30.757439],[121.968654,30.764958],[121.963868,30.772983],[121.960653,30.778362],[121.956738,30.785211],[121.954656,30.78878],[121.953305,30.791058],[121.94987,30.797071],[121.947419,30.801308],[121.94215,30.810349],[121.939074,30.815434],[121.93751,30.818109],[121.93531,30.821884],[121.933481,30.824958],[121.929352,30.832009],[121.924871,30.839725],[121.921626,30.845233],[121.919953,30.848104],[121.919227,30.849252],[121.918567,30.850192],[121.91775,30.851244],[121.916928,30.852239],[121.916129,30.853091],[121.914993,30.854234],[121.91267,30.856254],[121.907285,30.860957]]}},{"type":"Feature","properties":{"osm_id":10412417,"name":"东海大桥","ref":"","highway":"motorway","road_grade":"R1","maxspeed_raw":null,"speed_base_kmh":78,"speed_pm_kmh":56,"speed_pm_rain_kmh":49,"speed_source":"synthetic_grade_default","lanes":4,"lanes_source":"Synthetic_by_grade","oneway":false,"oneway_source":"default","bridge":false,"tunnel":false,"layer":0,"layer_source":"default_ground","access":"","surface":"","service":"","topology_source":"LBS-Master_roads_gcj_clip","impedance_synthetic":true,"routable":true,"fallback_clip":true},"geometry":{"type":"LineString","coordinates":[[121.911777,30.856855],[121.912564,30.856165],[121.914938,30.854136],[121.916071,30.85297],[121.916842,30.852125],[121.917673,30.851141],[121.918442,30.850125],[121.919087,30.849196],[121.919869,30.847976],[121.921527,30.845128],[121.924797,30.839673],[121.929207,30.831991],[121.93333,30.824935],[121.93524,30.821832],[121.939895,30.813865],[121.946775,30.802133],[121.953179,30.79095],[121.956564,30.785139],[121.96052,30.778232],[121.963733,30.772919],[121.968509,30.76491],[121.972949,30.757335],[121.973719,30.755996],[121.974238,30.755084],[121.974559,30.754493],[121.975087,30.753468],[121.975531,30.752547],[121.975943,30.751651],[121.97631,30.750772],[121.976652,30.749888],[121.977039,30.748818],[121.977303,30.748053],[121.977607,30.747084],[121.977892,30.746062],[121.978153,30.745063],[121.978353,30.744142],[121.978556,30.743179],[121.978719,30.74226],[121.978869,30.741311],[121.978991,30.740333],[121.979082,30.739464],[121.979144,30.738688],[121.979207,30.73781],[121.979263,30.736917],[121.979272,30.735455],[121.979256,30.73253],[121.979014,30.722697],[121.978943,30.719339],[121.978798,30.71236],[121.978921,30.70982],[121.979007,30.708877],[121.97916,30.707679],[121.979334,30.706659],[121.979548,30.70564],[121.979783,30.704672],[121.980127,30.703421],[121.980405,30.702584],[121.981007,30.700894],[121.981567,30.699551],[121.982191,30.698218],[121.982735,30.697186],[121.983386,30.696027],[121.983761,30.695431],[121.98414,30.69483],[121.984749,30.693929],[121.985604,30.692746],[121.986579,30.691492],[121.989787,30.687548],[121.995542,30.680509],[121.996503,30.679309],[122.001643,30.673081],[122.005842,30.667877],[122.007408,30.665945],[122.007815,30.665478],[122.008468,30.664764],[122.009083,30.664147],[122.009686,30.663577],[122.010271,30.663065],[122.010942,30.662496],[122.011616,30.661996],[122.012157,30.661603],[122.012758,30.661202],[122.01345,30.660756],[122.014114,30.660366],[122.014794,30.659984],[122.015573,30.659579],[122.016372,30.659188],[122.017057,30.658892],[122.017646,30.658657],[122.018418,30.658354],[122.019025,30.658147],[122.019522,30.657978],[122.02006,30.657819],[122.021063,30.657538],[122.021899,30.657321],[122.022722,30.657154],[122.023087,30.657075],[122.023672,30.656971]]}},{"type":"Feature","properties":{"osm_id":10417411,"name":"","ref":"","highway":"motorway","road_grade":"R1","maxspeed_raw":null,"speed_base_kmh":78,"speed_pm_kmh":56,"speed_pm_rain_kmh":49,"speed_source":"synthetic_grade_default","lanes":4,"lanes_source":"Synthetic_by_grade","oneway":false,"oneway_source":"default","bridge":false,"tunnel":false,"layer":0,"layer_source":"default_ground","access":"","surface":"","service":"","topology_source":"LBS-Master_roads_gcj_clip","impedance_synthetic":true,"routable":true,"fallback_clip":true},"geometry":{"type":"LineString","coordinates":[[121.894348,30.872243],[121.893675,30.873196],[121.892561,30.874655],[121.891823,30.875264]]}},{"type":"Feature","properties":{"osm_id":10417420,"name":"东海大桥","ref":"","highway":"motorway","road_grade":"R1","maxspeed_raw":null,"speed_base_kmh":78,"speed_pm_kmh":56,"speed_pm_rain_kmh":49,"speed_source":"synthetic_grade_default","lanes":4,"lanes_source":"Synthetic_by_grade","oneway":false,"oneway_source":"default","bridge":false,"tunnel":false,"layer":0,"layer_source":"default_ground","access":"","surface":"","service":"","topology_source":"LBS-Master_roads_gcj_clip","impedance_synthetic":true,"routable":true,"fallback_clip":true},"geometry":{"type":"LineString","coordinates":[[121.894348,30.872243],[121.893037,30.873348],[121.892783,30.87366]]}},{"type":"Feature","properties":{"osm_id":10417422,"name":"东海大桥","ref":"","highway":"motorway","road_grade":"R1","maxspeed_raw":null,"speed_base_kmh":78,"speed_pm_kmh":56,"speed_pm_rain_kmh":49,"speed_source":"synthetic_grade_default","lanes":4,"lanes_source":"Synthetic_by_grade","oneway":false,"oneway_source":"default","bridge":false,"tunnel":false,"layer":0,"layer_source":"default_ground","access":"","surface":"","service":"","topology_source":"LBS-Master_roads_gcj_clip","impedance_synthetic":true,"routable":true,"fallback_clip":true},"geometry":{"type":"LineString","coordinates":[[121.888235,30.877558],[121.886027,30.879493],[121.885662,30.879838],[121.885406,30.880064]]}},{"type":"Feature","properties":{"osm_id":10417424,"name":"","ref":"","highway":"motorway_link","road_grade":"R1","maxspeed_raw":null,"speed_base_kmh":78,"speed_pm_kmh":56,"speed_pm_rain_kmh":49,"speed_source":"synthetic_grade_default","lanes":4,"lanes_source":"Synthetic_by_grade","oneway":false,"oneway_source":"default","bridge":false,"tunnel":false,"layer":0,"layer_source":"default_ground","access":"","surface":"","service":"","topology_source":"LBS-Master_roads_gcj_clip","impedance_synthetic":true,"routable":true,"fallback_clip":true},"geometry":{"type":"LineString","coordinates":[[121.885406,30.880064],[121.884758,30.880706],[121.884518,30.880974],[121.884361,30.881205],[121.884252,30.881434]]}},{"type":"Feature","properties":{"osm_id":10417425,"name":"沪芦高速","ref":"S2","highway":"motorway","road_grade":"R1","maxspeed_raw":null,"speed_base_kmh":78,"speed_pm_kmh":56,"speed_pm_rain_kmh":49,"speed_source":"synthetic_grade_default","lanes":4,"lanes_source":"Synthetic_by_grade","oneway":false,"oneway_source":"default","bridge":false,"tunnel":false,"layer":0,"layer_source":"default_ground","access":"","surface":"","service":"","topology_source":"LBS-Master_roads_gcj_clip","impedance_synthetic":true,"routable":true,"fallback_clip":true},"geometry":{"type":"LineString","coordinates":[[121.88033,30.884476],[121.877797,30.88668]]}},{"type":"Feature","properties":{"osm_id":10417426,"name":"沪芦高速","ref":"S2","highway":"motorway","road_grade":"R1","maxspeed_raw":null,"speed_base_kmh":78,"speed_pm_kmh":56,"speed_pm_rain_kmh":49,"speed_source":"synthetic_grade_default","lanes":4,"lanes_source":"Synthetic_by_grade","oneway":false,"oneway_source":"default","bridge":false,"tunnel":false,"layer":0,"layer_source":"default_ground","access":"","surface":"","service":"","topology_source":"LBS-Master_roads_gcj_clip","impedance_synthetic":true,"routable":true,"fallback_clip":true},"geometry":{"type":"LineString","coordinates":[[121.877797,30.88668],[121.874662,30.889423],[121.872558,30.891256]]}},{"type":"Feature","properties":{"osm_id":10417427,"name":"","ref":"","highway":"motorway_link","road_grade":"R1","maxspeed_raw":null,"speed_base_kmh":78,"speed_pm_kmh":56,"speed_pm_rain_kmh":49,"speed_source":"synthetic_grade_default","lanes":4,"lanes_source":"Synthetic_by_grade","oneway":false,"oneway_source":"default","bridge":false,"tunnel":false,"layer":0,"layer_source":"default_ground","access":"","surface":"","service":"","topology_source":"LBS-Master_roads_gcj_clip","impedance_synthetic":true,"routable":true,"fallback_clip":true},"geometry":{"type":"LineString","coordinates":[[121.874662,30.889423],[121.873556,30.890571],[121.872897,30.891226]]}},{"type":"Feature","properties":{"osm_id":10417429,"name":"沪芦高速","ref":"S2","highway":"motorway","road_grade":"R1","maxspeed_raw":null,"speed_base_kmh":78,"speed_pm_kmh":56,"speed_pm_rain_kmh":49,"speed_source":"synthetic_grade_default","lanes":4,"lanes_source":"Synthetic_by_grade","oneway":false,"oneway_source":"default","bridge":false,"tunnel":false,"layer":0,"layer_source":"default_ground","access":"","surface":"","service":"","topology_source":"LBS-Master_roads_gcj_clip","impedance_synthetic":true,"routable":true,"fallback_clip":true},"geometry":{"type":"LineString","coordinates":[[121.872558,30.891256],[121.870784,30.892775],[121.867862,30.895304]]}},{"type":"Feature","properties":{"osm_id":10417456,"name":"沪芦高速","ref":"S2","highway":"motorway","road_grade":"R1","maxspeed_raw":null,"speed_base_kmh":78,"speed_pm_kmh":56,"speed_pm_rain_kmh":49,"speed_source":"synthetic_grade_default","lanes":4,"lanes_source":"Synthetic_by_grade","oneway":false,"oneway_source":"default","bridge":false,"tunnel":false,"layer":0,"layer_source":"default_ground","access":"","surface":"","service":"","topology_source":"LBS-Master_roads_gcj_clip","impedance_synthetic":true,"routable":true,"fallback_clip":true},"geometry":{"type":"LineString","coordinates":[[121.867752,30.8952],[121.870959,30.892501],[121.872443,30.891156]]}},{"type":"Feature","properties":{"osm_id":10417803,"name":"沪芦高速","ref":"S2","highway":"motorway","road_grade":"R1","maxspeed_raw":null,"speed_base_kmh":78,"speed_pm_kmh":56,"speed_pm_rain_kmh":49,"speed_source":"synthetic_grade_default","lanes":4,"lanes_source":"Synthetic_by_grade","oneway":false,"oneway_source":"default","bridge":false,"tunnel":false,"layer":0,"layer_source":"default_ground","access":"","surface":"","service":"","topology_source":"LBS-Master_roads_gcj_clip","impedance_synthetic":true,"routable":true,"fallback_clip":true},"geometry":{"type":"LineString","coordinates":[[121.872443,30.891156],[121.876727,30.887414],[121.877682,30.886579]]}},{"type":"Feature","properties":{"osm_id":10420200,"name":"沪芦高速","ref":"S2","highway":"motorway","road_grade":"R1","maxspeed_raw":null,"speed_base_kmh":78,"speed_pm_kmh":56,"speed_pm_rain_kmh":49,"speed_source":"synthetic_grade_default","lanes":4,"lanes_source":"Synthetic_by_grade","oneway":false,"oneway_source":"default","bridge":false,"tunnel":false,"layer":0,"layer_source":"default_ground","access":"","surface":"","service":"","topology_source":"LBS-Master_roads_gcj_clip","impedance_synthetic":true,"routable":true,"fallback_clip":true},"geometry":{"type":"LineString","coordinates":[[121.854827,30.90388],[121.856474,30.902927],[121.858,30.902037],[121.859202,30.901311]]}},{"type":"Feature","properties":{"osm_id":10420205,"name":"沪芦高速","ref":"S2","highway":"motorway","road_grade":"R1","maxspeed_raw":null,"speed_base_kmh":78,"speed_pm_kmh":56,"speed_pm_rain_kmh":49,"speed_source":"synthetic_grade_default","lanes":4,"lanes_source":"Synthetic_by_grade","oneway":false,"oneway_source":"default","bridge":false,"tunnel":false,"layer":0,"layer_source":"default_ground","access":"","surface":"","service":"","topology_source":"LBS-Master_roads_gcj_clip","impedance_synthetic":true,"routable":true,"fallback_clip":true},"geometry":{"type":"LineString","coordinates":[[121.859313,30.901429],[121.858086,30.902155],[121.856566,30.903044],[121.854893,30.903992]]}},{"type":"Feature","properties":{"osm_id":10420206,"name":"沪芦高速","ref":"S2","highway":"motorway","road_grade":"R1","maxspeed_raw":null,"speed_base_kmh":78,"speed_pm_kmh":56,"speed_pm_rain_kmh":49,"speed_source":"synthetic_grade_default","lanes":4,"lanes_source":"Synthetic_by_grade","oneway":false,"oneway_source":"default","bridge":false,"tunnel":false,"layer":0,"layer_source":"default_ground","access":"","surface":"","service":"","topology_source":"LBS-Master_roads_gcj_clip","impedance_synthetic":true,"routable":true,"fallback_clip":true},"geometry":{"type":"LineString","coordinates":[[121.859202,30.901311],[121.859853,30.900901],[121.860513,30.900483],[121.861451,30.899863],[121.862382,30.899235],[121.863296,30.898594],[121.864202,30.897948],[121.865015,30.897339],[121.865478,30.896989]]}},{"type":"Feature","properties":{"osm_id":10420207,"name":"","ref":"","highway":"motorway_link","road_grade":"R1","maxspeed_raw":null,"speed_base_kmh":78,"speed_pm_kmh":56,"speed_pm_rain_kmh":49,"speed_source":"synthetic_grade_default","lanes":4,"lanes_source":"Synthetic_by_grade","oneway":false,"oneway_source":"default","bridge":false,"tunnel":false,"layer":0,"layer_source":"default_ground","access":"","surface":"","service":"","topology_source":"LBS-Master_roads_gcj_clip","impedance_synthetic":true,"routable":true,"fallback_clip":true},"geometry":{"type":"LineString","coordinates":[[121.860513,30.900483],[121.861053,30.900077],[121.861618,30.8996],[121.862515,30.898925],[121.862976,30.898577],[121.863469,30.898106]]}},{"type":"Feature","properties":{"osm_id":10420215,"name":"沪芦高速","ref":"S2","highway":"motorway","road_grade":"R1","maxspeed_raw":null,"speed_base_kmh":78,"speed_pm_kmh":56,"speed_pm_rain_kmh":49,"speed_source":"synthetic_grade_default","lanes":4,"lanes_source":"Synthetic_by_grade","oneway":false,"oneway_source":"default","bridge":false,"tunnel":false,"layer":0,"layer_source":"default_ground","access":"","surface":"","service":"","topology_source":"LBS-Master_roads_gcj_clip","impedance_synthetic":true,"routable":true,"fallback_clip":true},"geometry":{"type":"LineString","coordinates":[[121.877682,30.886579],[121.880211,30.884382]]}},{"type":"Feature","properties":{"osm_id":10420218,"name":"沪芦高速","ref":"S2","highway":"motorway","road_grade":"R1","maxspeed_raw":null,"speed_base_kmh":78,"speed_pm_kmh":56,"speed_pm_rain_kmh":49,"speed_source":"synthetic_grade_default","lanes":4,"lanes_source":"Synthetic_by_grade","oneway":false,"oneway_source":"default","bridge":false,"tunnel":false,"layer":0,"layer_source":"default_ground","access":"","surface":"","service":"","topology_source":"LBS-Master_roads_gcj_clip","impedance_synthetic":true,"routable":true,"fallback_clip":true},"geometry":{"type":"LineString","coordinates":[[121.880211,30.884382],[121.884095,30.880998],[121.885286,30.879964]]}},{"type":"Feature","properties":{"osm_id":10420219,"name":"","ref":"","highway":"motorway","road_grade":"R1","maxspeed_raw":null,"speed_base_kmh":78,"speed_pm_kmh":56,"speed_pm_rain_kmh":49,"speed_source":"synthetic_grade_default","lanes":4,"lanes_source":"Synthetic_by_grade","oneway":false,"oneway_source":"default","bridge":false,"tunnel":false,"layer":0,"layer_source":"default_ground","access":"","surface":"","service":"","topology_source":"LBS-Master_roads_gcj_clip","impedance_synthetic":true,"routable":true,"fallback_clip":true},"geometry":{"type":"LineString","coordinates":[[121.885286,30.879964],[121.885445,30.879799],[121.885575,30.879639],[121.886011,30.879024],[121.886539,30.878265],[121.887103,30.877591],[121.887669,30.877093]]}},{"type":"Feature","properties":{"osm_id":10420220,"name":"东海大桥","ref":"","highway":"motorway","road_grade":"R1","maxspeed_raw":null,"speed_base_kmh":78,"speed_pm_kmh":56,"speed_pm_rain_kmh":49,"speed_source":"synthetic_grade_default","lanes":4,"lanes_source":"Synthetic_by_grade","oneway":false,"oneway_source":"default","bridge":false,"tunnel":false,"layer":0,"layer_source":"default_ground","access":"","surface":"","service":"","topology_source":"LBS-Master_roads_gcj_clip","impedance_synthetic":true,"routable":true,"fallback_clip":true},"geometry":{"type":"LineString","coordinates":[[121.886809,30.878686],[121.888131,30.877499]]}},{"type":"Feature","properties":{"osm_id":10420221,"name":"东海大桥","ref":"","highway":"motorway","road_grade":"R1","maxspeed_raw":null,"speed_base_kmh":78,"speed_pm_kmh":56,"speed_pm_rain_kmh":49,"speed_source":"synthetic_grade_default","lanes":4,"lanes_source":"Synthetic_by_grade","oneway":false,"oneway_source":"default","bridge":false,"tunnel":false,"layer":0,"layer_source":"default_ground","access":"","surface":"","service":"","topology_source":"LBS-Master_roads_gcj_clip","impedance_synthetic":true,"routable":true,"fallback_clip":true},"geometry":{"type":"LineString","coordinates":[[121.888131,30.877499],[121.888518,30.877178]]}},{"type":"Feature","properties":{"osm_id":10420223,"name":"东海大桥","ref":"","highway":"motorway","road_grade":"R1","maxspeed_raw":null,"speed_base_kmh":78,"speed_pm_kmh":56,"speed_pm_rain_kmh":49,"speed_source":"synthetic_grade_default","lanes":4,"lanes_source":"Synthetic_by_grade","oneway":false,"oneway_source":"default","bridge":false,"tunnel":false,"layer":0,"layer_source":"default_ground","access":"","surface":"","service":"","topology_source":"LBS-Master_roads_gcj_clip","impedance_synthetic":true,"routable":true,"fallback_clip":true},"geometry":{"type":"LineString","coordinates":[[121.891264,30.874764],[121.891631,30.874432],[121.8919,30.874151],[121.892192,30.873893]]}},{"type":"Feature","properties":{"osm_id":10420228,"name":"","ref":"","highway":"motorway","road_grade":"R1","maxspeed_raw":null,"speed_base_kmh":78,"speed_pm_kmh":56,"speed_pm_rain_kmh":49,"speed_source":"synthetic_grade_default","lanes":4,"lanes_source":"Synthetic_by_grade","oneway":false,"oneway_source":"default","bridge":false,"tunnel":false,"layer":0,"layer_source":"default_ground","access":"","surface":"","service":"","topology_source":"LBS-Master_roads_gcj_clip","impedance_synthetic":true,"routable":true,"fallback_clip":true},"geometry":{"type":"LineString","coordinates":[[121.88808,30.876761],[121.888804,30.876149],[121.890049,30.875121],[121.890522,30.874717]]}},{"type":"Feature","properties":{"osm_id":10420241,"name":"东海大桥","ref":"","highway":"motorway","road_grade":"R1","maxspeed_raw":null,"speed_base_kmh":78,"speed_pm_kmh":56,"speed_pm_rain_kmh":49,"speed_source":"synthetic_grade_default","lanes":4,"lanes_source":"Synthetic_by_grade","oneway":false,"oneway_source":"default","bridge":false,"tunnel":false,"layer":0,"layer_source":"default_ground","access":"","surface":"","service":"","topology_source":"LBS-Master_roads_gcj_clip","impedance_synthetic":true,"routable":true,"fallback_clip":true},"geometry":{"type":"LineString","coordinates":[[121.892621,30.873514],[121.892884,30.873362],[121.894234,30.872158]]}},{"type":"Feature","properties":{"osm_id":37029041,"name":"","ref":"","highway":"motorway_link","road_grade":"R1","maxspeed_raw":null,"speed_base_kmh":78,"speed_pm_kmh":56,"speed_pm_rain_kmh":49,"speed_source":"synthetic_grade_default","lanes":4,"lanes_source":"Synthetic_by_grade","oneway":false,"oneway_source":"default","bridge":false,"tunnel":false,"layer":0,"layer_source":"default_ground","access":"","surface":"","service":"","topology_source":"LBS-Master_roads_gcj_clip","impedance_synthetic":true,"routable":true,"fallback_clip":true},"geometry":{"type":"LineString","coordinates":[[121.867814,30.891034],[121.868337,30.891155],[121.868765,30.891258],[121.869226,30.891343],[121.869605,30.891365],[121.870212,30.891356],[121.870594,30.891321],[121.871353,30.891151],[121.871631,30.891041]]}},{"type":"Feature","properties":{"osm_id":37029044,"name":"塘下公路","ref":"","highway":"secondary","road_grade":"R3","maxspeed_raw":null,"speed_base_kmh":42,"speed_pm_kmh":27,"speed_pm_rain_kmh":24,"speed_source":"synthetic_grade_default","lanes":3,"lanes_source":"Synthetic_by_grade","oneway":false,"oneway_source":"default","bridge":false,"tunnel":false,"layer":0,"layer_source":"default_ground","access":"","surface":"","service":"","topology_source":"LBS-Master_roads_gcj_clip","impedance_synthetic":true,"routable":true,"fallback_clip":true},"geometry":{"type":"LineString","coordinates":[[121.872977,30.877829],[121.872912,30.877748],[121.87227,30.876901],[121.871413,30.875687],[121.870911,30.875089],[121.870695,30.87493],[121.870591,30.874853],[121.869984,30.874405],[121.86917,30.873651],[121.868721,30.873295]]}},{"type":"Feature","properties":{"osm_id":65693830,"name":"沪城环路","ref":"","highway":"secondary","road_grade":"R3","maxspeed_raw":null,"speed_base_kmh":42,"speed_pm_kmh":27,"speed_pm_rain_kmh":24,"speed_source":"synthetic_grade_default","lanes":3,"lanes_source":"Synthetic_by_grade","oneway":false,"oneway_source":"default","bridge":false,"tunnel":false,"layer":0,"layer_source":"default_ground","access":"","surface":"","service":"","topology_source":"LBS-Master_roads_gcj_clip","impedance_synthetic":true,"routable":true,"fallback_clip":true},"geometry":{"type":"LineString","coordinates":[[121.908338,30.925405],[121.90817,30.925256],[121.907561,30.924715],[121.90685,30.924036],[121.906547,30.923737],[121.906104,30.923298],[121.905454,30.922645],[121.904818,30.921922],[121.90426,30.921265],[121.903976,30.92094],[121.903699,30.920604],[121.902994,30.919675],[121.902764,30.919338]]}},{"type":"Feature","properties":{"osm_id":65693833,"name":"橄榄路","ref":"","highway":"secondary","road_grade":"R3","maxspeed_raw":null,"speed_base_kmh":42,"speed_pm_kmh":27,"speed_pm_rain_kmh":24,"speed_source":"synthetic_grade_default","lanes":3,"lanes_source":"Synthetic_by_grade","oneway":false,"oneway_source":"default","bridge":false,"tunnel":false,"layer":0,"layer_source":"default_ground","access":"","surface":"","service":"","topology_source":"LBS-Master_roads_gcj_clip","impedance_synthetic":true,"routable":true,"fallback_clip":true},"geometry":{"type":"LineString","coordinates":[[121.916476,30.890495],[121.916317,30.890451],[121.915521,30.890212],[121.915006,30.89008],[121.914641,30.89],[121.914201,30.889928],[121.913745,30.889886],[121.913254,30.889869],[121.911982,30.889866],[121.910597,30.889862]]}},{"type":"Feature","properties":{"osm_id":87488184,"name":"海基三路","ref":"","highway":"secondary","road_grade":"R3","maxspeed_raw":null,"speed_base_kmh":42,"speed_pm_kmh":27,"speed_pm_rain_kmh":24,"speed_source":"synthetic_grade_default","lanes":3,"lanes_source":"Synthetic_by_grade","oneway":false,"oneway_source":"default","bridge":false,"tunnel":false,"layer":0,"layer_source":"default_ground","access":"","surface":"","service":"","topology_source":"LBS-Master_roads_gcj_clip","impedance_synthetic":true,"routable":true,"fallback_clip":true},"geometry":{"type":"LineString","coordinates":[[121.923944,30.866302],[121.923793,30.866432],[121.92357,30.866641],[121.923179,30.866973],[121.922998,30.867129],[121.922822,30.867281],[121.921485,30.868446],[121.920807,30.869049],[121.920627,30.869195],[121.92053,30.869275],[121.920359,30.869415],[121.919085,30.870521],[121.917728,30.8717],[121.916576,30.872704],[121.915796,30.87333]]}},{"type":"Feature","properties":{"osm_id":87488185,"name":"","ref":"","highway":"motorway_link","road_grade":"R1","maxspeed_raw":null,"speed_base_kmh":78,"speed_pm_kmh":56,"speed_pm_rain_kmh":49,"speed_source":"synthetic_grade_default","lanes":4,"lanes_source":"Synthetic_by_grade","oneway":false,"oneway_source":"default","bridge":false,"tunnel":false,"layer":0,"layer_source":"default_ground","access":"","surface":"","service":"","topology_source":"LBS-Master_roads_gcj_clip","impedance_synthetic":true,"routable":true,"fallback_clip":true},"geometry":{"type":"LineString","coordinates":[[121.867814,30.891034],[121.868097,30.891178],[121.868556,30.89133],[121.869096,30.89146],[121.869471,30.891552],[121.870229,30.891782]]}},{"type":"Feature","properties":{"osm_id":87488192,"name":"","ref":"","highway":"tertiary","road_grade":"R4","maxspeed_raw":null,"speed_base_kmh":32,"speed_pm_kmh":24,"speed_pm_rain_kmh":21,"speed_source":"synthetic_grade_default","lanes":2,"lanes_source":"Synthetic_by_grade","oneway":false,"oneway_source":"default","bridge":false,"tunnel":false,"layer":0,"layer_source":"default_ground","access":"","surface":"","service":"","topology_source":"LBS-Master_roads_gcj_clip","impedance_synthetic":true,"routable":true,"fallback_clip":true},"geometry":{"type":"LineString","coordinates":[[121.878,30.879172],[121.878087,30.8791],[121.878251,30.878962],[121.879025,30.878288],[121.880302,30.877175],[121.880542,30.876967],[121.880792,30.876752],[121.880948,30.876596],[121.881427,30.876174],[121.881655,30.87599],[121.881728,30.875927],[121.881968,30.875719],[121.882197,30.875522],[121.882689,30.875096],[121.882849,30.874957]]}},{"type":"Feature","properties":{"osm_id":87488196,"name":"","ref":"","highway":"secondary","road_grade":"R3","maxspeed_raw":null,"speed_base_kmh":42,"speed_pm_kmh":27,"speed_pm_rain_kmh":24,"speed_source":"synthetic_grade_default","lanes":3,"lanes_source":"Synthetic_by_grade","oneway":false,"oneway_source":"default","bridge":false,"tunnel":false,"layer":0,"layer_source":"default_ground","access":"","surface":"","service":"","topology_source":"LBS-Master_roads_gcj_clip","impedance_synthetic":true,"routable":true,"fallback_clip":true},"geometry":{"type":"LineString","coordinates":[[121.874637,30.871459],[121.874831,30.871635],[121.876083,30.872703],[121.87632,30.872885],[121.876732,30.873235],[121.877206,30.873637],[121.877439,30.873839]]}},{"type":"Feature","properties":{"osm_id":154719606,"name":"","ref":"","highway":"motorway_link","road_grade":"R1","maxspeed_raw":null,"speed_base_kmh":78,"speed_pm_kmh":56,"speed_pm_rain_kmh":49,"speed_source":"synthetic_grade_default","lanes":4,"lanes_source":"Synthetic_by_grade","oneway":false,"oneway_source":"default","bridge":false,"tunnel":false,"layer":0,"layer_source":"default_ground","access":"","surface":"","service":"","topology_source":"LBS-Master_roads_gcj_clip","impedance_synthetic":true,"routable":true,"fallback_clip":true},"geometry":{"type":"LineString","coordinates":[[121.86658,30.895885],[121.866847,30.895646],[121.86734,30.895153],[121.86765,30.894834],[121.867854,30.894581],[121.868041,30.894281],[121.868098,30.893909]]}},{"type":"Feature","properties":{"osm_id":154719611,"name":"","ref":"","highway":"motorway_link","road_grade":"R1","maxspeed_raw":null,"speed_base_kmh":78,"speed_pm_kmh":56,"speed_pm_rain_kmh":49,"speed_source":"synthetic_grade_default","lanes":4,"lanes_source":"Synthetic_by_grade","oneway":false,"oneway_source":"default","bridge":false,"tunnel":false,"layer":0,"layer_source":"default_ground","access":"","surface":"","service":"","topology_source":"LBS-Master_roads_gcj_clip","impedance_synthetic":true,"routable":true,"fallback_clip":true},"geometry":{"type":"LineString","coordinates":[[121.865757,30.89666],[121.866245,30.896213],[121.86658,30.895885],[121.866927,30.895388],[121.867131,30.895024],[121.867291,30.894618],[121.867317,30.894507]]}},{"type":"Feature","properties":{"osm_id":154733450,"name":"环湖西一路","ref":"","highway":"secondary","road_grade":"R3","maxspeed_raw":null,"speed_base_kmh":42,"speed_pm_kmh":27,"speed_pm_rain_kmh":24,"speed_source":"synthetic_grade_default","lanes":3,"lanes_source":"Synthetic_by_grade","oneway":false,"oneway_source":"default","bridge":false,"tunnel":false,"layer":0,"layer_source":"default_ground","access":"","surface":"","service":"","topology_source":"LBS-Master_roads_gcj_clip","impedance_synthetic":true,"routable":true,"fallback_clip":true},"geometry":{"type":"LineString","coordinates":[[121.927616,30.89298],[121.927546,30.89312],[121.927329,30.89368],[121.92714,30.894247],[121.926987,30.894795],[121.926877,30.895286],[121.926784,30.895839],[121.926712,30.896399],[121.926683,30.896616]]}},{"type":"Feature","properties":{"osm_id":154733456,"name":"申港大道","ref":"","highway":"primary","road_grade":"R2","maxspeed_raw":null,"speed_base_kmh":52,"speed_pm_kmh":30,"speed_pm_rain_kmh":26,"speed_source":"synthetic_grade_default","lanes":4,"lanes_source":"Synthetic_by_grade","oneway":false,"oneway_source":"default","bridge":false,"tunnel":false,"layer":0,"layer_source":"default_ground","access":"","surface":"","service":"","topology_source":"LBS-Master_roads_gcj_clip","impedance_synthetic":true,"routable":true,"fallback_clip":true},"geometry":{"type":"LineString","coordinates":[[121.893621,30.897494],[121.89477,30.897477],[121.896982,30.89743],[121.897395,30.897418]]}},{"type":"Feature","properties":{"osm_id":154733458,"name":"申港北二路","ref":"","highway":"tertiary","road_grade":"R4","maxspeed_raw":null,"speed_base_kmh":32,"speed_pm_kmh":24,"speed_pm_rain_kmh":21,"speed_source":"synthetic_grade_default","lanes":2,"lanes_source":"Synthetic_by_grade","oneway":false,"oneway_source":"default","bridge":false,"tunnel":false,"layer":0,"layer_source":"default_ground","access":"","surface":"","service":"","topology_source":"LBS-Master_roads_gcj_clip","impedance_synthetic":true,"routable":true,"fallback_clip":true},"geometry":{"type":"LineString","coordinates":[[121.926704,30.898306],[121.926595,30.898297]]}},{"type":"Feature","properties":{"osm_id":154733462,"name":"环湖西一路","ref":"","highway":"secondary","road_grade":"R3","maxspeed_raw":null,"speed_base_kmh":42,"speed_pm_kmh":27,"speed_pm_rain_kmh":24,"speed_source":"synthetic_grade_default","lanes":3,"lanes_source":"Synthetic_by_grade","oneway":false,"oneway_source":"default","bridge":false,"tunnel":false,"layer":0,"layer_source":"default_ground","access":"","surface":"","service":"","topology_source":"LBS-Master_roads_gcj_clip","impedance_synthetic":true,"routable":true,"fallback_clip":true},"geometry":{"type":"LineString","coordinates":[[121.927666,30.892545],[121.927743,30.892404],[121.928014,30.891899],[121.928338,30.891377],[121.928653,30.890927],[121.92902,30.890433],[121.929509,30.889848],[121.929722,30.889605],[121.929762,30.88956],[121.929875,30.889434],[121.930401,30.888925],[121.93058,30.888759]]}},{"type":"Feature","properties":{"osm_id":154733469,"name":"水芸路","ref":"","highway":"tertiary","road_grade":"R4","maxspeed_raw":null,"speed_base_kmh":32,"speed_pm_kmh":24,"speed_pm_rain_kmh":21,"speed_source":"synthetic_grade_default","lanes":2,"lanes_source":"Synthetic_by_grade","oneway":false,"oneway_source":"default","bridge":false,"tunnel":false,"layer":0,"layer_source":"default_ground","access":"","surface":"","service":"","topology_source":"LBS-Master_roads_gcj_clip","impedance_synthetic":true,"routable":true,"fallback_clip":true},"geometry":{"type":"LineString","coordinates":[[121.92628,30.892674],[121.926218,30.892813],[121.926135,30.893037],[121.925975,30.893454],[121.925844,30.893812],[121.925738,30.894139],[121.925645,30.894473],[121.925615,30.894603],[121.925596,30.894704],[121.925502,30.895036],[121.925448,30.895349],[121.925384,30.895782],[121.925352,30.896113],[121.925316,30.896512],[121.925276,30.896929]]}},{"type":"Feature","properties":{"osm_id":154733476,"name":"申港大道","ref":"","highway":"tertiary","road_grade":"R4","maxspeed_raw":null,"speed_base_kmh":32,"speed_pm_kmh":24,"speed_pm_rain_kmh":21,"speed_source":"synthetic_grade_default","lanes":2,"lanes_source":"Synthetic_by_grade","oneway":false,"oneway_source":"default","bridge":false,"tunnel":false,"layer":0,"layer_source":"default_ground","access":"","surface":"","service":"","topology_source":"LBS-Master_roads_gcj_clip","impedance_synthetic":true,"routable":true,"fallback_clip":true},"geometry":{"type":"LineString","coordinates":[[121.923418,30.897759],[121.923248,30.897746],[121.922758,30.897687],[121.922524,30.897659],[121.922231,30.89764]]}},{"type":"Feature","properties":{"osm_id":154833945,"name":"临港大道北","ref":"","highway":"tertiary","road_grade":"R4","maxspeed_raw":null,"speed_base_kmh":32,"speed_pm_kmh":24,"speed_pm_rain_kmh":21,"speed_source":"synthetic_grade_default","lanes":2,"lanes_source":"Synthetic_by_grade","oneway":false,"oneway_source":"default","bridge":false,"tunnel":false,"layer":0,"layer_source":"default_ground","access":"","surface":"","service":"","topology_source":"LBS-Master_roads_gcj_clip","impedance_synthetic":true,"routable":true,"fallback_clip":true},"geometry":{"type":"LineString","coordinates":[[121.931528,30.906601],[121.93142,30.906693]]}},{"type":"Feature","properties":{"osm_id":154833946,"name":"临港大道","ref":"","highway":"primary","road_grade":"R2","maxspeed_raw":null,"speed_base_kmh":52,"speed_pm_kmh":30,"speed_pm_rain_kmh":26,"speed_source":"synthetic_grade_default","lanes":4,"lanes_source":"Synthetic_by_grade","oneway":false,"oneway_source":"default","bridge":false,"tunnel":false,"layer":0,"layer_source":"default_ground","access":"","surface":"","service":"","topology_source":"LBS-Master_roads_gcj_clip","impedance_synthetic":true,"routable":true,"fallback_clip":true},"geometry":{"type":"LineString","coordinates":[[121.889247,30.941712],[121.889478,30.941572],[121.889603,30.941504]]}},{"type":"Feature","properties":{"osm_id":154833949,"name":"临港大道","ref":"","highway":"primary","road_grade":"R2","maxspeed_raw":null,"speed_base_kmh":52,"speed_pm_kmh":30,"speed_pm_rain_kmh":26,"speed_source":"synthetic_grade_default","lanes":4,"lanes_source":"Synthetic_by_grade","oneway":false,"oneway_source":"default","bridge":false,"tunnel":false,"layer":0,"layer_source":"default_ground","access":"","surface":"","service":"","topology_source":"LBS-Master_roads_gcj_clip","impedance_synthetic":true,"routable":true,"fallback_clip":true},"geometry":{"type":"LineString","coordinates":[[121.927698,30.909039],[121.927498,30.909213],[121.926262,30.910286]]}},{"type":"Feature","properties":{"osm_id":154833950,"name":"环湖北三路","ref":"","highway":"primary","road_grade":"R2","maxspeed_raw":null,"speed_base_kmh":52,"speed_pm_kmh":30,"speed_pm_rain_kmh":26,"speed_source":"synthetic_grade_default","lanes":4,"lanes_source":"Synthetic_by_grade","oneway":false,"oneway_source":"default","bridge":false,"tunnel":false,"layer":0,"layer_source":"default_ground","access":"","surface":"","service":"","topology_source":"LBS-Master_roads_gcj_clip","impedance_synthetic":true,"routable":true,"fallback_clip":true},"geometry":{"type":"LineString","coordinates":[[121.926546,30.914394],[121.925664,30.913719],[121.924713,30.913058],[121.924017,30.912525],[121.923859,30.912404]]}},{"type":"Feature","properties":{"osm_id":154833957,"name":"临港大道南路","ref":"","highway":"tertiary","road_grade":"R4","maxspeed_raw":null,"speed_base_kmh":32,"speed_pm_kmh":24,"speed_pm_rain_kmh":21,"speed_source":"synthetic_grade_default","lanes":2,"lanes_source":"Synthetic_by_grade","oneway":false,"oneway_source":"default","bridge":false,"tunnel":false,"layer":0,"layer_source":"default_ground","access":"","surface":"","service":"","topology_source":"LBS-Master_roads_gcj_clip","impedance_synthetic":true,"routable":true,"fallback_clip":true},"geometry":{"type":"LineString","coordinates":[[121.928367,30.907179],[121.929031,30.906593],[121.92926,30.906368],[121.929912,30.905822],[121.930135,30.905596]]}},{"type":"Feature","properties":{"osm_id":154833958,"name":"环湖南二路","ref":"","highway":"secondary","road_grade":"R3","maxspeed_raw":null,"speed_base_kmh":42,"speed_pm_kmh":27,"speed_pm_rain_kmh":24,"speed_source":"synthetic_grade_default","lanes":3,"lanes_source":"Synthetic_by_grade","oneway":false,"oneway_source":"default","bridge":false,"tunnel":false,"layer":0,"layer_source":"default_ground","access":"","surface":"","service":"","topology_source":"LBS-Master_roads_gcj_clip","impedance_synthetic":true,"routable":true,"fallback_clip":true},"geometry":{"type":"LineString","coordinates":[[121.927508,30.885944],[121.928265,30.885339],[121.928433,30.885213],[121.928824,30.884922],[121.929473,30.884477],[121.93032,30.883955],[121.931021,30.88357],[121.931754,30.883203],[121.933229,30.882573]]}},{"type":"Feature","properties":{"osm_id":154833959,"name":"云鹃路","ref":"","highway":"tertiary","road_grade":"R4","maxspeed_raw":null,"speed_base_kmh":32,"speed_pm_kmh":24,"speed_pm_rain_kmh":21,"speed_source":"synthetic_grade_default","lanes":2,"lanes_source":"Synthetic_by_grade","oneway":false,"oneway_source":"default","bridge":false,"tunnel":false,"layer":0,"layer_source":"default_ground","access":"","surface":"","service":"","topology_source":"LBS-Master_roads_gcj_clip","impedance_synthetic":true,"routable":true,"fallback_clip":true},"geometry":{"type":"LineString","coordinates":[[121.923419,30.897192],[121.923412,30.897032],[121.923424,30.896586],[121.923467,30.896006],[121.923521,30.895563],[121.923536,30.895491],[121.923551,30.895404],[121.923613,30.895071],[121.923689,30.894696],[121.923756,30.894349],[121.923784,30.894204],[121.923824,30.894055],[121.923913,30.893726],[121.923988,30.893487],[121.924096,30.893164],[121.924192,30.892888],[121.924376,30.892394],[121.9245,30.892065],[121.924579,30.891911]]}},{"type":"Feature","properties":{"osm_id":154836815,"name":"","ref":"","highway":"motorway_link","road_grade":"R1","maxspeed_raw":null,"speed_base_kmh":78,"speed_pm_kmh":56,"speed_pm_rain_kmh":49,"speed_source":"synthetic_grade_default","lanes":4,"lanes_source":"Synthetic_by_grade","oneway":false,"oneway_source":"default","bridge":false,"tunnel":false,"layer":0,"layer_source":"default_ground","access":"","surface":"","service":"","topology_source":"LBS-Master_roads_gcj_clip","impedance_synthetic":true,"routable":true,"fallback_clip":true},"geometry":{"type":"LineString","coordinates":[[121.884252,30.881434],[121.884242,30.881593],[121.884256,30.881761],[121.884304,30.881897],[121.884393,30.882006],[121.884508,30.882094],[121.884631,30.88215],[121.884779,30.882185],[121.884941,30.882189],[121.885089,30.882161],[121.885242,30.882107],[121.885355,30.882031],[121.885437,30.881926],[121.885496,30.88179]]}},{"type":"Feature","properties":{"osm_id":154836816,"name":"","ref":"","highway":"motorway_link","road_grade":"R1","maxspeed_raw":null,"speed_base_kmh":78,"speed_pm_kmh":56,"speed_pm_rain_kmh":49,"speed_source":"synthetic_grade_default","lanes":4,"lanes_source":"Synthetic_by_grade","oneway":false,"oneway_source":"default","bridge":false,"tunnel":false,"layer":0,"layer_source":"default_ground","access":"","surface":"","service":"","topology_source":"LBS-Master_roads_gcj_clip","impedance_synthetic":true,"routable":true,"fallback_clip":true},"geometry":{"type":"LineString","coordinates":[[121.898042,30.860566],[121.898684,30.861155],[121.899693,30.862084],[121.900074,30.862328],[121.900337,30.862434],[121.900674,30.862551],[121.901103,30.862597],[121.901805,30.862583],[121.903209,30.862458],[121.903811,30.86236]]}},{"type":"Feature","properties":{"osm_id":154836817,"name":"","ref":"","highway":"motorway_link","road_grade":"R1","maxspeed_raw":null,"speed_base_kmh":78,"speed_pm_kmh":56,"speed_pm_rain_kmh":49,"speed_source":"synthetic_grade_default","lanes":4,"lanes_source":"Synthetic_by_grade","oneway":false,"oneway_source":"default","bridge":false,"tunnel":false,"layer":0,"layer_source":"default_ground","access":"","surface":"","service":"","topology_source":"LBS-Master_roads_gcj_clip","impedance_synthetic":true,"routable":true,"fallback_clip":true},"geometry":{"type":"LineString","coordinates":[[121.884252,30.881434],[121.884193,30.881578],[121.884175,30.881683],[121.884189,30.881828],[121.884229,30.881941],[121.884305,30.882048],[121.884425,30.882144],[121.884594,30.882229],[121.884763,30.882266],[121.884957,30.88227],[121.885161,30.882235],[121.88528,30.882185],[121.885399,30.882122],[121.885895,30.881769],[121.886147,30.881642],[121.88633,30.881611],[121.886607,30.881619],[121.886806,30.881676]]}},{"type":"Feature","properties":{"osm_id":154836819,"name":"","ref":"","highway":"motorway","road_grade":"R1","maxspeed_raw":null,"speed_base_kmh":78,"speed_pm_kmh":56,"speed_pm_rain_kmh":49,"speed_source":"synthetic_grade_default","lanes":4,"lanes_source":"Synthetic_by_grade","oneway":false,"oneway_source":"default","bridge":false,"tunnel":false,"layer":0,"layer_source":"default_ground","access":"","surface":"","service":"","topology_source":"LBS-Master_roads_gcj_clip","impedance_synthetic":true,"routable":true,"fallback_clip":true},"geometry":{"type":"LineString","coordinates":[[121.888649,30.877885],[121.887416,30.878903],[121.886549,30.879401],[121.885662,30.879838]]}},{"type":"Feature","properties":{"osm_id":154837234,"name":"","ref":"","highway":"motorway_link","road_grade":"R1","maxspeed_raw":null,"speed_base_kmh":78,"speed_pm_kmh":56,"speed_pm_rain_kmh":49,"speed_source":"synthetic_grade_default","lanes":4,"lanes_source":"Synthetic_by_grade","oneway":false,"oneway_source":"default","bridge":false,"tunnel":false,"layer":0,"layer_source":"default_ground","access":"","surface":"","service":"","topology_source":"LBS-Master_roads_gcj_clip","impedance_synthetic":true,"routable":true,"fallback_clip":true},"geometry":{"type":"LineString","coordinates":[[121.874795,30.897849],[121.874146,30.897482],[121.873643,30.89705],[121.873144,30.896637]]}},{"type":"Feature","properties":{"osm_id":154837235,"name":"","ref":"","highway":"motorway_link","road_grade":"R1","maxspeed_raw":null,"speed_base_kmh":78,"speed_pm_kmh":56,"speed_pm_rain_kmh":49,"speed_source":"synthetic_grade_default","lanes":4,"lanes_source":"Synthetic_by_grade","oneway":false,"oneway_source":"default","bridge":false,"tunnel":false,"layer":0,"layer_source":"default_ground","access":"","surface":"","service":"","topology_source":"LBS-Master_roads_gcj_clip","impedance_synthetic":true,"routable":true,"fallback_clip":true},"geometry":{"type":"LineString","coordinates":[[121.873144,30.896637],[121.872887,30.896481],[121.872502,30.896236],[121.872207,30.896084]]}},{"type":"Feature","properties":{"osm_id":154837237,"name":"","ref":"","highway":"motorway_link","road_grade":"R1","maxspeed_raw":null,"speed_base_kmh":78,"speed_pm_kmh":56,"speed_pm_rain_kmh":49,"speed_source":"synthetic_grade_default","lanes":4,"lanes_source":"Synthetic_by_grade","oneway":false,"oneway_source":"default","bridge":false,"tunnel":false,"layer":0,"layer_source":"default_ground","access":"","surface":"","service":"","topology_source":"LBS-Master_roads_gcj_clip","impedance_synthetic":true,"routable":true,"fallback_clip":true},"geometry":{"type":"LineString","coordinates":[[121.872897,30.891226],[121.87263,30.891625]]}},{"type":"Feature","properties":{"osm_id":154837238,"name":"","ref":"","highway":"motorway_link","road_grade":"R1","maxspeed_raw":null,"speed_base_kmh":78,"speed_pm_kmh":56,"speed_pm_rain_kmh":49,"speed_source":"synthetic_grade_default","lanes":4,"lanes_source":"Synthetic_by_grade","oneway":false,"oneway_source":"default","bridge":false,"tunnel":false,"layer":0,"layer_source":"default_ground","access":"","surface":"","service":"","topology_source":"LBS-Master_roads_gcj_clip","impedance_synthetic":true,"routable":true,"fallback_clip":true},"geometry":{"type":"LineString","coordinates":[[121.872897,30.891226],[121.87272,30.891355],[121.87245,30.891579]]}},{"type":"Feature","properties":{"osm_id":154837239,"name":"","ref":"","highway":"motorway_link","road_grade":"R1","maxspeed_raw":null,"speed_base_kmh":78,"speed_pm_kmh":56,"speed_pm_rain_kmh":49,"speed_source":"synthetic_grade_default","lanes":4,"lanes_source":"Synthetic_by_grade","oneway":false,"oneway_source":"default","bridge":false,"tunnel":false,"layer":0,"layer_source":"default_ground","access":"","surface":"","service":"","topology_source":"LBS-Master_roads_gcj_clip","impedance_synthetic":true,"routable":true,"fallback_clip":true},"geometry":{"type":"LineString","coordinates":[[121.873144,30.896637],[121.872951,30.896458],[121.872367,30.895963]]}},{"type":"Feature","properties":{"osm_id":163995913,"name":"老芦公路","ref":"X353","highway":"tertiary","road_grade":"R4","maxspeed_raw":null,"speed_base_kmh":32,"speed_pm_kmh":24,"speed_pm_rain_kmh":21,"speed_source":"synthetic_grade_default","lanes":2,"lanes_source":"Synthetic_by_grade","oneway":false,"oneway_source":"default","bridge":false,"tunnel":false,"layer":0,"layer_source":"default_ground","access":"","surface":"","service":"","topology_source":"LBS-Master_roads_gcj_clip","impedance_synthetic":true,"routable":true,"fallback_clip":true},"geometry":{"type":"LineString","coordinates":[[121.864913,30.959236],[121.864916,30.959049]]}},{"type":"Feature","properties":{"osm_id":163995914,"name":"老芦公路","ref":"X353","highway":"tertiary","road_grade":"R4","maxspeed_raw":null,"speed_base_kmh":32,"speed_pm_kmh":24,"speed_pm_rain_kmh":21,"speed_source":"synthetic_grade_default","lanes":2,"lanes_source":"Synthetic_by_grade","oneway":false,"oneway_source":"default","bridge":false,"tunnel":false,"layer":0,"layer_source":"default_ground","access":"","surface":"","service":"","topology_source":"LBS-Master_roads_gcj_clip","impedance_synthetic":true,"routable":true,"fallback_clip":true},"geometry":{"type":"LineString","coordinates":[[121.865168,30.952553],[121.865168,30.952402]]}},{"type":"Feature","properties":{"osm_id":163995918,"name":"老芦公路","ref":"X353","highway":"tertiary","road_grade":"R4","maxspeed_raw":null,"speed_base_kmh":32,"speed_pm_kmh":24,"speed_pm_rain_kmh":21,"speed_source":"synthetic_grade_default","lanes":2,"lanes_source":"Synthetic_by_grade","oneway":false,"oneway_source":"default","bridge":false,"tunnel":false,"layer":0,"layer_source":"default_ground","access":"","surface":"","service":"","topology_source":"LBS-Master_roads_gcj_clip","impedance_synthetic":true,"routable":true,"fallback_clip":true},"geometry":{"type":"LineString","coordinates":[[121.865168,30.952402],[121.865198,30.951593],[121.865198,30.951463],[121.865198,30.951395],[121.865201,30.951098],[121.865258,30.94987],[121.865279,30.949478],[121.865309,30.948764],[121.865318,30.948564],[121.865349,30.94788]]}},{"type":"Feature","properties":{"osm_id":163995922,"name":"老芦公路","ref":"X353","highway":"tertiary","road_grade":"R4","maxspeed_raw":null,"speed_base_kmh":32,"speed_pm_kmh":24,"speed_pm_rain_kmh":21,"speed_source":"synthetic_grade_default","lanes":2,"lanes_source":"Synthetic_by_grade","oneway":false,"oneway_source":"default","bridge":false,"tunnel":false,"layer":0,"layer_source":"default_ground","access":"","surface":"","service":"","topology_source":"LBS-Master_roads_gcj_clip","impedance_synthetic":true,"routable":true,"fallback_clip":true},"geometry":{"type":"LineString","coordinates":[[121.865482,30.964591],[121.865384,30.96376],[121.865292,30.962809],[121.865236,30.962454],[121.865032,30.960791],[121.86499,30.960468],[121.864965,30.960093],[121.864925,30.959387],[121.864913,30.959236]]}},{"type":"Feature","properties":{"osm_id":163995923,"name":"老芦公路","ref":"X353","highway":"tertiary","road_grade":"R4","maxspeed_raw":null,"speed_base_kmh":32,"speed_pm_kmh":24,"speed_pm_rain_kmh":21,"speed_source":"synthetic_grade_default","lanes":2,"lanes_source":"Synthetic_by_grade","oneway":false,"oneway_source":"default","bridge":false,"tunnel":false,"layer":0,"layer_source":"default_ground","access":"","surface":"","service":"","topology_source":"LBS-Master_roads_gcj_clip","impedance_synthetic":true,"routable":true,"fallback_clip":true},"geometry":{"type":"LineString","coordinates":[[121.864916,30.959049],[121.864931,30.958189],[121.864967,30.95752],[121.864971,30.957438],[121.865005,30.956618],[121.865033,30.955827],[121.865063,30.954527],[121.865097,30.95391],[121.865155,30.9531],[121.865159,30.952932]]}},{"type":"Feature","properties":{"osm_id":169408692,"name":"老芦公路","ref":"X353","highway":"tertiary","road_grade":"R4","maxspeed_raw":null,"speed_base_kmh":32,"speed_pm_kmh":24,"speed_pm_rain_kmh":21,"speed_source":"synthetic_grade_default","lanes":2,"lanes_source":"Synthetic_by_grade","oneway":false,"oneway_source":"default","bridge":false,"tunnel":false,"layer":0,"layer_source":"default_ground","access":"","surface":"","service":"","topology_source":"LBS-Master_roads_gcj_clip","impedance_synthetic":true,"routable":true,"fallback_clip":true},"geometry":{"type":"LineString","coordinates":[[121.862543,30.912181],[121.862489,30.912067],[121.862444,30.911973],[121.862362,30.911802],[121.861866,30.910737],[121.861328,30.909607],[121.860322,30.907465],[121.860301,30.907421],[121.860213,30.907233],[121.85998,30.906751],[121.859597,30.905976],[121.859298,30.905321],[121.85927,30.905254]]}},{"type":"Feature","properties":{"osm_id":169408693,"name":"老芦公路","ref":"X353","highway":"tertiary","road_grade":"R4","maxspeed_raw":null,"speed_base_kmh":32,"speed_pm_kmh":24,"speed_pm_rain_kmh":21,"speed_source":"synthetic_grade_default","lanes":2,"lanes_source":"Synthetic_by_grade","oneway":false,"oneway_source":"default","bridge":false,"tunnel":false,"layer":0,"layer_source":"default_ground","access":"","surface":"","service":"","topology_source":"LBS-Master_roads_gcj_clip","impedance_synthetic":true,"routable":true,"fallback_clip":true},"geometry":{"type":"LineString","coordinates":[[121.863596,30.915156],[121.863547,30.91498]]}},{"type":"Feature","properties":{"osm_id":169408694,"name":"老芦公路","ref":"X353","highway":"tertiary","road_grade":"R4","maxspeed_raw":null,"speed_base_kmh":32,"speed_pm_kmh":24,"speed_pm_rain_kmh":21,"speed_source":"synthetic_grade_default","lanes":2,"lanes_source":"Synthetic_by_grade","oneway":false,"oneway_source":"default","bridge":false,"tunnel":false,"layer":0,"layer_source":"default_ground","access":"","surface":"","service":"","topology_source":"LBS-Master_roads_gcj_clip","impedance_synthetic":true,"routable":true,"fallback_clip":true},"geometry":{"type":"LineString","coordinates":[[121.866948,30.929504],[121.866986,30.92918]]}},{"type":"Feature","properties":{"osm_id":169408695,"name":"老芦公路","ref":"X353","highway":"tertiary","road_grade":"R4","maxspeed_raw":null,"speed_base_kmh":32,"speed_pm_kmh":24,"speed_pm_rain_kmh":21,"speed_source":"synthetic_grade_default","lanes":2,"lanes_source":"Synthetic_by_grade","oneway":false,"oneway_source":"default","bridge":false,"tunnel":false,"layer":0,"layer_source":"default_ground","access":"","surface":"","service":"","topology_source":"LBS-Master_roads_gcj_clip","impedance_synthetic":true,"routable":true,"fallback_clip":true},"geometry":{"type":"LineString","coordinates":[[121.866221,30.93753],[121.866243,30.937316]]}},{"type":"Feature","properties":{"osm_id":169408696,"name":"老芦公路","ref":"X353","highway":"tertiary","road_grade":"R4","maxspeed_raw":null,"speed_base_kmh":32,"speed_pm_kmh":24,"speed_pm_rain_kmh":21,"speed_source":"synthetic_grade_default","lanes":2,"lanes_source":"Synthetic_by_grade","oneway":false,"oneway_source":"default","bridge":false,"tunnel":false,"layer":0,"layer_source":"default_ground","access":"","surface":"","service":"","topology_source":"LBS-Master_roads_gcj_clip","impedance_synthetic":true,"routable":true,"fallback_clip":true},"geometry":{"type":"LineString","coordinates":[[121.865358,30.921943],[121.86531,30.921786]]}},{"type":"Feature","properties":{"osm_id":169408697,"name":"老芦公路","ref":"X353","highway":"tertiary","road_grade":"R4","maxspeed_raw":null,"speed_base_kmh":32,"speed_pm_kmh":24,"speed_pm_rain_kmh":21,"speed_source":"synthetic_grade_default","lanes":2,"lanes_source":"Synthetic_by_grade","oneway":false,"oneway_source":"default","bridge":false,"tunnel":false,"layer":0,"layer_source":"default_ground","access":"","surface":"","service":"","topology_source":"LBS-Master_roads_gcj_clip","impedance_synthetic":true,"routable":true,"fallback_clip":true},"geometry":{"type":"LineString","coordinates":[[121.865654,30.943631],[121.865662,30.943503]]}},{"type":"Feature","properties":{"osm_id":169408698,"name":"老芦公路","ref":"X353","highway":"tertiary","road_grade":"R4","maxspeed_raw":null,"speed_base_kmh":32,"speed_pm_kmh":24,"speed_pm_rain_kmh":21,"speed_source":"synthetic_grade_default","lanes":2,"lanes_source":"Synthetic_by_grade","oneway":false,"oneway_source":"default","bridge":false,"tunnel":false,"layer":0,"layer_source":"default_ground","access":"","surface":"","service":"","topology_source":"LBS-Master_roads_gcj_clip","impedance_synthetic":true,"routable":true,"fallback_clip":true},"geometry":{"type":"LineString","coordinates":[[121.865349,30.94788],[121.865347,30.947706]]}},{"type":"Feature","properties":{"osm_id":169408699,"name":"老芦公路","ref":"X353","highway":"tertiary","road_grade":"R4","maxspeed_raw":null,"speed_base_kmh":32,"speed_pm_kmh":24,"speed_pm_rain_kmh":21,"speed_source":"synthetic_grade_default","lanes":2,"lanes_source":"Synthetic_by_grade","oneway":false,"oneway_source":"default","bridge":false,"tunnel":false,"layer":0,"layer_source":"default_ground","access":"","surface":"","service":"","topology_source":"LBS-Master_roads_gcj_clip","impedance_synthetic":true,"routable":true,"fallback_clip":true},"geometry":{"type":"LineString","coordinates":[[121.865444,30.945859],[121.865543,30.944814],[121.865611,30.944166],[121.86564,30.94383],[121.865654,30.943631]]}},{"type":"Feature","properties":{"osm_id":169408700,"name":"老芦公路","ref":"X353","highway":"tertiary","road_grade":"R4","maxspeed_raw":null,"speed_base_kmh":32,"speed_pm_kmh":24,"speed_pm_rain_kmh":21,"speed_source":"synthetic_grade_default","lanes":2,"lanes_source":"Synthetic_by_grade","oneway":false,"oneway_source":"default","bridge":false,"tunnel":false,"layer":0,"layer_source":"default_ground","access":"","surface":"","service":"","topology_source":"LBS-Master_roads_gcj_clip","impedance_synthetic":true,"routable":true,"fallback_clip":true},"geometry":{"type":"LineString","coordinates":[[121.86531,30.921786],[121.865123,30.921095],[121.864884,30.920206],[121.864668,30.919335],[121.864253,30.917698],[121.864218,30.917564],[121.863924,30.91643],[121.863867,30.916181],[121.863835,30.916048],[121.863633,30.915302],[121.863596,30.915156]]}},{"type":"Feature","properties":{"osm_id":169408701,"name":"老芦公路","ref":"X353","highway":"tertiary","road_grade":"R4","maxspeed_raw":null,"speed_base_kmh":32,"speed_pm_kmh":24,"speed_pm_rain_kmh":21,"speed_source":"synthetic_grade_default","lanes":2,"lanes_source":"Synthetic_by_grade","oneway":false,"oneway_source":"default","bridge":false,"tunnel":false,"layer":0,"layer_source":"default_ground","access":"","surface":"","service":"","topology_source":"LBS-Master_roads_gcj_clip","impedance_synthetic":true,"routable":true,"fallback_clip":true},"geometry":{"type":"LineString","coordinates":[[121.866796,30.927471],[121.866274,30.925432],[121.865972,30.924315],[121.865733,30.923456],[121.865724,30.923396],[121.86545,30.922307],[121.865369,30.921986]]}},{"type":"Feature","properties":{"osm_id":169408702,"name":"老芦公路","ref":"X353","highway":"tertiary","road_grade":"R4","maxspeed_raw":null,"speed_base_kmh":32,"speed_pm_kmh":24,"speed_pm_rain_kmh":21,"speed_source":"synthetic_grade_default","lanes":2,"lanes_source":"Synthetic_by_grade","oneway":false,"oneway_source":"default","bridge":false,"tunnel":false,"layer":0,"layer_source":"default_ground","access":"","surface":"","service":"","topology_source":"LBS-Master_roads_gcj_clip","impedance_synthetic":true,"routable":true,"fallback_clip":true},"geometry":{"type":"LineString","coordinates":[[121.866243,30.937316],[121.866262,30.936883],[121.866326,30.93622],[121.866453,30.93474],[121.866585,30.933191],[121.866623,30.93276],[121.866728,30.931883]]}},{"type":"Feature","properties":{"osm_id":169408703,"name":"老芦公路","ref":"X353","highway":"tertiary","road_grade":"R4","maxspeed_raw":null,"speed_base_kmh":32,"speed_pm_kmh":24,"speed_pm_rain_kmh":21,"speed_source":"synthetic_grade_default","lanes":2,"lanes_source":"Synthetic_by_grade","oneway":false,"oneway_source":"default","bridge":false,"tunnel":false,"layer":0,"layer_source":"default_ground","access":"","surface":"","service":"","topology_source":"LBS-Master_roads_gcj_clip","impedance_synthetic":true,"routable":true,"fallback_clip":true},"geometry":{"type":"LineString","coordinates":[[121.865662,30.943503],[121.865681,30.943127],[121.865769,30.942354],[121.865796,30.941965],[121.865864,30.941125],[121.865958,30.94015],[121.866041,30.939202],[121.86604,30.939144]]}},{"type":"Feature","properties":{"osm_id":198863688,"name":"","ref":"","highway":"motorway_link","road_grade":"R1","maxspeed_raw":null,"speed_base_kmh":78,"speed_pm_kmh":56,"speed_pm_rain_kmh":49,"speed_source":"synthetic_grade_default","lanes":4,"lanes_source":"Synthetic_by_grade","oneway":false,"oneway_source":"default","bridge":false,"tunnel":false,"layer":0,"layer_source":"default_ground","access":"","surface":"","service":"","topology_source":"LBS-Master_roads_gcj_clip","impedance_synthetic":true,"routable":true,"fallback_clip":true},"geometry":{"type":"LineString","coordinates":[[121.871605,30.893174],[121.871642,30.893537],[121.871595,30.893868],[121.871468,30.894184],[121.871262,30.894516],[121.871068,30.89472],[121.87084,30.894907],[121.870438,30.895136],[121.870127,30.895241],[121.869819,30.895319],[121.869559,30.895359]]}},{"type":"Feature","properties":{"osm_id":198863689,"name":"","ref":"","highway":"motorway_link","road_grade":"R1","maxspeed_raw":null,"speed_base_kmh":78,"speed_pm_kmh":56,"speed_pm_rain_kmh":49,"speed_source":"synthetic_grade_default","lanes":4,"lanes_source":"Synthetic_by_grade","oneway":false,"oneway_source":"default","bridge":false,"tunnel":false,"layer":0,"layer_source":"default_ground","access":"","surface":"","service":"","topology_source":"LBS-Master_roads_gcj_clip","impedance_synthetic":true,"routable":true,"fallback_clip":true},"geometry":{"type":"LineString","coordinates":[[121.868098,30.893909],[121.868137,30.893518],[121.868159,30.893259],[121.868191,30.89306],[121.86826,30.892844],[121.868402,30.892606],[121.868512,30.89248],[121.868616,30.892367],[121.868804,30.892237],[121.868977,30.892153],[121.869245,30.892057],[121.869489,30.892015],[121.86977,30.892008],[121.870038,30.892035]]}},{"type":"Feature","properties":{"osm_id":198863690,"name":"","ref":"","highway":"trunk_link","road_grade":"R1","maxspeed_raw":null,"speed_base_kmh":78,"speed_pm_kmh":56,"speed_pm_rain_kmh":49,"speed_source":"synthetic_grade_default","lanes":4,"lanes_source":"Synthetic_by_grade","oneway":false,"oneway_source":"default","bridge":false,"tunnel":false,"layer":0,"layer_source":"default_ground","access":"","surface":"","service":"","topology_source":"LBS-Master_roads_gcj_clip","impedance_synthetic":true,"routable":true,"fallback_clip":true},"geometry":{"type":"LineString","coordinates":[[121.864043,30.888932],[121.862662,30.887778],[121.862567,30.887642],[121.862524,30.887509],[121.86255,30.887432],[121.862606,30.887339],[121.862718,30.88727],[121.862834,30.887245],[121.862959,30.887264],[121.863147,30.887369],[121.864449,30.888486]]}},{"type":"Feature","properties":{"osm_id":198863691,"name":"","ref":"","highway":"motorway_link","road_grade":"R1","maxspeed_raw":null,"speed_base_kmh":78,"speed_pm_kmh":56,"speed_pm_rain_kmh":49,"speed_source":"synthetic_grade_default","lanes":4,"lanes_source":"Synthetic_by_grade","oneway":false,"oneway_source":"default","bridge":false,"tunnel":false,"layer":0,"layer_source":"default_ground","access":"","surface":"","service":"","topology_source":"LBS-Master_roads_gcj_clip","impedance_synthetic":true,"routable":true,"fallback_clip":true},"geometry":{"type":"LineString","coordinates":[[121.870038,30.892035],[121.870322,30.892118],[121.870589,30.892267],[121.870755,30.8924],[121.870926,30.892584],[121.871079,30.892845],[121.871144,30.89302],[121.871178,30.893218],[121.871178,30.893551],[121.871173,30.893837],[121.871189,30.893938],[121.871279,30.894281],[121.871408,30.894506],[121.871537,30.894644],[121.871738,30.894845],[121.872129,30.89518]]}},{"type":"Feature","properties":{"osm_id":198863692,"name":"","ref":"","highway":"motorway_link","road_grade":"R1","maxspeed_raw":null,"speed_base_kmh":78,"speed_pm_kmh":56,"speed_pm_rain_kmh":49,"speed_source":"synthetic_grade_default","lanes":4,"lanes_source":"Synthetic_by_grade","oneway":false,"oneway_source":"default","bridge":false,"tunnel":false,"layer":0,"layer_source":"default_ground","access":"","surface":"","service":"","topology_source":"LBS-Master_roads_gcj_clip","impedance_synthetic":true,"routable":true,"fallback_clip":true},"geometry":{"type":"LineString","coordinates":[[121.869182,30.894849],[121.868915,30.894762],[121.868576,30.894603],[121.868303,30.894405],[121.868143,30.89423],[121.867998,30.893986],[121.867897,30.893736],[121.86786,30.8934],[121.867907,30.89307],[121.868036,30.892757],[121.868175,30.892568],[121.868346,30.89236],[121.868667,30.89212],[121.86901,30.891935],[121.869518,30.891755],[121.87149,30.891226],[121.871676,30.891153]]}},{"type":"Feature","properties":{"osm_id":198863693,"name":"","ref":"","highway":"motorway_link","road_grade":"R1","maxspeed_raw":null,"speed_base_kmh":78,"speed_pm_kmh":56,"speed_pm_rain_kmh":49,"speed_source":"synthetic_grade_default","lanes":4,"lanes_source":"Synthetic_by_grade","oneway":false,"oneway_source":"default","bridge":false,"tunnel":false,"layer":0,"layer_source":"default_ground","access":"","surface":"","service":"","topology_source":"LBS-Master_roads_gcj_clip","impedance_synthetic":true,"routable":true,"fallback_clip":true},"geometry":{"type":"LineString","coordinates":[[121.864104,30.897408],[121.864283,30.897223],[121.864766,30.896812],[121.865343,30.896475],[121.865782,30.8963],[121.86644,30.896112],[121.867166,30.896032],[121.867858,30.896072],[121.868321,30.896134],[121.868958,30.896316],[121.870248,30.896912],[121.871009,30.897221],[121.871516,30.897357],[121.871989,30.897455],[121.872561,30.897526],[121.873086,30.897553],[121.875334,30.897557],[121.876694,30.897548]]}},{"type":"Feature","properties":{"osm_id":198863694,"name":"两港大道","ref":"S229","highway":"trunk","road_grade":"R1","maxspeed_raw":null,"speed_base_kmh":78,"speed_pm_kmh":56,"speed_pm_rain_kmh":49,"speed_source":"synthetic_grade_default","lanes":4,"lanes_source":"Synthetic_by_grade","oneway":false,"oneway_source":"default","bridge":false,"tunnel":false,"layer":0,"layer_source":"default_ground","access":"","surface":"","service":"","topology_source":"LBS-Master_roads_gcj_clip","impedance_synthetic":true,"routable":true,"fallback_clip":true},"geometry":{"type":"LineString","coordinates":[[121.87203,30.895271],[121.872602,30.895754]]}},{"type":"Feature","properties":{"osm_id":198863695,"name":"","ref":"","highway":"motorway_link","road_grade":"R1","maxspeed_raw":null,"speed_base_kmh":78,"speed_pm_kmh":56,"speed_pm_rain_kmh":49,"speed_source":"synthetic_grade_default","lanes":4,"lanes_source":"Synthetic_by_grade","oneway":false,"oneway_source":"default","bridge":false,"tunnel":false,"layer":0,"layer_source":"default_ground","access":"","surface":"","service":"","topology_source":"LBS-Master_roads_gcj_clip","impedance_synthetic":true,"routable":true,"fallback_clip":true},"geometry":{"type":"LineString","coordinates":[[121.892191,30.897651],[121.891829,30.897651],[121.890759,30.897657],[121.886334,30.897671],[121.884558,30.897676],[121.882559,30.897683]]}},{"type":"Feature","properties":{"osm_id":198863696,"name":"","ref":"","highway":"motorway_link","road_grade":"R1","maxspeed_raw":null,"speed_base_kmh":78,"speed_pm_kmh":56,"speed_pm_rain_kmh":49,"speed_source":"synthetic_grade_default","lanes":4,"lanes_source":"Synthetic_by_grade","oneway":false,"oneway_source":"default","bridge":false,"tunnel":false,"layer":0,"layer_source":"default_ground","access":"","surface":"","service":"","topology_source":"LBS-Master_roads_gcj_clip","impedance_synthetic":true,"routable":true,"fallback_clip":true},"geometry":{"type":"LineString","coordinates":[[121.866805,30.890534],[121.867011,30.890644]]}},{"type":"Feature","properties":{"osm_id":198863698,"name":"","ref":"","highway":"motorway_link","road_grade":"R1","maxspeed_raw":null,"speed_base_kmh":78,"speed_pm_kmh":56,"speed_pm_rain_kmh":49,"speed_source":"synthetic_grade_default","lanes":4,"lanes_source":"Synthetic_by_grade","oneway":false,"oneway_source":"default","bridge":false,"tunnel":false,"layer":0,"layer_source":"default_ground","access":"","surface":"","service":"","topology_source":"LBS-Master_roads_gcj_clip","impedance_synthetic":true,"routable":true,"fallback_clip":true},"geometry":{"type":"LineString","coordinates":[[121.882568,30.897507],[121.886339,30.897482],[121.892258,30.89749]]}},{"type":"Feature","properties":{"osm_id":198863699,"name":"","ref":"","highway":"motorway_link","road_grade":"R1","maxspeed_raw":null,"speed_base_kmh":78,"speed_pm_kmh":56,"speed_pm_rain_kmh":49,"speed_source":"synthetic_grade_default","lanes":4,"lanes_source":"Synthetic_by_grade","oneway":false,"oneway_source":"default","bridge":false,"tunnel":false,"layer":0,"layer_source":"default_ground","access":"","surface":"","service":"","topology_source":"LBS-Master_roads_gcj_clip","impedance_synthetic":true,"routable":true,"fallback_clip":true},"geometry":{"type":"LineString","coordinates":[[121.864858,30.889108],[121.86542,30.889488],[121.8666,30.890426],[121.866805,30.890534]]}},{"type":"Feature","properties":{"osm_id":198863702,"name":"","ref":"","highway":"motorway_link","road_grade":"R1","maxspeed_raw":null,"speed_base_kmh":78,"speed_pm_kmh":56,"speed_pm_rain_kmh":49,"speed_source":"synthetic_grade_default","lanes":4,"lanes_source":"Synthetic_by_grade","oneway":false,"oneway_source":"default","bridge":false,"tunnel":false,"layer":0,"layer_source":"default_ground","access":"","surface":"","service":"","topology_source":"LBS-Master_roads_gcj_clip","impedance_synthetic":true,"routable":true,"fallback_clip":true},"geometry":{"type":"LineString","coordinates":[[121.872367,30.895963],[121.871801,30.895484]]}},{"type":"Feature","properties":{"osm_id":198863703,"name":"","ref":"","highway":"motorway_link","road_grade":"R1","maxspeed_raw":null,"speed_base_kmh":78,"speed_pm_kmh":56,"speed_pm_rain_kmh":49,"speed_source":"synthetic_grade_default","lanes":4,"lanes_source":"Synthetic_by_grade","oneway":false,"oneway_source":"default","bridge":false,"tunnel":false,"layer":0,"layer_source":"default_ground","access":"","surface":"","service":"","topology_source":"LBS-Master_roads_gcj_clip","impedance_synthetic":true,"routable":true,"fallback_clip":true},"geometry":{"type":"LineString","coordinates":[[121.876694,30.897548],[121.880937,30.897518],[121.882568,30.897507]]}},{"type":"Feature","properties":{"osm_id":198863704,"name":"","ref":"","highway":"motorway_link","road_grade":"R1","maxspeed_raw":null,"speed_base_kmh":78,"speed_pm_kmh":56,"speed_pm_rain_kmh":49,"speed_source":"synthetic_grade_default","lanes":4,"lanes_source":"Synthetic_by_grade","oneway":false,"oneway_source":"default","bridge":false,"tunnel":false,"layer":0,"layer_source":"default_ground","access":"","surface":"","service":"","topology_source":"LBS-Master_roads_gcj_clip","impedance_synthetic":true,"routable":true,"fallback_clip":true},"geometry":{"type":"LineString","coordinates":[[121.872129,30.89518],[121.872707,30.89568]]}},{"type":"Feature","properties":{"osm_id":198863705,"name":"","ref":"","highway":"motorway_link","road_grade":"R1","maxspeed_raw":null,"speed_base_kmh":78,"speed_pm_kmh":56,"speed_pm_rain_kmh":49,"speed_source":"synthetic_grade_default","lanes":4,"lanes_source":"Synthetic_by_grade","oneway":false,"oneway_source":"default","bridge":false,"tunnel":false,"layer":0,"layer_source":"default_ground","access":"","surface":"","service":"","topology_source":"LBS-Master_roads_gcj_clip","impedance_synthetic":true,"routable":true,"fallback_clip":true},"geometry":{"type":"LineString","coordinates":[[121.87278,30.895582],[121.873508,30.896341]]}},{"type":"Feature","properties":{"osm_id":198863706,"name":"","ref":"","highway":"motorway_link","road_grade":"R1","maxspeed_raw":null,"speed_base_kmh":78,"speed_pm_kmh":56,"speed_pm_rain_kmh":49,"speed_source":"synthetic_grade_default","lanes":4,"lanes_source":"Synthetic_by_grade","oneway":false,"oneway_source":"default","bridge":false,"tunnel":false,"layer":0,"layer_source":"default_ground","access":"","surface":"","service":"","topology_source":"LBS-Master_roads_gcj_clip","impedance_synthetic":true,"routable":true,"fallback_clip":true},"geometry":{"type":"LineString","coordinates":[[121.866819,30.891439],[121.866526,30.891089]]}},{"type":"Feature","properties":{"osm_id":198863708,"name":"两港大道","ref":"S229","highway":"trunk","road_grade":"R1","maxspeed_raw":null,"speed_base_kmh":78,"speed_pm_kmh":56,"speed_pm_rain_kmh":49,"speed_source":"synthetic_grade_default","lanes":4,"lanes_source":"Synthetic_by_grade","oneway":false,"oneway_source":"default","bridge":false,"tunnel":false,"layer":0,"layer_source":"default_ground","access":"","surface":"","service":"","topology_source":"LBS-Master_roads_gcj_clip","impedance_synthetic":true,"routable":true,"fallback_clip":true},"geometry":{"type":"LineString","coordinates":[[121.872468,30.895867],[121.871899,30.895376]]}},{"type":"Feature","properties":{"osm_id":198863710,"name":"","ref":"","highway":"motorway_link","road_grade":"R1","maxspeed_raw":null,"speed_base_kmh":78,"speed_pm_kmh":56,"speed_pm_rain_kmh":49,"speed_source":"synthetic_grade_default","lanes":4,"lanes_source":"Synthetic_by_grade","oneway":false,"oneway_source":"default","bridge":false,"tunnel":false,"layer":0,"layer_source":"default_ground","access":"","surface":"","service":"","topology_source":"LBS-Master_roads_gcj_clip","impedance_synthetic":true,"routable":true,"fallback_clip":true},"geometry":{"type":"LineString","coordinates":[[121.87245,30.891579],[121.871682,30.892216],[121.871474,30.892525],[121.871355,30.892821],[121.871318,30.893137],[121.871307,30.893614],[121.871253,30.893941],[121.871093,30.894286],[121.870944,30.894488],[121.870632,30.894761],[121.87039,30.894889],[121.870038,30.895025],[121.869733,30.895085],[121.869315,30.895099],[121.868903,30.895022],[121.868604,30.894905],[121.868347,30.894758],[121.8681,30.894562],[121.867864,30.894249],[121.86771,30.893884],[121.867636,30.89362]]}},{"type":"Feature","properties":{"osm_id":198863711,"name":"","ref":"","highway":"motorway_link","road_grade":"R1","maxspeed_raw":null,"speed_base_kmh":78,"speed_pm_kmh":56,"speed_pm_rain_kmh":49,"speed_source":"synthetic_grade_default","lanes":4,"lanes_source":"Synthetic_by_grade","oneway":false,"oneway_source":"default","bridge":false,"tunnel":false,"layer":0,"layer_source":"default_ground","access":"","surface":"","service":"","topology_source":"LBS-Master_roads_gcj_clip","impedance_synthetic":true,"routable":true,"fallback_clip":true},"geometry":{"type":"LineString","coordinates":[[121.867011,30.890644],[121.867432,30.890875],[121.867814,30.891034]]}},{"type":"Feature","properties":{"osm_id":198863712,"name":"","ref":"","highway":"motorway_link","road_grade":"R1","maxspeed_raw":null,"speed_base_kmh":78,"speed_pm_kmh":56,"speed_pm_rain_kmh":49,"speed_source":"synthetic_grade_default","lanes":4,"lanes_source":"Synthetic_by_grade","oneway":false,"oneway_source":"default","bridge":false,"tunnel":false,"layer":0,"layer_source":"default_ground","access":"","surface":"","service":"","topology_source":"LBS-Master_roads_gcj_clip","impedance_synthetic":true,"routable":true,"fallback_clip":true},"geometry":{"type":"LineString","coordinates":[[121.872207,30.896084],[121.871846,30.895935],[121.87148,30.895805]]}},{"type":"Feature","properties":{"osm_id":198863713,"name":"两港大道","ref":"S229","highway":"trunk","road_grade":"R1","maxspeed_raw":null,"speed_base_kmh":78,"speed_pm_kmh":56,"speed_pm_rain_kmh":49,"speed_source":"synthetic_grade_default","lanes":4,"lanes_source":"Synthetic_by_grade","oneway":false,"oneway_source":"default","bridge":false,"tunnel":false,"layer":0,"layer_source":"default_ground","access":"","surface":"","service":"","topology_source":"LBS-Master_roads_gcj_clip","impedance_synthetic":true,"routable":true,"fallback_clip":true},"geometry":{"type":"LineString","coordinates":[[121.86415,30.888502],[121.864858,30.889108],[121.867569,30.891426],[121.869725,30.893285],[121.87203,30.895271]]}},{"type":"Feature","properties":{"osm_id":198863714,"name":"","ref":"","highway":"motorway_link","road_grade":"R1","maxspeed_raw":null,"speed_base_kmh":78,"speed_pm_kmh":56,"speed_pm_rain_kmh":49,"speed_source":"synthetic_grade_default","lanes":4,"lanes_source":"Synthetic_by_grade","oneway":false,"oneway_source":"default","bridge":false,"tunnel":false,"layer":0,"layer_source":"default_ground","access":"","surface":"","service":"","topology_source":"LBS-Master_roads_gcj_clip","impedance_synthetic":true,"routable":true,"fallback_clip":true},"geometry":{"type":"LineString","coordinates":[[121.882559,30.897683],[121.880715,30.897714],[121.879179,30.897694],[121.876685,30.897704]]}},{"type":"Feature","properties":{"osm_id":198863715,"name":"","ref":"","highway":"motorway_link","road_grade":"R1","maxspeed_raw":null,"speed_base_kmh":78,"speed_pm_kmh":56,"speed_pm_rain_kmh":49,"speed_source":"synthetic_grade_default","lanes":4,"lanes_source":"Synthetic_by_grade","oneway":false,"oneway_source":"default","bridge":false,"tunnel":false,"layer":0,"layer_source":"default_ground","access":"","surface":"","service":"","topology_source":"LBS-Master_roads_gcj_clip","impedance_synthetic":true,"routable":true,"fallback_clip":true},"geometry":{"type":"LineString","coordinates":[[121.872399,30.894994],[121.872578,30.895299],[121.87278,30.895582]]}},{"type":"Feature","properties":{"osm_id":198863718,"name":"","ref":"","highway":"motorway_link","road_grade":"R1","maxspeed_raw":null,"speed_base_kmh":78,"speed_pm_kmh":56,"speed_pm_rain_kmh":49,"speed_source":"synthetic_grade_default","lanes":4,"lanes_source":"Synthetic_by_grade","oneway":false,"oneway_source":"default","bridge":false,"tunnel":false,"layer":0,"layer_source":"default_ground","access":"","surface":"","service":"","topology_source":"LBS-Master_roads_gcj_clip","impedance_synthetic":true,"routable":true,"fallback_clip":true},"geometry":{"type":"LineString","coordinates":[[121.866526,30.891089],[121.866249,30.890725],[121.865452,30.889994],[121.86472,30.889253]]}},{"type":"Feature","properties":{"osm_id":198863719,"name":"两港大道","ref":"S229","highway":"trunk","road_grade":"R1","maxspeed_raw":null,"speed_base_kmh":78,"speed_pm_kmh":56,"speed_pm_rain_kmh":49,"speed_source":"synthetic_grade_default","lanes":4,"lanes_source":"Synthetic_by_grade","oneway":false,"oneway_source":"default","bridge":false,"tunnel":false,"layer":0,"layer_source":"default_ground","access":"","surface":"","service":"","topology_source":"LBS-Master_roads_gcj_clip","impedance_synthetic":true,"routable":true,"fallback_clip":true},"geometry":{"type":"LineString","coordinates":[[121.871899,30.895376],[121.871765,30.895262],[121.870289,30.894011],[121.870039,30.893798],[121.86472,30.889253],[121.86402,30.888629]]}},{"type":"Feature","properties":{"osm_id":198863720,"name":"","ref":"","highway":"motorway_link","road_grade":"R1","maxspeed_raw":null,"speed_base_kmh":78,"speed_pm_kmh":56,"speed_pm_rain_kmh":49,"speed_source":"synthetic_grade_default","lanes":4,"lanes_source":"Synthetic_by_grade","oneway":false,"oneway_source":"default","bridge":false,"tunnel":false,"layer":0,"layer_source":"default_ground","access":"","surface":"","service":"","topology_source":"LBS-Master_roads_gcj_clip","impedance_synthetic":true,"routable":true,"fallback_clip":true},"geometry":{"type":"LineString","coordinates":[[121.872707,30.89568],[121.873508,30.896341],[121.874029,30.896785],[121.874545,30.897395]]}},{"type":"Feature","properties":{"osm_id":198863721,"name":"","ref":"","highway":"motorway_link","road_grade":"R1","maxspeed_raw":null,"speed_base_kmh":78,"speed_pm_kmh":56,"speed_pm_rain_kmh":49,"speed_source":"synthetic_grade_default","lanes":4,"lanes_source":"Synthetic_by_grade","oneway":false,"oneway_source":"default","bridge":false,"tunnel":false,"layer":0,"layer_source":"default_ground","access":"","surface":"","service":"","topology_source":"LBS-Master_roads_gcj_clip","impedance_synthetic":true,"routable":true,"fallback_clip":true},"geometry":{"type":"LineString","coordinates":[[121.865618,30.898138],[121.864776,30.898367],[121.863504,30.898906],[121.862816,30.899263],[121.860611,30.90059]]}},{"type":"Feature","properties":{"osm_id":198863722,"name":"","ref":"","highway":"motorway_link","road_grade":"R1","maxspeed_raw":null,"speed_base_kmh":78,"speed_pm_kmh":56,"speed_pm_rain_kmh":49,"speed_source":"synthetic_grade_default","lanes":4,"lanes_source":"Synthetic_by_grade","oneway":false,"oneway_source":"default","bridge":false,"tunnel":false,"layer":0,"layer_source":"default_ground","access":"","surface":"","service":"","topology_source":"LBS-Master_roads_gcj_clip","impedance_synthetic":true,"routable":true,"fallback_clip":true},"geometry":{"type":"LineString","coordinates":[[121.87263,30.891625],[121.872437,30.891911],[121.872287,30.892272],[121.872148,30.892677],[121.872078,30.893092]]}},{"type":"Feature","properties":{"osm_id":198863723,"name":"","ref":"","highway":"motorway_link","road_grade":"R1","maxspeed_raw":null,"speed_base_kmh":78,"speed_pm_kmh":56,"speed_pm_rain_kmh":49,"speed_source":"synthetic_grade_default","lanes":4,"lanes_source":"Synthetic_by_grade","oneway":false,"oneway_source":"default","bridge":false,"tunnel":false,"layer":0,"layer_source":"default_ground","access":"","surface":"","service":"","topology_source":"LBS-Master_roads_gcj_clip","impedance_synthetic":true,"routable":true,"fallback_clip":true},"geometry":{"type":"LineString","coordinates":[[121.872078,30.893092],[121.872057,30.893511],[121.872079,30.893906],[121.872185,30.894432],[121.872399,30.894994]]}},{"type":"Feature","properties":{"osm_id":198863724,"name":"","ref":"","highway":"motorway_link","road_grade":"R1","maxspeed_raw":null,"speed_base_kmh":78,"speed_pm_kmh":56,"speed_pm_rain_kmh":49,"speed_source":"synthetic_grade_default","lanes":4,"lanes_source":"Synthetic_by_grade","oneway":false,"oneway_source":"default","bridge":false,"tunnel":false,"layer":0,"layer_source":"default_ground","access":"","surface":"","service":"","topology_source":"LBS-Master_roads_gcj_clip","impedance_synthetic":true,"routable":true,"fallback_clip":true},"geometry":{"type":"LineString","coordinates":[[121.871631,30.891041],[121.872122,30.890846],[121.873172,30.890219],[121.874912,30.888851],[121.875159,30.888655],[121.876727,30.887414]]}},{"type":"Feature","properties":{"osm_id":198863725,"name":"","ref":"","highway":"motorway_link","road_grade":"R1","maxspeed_raw":null,"speed_base_kmh":78,"speed_pm_kmh":56,"speed_pm_rain_kmh":49,"speed_source":"synthetic_grade_default","lanes":4,"lanes_source":"Synthetic_by_grade","oneway":false,"oneway_source":"default","bridge":false,"tunnel":false,"layer":0,"layer_source":"default_ground","access":"","surface":"","service":"","topology_source":"LBS-Master_roads_gcj_clip","impedance_synthetic":true,"routable":true,"fallback_clip":true},"geometry":{"type":"LineString","coordinates":[[121.871676,30.891153],[121.871923,30.891056],[121.872238,30.890918],[121.87263,30.890685],[121.87294,30.890438],[121.873172,30.890219]]}},{"type":"Feature","properties":{"osm_id":198863726,"name":"","ref":"","highway":"motorway_link","road_grade":"R1","maxspeed_raw":null,"speed_base_kmh":78,"speed_pm_kmh":56,"speed_pm_rain_kmh":49,"speed_source":"synthetic_grade_default","lanes":4,"lanes_source":"Synthetic_by_grade","oneway":false,"oneway_source":"default","bridge":false,"tunnel":false,"layer":0,"layer_source":"default_ground","access":"","surface":"","service":"","topology_source":"LBS-Master_roads_gcj_clip","impedance_synthetic":true,"routable":true,"fallback_clip":true},"geometry":{"type":"LineString","coordinates":[[121.870229,30.891782],[121.870622,30.891951],[121.870932,30.892155],[121.871328,30.892554],[121.871508,30.892882],[121.871605,30.893174]]}},{"type":"Feature","properties":{"osm_id":198863727,"name":"两港大道","ref":"S229","highway":"trunk","road_grade":"R1","maxspeed_raw":null,"speed_base_kmh":78,"speed_pm_kmh":56,"speed_pm_rain_kmh":49,"speed_source":"synthetic_grade_default","lanes":4,"lanes_source":"Synthetic_by_grade","oneway":false,"oneway_source":"default","bridge":false,"tunnel":false,"layer":0,"layer_source":"default_ground","access":"","surface":"","service":"","topology_source":"LBS-Master_roads_gcj_clip","impedance_synthetic":true,"routable":true,"fallback_clip":true},"geometry":{"type":"LineString","coordinates":[[121.86402,30.888629],[121.863629,30.888291],[121.859456,30.884706],[121.85828,30.883696],[121.856884,30.882498],[121.855343,30.881247],[121.854444,30.880585],[121.85356,30.880131]]}},{"type":"Feature","properties":{"osm_id":198863728,"name":"","ref":"","highway":"motorway_link","road_grade":"R1","maxspeed_raw":null,"speed_base_kmh":78,"speed_pm_kmh":56,"speed_pm_rain_kmh":49,"speed_source":"synthetic_grade_default","lanes":4,"lanes_source":"Synthetic_by_grade","oneway":false,"oneway_source":"default","bridge":false,"tunnel":false,"layer":0,"layer_source":"default_ground","access":"","surface":"","service":"","topology_source":"LBS-Master_roads_gcj_clip","impedance_synthetic":true,"routable":true,"fallback_clip":true},"geometry":{"type":"LineString","coordinates":[[121.876685,30.897704],[121.873638,30.897717],[121.87201,30.897724],[121.868547,30.897739],[121.867636,30.897786],[121.866705,30.897907],[121.866039,30.898024],[121.865618,30.898138]]}},{"type":"Feature","properties":{"osm_id":198863730,"name":"两港大道","ref":"S229","highway":"trunk","road_grade":"R1","maxspeed_raw":null,"speed_base_kmh":78,"speed_pm_kmh":56,"speed_pm_rain_kmh":49,"speed_source":"synthetic_grade_default","lanes":4,"lanes_source":"Synthetic_by_grade","oneway":false,"oneway_source":"default","bridge":false,"tunnel":false,"layer":0,"layer_source":"default_ground","access":"","surface":"","service":"","topology_source":"LBS-Master_roads_gcj_clip","impedance_synthetic":true,"routable":true,"fallback_clip":true},"geometry":{"type":"LineString","coordinates":[[121.853656,30.87998],[121.854647,30.880502],[121.855535,30.881145],[121.856114,30.881605],[121.858392,30.883569],[121.859582,30.884594],[121.862151,30.886792],[121.86415,30.888502]]}},{"type":"Feature","properties":{"osm_id":198863731,"name":"","ref":"","highway":"motorway_link","road_grade":"R1","maxspeed_raw":null,"speed_base_kmh":78,"speed_pm_kmh":56,"speed_pm_rain_kmh":49,"speed_source":"synthetic_grade_default","lanes":4,"lanes_source":"Synthetic_by_grade","oneway":false,"oneway_source":"default","bridge":false,"tunnel":false,"layer":0,"layer_source":"default_ground","access":"","surface":"","service":"","topology_source":"LBS-Master_roads_gcj_clip","impedance_synthetic":true,"routable":true,"fallback_clip":true},"geometry":{"type":"LineString","coordinates":[[121.869559,30.895359],[121.869133,30.895441],[121.868746,30.89552],[121.868382,30.895614],[121.86814,30.895682],[121.867901,30.895778],[121.867691,30.895864],[121.867517,30.895954],[121.867287,30.896083],[121.867162,30.896156],[121.867021,30.896248]]}},{"type":"Feature","properties":{"osm_id":198863732,"name":"","ref":"","highway":"motorway_link","road_grade":"R1","maxspeed_raw":null,"speed_base_kmh":78,"speed_pm_kmh":56,"speed_pm_rain_kmh":49,"speed_source":"synthetic_grade_default","lanes":4,"lanes_source":"Synthetic_by_grade","oneway":false,"oneway_source":"default","bridge":false,"tunnel":false,"layer":0,"layer_source":"default_ground","access":"","surface":"","service":"","topology_source":"LBS-Master_roads_gcj_clip","impedance_synthetic":true,"routable":true,"fallback_clip":true},"geometry":{"type":"LineString","coordinates":[[121.871801,30.895484],[121.871366,30.895115],[121.871147,30.894989],[121.870777,30.894858],[121.870392,30.894815],[121.869824,30.894868],[121.869508,30.894887],[121.869182,30.894849]]}},{"type":"Feature","properties":{"osm_id":198863733,"name":"","ref":"","highway":"motorway_link","road_grade":"R1","maxspeed_raw":null,"speed_base_kmh":78,"speed_pm_kmh":56,"speed_pm_rain_kmh":49,"speed_source":"synthetic_grade_default","lanes":4,"lanes_source":"Synthetic_by_grade","oneway":false,"oneway_source":"default","bridge":false,"tunnel":false,"layer":0,"layer_source":"default_ground","access":"","surface":"","service":"","topology_source":"LBS-Master_roads_gcj_clip","impedance_synthetic":true,"routable":true,"fallback_clip":true},"geometry":{"type":"LineString","coordinates":[[121.867317,30.894507],[121.867404,30.894125],[121.867452,30.893628],[121.86742,30.89314],[121.86735,30.892698],[121.867315,30.89249],[121.867074,30.891873],[121.866819,30.891439]]}},{"type":"Feature","properties":{"osm_id":198863734,"name":"","ref":"","highway":"motorway_link","road_grade":"R1","maxspeed_raw":null,"speed_base_kmh":78,"speed_pm_kmh":56,"speed_pm_rain_kmh":49,"speed_source":"synthetic_grade_default","lanes":4,"lanes_source":"Synthetic_by_grade","oneway":false,"oneway_source":"default","bridge":false,"tunnel":false,"layer":0,"layer_source":"default_ground","access":"","surface":"","service":"","topology_source":"LBS-Master_roads_gcj_clip","impedance_synthetic":true,"routable":true,"fallback_clip":true},"geometry":{"type":"LineString","coordinates":[[121.87148,30.895805],[121.871023,30.89565],[121.870537,30.895561],[121.870049,30.895522],[121.869471,30.895532],[121.868946,30.895583],[121.868358,30.895698],[121.867725,30.895917],[121.867021,30.896248],[121.866363,30.896669],[121.866082,30.896871]]}},{"type":"Feature","properties":{"osm_id":198863736,"name":"沪芦高速","ref":"S2","highway":"motorway","road_grade":"R1","maxspeed_raw":null,"speed_base_kmh":78,"speed_pm_kmh":56,"speed_pm_rain_kmh":49,"speed_source":"synthetic_grade_default","lanes":4,"lanes_source":"Synthetic_by_grade","oneway":false,"oneway_source":"default","bridge":false,"tunnel":false,"layer":0,"layer_source":"default_ground","access":"","surface":"","service":"","topology_source":"LBS-Master_roads_gcj_clip","impedance_synthetic":true,"routable":true,"fallback_clip":true},"geometry":{"type":"LineString","coordinates":[[121.865841,30.896716],[121.866809,30.895959],[121.867752,30.8952]]}},{"type":"Feature","properties":{"osm_id":198863737,"name":"沪芦高速","ref":"S2","highway":"motorway","road_grade":"R1","maxspeed_raw":null,"speed_base_kmh":78,"speed_pm_kmh":56,"speed_pm_rain_kmh":49,"speed_source":"synthetic_grade_default","lanes":4,"lanes_source":"Synthetic_by_grade","oneway":false,"oneway_source":"default","bridge":false,"tunnel":false,"layer":0,"layer_source":"default_ground","access":"","surface":"","service":"","topology_source":"LBS-Master_roads_gcj_clip","impedance_synthetic":true,"routable":true,"fallback_clip":true},"geometry":{"type":"LineString","coordinates":[[121.865478,30.896989],[121.865841,30.896716]]}},{"type":"Feature","properties":{"osm_id":198863738,"name":"沪芦高速","ref":"S2","highway":"motorway","road_grade":"R1","maxspeed_raw":null,"speed_base_kmh":78,"speed_pm_kmh":56,"speed_pm_rain_kmh":49,"speed_source":"synthetic_grade_default","lanes":4,"lanes_source":"Synthetic_by_grade","oneway":false,"oneway_source":"default","bridge":false,"tunnel":false,"layer":0,"layer_source":"default_ground","access":"","surface":"","service":"","topology_source":"LBS-Master_roads_gcj_clip","impedance_synthetic":true,"routable":true,"fallback_clip":true},"geometry":{"type":"LineString","coordinates":[[121.867862,30.895304],[121.866926,30.896054],[121.865971,30.896805]]}},{"type":"Feature","properties":{"osm_id":198863881,"name":"","ref":"","highway":"motorway_link","road_grade":"R1","maxspeed_raw":null,"speed_base_kmh":78,"speed_pm_kmh":56,"speed_pm_rain_kmh":49,"speed_source":"synthetic_grade_default","lanes":4,"lanes_source":"Synthetic_by_grade","oneway":false,"oneway_source":"default","bridge":false,"tunnel":false,"layer":0,"layer_source":"default_ground","access":"","surface":"","service":"","topology_source":"LBS-Master_roads_gcj_clip","impedance_synthetic":true,"routable":true,"fallback_clip":true},"geometry":{"type":"LineString","coordinates":[[121.907285,30.860957],[121.905874,30.862338],[121.905531,30.862711],[121.905248,30.863088],[121.904958,30.863679],[121.904486,30.86519],[121.904303,30.865494],[121.904111,30.865769],[121.903757,30.866107],[121.903377,30.866331],[121.902845,30.866517],[121.902262,30.866548],[121.901845,30.86649]]}},{"type":"Feature","properties":{"osm_id":198863882,"name":"","ref":"","highway":"motorway_link","road_grade":"R1","maxspeed_raw":null,"speed_base_kmh":78,"speed_pm_kmh":56,"speed_pm_rain_kmh":49,"speed_source":"synthetic_grade_default","lanes":4,"lanes_source":"Synthetic_by_grade","oneway":false,"oneway_source":"default","bridge":false,"tunnel":false,"layer":0,"layer_source":"default_ground","access":"","surface":"","service":"","topology_source":"LBS-Master_roads_gcj_clip","impedance_synthetic":true,"routable":true,"fallback_clip":true},"geometry":{"type":"LineString","coordinates":[[121.901845,30.86649],[121.901714,30.866471],[121.901387,30.866347],[121.900841,30.866014],[121.900546,30.865696],[121.900347,30.865357],[121.900213,30.865011],[121.900171,30.864563],[121.900164,30.863352],[121.900105,30.86303],[121.899987,30.862721],[121.899795,30.862443],[121.89906,30.861795],[121.898508,30.86131],[121.897834,30.860718]]}},{"type":"Feature","properties":{"osm_id":198863883,"name":"海港大道","ref":"","highway":"primary","road_grade":"R2","maxspeed_raw":null,"speed_base_kmh":52,"speed_pm_kmh":30,"speed_pm_rain_kmh":26,"speed_source":"synthetic_grade_default","lanes":4,"lanes_source":"Synthetic_by_grade","oneway":false,"oneway_source":"default","bridge":false,"tunnel":false,"layer":0,"layer_source":"default_ground","access":"","surface":"","service":"","topology_source":"LBS-Master_roads_gcj_clip","impedance_synthetic":true,"routable":true,"fallback_clip":true},"geometry":{"type":"LineString","coordinates":[[121.904466,30.866386],[121.903681,30.865713],[121.902981,30.865112],[121.902043,30.864367],[121.901518,30.864059],[121.90085,30.8638],[121.900548,30.863565],[121.900441,30.863338],[121.900474,30.863118],[121.900632,30.862915],[121.90085,30.862835],[121.901119,30.862855],[121.901393,30.862978],[121.901565,30.863158],[121.901787,30.863632],[121.901978,30.863948],[121.902554,30.864538],[121.903793,30.865603],[121.904592,30.866289]]}},{"type":"Feature","properties":{"osm_id":198863884,"name":"海港大道","ref":"","highway":"primary","road_grade":"R2","maxspeed_raw":null,"speed_base_kmh":52,"speed_pm_kmh":30,"speed_pm_rain_kmh":26,"speed_source":"synthetic_grade_default","lanes":4,"lanes_source":"Synthetic_by_grade","oneway":false,"oneway_source":"default","bridge":false,"tunnel":false,"layer":0,"layer_source":"default_ground","access":"","surface":"","service":"","topology_source":"LBS-Master_roads_gcj_clip","impedance_synthetic":true,"routable":true,"fallback_clip":true},"geometry":{"type":"LineString","coordinates":[[121.904949,30.8668],[121.904466,30.866386]]}},{"type":"Feature","properties":{"osm_id":198863887,"name":"海港大道","ref":"","highway":"primary","road_grade":"R2","maxspeed_raw":null,"speed_base_kmh":52,"speed_pm_kmh":30,"speed_pm_rain_kmh":26,"speed_source":"synthetic_grade_default","lanes":4,"lanes_source":"Synthetic_by_grade","oneway":false,"oneway_source":"default","bridge":false,"tunnel":false,"layer":0,"layer_source":"default_ground","access":"","surface":"","service":"","topology_source":"LBS-Master_roads_gcj_clip","impedance_synthetic":true,"routable":true,"fallback_clip":true},"geometry":{"type":"LineString","coordinates":[[121.914192,30.874506],[121.914416,30.87471],[121.915286,30.87545],[121.916262,30.876306],[121.916941,30.876892],[121.917489,30.877365],[121.917803,30.877613],[121.918199,30.87795],[121.91857,30.878266],[121.918676,30.878364]]}},{"type":"Feature","properties":{"osm_id":198863888,"name":"海港大道","ref":"","highway":"primary","road_grade":"R2","maxspeed_raw":null,"speed_base_kmh":52,"speed_pm_kmh":30,"speed_pm_rain_kmh":26,"speed_source":"synthetic_grade_default","lanes":4,"lanes_source":"Synthetic_by_grade","oneway":false,"oneway_source":"default","bridge":false,"tunnel":false,"layer":0,"layer_source":"default_ground","access":"","surface":"","service":"","topology_source":"LBS-Master_roads_gcj_clip","impedance_synthetic":true,"routable":true,"fallback_clip":true},"geometry":{"type":"LineString","coordinates":[[121.904592,30.866289],[121.905065,30.866696]]}},{"type":"Feature","properties":{"osm_id":198863889,"name":"","ref":"","highway":"motorway_link","road_grade":"R1","maxspeed_raw":null,"speed_base_kmh":78,"speed_pm_kmh":56,"speed_pm_rain_kmh":49,"speed_source":"synthetic_grade_default","lanes":4,"lanes_source":"Synthetic_by_grade","oneway":false,"oneway_source":"default","bridge":false,"tunnel":false,"layer":0,"layer_source":"default_ground","access":"","surface":"","service":"","topology_source":"LBS-Master_roads_gcj_clip","impedance_synthetic":true,"routable":true,"fallback_clip":true},"geometry":{"type":"LineString","coordinates":[[121.903811,30.86236],[121.904684,30.862108],[121.905343,30.861854],[121.905912,30.861587],[121.906293,30.861332],[121.906732,30.861044],[121.907075,30.860776],[121.907627,30.860308],[121.9086,30.859526],[121.911777,30.856855]]}},{"type":"Feature","properties":{"osm_id":222272792,"name":"","ref":"","highway":"secondary","road_grade":"R3","maxspeed_raw":null,"speed_base_kmh":42,"speed_pm_kmh":27,"speed_pm_rain_kmh":24,"speed_source":"synthetic_grade_default","lanes":3,"lanes_source":"Synthetic_by_grade","oneway":false,"oneway_source":"default","bridge":false,"tunnel":false,"layer":0,"layer_source":"default_ground","access":"","surface":"","service":"","topology_source":"LBS-Master_roads_gcj_clip","impedance_synthetic":true,"routable":true,"fallback_clip":true},"geometry":{"type":"LineString","coordinates":[[121.895341,30.858641],[121.895161,30.858472],[121.894986,30.85832],[121.89442,30.85783],[121.894299,30.857706],[121.893463,30.856994],[121.89317,30.856769],[121.892501,30.856192],[121.892289,30.85601],[121.892092,30.855838],[121.889724,30.853785],[121.888066,30.852369],[121.887958,30.852162]]}},{"type":"Feature","properties":{"osm_id":222272795,"name":"","ref":"","highway":"secondary","road_grade":"R3","maxspeed_raw":null,"speed_base_kmh":42,"speed_pm_kmh":27,"speed_pm_rain_kmh":24,"speed_source":"synthetic_grade_default","lanes":3,"lanes_source":"Synthetic_by_grade","oneway":false,"oneway_source":"default","bridge":false,"tunnel":false,"layer":0,"layer_source":"default_ground","access":"","surface":"","service":"","topology_source":"LBS-Master_roads_gcj_clip","impedance_synthetic":true,"routable":true,"fallback_clip":true},"geometry":{"type":"LineString","coordinates":[[121.892464,30.855867],[121.892672,30.856043],[121.893092,30.856395],[121.893238,30.856551],[121.894106,30.857291],[121.894262,30.857409],[121.895165,30.858167],[121.895342,30.858329]]}},{"type":"Feature","properties":{"osm_id":270513790,"name":"古棕路","ref":"","highway":"tertiary","road_grade":"R4","maxspeed_raw":null,"speed_base_kmh":32,"speed_pm_kmh":24,"speed_pm_rain_kmh":21,"speed_source":"synthetic_grade_default","lanes":2,"lanes_source":"Synthetic_by_grade","oneway":false,"oneway_source":"default","bridge":false,"tunnel":false,"layer":0,"layer_source":"default_ground","access":"","surface":"","service":"","topology_source":"LBS-Master_roads_gcj_clip","impedance_synthetic":true,"routable":true,"fallback_clip":true},"geometry":{"type":"LineString","coordinates":[[121.920419,30.886012],[121.920179,30.885807],[121.919739,30.885434],[121.919616,30.885315],[121.919472,30.885181]]}},{"type":"Feature","properties":{"osm_id":309244238,"name":"江山路","ref":"","highway":"tertiary","road_grade":"R4","maxspeed_raw":null,"speed_base_kmh":32,"speed_pm_kmh":24,"speed_pm_rain_kmh":21,"speed_source":"synthetic_grade_default","lanes":2,"lanes_source":"Synthetic_by_grade","oneway":false,"oneway_source":"default","bridge":false,"tunnel":false,"layer":0,"layer_source":"default_ground","access":"","surface":"","service":"","topology_source":"LBS-Master_roads_gcj_clip","impedance_synthetic":true,"routable":true,"fallback_clip":true},"geometry":{"type":"LineString","coordinates":[[121.871955,30.879042],[121.872033,30.879175],[121.872142,30.879358],[121.874474,30.882307],[121.877193,30.885744],[121.877282,30.885868],[121.877148,30.885982],[121.877012,30.885851],[121.874301,30.882424],[121.87196,30.879465],[121.87183,30.879334],[121.87174,30.879236]]}},{"type":"Feature","properties":{"osm_id":313996994,"name":"江山路","ref":"","highway":"secondary","road_grade":"R3","maxspeed_raw":null,"speed_base_kmh":42,"speed_pm_kmh":27,"speed_pm_rain_kmh":24,"speed_source":"synthetic_grade_default","lanes":3,"lanes_source":"Synthetic_by_grade","oneway":false,"oneway_source":"default","bridge":false,"tunnel":false,"layer":0,"layer_source":"default_ground","access":"","surface":"","service":"","topology_source":"LBS-Master_roads_gcj_clip","impedance_synthetic":true,"routable":true,"fallback_clip":true},"geometry":{"type":"LineString","coordinates":[[121.85556,30.869694],[121.855853,30.869691],[121.855989,30.869692],[121.859064,30.869706],[121.859408,30.869712],[121.859752,30.869729],[121.86011,30.869766]]}},{"type":"Feature","properties":{"osm_id":330863687,"name":"临港大道","ref":"","highway":"primary","road_grade":"R2","maxspeed_raw":null,"speed_base_kmh":52,"speed_pm_kmh":30,"speed_pm_rain_kmh":26,"speed_source":"synthetic_grade_default","lanes":4,"lanes_source":"Synthetic_by_grade","oneway":false,"oneway_source":"default","bridge":false,"tunnel":false,"layer":0,"layer_source":"default_ground","access":"","surface":"","service":"","topology_source":"LBS-Master_roads_gcj_clip","impedance_synthetic":true,"routable":true,"fallback_clip":true},"geometry":{"type":"LineString","coordinates":[[121.885431,30.944057],[121.884384,30.944541],[121.882914,30.945184],[121.881259,30.945932],[121.88084,30.946116],[121.880118,30.946433],[121.876568,30.947994],[121.873595,30.949242],[121.871289,30.95021],[121.869884,30.950832],[121.865159,30.952932]]}},{"type":"Feature","properties":{"osm_id":330863711,"name":"临港大道","ref":"","highway":"primary","road_grade":"R2","maxspeed_raw":null,"speed_base_kmh":52,"speed_pm_kmh":30,"speed_pm_rain_kmh":26,"speed_source":"synthetic_grade_default","lanes":4,"lanes_source":"Synthetic_by_grade","oneway":false,"oneway_source":"default","bridge":false,"tunnel":false,"layer":0,"layer_source":"default_ground","access":"","surface":"","service":"","topology_source":"LBS-Master_roads_gcj_clip","impedance_synthetic":true,"routable":true,"fallback_clip":true},"geometry":{"type":"LineString","coordinates":[[121.886129,30.943746],[121.885431,30.944057]]}},{"type":"Feature","properties":{"osm_id":330863775,"name":"三三公路","ref":"X368","highway":"tertiary","road_grade":"R4","maxspeed_raw":null,"speed_base_kmh":32,"speed_pm_kmh":24,"speed_pm_rain_kmh":21,"speed_source":"synthetic_grade_default","lanes":2,"lanes_source":"Synthetic_by_grade","oneway":false,"oneway_source":"default","bridge":false,"tunnel":false,"layer":0,"layer_source":"default_ground","access":"","surface":"","service":"","topology_source":"LBS-Master_roads_gcj_clip","impedance_synthetic":true,"routable":true,"fallback_clip":true},"geometry":{"type":"LineString","coordinates":[[121.894937,30.953954],[121.894709,30.953971]]}},{"type":"Feature","properties":{"osm_id":330863785,"name":"两港大道","ref":"S229","highway":"trunk","road_grade":"R1","maxspeed_raw":null,"speed_base_kmh":78,"speed_pm_kmh":56,"speed_pm_rain_kmh":49,"speed_source":"synthetic_grade_default","lanes":4,"lanes_source":"Synthetic_by_grade","oneway":false,"oneway_source":"default","bridge":false,"tunnel":false,"layer":0,"layer_source":"default_ground","access":"","surface":"","service":"","topology_source":"LBS-Master_roads_gcj_clip","impedance_synthetic":true,"routable":true,"fallback_clip":true},"geometry":{"type":"LineString","coordinates":[[121.886155,30.913696],[121.886674,30.915151],[121.887055,30.916564],[121.887462,30.918788]]}},{"type":"Feature","properties":{"osm_id":330863811,"name":"两港大道","ref":"S229","highway":"trunk","road_grade":"R1","maxspeed_raw":null,"speed_base_kmh":78,"speed_pm_kmh":56,"speed_pm_rain_kmh":49,"speed_source":"synthetic_grade_default","lanes":4,"lanes_source":"Synthetic_by_grade","oneway":false,"oneway_source":"default","bridge":false,"tunnel":false,"layer":0,"layer_source":"default_ground","access":"","surface":"","service":"","topology_source":"LBS-Master_roads_gcj_clip","impedance_synthetic":true,"routable":true,"fallback_clip":true},"geometry":{"type":"LineString","coordinates":[[121.887259,30.918811],[121.887012,30.917439],[121.886771,30.91614],[121.88638,30.914925],[121.885964,30.913728]]}},{"type":"Feature","properties":{"osm_id":330863892,"name":"两港大道","ref":"","highway":"secondary","road_grade":"R3","maxspeed_raw":null,"speed_base_kmh":42,"speed_pm_kmh":27,"speed_pm_rain_kmh":24,"speed_source":"synthetic_grade_default","lanes":3,"lanes_source":"Synthetic_by_grade","oneway":false,"oneway_source":"default","bridge":false,"tunnel":false,"layer":0,"layer_source":"default_ground","access":"","surface":"","service":"","topology_source":"LBS-Master_roads_gcj_clip","impedance_synthetic":true,"routable":true,"fallback_clip":true},"geometry":{"type":"LineString","coordinates":[[121.887358,30.921083],[121.8872,30.919716],[121.8872,30.91949],[121.88698,30.918185],[121.886862,30.917471],[121.886653,30.916426],[121.886604,30.9162],[121.886542,30.91597]]}},{"type":"Feature","properties":{"osm_id":330863898,"name":"两港大道","ref":"","highway":"secondary","road_grade":"R3","maxspeed_raw":null,"speed_base_kmh":42,"speed_pm_kmh":27,"speed_pm_rain_kmh":24,"speed_source":"synthetic_grade_default","lanes":3,"lanes_source":"Synthetic_by_grade","oneway":false,"oneway_source":"default","bridge":false,"tunnel":false,"layer":0,"layer_source":"default_ground","access":"","surface":"","service":"","topology_source":"LBS-Master_roads_gcj_clip","impedance_synthetic":true,"routable":true,"fallback_clip":true},"geometry":{"type":"LineString","coordinates":[[121.886942,30.915816],[121.887013,30.916061],[121.887095,30.916343],[121.887275,30.917284],[121.887414,30.918016],[121.88751,30.918475],[121.887604,30.919202],[121.887663,30.919612],[121.887744,30.919865],[121.887875,30.921039]]}},{"type":"Feature","properties":{"osm_id":331212709,"name":"","ref":"","highway":"tertiary","road_grade":"R4","maxspeed_raw":null,"speed_base_kmh":32,"speed_pm_kmh":24,"speed_pm_rain_kmh":21,"speed_source":"synthetic_grade_default","lanes":2,"lanes_source":"Synthetic_by_grade","oneway":false,"oneway_source":"default","bridge":false,"tunnel":false,"layer":0,"layer_source":"default_ground","access":"","surface":"","service":"","topology_source":"LBS-Master_roads_gcj_clip","impedance_synthetic":true,"routable":true,"fallback_clip":true},"geometry":{"type":"LineString","coordinates":[[121.845849,30.962884],[121.846143,30.962828],[121.846264,30.962805],[121.84855,30.962378],[121.848774,30.962334],[121.852618,30.961612],[121.852907,30.961548],[121.853125,30.961509],[121.860825,30.960141],[121.861306,30.960024],[121.86257,30.959823]]}},{"type":"Feature","properties":{"osm_id":341212628,"name":"沪芦高速","ref":"S2","highway":"motorway","road_grade":"R1","maxspeed_raw":null,"speed_base_kmh":78,"speed_pm_kmh":56,"speed_pm_rain_kmh":49,"speed_source":"synthetic_grade_default","lanes":4,"lanes_source":"Synthetic_by_grade","oneway":false,"oneway_source":"default","bridge":false,"tunnel":false,"layer":0,"layer_source":"default_ground","access":"","surface":"","service":"","topology_source":"LBS-Master_roads_gcj_clip","impedance_synthetic":true,"routable":true,"fallback_clip":true},"geometry":{"type":"LineString","coordinates":[[121.885406,30.880064],[121.88033,30.884476]]}},{"type":"Feature","properties":{"osm_id":366420576,"name":"海基三路","ref":"","highway":"secondary","road_grade":"R3","maxspeed_raw":null,"speed_base_kmh":42,"speed_pm_kmh":27,"speed_pm_rain_kmh":24,"speed_source":"synthetic_grade_default","lanes":3,"lanes_source":"Synthetic_by_grade","oneway":false,"oneway_source":"default","bridge":false,"tunnel":false,"layer":0,"layer_source":"default_ground","access":"","surface":"","service":"","topology_source":"LBS-Master_roads_gcj_clip","impedance_synthetic":true,"routable":true,"fallback_clip":true},"geometry":{"type":"LineString","coordinates":[[121.926304,30.864255],[121.926245,30.864306],[121.926023,30.864513],[121.925602,30.864874],[121.925405,30.86504],[121.925274,30.86515],[121.924259,30.866029]]}},{"type":"Feature","properties":{"osm_id":367481920,"name":"环湖西一路","ref":"","highway":"secondary","road_grade":"R3","maxspeed_raw":null,"speed_base_kmh":42,"speed_pm_kmh":27,"speed_pm_rain_kmh":24,"speed_source":"synthetic_grade_default","lanes":3,"lanes_source":"Synthetic_by_grade","oneway":false,"oneway_source":"default","bridge":false,"tunnel":false,"layer":0,"layer_source":"default_ground","access":"","surface":"","service":"","topology_source":"LBS-Master_roads_gcj_clip","impedance_synthetic":true,"routable":true,"fallback_clip":true},"geometry":{"type":"LineString","coordinates":[[121.927795,30.892594],[121.927616,30.89298]]}},{"type":"Feature","properties":{"osm_id":367481921,"name":"环湖西一路","ref":"","highway":"secondary","road_grade":"R3","maxspeed_raw":null,"speed_base_kmh":42,"speed_pm_kmh":27,"speed_pm_rain_kmh":24,"speed_source":"synthetic_grade_default","lanes":3,"lanes_source":"Synthetic_by_grade","oneway":false,"oneway_source":"default","bridge":false,"tunnel":false,"layer":0,"layer_source":"default_ground","access":"","surface":"","service":"","topology_source":"LBS-Master_roads_gcj_clip","impedance_synthetic":true,"routable":true,"fallback_clip":true},"geometry":{"type":"LineString","coordinates":[[121.927484,30.892926],[121.927666,30.892545]]}},{"type":"Feature","properties":{"osm_id":368470553,"name":"橄榄路","ref":"","highway":"secondary","road_grade":"R3","maxspeed_raw":null,"speed_base_kmh":42,"speed_pm_kmh":27,"speed_pm_rain_kmh":24,"speed_source":"synthetic_grade_default","lanes":3,"lanes_source":"Synthetic_by_grade","oneway":false,"oneway_source":"default","bridge":false,"tunnel":false,"layer":0,"layer_source":"default_ground","access":"","surface":"","service":"","topology_source":"LBS-Master_roads_gcj_clip","impedance_synthetic":true,"routable":true,"fallback_clip":true},"geometry":{"type":"LineString","coordinates":[[121.892728,30.886835],[121.893111,30.887098],[121.893719,30.887448],[121.894344,30.887788],[121.894993,30.888098],[121.895588,30.888355],[121.895837,30.888452],[121.896442,30.888677],[121.897105,30.8889],[121.897587,30.889037],[121.898013,30.88914],[121.898461,30.889226],[121.898971,30.889331],[121.899182,30.889368],[121.899571,30.889436],[121.899891,30.889511]]}},{"type":"Feature","properties":{"osm_id":368470554,"name":"","ref":"","highway":"secondary","road_grade":"R3","maxspeed_raw":null,"speed_base_kmh":42,"speed_pm_kmh":27,"speed_pm_rain_kmh":24,"speed_source":"synthetic_grade_default","lanes":3,"lanes_source":"Synthetic_by_grade","oneway":false,"oneway_source":"default","bridge":false,"tunnel":false,"layer":0,"layer_source":"default_ground","access":"","surface":"","service":"","topology_source":"LBS-Master_roads_gcj_clip","impedance_synthetic":true,"routable":true,"fallback_clip":true},"geometry":{"type":"LineString","coordinates":[[121.877206,30.874127],[121.876939,30.87388],[121.875193,30.872369],[121.874981,30.872219],[121.874571,30.871867],[121.87437,30.871691]]}},{"type":"Feature","properties":{"osm_id":368470555,"name":"橄榄路","ref":"","highway":"secondary","road_grade":"R3","maxspeed_raw":null,"speed_base_kmh":42,"speed_pm_kmh":27,"speed_pm_rain_kmh":24,"speed_source":"synthetic_grade_default","lanes":3,"lanes_source":"Synthetic_by_grade","oneway":false,"oneway_source":"default","bridge":false,"tunnel":false,"layer":0,"layer_source":"default_ground","access":"","surface":"","service":"","topology_source":"LBS-Master_roads_gcj_clip","impedance_synthetic":true,"routable":true,"fallback_clip":true},"geometry":{"type":"LineString","coordinates":[[121.887916,30.883285],[121.885427,30.881143],[121.884647,30.880505]]}},{"type":"Feature","properties":{"osm_id":368470556,"name":"","ref":"","highway":"secondary","road_grade":"R3","maxspeed_raw":null,"speed_base_kmh":42,"speed_pm_kmh":27,"speed_pm_rain_kmh":24,"speed_source":"synthetic_grade_default","lanes":3,"lanes_source":"Synthetic_by_grade","oneway":false,"oneway_source":"default","bridge":false,"tunnel":false,"layer":0,"layer_source":"default_ground","access":"","surface":"","service":"","topology_source":"LBS-Master_roads_gcj_clip","impedance_synthetic":true,"routable":true,"fallback_clip":true},"geometry":{"type":"LineString","coordinates":[[121.883137,30.878745],[121.888165,30.883049]]}},{"type":"Feature","properties":{"osm_id":374859853,"name":"海港大道","ref":"","highway":"tertiary","road_grade":"R4","maxspeed_raw":null,"speed_base_kmh":32,"speed_pm_kmh":24,"speed_pm_rain_kmh":21,"speed_source":"synthetic_grade_default","lanes":2,"lanes_source":"Synthetic_by_grade","oneway":false,"oneway_source":"default","bridge":false,"tunnel":false,"layer":0,"layer_source":"default_ground","access":"","surface":"","service":"","topology_source":"LBS-Master_roads_gcj_clip","impedance_synthetic":true,"routable":true,"fallback_clip":true},"geometry":{"type":"LineString","coordinates":[[121.930752,30.888813],[121.93058,30.888759]]}},{"type":"Feature","properties":{"osm_id":374859858,"name":"海港大道","ref":"","highway":"tertiary","road_grade":"R4","maxspeed_raw":null,"speed_base_kmh":32,"speed_pm_kmh":24,"speed_pm_rain_kmh":21,"speed_source":"synthetic_grade_default","lanes":2,"lanes_source":"Synthetic_by_grade","oneway":false,"oneway_source":"default","bridge":false,"tunnel":false,"layer":0,"layer_source":"default_ground","access":"","surface":"","service":"","topology_source":"LBS-Master_roads_gcj_clip","impedance_synthetic":true,"routable":true,"fallback_clip":true},"geometry":{"type":"LineString","coordinates":[[121.929783,30.887607],[121.929748,30.887746],[121.929694,30.887842],[121.929614,30.887905],[121.929509,30.887948],[121.929331,30.88797]]}},{"type":"Feature","properties":{"osm_id":374859869,"name":"海港大道","ref":"","highway":"tertiary","road_grade":"R4","maxspeed_raw":null,"speed_base_kmh":32,"speed_pm_kmh":24,"speed_pm_rain_kmh":21,"speed_source":"synthetic_grade_default","lanes":2,"lanes_source":"Synthetic_by_grade","oneway":false,"oneway_source":"default","bridge":false,"tunnel":false,"layer":0,"layer_source":"default_ground","access":"","surface":"","service":"","topology_source":"LBS-Master_roads_gcj_clip","impedance_synthetic":true,"routable":true,"fallback_clip":true},"geometry":{"type":"LineString","coordinates":[[121.928513,30.887272],[121.928558,30.887101],[121.928609,30.887015],[121.928704,30.886952],[121.928794,30.886921],[121.928994,30.886902]]}},{"type":"Feature","properties":{"osm_id":374859877,"name":"美人蕉路","ref":"","highway":"tertiary","road_grade":"R4","maxspeed_raw":null,"speed_base_kmh":32,"speed_pm_kmh":24,"speed_pm_rain_kmh":21,"speed_source":"synthetic_grade_default","lanes":2,"lanes_source":"Synthetic_by_grade","oneway":false,"oneway_source":"default","bridge":false,"tunnel":false,"layer":0,"layer_source":"default_ground","access":"","surface":"","service":"","topology_source":"LBS-Master_roads_gcj_clip","impedance_synthetic":true,"routable":true,"fallback_clip":true},"geometry":{"type":"LineString","coordinates":[[121.918676,30.878364],[121.918532,30.878491],[121.918358,30.878634],[121.918044,30.878922],[121.917628,30.879274],[121.917484,30.879389],[121.917298,30.879537],[121.916284,30.880425],[121.915962,30.880736],[121.915208,30.881386]]}},{"type":"Feature","properties":{"osm_id":374859910,"name":"美人蕉路","ref":"","highway":"secondary","road_grade":"R3","maxspeed_raw":null,"speed_base_kmh":42,"speed_pm_kmh":27,"speed_pm_rain_kmh":24,"speed_source":"synthetic_grade_default","lanes":3,"lanes_source":"Synthetic_by_grade","oneway":false,"oneway_source":"default","bridge":false,"tunnel":false,"layer":0,"layer_source":"default_ground","access":"","surface":"","service":"","topology_source":"LBS-Master_roads_gcj_clip","impedance_synthetic":true,"routable":true,"fallback_clip":true},"geometry":{"type":"LineString","coordinates":[[121.91857,30.878266],[121.918916,30.877955],[121.92006,30.876984],[121.920401,30.876688],[121.921987,30.875311],[121.923036,30.874391],[121.923353,30.874113],[121.923598,30.873899],[121.924803,30.872866],[121.924897,30.872785]]}},{"type":"Feature","properties":{"osm_id":374859911,"name":"云鹃路","ref":"","highway":"tertiary","road_grade":"R4","maxspeed_raw":null,"speed_base_kmh":32,"speed_pm_kmh":24,"speed_pm_rain_kmh":21,"speed_source":"synthetic_grade_default","lanes":2,"lanes_source":"Synthetic_by_grade","oneway":false,"oneway_source":"default","bridge":false,"tunnel":false,"layer":0,"layer_source":"default_ground","access":"","surface":"","service":"","topology_source":"LBS-Master_roads_gcj_clip","impedance_synthetic":true,"routable":true,"fallback_clip":true},"geometry":{"type":"LineString","coordinates":[[121.924573,30.902905],[121.924519,30.902761],[121.92436,30.902403],[121.924185,30.901926],[121.924029,30.901421],[121.923834,30.900777],[121.92379,30.900635],[121.92375,30.900505],[121.923638,30.899992],[121.923562,30.899554],[121.923547,30.899367],[121.923476,30.898788],[121.923452,30.898591],[121.923415,30.897921],[121.923418,30.897759]]}},{"type":"Feature","properties":{"osm_id":374859913,"name":"云鹃路","ref":"","highway":"tertiary","road_grade":"R4","maxspeed_raw":null,"speed_base_kmh":32,"speed_pm_kmh":24,"speed_pm_rain_kmh":21,"speed_source":"synthetic_grade_default","lanes":2,"lanes_source":"Synthetic_by_grade","oneway":false,"oneway_source":"default","bridge":false,"tunnel":false,"layer":0,"layer_source":"default_ground","access":"","surface":"","service":"","topology_source":"LBS-Master_roads_gcj_clip","impedance_synthetic":true,"routable":true,"fallback_clip":true},"geometry":{"type":"LineString","coordinates":[[121.9248,30.89148],[121.924853,30.891378],[121.925142,30.89082],[121.925438,30.890326],[121.925453,30.890302],[121.925703,30.889911],[121.92576,30.889829],[121.926091,30.889351],[121.926468,30.888859],[121.926849,30.888413],[121.926944,30.888307],[121.927351,30.887849],[121.928205,30.88703],[121.928352,30.88689],[121.928499,30.886751],[121.92883,30.886476],[121.930365,30.885344],[121.930849,30.885067],[121.931966,30.884429],[121.932619,30.884119],[121.932872,30.883999],[121.933816,30.883668]]}},{"type":"Feature","properties":{"osm_id":375068458,"name":"花柏路","ref":"","highway":"secondary","road_grade":"R3","maxspeed_raw":null,"speed_base_kmh":42,"speed_pm_kmh":27,"speed_pm_rain_kmh":24,"speed_source":"synthetic_grade_default","lanes":3,"lanes_source":"Synthetic_by_grade","oneway":false,"oneway_source":"default","bridge":false,"tunnel":false,"layer":0,"layer_source":"default_ground","access":"","surface":"","service":"","topology_source":"LBS-Master_roads_gcj_clip","impedance_synthetic":true,"routable":true,"fallback_clip":true},"geometry":{"type":"LineString","coordinates":[[121.910326,30.905304],[121.908433,30.905304],[121.908018,30.905327],[121.906787,30.905331]]}},{"type":"Feature","properties":{"osm_id":375068467,"name":"竹柏路","ref":"","highway":"tertiary","road_grade":"R4","maxspeed_raw":null,"speed_base_kmh":32,"speed_pm_kmh":24,"speed_pm_rain_kmh":21,"speed_source":"synthetic_grade_default","lanes":2,"lanes_source":"Synthetic_by_grade","oneway":false,"oneway_source":"default","bridge":false,"tunnel":false,"layer":0,"layer_source":"default_ground","access":"","surface":"","service":"","topology_source":"LBS-Master_roads_gcj_clip","impedance_synthetic":true,"routable":true,"fallback_clip":true},"geometry":{"type":"LineString","coordinates":[[121.897426,30.900759],[121.897597,30.900758],[121.898235,30.900753],[121.8985,30.900753],[121.898966,30.900752],[121.899955,30.900748],[121.900659,30.900745],[121.90162,30.90074]]}},{"type":"Feature","properties":{"osm_id":375068471,"name":"花柏路","ref":"","highway":"secondary","road_grade":"R3","maxspeed_raw":null,"speed_base_kmh":42,"speed_pm_kmh":27,"speed_pm_rain_kmh":24,"speed_source":"synthetic_grade_default","lanes":3,"lanes_source":"Synthetic_by_grade","oneway":false,"oneway_source":"default","bridge":false,"tunnel":false,"layer":0,"layer_source":"default_ground","access":"","surface":"","service":"","topology_source":"LBS-Master_roads_gcj_clip","impedance_synthetic":true,"routable":true,"fallback_clip":true},"geometry":{"type":"LineString","coordinates":[[121.910696,30.905141],[121.913305,30.905126],[121.913568,30.905119],[121.913765,30.905114],[121.914265,30.905057],[121.914698,30.90499],[121.915133,30.904894],[121.915623,30.904756],[121.916549,30.904478]]}},{"type":"Feature","properties":{"osm_id":375068476,"name":"花柏路","ref":"","highway":"secondary","road_grade":"R3","maxspeed_raw":null,"speed_base_kmh":42,"speed_pm_kmh":27,"speed_pm_rain_kmh":24,"speed_source":"synthetic_grade_default","lanes":3,"lanes_source":"Synthetic_by_grade","oneway":false,"oneway_source":"default","bridge":false,"tunnel":false,"layer":0,"layer_source":"default_ground","access":"","surface":"","service":"","topology_source":"LBS-Master_roads_gcj_clip","impedance_synthetic":true,"routable":true,"fallback_clip":true},"geometry":{"type":"LineString","coordinates":[[121.897234,30.905149],[121.897628,30.905207],[121.897982,30.905186],[121.901752,30.905175]]}},{"type":"Feature","properties":{"osm_id":375068479,"name":"花柏路","ref":"","highway":"secondary","road_grade":"R3","maxspeed_raw":null,"speed_base_kmh":42,"speed_pm_kmh":27,"speed_pm_rain_kmh":24,"speed_source":"synthetic_grade_default","lanes":3,"lanes_source":"Synthetic_by_grade","oneway":false,"oneway_source":"default","bridge":false,"tunnel":false,"layer":0,"layer_source":"default_ground","access":"","surface":"","service":"","topology_source":"LBS-Master_roads_gcj_clip","impedance_synthetic":true,"routable":true,"fallback_clip":true},"geometry":{"type":"LineString","coordinates":[[121.901747,30.90533],[121.899283,30.905339],[121.898833,30.905363],[121.897983,30.905363],[121.897638,30.905383]]}},{"type":"Feature","properties":{"osm_id":375068481,"name":"竹柏路","ref":"","highway":"tertiary","road_grade":"R4","maxspeed_raw":null,"speed_base_kmh":32,"speed_pm_kmh":24,"speed_pm_rain_kmh":21,"speed_source":"synthetic_grade_default","lanes":2,"lanes_source":"Synthetic_by_grade","oneway":false,"oneway_source":"default","bridge":false,"tunnel":false,"layer":0,"layer_source":"default_ground","access":"","surface":"","service":"","topology_source":"LBS-Master_roads_gcj_clip","impedance_synthetic":true,"routable":true,"fallback_clip":true},"geometry":{"type":"LineString","coordinates":[[121.902174,30.900736],[121.903706,30.900731],[121.904859,30.900728],[121.905281,30.900725],[121.905593,30.900724],[121.905869,30.90074],[121.906446,30.90074],[121.906651,30.900732]]}},{"type":"Feature","properties":{"osm_id":375068483,"name":"花柏路","ref":"","highway":"secondary","road_grade":"R3","maxspeed_raw":null,"speed_base_kmh":42,"speed_pm_kmh":27,"speed_pm_rain_kmh":24,"speed_source":"synthetic_grade_default","lanes":3,"lanes_source":"Synthetic_by_grade","oneway":false,"oneway_source":"default","bridge":false,"tunnel":false,"layer":0,"layer_source":"default_ground","access":"","surface":"","service":"","topology_source":"LBS-Master_roads_gcj_clip","impedance_synthetic":true,"routable":true,"fallback_clip":true},"geometry":{"type":"LineString","coordinates":[[121.902134,30.905173],[121.905033,30.905159],[121.905638,30.905134],[121.906636,30.905126],[121.906834,30.905126]]}},{"type":"Feature","properties":{"osm_id":375068484,"name":"竹柏路","ref":"","highway":"tertiary","road_grade":"R4","maxspeed_raw":null,"speed_base_kmh":32,"speed_pm_kmh":24,"speed_pm_rain_kmh":21,"speed_source":"synthetic_grade_default","lanes":2,"lanes_source":"Synthetic_by_grade","oneway":false,"oneway_source":"default","bridge":false,"tunnel":false,"layer":0,"layer_source":"default_ground","access":"","surface":"","service":"","topology_source":"LBS-Master_roads_gcj_clip","impedance_synthetic":true,"routable":true,"fallback_clip":true},"geometry":{"type":"LineString","coordinates":[[121.90162,30.90074],[121.902174,30.900736]]}},{"type":"Feature","properties":{"osm_id":375068489,"name":"水芸路","ref":"","highway":"tertiary","road_grade":"R4","maxspeed_raw":null,"speed_base_kmh":32,"speed_pm_kmh":24,"speed_pm_rain_kmh":21,"speed_source":"synthetic_grade_default","lanes":2,"lanes_source":"Synthetic_by_grade","oneway":false,"oneway_source":"default","bridge":false,"tunnel":false,"layer":0,"layer_source":"default_ground","access":"","surface":"","service":"","topology_source":"LBS-Master_roads_gcj_clip","impedance_synthetic":true,"routable":true,"fallback_clip":true},"geometry":{"type":"LineString","coordinates":[[121.933255,30.90917],[121.932692,30.908882],[121.932091,30.908536],[121.931592,30.908207],[121.931394,30.908089],[121.931022,30.907807]]}},{"type":"Feature","properties":{"osm_id":375068490,"name":"花柏路","ref":"","highway":"secondary","road_grade":"R3","maxspeed_raw":null,"speed_base_kmh":42,"speed_pm_kmh":27,"speed_pm_rain_kmh":24,"speed_source":"synthetic_grade_default","lanes":3,"lanes_source":"Synthetic_by_grade","oneway":false,"oneway_source":"default","bridge":false,"tunnel":false,"layer":0,"layer_source":"default_ground","access":"","surface":"","service":"","topology_source":"LBS-Master_roads_gcj_clip","impedance_synthetic":true,"routable":true,"fallback_clip":true},"geometry":{"type":"LineString","coordinates":[[121.910355,30.905143],[121.910696,30.905141]]}},{"type":"Feature","properties":{"osm_id":375068497,"name":"云鹃路","ref":"","highway":"tertiary","road_grade":"R4","maxspeed_raw":null,"speed_base_kmh":32,"speed_pm_kmh":24,"speed_pm_rain_kmh":21,"speed_source":"synthetic_grade_default","lanes":2,"lanes_source":"Synthetic_by_grade","oneway":false,"oneway_source":"default","bridge":false,"tunnel":false,"layer":0,"layer_source":"default_ground","access":"","surface":"","service":"","topology_source":"LBS-Master_roads_gcj_clip","impedance_synthetic":true,"routable":true,"fallback_clip":true},"geometry":{"type":"LineString","coordinates":[[121.924924,30.903568],[121.925489,30.90456],[121.925734,30.904934],[121.925898,30.905185],[121.926244,30.905648],[121.927037,30.906608]]}},{"type":"Feature","properties":{"osm_id":375068499,"name":"花柏路","ref":"","highway":"secondary","road_grade":"R3","maxspeed_raw":null,"speed_base_kmh":42,"speed_pm_kmh":27,"speed_pm_rain_kmh":24,"speed_source":"synthetic_grade_default","lanes":3,"lanes_source":"Synthetic_by_grade","oneway":false,"oneway_source":"default","bridge":false,"tunnel":false,"layer":0,"layer_source":"default_ground","access":"","surface":"","service":"","topology_source":"LBS-Master_roads_gcj_clip","impedance_synthetic":true,"routable":true,"fallback_clip":true},"geometry":{"type":"LineString","coordinates":[[121.901752,30.905175],[121.902134,30.905173]]}},{"type":"Feature","properties":{"osm_id":375068505,"name":"茉莉路","ref":"","highway":"tertiary","road_grade":"R4","maxspeed_raw":null,"speed_base_kmh":32,"speed_pm_kmh":24,"speed_pm_rain_kmh":21,"speed_source":"synthetic_grade_default","lanes":2,"lanes_source":"Synthetic_by_grade","oneway":false,"oneway_source":"default","bridge":false,"tunnel":false,"layer":0,"layer_source":"default_ground","access":"","surface":"","service":"","topology_source":"LBS-Master_roads_gcj_clip","impedance_synthetic":true,"routable":true,"fallback_clip":true},"geometry":{"type":"LineString","coordinates":[[121.906604,30.897354],[121.906602,30.897085],[121.906598,30.896588],[121.906604,30.896335],[121.906606,30.896044],[121.906604,30.895045],[121.906614,30.894831],[121.90661,30.894515],[121.906608,30.894318]]}},{"type":"Feature","properties":{"osm_id":375068507,"name":"花柏路","ref":"","highway":"secondary","road_grade":"R3","maxspeed_raw":null,"speed_base_kmh":42,"speed_pm_kmh":27,"speed_pm_rain_kmh":24,"speed_source":"synthetic_grade_default","lanes":3,"lanes_source":"Synthetic_by_grade","oneway":false,"oneway_source":"default","bridge":false,"tunnel":false,"layer":0,"layer_source":"default_ground","access":"","surface":"","service":"","topology_source":"LBS-Master_roads_gcj_clip","impedance_synthetic":true,"routable":true,"fallback_clip":true},"geometry":{"type":"LineString","coordinates":[[121.902146,30.90533],[121.901747,30.90533]]}},{"type":"Feature","properties":{"osm_id":375068508,"name":"水芸路","ref":"","highway":"tertiary","road_grade":"R4","maxspeed_raw":null,"speed_base_kmh":32,"speed_pm_kmh":24,"speed_pm_rain_kmh":21,"speed_source":"synthetic_grade_default","lanes":2,"lanes_source":"Synthetic_by_grade","oneway":false,"oneway_source":"default","bridge":false,"tunnel":false,"layer":0,"layer_source":"default_ground","access":"","surface":"","service":"","topology_source":"LBS-Master_roads_gcj_clip","impedance_synthetic":true,"routable":true,"fallback_clip":true},"geometry":{"type":"LineString","coordinates":[[121.92926,30.906368],[121.928607,30.905702],[121.928466,30.905545],[121.928313,30.905364],[121.927938,30.9049],[121.927586,30.90443],[121.927504,30.904313],[121.927369,30.904117],[121.927016,30.903573],[121.926756,30.903117],[121.926658,30.902933]]}},{"type":"Feature","properties":{"osm_id":375068511,"name":"茉莉路","ref":"","highway":"tertiary","road_grade":"R4","maxspeed_raw":null,"speed_base_kmh":32,"speed_pm_kmh":24,"speed_pm_rain_kmh":21,"speed_source":"synthetic_grade_default","lanes":2,"lanes_source":"Synthetic_by_grade","oneway":false,"oneway_source":"default","bridge":false,"tunnel":false,"layer":0,"layer_source":"default_ground","access":"","surface":"","service":"","topology_source":"LBS-Master_roads_gcj_clip","impedance_synthetic":true,"routable":true,"fallback_clip":true},"geometry":{"type":"LineString","coordinates":[[121.90675,30.895233],[121.906754,30.896084],[121.906764,30.896192],[121.906789,30.896466],[121.906789,30.897092],[121.906789,30.897366],[121.906787,30.897693]]}},{"type":"Feature","properties":{"osm_id":375068512,"name":"","ref":"","highway":"secondary","road_grade":"R3","maxspeed_raw":null,"speed_base_kmh":42,"speed_pm_kmh":27,"speed_pm_rain_kmh":24,"speed_source":"synthetic_grade_default","lanes":3,"lanes_source":"Synthetic_by_grade","oneway":false,"oneway_source":"default","bridge":false,"tunnel":false,"layer":0,"layer_source":"default_ground","access":"","surface":"","service":"","topology_source":"LBS-Master_roads_gcj_clip","impedance_synthetic":true,"routable":true,"fallback_clip":true},"geometry":{"type":"LineString","coordinates":[[121.91808,30.904118],[121.917868,30.904265]]}},{"type":"Feature","properties":{"osm_id":375068514,"name":"花柏路","ref":"","highway":"secondary","road_grade":"R3","maxspeed_raw":null,"speed_base_kmh":42,"speed_pm_kmh":27,"speed_pm_rain_kmh":24,"speed_source":"synthetic_grade_default","lanes":3,"lanes_source":"Synthetic_by_grade","oneway":false,"oneway_source":"default","bridge":false,"tunnel":false,"layer":0,"layer_source":"default_ground","access":"","surface":"","service":"","topology_source":"LBS-Master_roads_gcj_clip","impedance_synthetic":true,"routable":true,"fallback_clip":true},"geometry":{"type":"LineString","coordinates":[[121.910702,30.905304],[121.910326,30.905304]]}},{"type":"Feature","properties":{"osm_id":375072383,"name":"申港大道","ref":"","highway":"primary","road_grade":"R2","maxspeed_raw":null,"speed_base_kmh":52,"speed_pm_kmh":30,"speed_pm_rain_kmh":26,"speed_source":"synthetic_grade_default","lanes":4,"lanes_source":"Synthetic_by_grade","oneway":false,"oneway_source":"default","bridge":false,"tunnel":false,"layer":0,"layer_source":"default_ground","access":"","surface":"","service":"","topology_source":"LBS-Master_roads_gcj_clip","impedance_synthetic":true,"routable":true,"fallback_clip":true},"geometry":{"type":"LineString","coordinates":[[121.915207,30.897312],[121.915806,30.897298],[121.916178,30.897291]]}},{"type":"Feature","properties":{"osm_id":375072389,"name":"申港大道","ref":"","highway":"primary","road_grade":"R2","maxspeed_raw":null,"speed_base_kmh":52,"speed_pm_kmh":30,"speed_pm_rain_kmh":26,"speed_source":"synthetic_grade_default","lanes":4,"lanes_source":"Synthetic_by_grade","oneway":false,"oneway_source":"default","bridge":false,"tunnel":false,"layer":0,"layer_source":"default_ground","access":"","surface":"","service":"","topology_source":"LBS-Master_roads_gcj_clip","impedance_synthetic":true,"routable":true,"fallback_clip":true},"geometry":{"type":"LineString","coordinates":[[121.902044,30.897379],[121.904522,30.897379],[121.905116,30.897344],[121.906361,30.89734],[121.906604,30.897354]]}},{"type":"Feature","properties":{"osm_id":375072393,"name":"申港大道","ref":"","highway":"primary","road_grade":"R2","maxspeed_raw":null,"speed_base_kmh":52,"speed_pm_kmh":30,"speed_pm_rain_kmh":26,"speed_source":"synthetic_grade_default","lanes":4,"lanes_source":"Synthetic_by_grade","oneway":false,"oneway_source":"default","bridge":false,"tunnel":false,"layer":0,"layer_source":"default_ground","access":"","surface":"","service":"","topology_source":"LBS-Master_roads_gcj_clip","impedance_synthetic":true,"routable":true,"fallback_clip":true},"geometry":{"type":"LineString","coordinates":[[121.912217,30.897345],[121.91252,30.897343]]}},{"type":"Feature","properties":{"osm_id":375072398,"name":"申港大道","ref":"","highway":"primary","road_grade":"R2","maxspeed_raw":null,"speed_base_kmh":52,"speed_pm_kmh":30,"speed_pm_rain_kmh":26,"speed_source":"synthetic_grade_default","lanes":4,"lanes_source":"Synthetic_by_grade","oneway":false,"oneway_source":"default","bridge":false,"tunnel":false,"layer":0,"layer_source":"default_ground","access":"","surface":"","service":"","topology_source":"LBS-Master_roads_gcj_clip","impedance_synthetic":true,"routable":true,"fallback_clip":true},"geometry":{"type":"LineString","coordinates":[[121.902058,30.897688],[121.901745,30.897688]]}},{"type":"Feature","properties":{"osm_id":375072406,"name":"申港大道","ref":"","highway":"primary","road_grade":"R2","maxspeed_raw":null,"speed_base_kmh":52,"speed_pm_kmh":30,"speed_pm_rain_kmh":26,"speed_source":"synthetic_grade_default","lanes":4,"lanes_source":"Synthetic_by_grade","oneway":false,"oneway_source":"default","bridge":false,"tunnel":false,"layer":0,"layer_source":"default_ground","access":"","surface":"","service":"","topology_source":"LBS-Master_roads_gcj_clip","impedance_synthetic":true,"routable":true,"fallback_clip":true},"geometry":{"type":"LineString","coordinates":[[121.912517,30.897654],[121.912221,30.897656]]}},{"type":"Feature","properties":{"osm_id":375072407,"name":"申港大道","ref":"","highway":"primary","road_grade":"R2","maxspeed_raw":null,"speed_base_kmh":52,"speed_pm_kmh":30,"speed_pm_rain_kmh":26,"speed_source":"synthetic_grade_default","lanes":4,"lanes_source":"Synthetic_by_grade","oneway":false,"oneway_source":"default","bridge":false,"tunnel":false,"layer":0,"layer_source":"default_ground","access":"","surface":"","service":"","topology_source":"LBS-Master_roads_gcj_clip","impedance_synthetic":true,"routable":true,"fallback_clip":true},"geometry":{"type":"LineString","coordinates":[[121.901745,30.897688],[121.900621,30.897687],[121.900005,30.897687],[121.899304,30.897719],[121.898157,30.897723],[121.897746,30.897702]]}},{"type":"Feature","properties":{"osm_id":375072408,"name":"申港大道","ref":"","highway":"tertiary","road_grade":"R4","maxspeed_raw":null,"speed_base_kmh":32,"speed_pm_kmh":24,"speed_pm_rain_kmh":21,"speed_source":"synthetic_grade_default","lanes":2,"lanes_source":"Synthetic_by_grade","oneway":false,"oneway_source":"default","bridge":false,"tunnel":false,"layer":0,"layer_source":"default_ground","access":"","surface":"","service":"","topology_source":"LBS-Master_roads_gcj_clip","impedance_synthetic":true,"routable":true,"fallback_clip":true},"geometry":{"type":"LineString","coordinates":[[121.923419,30.897192],[121.923623,30.897173],[121.923895,30.897157],[121.924785,30.897158],[121.925096,30.897076],[121.925276,30.896929]]}},{"type":"Feature","properties":{"osm_id":375072411,"name":"竹柏路","ref":"","highway":"tertiary","road_grade":"R4","maxspeed_raw":null,"speed_base_kmh":32,"speed_pm_kmh":24,"speed_pm_rain_kmh":21,"speed_source":"synthetic_grade_default","lanes":2,"lanes_source":"Synthetic_by_grade","oneway":false,"oneway_source":"default","bridge":false,"tunnel":false,"layer":0,"layer_source":"default_ground","access":"","surface":"","service":"","topology_source":"LBS-Master_roads_gcj_clip","impedance_synthetic":true,"routable":true,"fallback_clip":true},"geometry":{"type":"LineString","coordinates":[[121.912597,30.900706],[121.913861,30.900702],[121.914067,30.900702],[121.915491,30.900698]]}},{"type":"Feature","properties":{"osm_id":375072414,"name":"申港大道","ref":"","highway":"primary","road_grade":"R2","maxspeed_raw":null,"speed_base_kmh":52,"speed_pm_kmh":30,"speed_pm_rain_kmh":26,"speed_source":"synthetic_grade_default","lanes":4,"lanes_source":"Synthetic_by_grade","oneway":false,"oneway_source":"default","bridge":false,"tunnel":false,"layer":0,"layer_source":"default_ground","access":"","surface":"","service":"","topology_source":"LBS-Master_roads_gcj_clip","impedance_synthetic":true,"routable":true,"fallback_clip":true},"geometry":{"type":"LineString","coordinates":[[121.912221,30.897656],[121.908696,30.897668],[121.908037,30.897688],[121.906787,30.897693]]}},{"type":"Feature","properties":{"osm_id":375072415,"name":"申港大道","ref":"","highway":"primary","road_grade":"R2","maxspeed_raw":null,"speed_base_kmh":52,"speed_pm_kmh":30,"speed_pm_rain_kmh":26,"speed_source":"synthetic_grade_default","lanes":4,"lanes_source":"Synthetic_by_grade","oneway":false,"oneway_source":"default","bridge":false,"tunnel":false,"layer":0,"layer_source":"default_ground","access":"","surface":"","service":"","topology_source":"LBS-Master_roads_gcj_clip","impedance_synthetic":true,"routable":true,"fallback_clip":true},"geometry":{"type":"LineString","coordinates":[[121.901741,30.89738],[121.902044,30.897379]]}},{"type":"Feature","properties":{"osm_id":375072428,"name":"竹柏路","ref":"","highway":"tertiary","road_grade":"R4","maxspeed_raw":null,"speed_base_kmh":32,"speed_pm_kmh":24,"speed_pm_rain_kmh":21,"speed_source":"synthetic_grade_default","lanes":2,"lanes_source":"Synthetic_by_grade","oneway":false,"oneway_source":"default","bridge":false,"tunnel":false,"layer":0,"layer_source":"default_ground","access":"","surface":"","service":"","topology_source":"LBS-Master_roads_gcj_clip","impedance_synthetic":true,"routable":true,"fallback_clip":true},"geometry":{"type":"LineString","coordinates":[[121.912251,30.900707],[121.912597,30.900706]]}},{"type":"Feature","properties":{"osm_id":375074498,"name":"杞青路","ref":"","highway":"secondary","road_grade":"R3","maxspeed_raw":null,"speed_base_kmh":42,"speed_pm_kmh":27,"speed_pm_rain_kmh":24,"speed_source":"synthetic_grade_default","lanes":3,"lanes_source":"Synthetic_by_grade","oneway":false,"oneway_source":"default","bridge":false,"tunnel":false,"layer":0,"layer_source":"default_ground","access":"","surface":"","service":"","topology_source":"LBS-Master_roads_gcj_clip","impedance_synthetic":true,"routable":true,"fallback_clip":true},"geometry":{"type":"LineString","coordinates":[[121.906351,30.916241],[121.9066,30.916029]]}},{"type":"Feature","properties":{"osm_id":375074500,"name":"杞青路","ref":"","highway":"secondary","road_grade":"R3","maxspeed_raw":null,"speed_base_kmh":42,"speed_pm_kmh":27,"speed_pm_rain_kmh":24,"speed_source":"synthetic_grade_default","lanes":3,"lanes_source":"Synthetic_by_grade","oneway":false,"oneway_source":"default","bridge":false,"tunnel":false,"layer":0,"layer_source":"default_ground","access":"","surface":"","service":"","topology_source":"LBS-Master_roads_gcj_clip","impedance_synthetic":true,"routable":true,"fallback_clip":true},"geometry":{"type":"LineString","coordinates":[[121.903027,30.919089],[121.903178,30.918988],[121.904069,30.918217],[121.9046,30.917766],[121.904633,30.917737],[121.905403,30.917072],[121.905462,30.91702],[121.905548,30.916945]]}},{"type":"Feature","properties":{"osm_id":375074501,"name":"杞青路","ref":"","highway":"secondary","road_grade":"R3","maxspeed_raw":null,"speed_base_kmh":42,"speed_pm_kmh":27,"speed_pm_rain_kmh":24,"speed_source":"synthetic_grade_default","lanes":3,"lanes_source":"Synthetic_by_grade","oneway":false,"oneway_source":"default","bridge":false,"tunnel":false,"layer":0,"layer_source":"default_ground","access":"","surface":"","service":"","topology_source":"LBS-Master_roads_gcj_clip","impedance_synthetic":true,"routable":true,"fallback_clip":true},"geometry":{"type":"LineString","coordinates":[[121.906471,30.916364],[121.905844,30.916916]]}},{"type":"Feature","properties":{"osm_id":375074502,"name":"杞青路","ref":"","highway":"secondary","road_grade":"R3","maxspeed_raw":null,"speed_base_kmh":42,"speed_pm_kmh":27,"speed_pm_rain_kmh":24,"speed_source":"synthetic_grade_default","lanes":3,"lanes_source":"Synthetic_by_grade","oneway":false,"oneway_source":"default","bridge":false,"tunnel":false,"layer":0,"layer_source":"default_ground","access":"","surface":"","service":"","topology_source":"LBS-Master_roads_gcj_clip","impedance_synthetic":true,"routable":true,"fallback_clip":true},"geometry":{"type":"LineString","coordinates":[[121.913398,30.910332],[121.912634,30.911001],[121.912129,30.911443],[121.911976,30.911578],[121.911064,30.912376],[121.910861,30.912576],[121.910324,30.913041],[121.910248,30.913103]]}},{"type":"Feature","properties":{"osm_id":375074503,"name":"铃兰路","ref":"","highway":"secondary","road_grade":"R3","maxspeed_raw":null,"speed_base_kmh":42,"speed_pm_kmh":27,"speed_pm_rain_kmh":24,"speed_source":"synthetic_grade_default","lanes":3,"lanes_source":"Synthetic_by_grade","oneway":false,"oneway_source":"default","bridge":false,"tunnel":false,"layer":0,"layer_source":"default_ground","access":"","surface":"","service":"","topology_source":"LBS-Master_roads_gcj_clip","impedance_synthetic":true,"routable":true,"fallback_clip":true},"geometry":{"type":"LineString","coordinates":[[121.910248,30.913103],[121.910354,30.913204],[121.911016,30.91378],[121.91125,30.914008],[121.911944,30.914573],[121.913261,30.915745],[121.913435,30.91589],[121.913843,30.916235]]}},{"type":"Feature","properties":{"osm_id":375074504,"name":"杞青路","ref":"","highway":"secondary","road_grade":"R3","maxspeed_raw":null,"speed_base_kmh":42,"speed_pm_kmh":27,"speed_pm_rain_kmh":24,"speed_source":"synthetic_grade_default","lanes":3,"lanes_source":"Synthetic_by_grade","oneway":false,"oneway_source":"default","bridge":false,"tunnel":false,"layer":0,"layer_source":"default_ground","access":"","surface":"","service":"","topology_source":"LBS-Master_roads_gcj_clip","impedance_synthetic":true,"routable":true,"fallback_clip":true},"geometry":{"type":"LineString","coordinates":[[121.9066,30.916029],[121.907627,30.915139],[121.908423,30.914449],[121.908981,30.913966],[121.909356,30.913616],[121.909858,30.913177],[121.909962,30.913065]]}},{"type":"Feature","properties":{"osm_id":375074505,"name":"杞青路","ref":"","highway":"secondary","road_grade":"R3","maxspeed_raw":null,"speed_base_kmh":42,"speed_pm_kmh":27,"speed_pm_rain_kmh":24,"speed_source":"synthetic_grade_default","lanes":3,"lanes_source":"Synthetic_by_grade","oneway":false,"oneway_source":"default","bridge":false,"tunnel":false,"layer":0,"layer_source":"default_ground","access":"","surface":"","service":"","topology_source":"LBS-Master_roads_gcj_clip","impedance_synthetic":true,"routable":true,"fallback_clip":true},"geometry":{"type":"LineString","coordinates":[[121.906715,30.916151],[121.906471,30.916364]]}},{"type":"Feature","properties":{"osm_id":375074506,"name":"铃兰路","ref":"","highway":"secondary","road_grade":"R3","maxspeed_raw":null,"speed_base_kmh":42,"speed_pm_kmh":27,"speed_pm_rain_kmh":24,"speed_source":"synthetic_grade_default","lanes":3,"lanes_source":"Synthetic_by_grade","oneway":false,"oneway_source":"default","bridge":false,"tunnel":false,"layer":0,"layer_source":"default_ground","access":"","surface":"","service":"","topology_source":"LBS-Master_roads_gcj_clip","impedance_synthetic":true,"routable":true,"fallback_clip":true},"geometry":{"type":"LineString","coordinates":[[121.922719,30.92404],[121.922027,30.92346],[121.921924,30.923354],[121.920674,30.922277],[121.919088,30.92091]]}},{"type":"Feature","properties":{"osm_id":375074507,"name":"","ref":"","highway":"secondary","road_grade":"R3","maxspeed_raw":null,"speed_base_kmh":42,"speed_pm_kmh":27,"speed_pm_rain_kmh":24,"speed_source":"synthetic_grade_default","lanes":3,"lanes_source":"Synthetic_by_grade","oneway":false,"oneway_source":"default","bridge":false,"tunnel":false,"layer":0,"layer_source":"default_ground","access":"","surface":"","service":"","topology_source":"LBS-Master_roads_gcj_clip","impedance_synthetic":true,"routable":true,"fallback_clip":true},"geometry":{"type":"LineString","coordinates":[[121.917988,30.907408],[121.916611,30.908001],[121.916235,30.908175],[121.915863,30.908373],[121.915576,30.908544],[121.915357,30.908697],[121.915203,30.908806],[121.914937,30.909015],[121.914473,30.909412],[121.913652,30.910115]]}},{"type":"Feature","properties":{"osm_id":375074510,"name":"","ref":"","highway":"secondary","road_grade":"R3","maxspeed_raw":null,"speed_base_kmh":42,"speed_pm_kmh":27,"speed_pm_rain_kmh":24,"speed_source":"synthetic_grade_default","lanes":3,"lanes_source":"Synthetic_by_grade","oneway":false,"oneway_source":"default","bridge":false,"tunnel":false,"layer":0,"layer_source":"default_ground","access":"","surface":"","service":"","topology_source":"LBS-Master_roads_gcj_clip","impedance_synthetic":true,"routable":true,"fallback_clip":true},"geometry":{"type":"LineString","coordinates":[[121.913518,30.910007],[121.914653,30.909029],[121.91499,30.908755],[121.915369,30.908484],[121.915827,30.908203],[121.91615,30.908037],[121.916683,30.907793],[121.917898,30.907262],[121.918295,30.907078],[121.91876,30.906873],[121.919055,30.906743]]}},{"type":"Feature","properties":{"osm_id":375074511,"name":"","ref":"","highway":"secondary","road_grade":"R3","maxspeed_raw":null,"speed_base_kmh":42,"speed_pm_kmh":27,"speed_pm_rain_kmh":24,"speed_source":"synthetic_grade_default","lanes":3,"lanes_source":"Synthetic_by_grade","oneway":false,"oneway_source":"default","bridge":false,"tunnel":false,"layer":0,"layer_source":"default_ground","access":"","surface":"","service":"","topology_source":"LBS-Master_roads_gcj_clip","impedance_synthetic":true,"routable":true,"fallback_clip":true},"geometry":{"type":"LineString","coordinates":[[121.913282,30.910217],[121.913518,30.910007]]}},{"type":"Feature","properties":{"osm_id":375074512,"name":"","ref":"","highway":"secondary","road_grade":"R3","maxspeed_raw":null,"speed_base_kmh":42,"speed_pm_kmh":27,"speed_pm_rain_kmh":24,"speed_source":"synthetic_grade_default","lanes":3,"lanes_source":"Synthetic_by_grade","oneway":false,"oneway_source":"default","bridge":false,"tunnel":false,"layer":0,"layer_source":"default_ground","access":"","surface":"","service":"","topology_source":"LBS-Master_roads_gcj_clip","impedance_synthetic":true,"routable":true,"fallback_clip":true},"geometry":{"type":"LineString","coordinates":[[121.913652,30.910115],[121.913398,30.910332]]}},{"type":"Feature","properties":{"osm_id":375076188,"name":"环湖西三路","ref":"","highway":"primary","road_grade":"R2","maxspeed_raw":null,"speed_base_kmh":52,"speed_pm_kmh":30,"speed_pm_rain_kmh":26,"speed_source":"synthetic_grade_default","lanes":4,"lanes_source":"Synthetic_by_grade","oneway":false,"oneway_source":"default","bridge":false,"tunnel":false,"layer":0,"layer_source":"default_ground","access":"","surface":"","service":"","topology_source":"LBS-Master_roads_gcj_clip","impedance_synthetic":true,"routable":true,"fallback_clip":true},"geometry":{"type":"LineString","coordinates":[[121.918335,30.905361],[121.918184,30.905027],[121.91796,30.904517],[121.917868,30.904265]]}},{"type":"Feature","properties":{"osm_id":375076193,"name":"环湖西三路","ref":"","highway":"primary","road_grade":"R2","maxspeed_raw":null,"speed_base_kmh":52,"speed_pm_kmh":30,"speed_pm_rain_kmh":26,"speed_source":"synthetic_grade_default","lanes":4,"lanes_source":"Synthetic_by_grade","oneway":false,"oneway_source":"default","bridge":false,"tunnel":false,"layer":0,"layer_source":"default_ground","access":"","surface":"","service":"","topology_source":"LBS-Master_roads_gcj_clip","impedance_synthetic":true,"routable":true,"fallback_clip":true},"geometry":{"type":"LineString","coordinates":[[121.91876,30.905653],[121.919056,30.906219],[121.919154,30.906393],[121.919174,30.90643],[121.919342,30.906737]]}},{"type":"Feature","properties":{"osm_id":375076195,"name":"环湖西三路","ref":"","highway":"primary","road_grade":"R2","maxspeed_raw":null,"speed_base_kmh":52,"speed_pm_kmh":30,"speed_pm_rain_kmh":26,"speed_source":"synthetic_grade_default","lanes":4,"lanes_source":"Synthetic_by_grade","oneway":false,"oneway_source":"default","bridge":false,"tunnel":false,"layer":0,"layer_source":"default_ground","access":"","surface":"","service":"","topology_source":"LBS-Master_roads_gcj_clip","impedance_synthetic":true,"routable":true,"fallback_clip":true},"geometry":{"type":"LineString","coordinates":[[121.918518,30.905745],[121.918335,30.905361]]}},{"type":"Feature","properties":{"osm_id":375076197,"name":"环湖西三路","ref":"","highway":"primary","road_grade":"R2","maxspeed_raw":null,"speed_base_kmh":52,"speed_pm_kmh":30,"speed_pm_rain_kmh":26,"speed_source":"synthetic_grade_default","lanes":4,"lanes_source":"Synthetic_by_grade","oneway":false,"oneway_source":"default","bridge":false,"tunnel":false,"layer":0,"layer_source":"default_ground","access":"","surface":"","service":"","topology_source":"LBS-Master_roads_gcj_clip","impedance_synthetic":true,"routable":true,"fallback_clip":true},"geometry":{"type":"LineString","coordinates":[[121.918578,30.90528],[121.91876,30.905653]]}},{"type":"Feature","properties":{"osm_id":375079008,"name":"","ref":"","highway":"motorway_link","road_grade":"R1","maxspeed_raw":null,"speed_base_kmh":78,"speed_pm_kmh":56,"speed_pm_rain_kmh":49,"speed_source":"synthetic_grade_default","lanes":4,"lanes_source":"Synthetic_by_grade","oneway":false,"oneway_source":"default","bridge":false,"tunnel":false,"layer":0,"layer_source":"default_ground","access":"","surface":"","service":"","topology_source":"LBS-Master_roads_gcj_clip","impedance_synthetic":true,"routable":true,"fallback_clip":true},"geometry":{"type":"LineString","coordinates":[[121.894907,30.897658],[121.892191,30.897651]]}},{"type":"Feature","properties":{"osm_id":375081286,"name":"沪城环路","ref":"","highway":"secondary","road_grade":"R3","maxspeed_raw":null,"speed_base_kmh":42,"speed_pm_kmh":27,"speed_pm_rain_kmh":24,"speed_source":"synthetic_grade_default","lanes":3,"lanes_source":"Synthetic_by_grade","oneway":false,"oneway_source":"default","bridge":false,"tunnel":false,"layer":0,"layer_source":"default_ground","access":"","surface":"","service":"","topology_source":"LBS-Master_roads_gcj_clip","impedance_synthetic":true,"routable":true,"fallback_clip":true},"geometry":{"type":"LineString","coordinates":[[121.899129,30.912656],[121.89896,30.912227]]}},{"type":"Feature","properties":{"osm_id":375081287,"name":"沪城环路","ref":"","highway":"secondary","road_grade":"R3","maxspeed_raw":null,"speed_base_kmh":42,"speed_pm_kmh":27,"speed_pm_rain_kmh":24,"speed_source":"synthetic_grade_default","lanes":3,"lanes_source":"Synthetic_by_grade","oneway":false,"oneway_source":"default","bridge":false,"tunnel":false,"layer":0,"layer_source":"default_ground","access":"","surface":"","service":"","topology_source":"LBS-Master_roads_gcj_clip","impedance_synthetic":true,"routable":true,"fallback_clip":true},"geometry":{"type":"LineString","coordinates":[[121.903139,30.919255],[121.903306,30.919504],[121.903524,30.919785],[121.90384,30.920186],[121.904582,30.921133],[121.905174,30.921822],[121.905709,30.922424],[121.90608,30.922822],[121.9065,30.923238],[121.907138,30.923853],[121.907414,30.9241],[121.907789,30.924438],[121.908438,30.925019],[121.908602,30.92517]]}},{"type":"Feature","properties":{"osm_id":375081288,"name":"沪城环路","ref":"","highway":"secondary","road_grade":"R3","maxspeed_raw":null,"speed_base_kmh":42,"speed_pm_kmh":27,"speed_pm_rain_kmh":24,"speed_source":"synthetic_grade_default","lanes":3,"lanes_source":"Synthetic_by_grade","oneway":false,"oneway_source":"default","bridge":false,"tunnel":false,"layer":0,"layer_source":"default_ground","access":"","surface":"","service":"","topology_source":"LBS-Master_roads_gcj_clip","impedance_synthetic":true,"routable":true,"fallback_clip":true},"geometry":{"type":"LineString","coordinates":[[121.899287,30.91211],[121.899454,30.912544]]}},{"type":"Feature","properties":{"osm_id":375081290,"name":"沪城环路","ref":"","highway":"secondary","road_grade":"R3","maxspeed_raw":null,"speed_base_kmh":42,"speed_pm_kmh":27,"speed_pm_rain_kmh":24,"speed_source":"synthetic_grade_default","lanes":3,"lanes_source":"Synthetic_by_grade","oneway":false,"oneway_source":"default","bridge":false,"tunnel":false,"layer":0,"layer_source":"default_ground","access":"","surface":"","service":"","topology_source":"LBS-Master_roads_gcj_clip","impedance_synthetic":true,"routable":true,"fallback_clip":true},"geometry":{"type":"LineString","coordinates":[[121.89896,30.912227],[121.898874,30.911994],[121.898799,30.911791],[121.898676,30.911458],[121.898393,30.910591],[121.898158,30.909795],[121.897877,30.908737],[121.897695,30.907936],[121.897538,30.907137],[121.89748,30.906887],[121.8973,30.905675],[121.897251,30.905347],[121.897247,30.905298],[121.897234,30.905149],[121.897218,30.904963],[121.897138,30.904176],[121.897119,30.903768],[121.897079,30.903005],[121.897062,30.902188],[121.897071,30.901255],[121.897105,30.900303],[121.89716,30.899491],[121.897166,30.89915]]}},{"type":"Feature","properties":{"osm_id":375083880,"name":"临港大道","ref":"","highway":"primary","road_grade":"R2","maxspeed_raw":null,"speed_base_kmh":52,"speed_pm_kmh":30,"speed_pm_rain_kmh":26,"speed_source":"synthetic_grade_default","lanes":4,"lanes_source":"Synthetic_by_grade","oneway":false,"oneway_source":"default","bridge":false,"tunnel":false,"layer":0,"layer_source":"default_ground","access":"","surface":"","service":"","topology_source":"LBS-Master_roads_gcj_clip","impedance_synthetic":true,"routable":true,"fallback_clip":true},"geometry":{"type":"LineString","coordinates":[[121.9193,30.915903],[121.920913,30.914501],[121.922193,30.913389],[121.922255,30.913335],[121.922588,30.913046],[121.922655,30.912987]]}},{"type":"Feature","properties":{"osm_id":375083885,"name":"临港大道","ref":"","highway":"primary","road_grade":"R2","maxspeed_raw":null,"speed_base_kmh":52,"speed_pm_kmh":30,"speed_pm_rain_kmh":26,"speed_source":"synthetic_grade_default","lanes":4,"lanes_source":"Synthetic_by_grade","oneway":false,"oneway_source":"default","bridge":false,"tunnel":false,"layer":0,"layer_source":"default_ground","access":"","surface":"","service":"","topology_source":"LBS-Master_roads_gcj_clip","impedance_synthetic":true,"routable":true,"fallback_clip":true},"geometry":{"type":"LineString","coordinates":[[121.919543,30.916112],[121.919325,30.916304]]}},{"type":"Feature","properties":{"osm_id":375083891,"name":"临港大道","ref":"","highway":"primary","road_grade":"R2","maxspeed_raw":null,"speed_base_kmh":52,"speed_pm_kmh":30,"speed_pm_rain_kmh":26,"speed_source":"synthetic_grade_default","lanes":4,"lanes_source":"Synthetic_by_grade","oneway":false,"oneway_source":"default","bridge":false,"tunnel":false,"layer":0,"layer_source":"default_ground","access":"","surface":"","service":"","topology_source":"LBS-Master_roads_gcj_clip","impedance_synthetic":true,"routable":true,"fallback_clip":true},"geometry":{"type":"LineString","coordinates":[[121.919079,30.916098],[121.9193,30.915903]]}},{"type":"Feature","properties":{"osm_id":375083894,"name":"临港大道","ref":"","highway":"primary","road_grade":"R2","maxspeed_raw":null,"speed_base_kmh":52,"speed_pm_kmh":30,"speed_pm_rain_kmh":26,"speed_source":"synthetic_grade_default","lanes":4,"lanes_source":"Synthetic_by_grade","oneway":false,"oneway_source":"default","bridge":false,"tunnel":false,"layer":0,"layer_source":"default_ground","access":"","surface":"","service":"","topology_source":"LBS-Master_roads_gcj_clip","impedance_synthetic":true,"routable":true,"fallback_clip":true},"geometry":{"type":"LineString","coordinates":[[121.919325,30.916304],[121.91801,30.917458],[121.917666,30.917801],[121.916882,30.918478],[121.916671,30.918649]]}},{"type":"Feature","properties":{"osm_id":375084340,"name":"临港大道","ref":"","highway":"primary","road_grade":"R2","maxspeed_raw":null,"speed_base_kmh":52,"speed_pm_kmh":30,"speed_pm_rain_kmh":26,"speed_source":"synthetic_grade_default","lanes":4,"lanes_source":"Synthetic_by_grade","oneway":false,"oneway_source":"default","bridge":false,"tunnel":false,"layer":0,"layer_source":"default_ground","access":"","surface":"","service":"","topology_source":"LBS-Master_roads_gcj_clip","impedance_synthetic":true,"routable":true,"fallback_clip":true},"geometry":{"type":"LineString","coordinates":[[121.925997,30.91008],[121.927234,30.909002],[121.927442,30.90882]]}},{"type":"Feature","properties":{"osm_id":375084341,"name":"临港大道","ref":"","highway":"primary","road_grade":"R2","maxspeed_raw":null,"speed_base_kmh":52,"speed_pm_kmh":30,"speed_pm_rain_kmh":26,"speed_source":"synthetic_grade_default","lanes":4,"lanes_source":"Synthetic_by_grade","oneway":false,"oneway_source":"default","bridge":false,"tunnel":false,"layer":0,"layer_source":"default_ground","access":"","surface":"","service":"","topology_source":"LBS-Master_roads_gcj_clip","impedance_synthetic":true,"routable":true,"fallback_clip":true},"geometry":{"type":"LineString","coordinates":[[121.925662,30.910372],[121.925997,30.91008]]}},{"type":"Feature","properties":{"osm_id":375084342,"name":"临港大道","ref":"","highway":"primary","road_grade":"R2","maxspeed_raw":null,"speed_base_kmh":52,"speed_pm_kmh":30,"speed_pm_rain_kmh":26,"speed_source":"synthetic_grade_default","lanes":4,"lanes_source":"Synthetic_by_grade","oneway":false,"oneway_source":"default","bridge":false,"tunnel":false,"layer":0,"layer_source":"default_ground","access":"","surface":"","service":"","topology_source":"LBS-Master_roads_gcj_clip","impedance_synthetic":true,"routable":true,"fallback_clip":true},"geometry":{"type":"LineString","coordinates":[[121.926262,30.910286],[121.925933,30.91057]]}},{"type":"Feature","properties":{"osm_id":375084343,"name":"临港大道","ref":"","highway":"primary","road_grade":"R2","maxspeed_raw":null,"speed_base_kmh":52,"speed_pm_kmh":30,"speed_pm_rain_kmh":26,"speed_source":"synthetic_grade_default","lanes":4,"lanes_source":"Synthetic_by_grade","oneway":false,"oneway_source":"default","bridge":false,"tunnel":false,"layer":0,"layer_source":"default_ground","access":"","surface":"","service":"","topology_source":"LBS-Master_roads_gcj_clip","impedance_synthetic":true,"routable":true,"fallback_clip":true},"geometry":{"type":"LineString","coordinates":[[121.925933,30.91057],[121.924221,30.912106],[121.924049,30.912255]]}},{"type":"Feature","properties":{"osm_id":375094634,"name":"海基三路","ref":"","highway":"secondary","road_grade":"R3","maxspeed_raw":null,"speed_base_kmh":42,"speed_pm_kmh":27,"speed_pm_rain_kmh":24,"speed_source":"synthetic_grade_default","lanes":3,"lanes_source":"Synthetic_by_grade","oneway":false,"oneway_source":"default","bridge":false,"tunnel":false,"layer":0,"layer_source":"default_ground","access":"","surface":"","service":"","topology_source":"LBS-Master_roads_gcj_clip","impedance_synthetic":true,"routable":true,"fallback_clip":true},"geometry":{"type":"LineString","coordinates":[[121.924183,30.865957],[121.924639,30.865566],[121.924841,30.865381],[121.925324,30.864967],[121.925521,30.864797],[121.926575,30.863884],[121.926658,30.863813],[121.926869,30.863606],[121.92704,30.863442],[121.92716,30.863296],[121.927161,30.863198],[121.927137,30.863101],[121.927104,30.863052],[121.927106,30.862973]]}},{"type":"Feature","properties":{"osm_id":375094637,"name":"海洋四路","ref":"","highway":"tertiary","road_grade":"R4","maxspeed_raw":null,"speed_base_kmh":32,"speed_pm_kmh":24,"speed_pm_rain_kmh":21,"speed_source":"synthetic_grade_default","lanes":2,"lanes_source":"Synthetic_by_grade","oneway":false,"oneway_source":"default","bridge":false,"tunnel":false,"layer":0,"layer_source":"default_ground","access":"","surface":"","service":"","topology_source":"LBS-Master_roads_gcj_clip","impedance_synthetic":true,"routable":true,"fallback_clip":true},"geometry":{"type":"LineString","coordinates":[[121.913585,30.863122],[121.913777,30.863309],[121.914271,30.863731],[121.914386,30.863849],[121.915846,30.8651],[121.916338,30.865522],[121.916492,30.865651],[121.916798,30.86593],[121.916936,30.86605],[121.917069,30.866167],[121.918514,30.867397],[121.919672,30.868382],[121.920407,30.869002],[121.92053,30.869109],[121.920627,30.869195],[121.920758,30.869316],[121.922317,30.870653],[121.922557,30.870851],[121.924897,30.872785]]}},{"type":"Feature","properties":{"osm_id":375094638,"name":"海基二路","ref":"","highway":"tertiary","road_grade":"R4","maxspeed_raw":null,"speed_base_kmh":32,"speed_pm_kmh":24,"speed_pm_rain_kmh":21,"speed_source":"synthetic_grade_default","lanes":2,"lanes_source":"Synthetic_by_grade","oneway":false,"oneway_source":"default","bridge":false,"tunnel":false,"layer":0,"layer_source":"default_ground","access":"","surface":"","service":"","topology_source":"LBS-Master_roads_gcj_clip","impedance_synthetic":true,"routable":true,"fallback_clip":true},"geometry":{"type":"LineString","coordinates":[[121.926151,30.867713],[121.927773,30.867031],[121.928634,30.866382],[121.92931,30.865713]]}},{"type":"Feature","properties":{"osm_id":375094639,"name":"海洋二路","ref":"","highway":"tertiary","road_grade":"R4","maxspeed_raw":null,"speed_base_kmh":32,"speed_pm_kmh":24,"speed_pm_rain_kmh":21,"speed_source":"synthetic_grade_default","lanes":2,"lanes_source":"Synthetic_by_grade","oneway":false,"oneway_source":"default","bridge":false,"tunnel":false,"layer":0,"layer_source":"default_ground","access":"","surface":"","service":"","topology_source":"LBS-Master_roads_gcj_clip","impedance_synthetic":true,"routable":true,"fallback_clip":true},"geometry":{"type":"LineString","coordinates":[[121.923122,30.87628],[121.922092,30.875412],[121.921987,30.875311],[121.919683,30.873382],[121.917728,30.8717],[121.917654,30.871638],[121.915633,30.869899],[121.914068,30.868552]]}},{"type":"Feature","properties":{"osm_id":375094642,"name":"海基三路","ref":"","highway":"secondary","road_grade":"R3","maxspeed_raw":null,"speed_base_kmh":42,"speed_pm_kmh":27,"speed_pm_rain_kmh":24,"speed_source":"synthetic_grade_default","lanes":3,"lanes_source":"Synthetic_by_grade","oneway":false,"oneway_source":"default","bridge":false,"tunnel":false,"layer":0,"layer_source":"default_ground","access":"","surface":"","service":"","topology_source":"LBS-Master_roads_gcj_clip","impedance_synthetic":true,"routable":true,"fallback_clip":true},"geometry":{"type":"LineString","coordinates":[[121.924259,30.866029],[121.923944,30.866302]]}},{"type":"Feature","properties":{"osm_id":375094643,"name":"海洋四路","ref":"","highway":"tertiary","road_grade":"R4","maxspeed_raw":null,"speed_base_kmh":32,"speed_pm_kmh":24,"speed_pm_rain_kmh":21,"speed_source":"synthetic_grade_default","lanes":2,"lanes_source":"Synthetic_by_grade","oneway":false,"oneway_source":"default","bridge":false,"tunnel":false,"layer":0,"layer_source":"default_ground","access":"","surface":"","service":"","topology_source":"LBS-Master_roads_gcj_clip","impedance_synthetic":true,"routable":true,"fallback_clip":true},"geometry":{"type":"LineString","coordinates":[[121.924904,30.872965],[121.924803,30.872866],[121.922463,30.870914],[121.922245,30.870731],[121.921448,30.87004],[121.921126,30.869784],[121.92053,30.869275],[121.920439,30.86919],[121.920281,30.869044],[121.91844,30.867461],[121.917581,30.866723],[121.917345,30.866522],[121.916862,30.866113],[121.916696,30.865973],[121.915769,30.86517],[121.915553,30.864982],[121.914311,30.863925],[121.91418,30.863828],[121.913672,30.863397],[121.913479,30.863209]]}},{"type":"Feature","properties":{"osm_id":375094644,"name":"海基五路","ref":"","highway":"tertiary","road_grade":"R4","maxspeed_raw":null,"speed_base_kmh":32,"speed_pm_kmh":24,"speed_pm_rain_kmh":21,"speed_source":"synthetic_grade_default","lanes":2,"lanes_source":"Synthetic_by_grade","oneway":false,"oneway_source":"default","bridge":false,"tunnel":false,"layer":0,"layer_source":"default_ground","access":"","surface":"","service":"","topology_source":"LBS-Master_roads_gcj_clip","impedance_synthetic":true,"routable":true,"fallback_clip":true},"geometry":{"type":"LineString","coordinates":[[121.914068,30.868552],[121.915416,30.867375],[121.916862,30.866113],[121.916936,30.86605],[121.917099,30.865898],[121.917481,30.865556],[121.91774,30.865252],[121.918027,30.864746]]}},{"type":"Feature","properties":{"osm_id":375094646,"name":"海基六路","ref":"","highway":"tertiary","road_grade":"R4","maxspeed_raw":null,"speed_base_kmh":32,"speed_pm_kmh":24,"speed_pm_rain_kmh":21,"speed_source":"synthetic_grade_default","lanes":2,"lanes_source":"Synthetic_by_grade","oneway":false,"oneway_source":"default","bridge":false,"tunnel":false,"layer":0,"layer_source":"default_ground","access":"","surface":"","service":"","topology_source":"LBS-Master_roads_gcj_clip","impedance_synthetic":true,"routable":true,"fallback_clip":true},"geometry":{"type":"LineString","coordinates":[[121.907172,30.868713],[121.907291,30.868615],[121.907435,30.868493],[121.908399,30.867652],[121.909682,30.866531],[121.910484,30.865831],[121.910692,30.865648]]}},{"type":"Feature","properties":{"osm_id":375094650,"name":"海基三路","ref":"","highway":"secondary","road_grade":"R3","maxspeed_raw":null,"speed_base_kmh":42,"speed_pm_kmh":27,"speed_pm_rain_kmh":24,"speed_source":"synthetic_grade_default","lanes":3,"lanes_source":"Synthetic_by_grade","oneway":false,"oneway_source":"default","bridge":false,"tunnel":false,"layer":0,"layer_source":"default_ground","access":"","surface":"","service":"","topology_source":"LBS-Master_roads_gcj_clip","impedance_synthetic":true,"routable":true,"fallback_clip":true},"geometry":{"type":"LineString","coordinates":[[121.923857,30.866237],[121.924183,30.865957]]}},{"type":"Feature","properties":{"osm_id":375210347,"name":"","ref":"","highway":"motorway_link","road_grade":"R1","maxspeed_raw":null,"speed_base_kmh":78,"speed_pm_kmh":56,"speed_pm_rain_kmh":49,"speed_source":"synthetic_grade_default","lanes":4,"lanes_source":"Synthetic_by_grade","oneway":false,"oneway_source":"default","bridge":false,"tunnel":false,"layer":0,"layer_source":"default_ground","access":"","surface":"","service":"","topology_source":"LBS-Master_roads_gcj_clip","impedance_synthetic":true,"routable":true,"fallback_clip":true},"geometry":{"type":"LineString","coordinates":[[121.863469,30.898106],[121.86396,30.897556],[121.864104,30.897408]]}},{"type":"Feature","properties":{"osm_id":376228626,"name":"","ref":"","highway":"secondary","road_grade":"R3","maxspeed_raw":null,"speed_base_kmh":42,"speed_pm_kmh":27,"speed_pm_rain_kmh":24,"speed_source":"synthetic_grade_default","lanes":3,"lanes_source":"Synthetic_by_grade","oneway":false,"oneway_source":"default","bridge":false,"tunnel":false,"layer":0,"layer_source":"default_ground","access":"","surface":"","service":"","topology_source":"LBS-Master_roads_gcj_clip","impedance_synthetic":true,"routable":true,"fallback_clip":true},"geometry":{"type":"LineString","coordinates":[[121.951657,30.889588],[121.951054,30.889021],[121.950505,30.888553],[121.949834,30.888028]]}},{"type":"Feature","properties":{"osm_id":376228632,"name":"环湖南一路","ref":"","highway":"secondary","road_grade":"R3","maxspeed_raw":null,"speed_base_kmh":42,"speed_pm_kmh":27,"speed_pm_rain_kmh":24,"speed_source":"synthetic_grade_default","lanes":3,"lanes_source":"Synthetic_by_grade","oneway":false,"oneway_source":"default","bridge":false,"tunnel":false,"layer":0,"layer_source":"default_ground","access":"","surface":"","service":"","topology_source":"LBS-Master_roads_gcj_clip","impedance_synthetic":true,"routable":true,"fallback_clip":true},"geometry":{"type":"LineString","coordinates":[[121.93506,30.886127],[121.935504,30.885967]]}},{"type":"Feature","properties":{"osm_id":376228634,"name":"环湖南一路","ref":"","highway":"secondary","road_grade":"R3","maxspeed_raw":null,"speed_base_kmh":42,"speed_pm_kmh":27,"speed_pm_rain_kmh":24,"speed_source":"synthetic_grade_default","lanes":3,"lanes_source":"Synthetic_by_grade","oneway":false,"oneway_source":"default","bridge":false,"tunnel":false,"layer":0,"layer_source":"default_ground","access":"","surface":"","service":"","topology_source":"LBS-Master_roads_gcj_clip","impedance_synthetic":true,"routable":true,"fallback_clip":true},"geometry":{"type":"LineString","coordinates":[[121.940796,30.885075],[121.940991,30.885101],[121.941899,30.885127],[121.942649,30.8852],[121.943473,30.885317],[121.944363,30.885483],[121.945531,30.885784],[121.946148,30.88599],[121.946764,30.886221],[121.947444,30.886506],[121.948136,30.88684],[121.948785,30.88719],[121.949325,30.887521],[121.94994,30.887926]]}},{"type":"Feature","properties":{"osm_id":376228635,"name":"","ref":"","highway":"secondary","road_grade":"R3","maxspeed_raw":null,"speed_base_kmh":42,"speed_pm_kmh":27,"speed_pm_rain_kmh":24,"speed_source":"synthetic_grade_default","lanes":3,"lanes_source":"Synthetic_by_grade","oneway":false,"oneway_source":"default","bridge":false,"tunnel":false,"layer":0,"layer_source":"default_ground","access":"","surface":"","service":"","topology_source":"LBS-Master_roads_gcj_clip","impedance_synthetic":true,"routable":true,"fallback_clip":true},"geometry":{"type":"LineString","coordinates":[[121.94994,30.887926],[121.950502,30.888379],[121.951161,30.888939],[121.951767,30.889512]]}},{"type":"Feature","properties":{"osm_id":376228637,"name":"环湖北一路","ref":"","highway":"secondary","road_grade":"R3","maxspeed_raw":null,"speed_base_kmh":42,"speed_pm_kmh":27,"speed_pm_rain_kmh":24,"speed_source":"synthetic_grade_default","lanes":3,"lanes_source":"Synthetic_by_grade","oneway":false,"oneway_source":"default","bridge":false,"tunnel":false,"layer":0,"layer_source":"default_ground","access":"","surface":"","service":"","topology_source":"LBS-Master_roads_gcj_clip","impedance_synthetic":true,"routable":true,"fallback_clip":true},"geometry":{"type":"LineString","coordinates":[[121.946577,30.908718],[121.946119,30.908885]]}},{"type":"Feature","properties":{"osm_id":376228638,"name":"环湖东一路","ref":"","highway":"secondary","road_grade":"R3","maxspeed_raw":null,"speed_base_kmh":42,"speed_pm_kmh":27,"speed_pm_rain_kmh":24,"speed_source":"synthetic_grade_default","lanes":3,"lanes_source":"Synthetic_by_grade","oneway":false,"oneway_source":"default","bridge":false,"tunnel":false,"layer":0,"layer_source":"default_ground","access":"","surface":"","service":"","topology_source":"LBS-Master_roads_gcj_clip","impedance_synthetic":true,"routable":true,"fallback_clip":true},"geometry":{"type":"LineString","coordinates":[[121.950835,30.906099],[121.950974,30.905977],[121.951163,30.905799],[121.95158,30.9054],[121.951953,30.905001],[121.952187,30.904731],[121.952462,30.904415],[121.952873,30.903872],[121.953252,30.903316],[121.953547,30.902807],[121.95382,30.902278]]}},{"type":"Feature","properties":{"osm_id":376228639,"name":"环湖北一路","ref":"","highway":"secondary","road_grade":"R3","maxspeed_raw":null,"speed_base_kmh":42,"speed_pm_kmh":27,"speed_pm_rain_kmh":24,"speed_source":"synthetic_grade_default","lanes":3,"lanes_source":"Synthetic_by_grade","oneway":false,"oneway_source":"default","bridge":false,"tunnel":false,"layer":0,"layer_source":"default_ground","access":"","surface":"","service":"","topology_source":"LBS-Master_roads_gcj_clip","impedance_synthetic":true,"routable":true,"fallback_clip":true},"geometry":{"type":"LineString","coordinates":[[121.935231,30.90864],[121.935671,30.90879]]}},{"type":"Feature","properties":{"osm_id":376228641,"name":"环湖北一路","ref":"","highway":"secondary","road_grade":"R3","maxspeed_raw":null,"speed_base_kmh":42,"speed_pm_kmh":27,"speed_pm_rain_kmh":24,"speed_source":"synthetic_grade_default","lanes":3,"lanes_source":"Synthetic_by_grade","oneway":false,"oneway_source":"default","bridge":false,"tunnel":false,"layer":0,"layer_source":"default_ground","access":"","surface":"","service":"","topology_source":"LBS-Master_roads_gcj_clip","impedance_synthetic":true,"routable":true,"fallback_clip":true},"geometry":{"type":"LineString","coordinates":[[121.946119,30.908885],[121.945513,30.909082],[121.94503,30.909212],[121.944728,30.909293],[121.944098,30.909436],[121.943388,30.909555],[121.942912,30.909615],[121.942651,30.909657],[121.941919,30.909724],[121.941201,30.909755],[121.940914,30.909757],[121.940575,30.909758],[121.939812,30.909732],[121.939088,30.909663],[121.938888,30.909645],[121.938742,30.909633],[121.938389,30.909571],[121.937835,30.90948],[121.937337,30.909382],[121.937022,30.909303],[121.936918,30.909278],[121.936418,30.909154],[121.935622,30.908903]]}},{"type":"Feature","properties":{"osm_id":376228643,"name":"环湖东一路","ref":"","highway":"secondary","road_grade":"R3","maxspeed_raw":null,"speed_base_kmh":42,"speed_pm_kmh":27,"speed_pm_rain_kmh":24,"speed_source":"synthetic_grade_default","lanes":3,"lanes_source":"Synthetic_by_grade","oneway":false,"oneway_source":"default","bridge":false,"tunnel":false,"layer":0,"layer_source":"default_ground","access":"","surface":"","service":"","topology_source":"LBS-Master_roads_gcj_clip","impedance_synthetic":true,"routable":true,"fallback_clip":true},"geometry":{"type":"LineString","coordinates":[[121.95382,30.902278],[121.954025,30.901859]]}},{"type":"Feature","properties":{"osm_id":376228644,"name":"环湖北一路","ref":"","highway":"secondary","road_grade":"R3","maxspeed_raw":null,"speed_base_kmh":42,"speed_pm_kmh":27,"speed_pm_rain_kmh":24,"speed_source":"synthetic_grade_default","lanes":3,"lanes_source":"Synthetic_by_grade","oneway":false,"oneway_source":"default","bridge":false,"tunnel":false,"layer":0,"layer_source":"default_ground","access":"","surface":"","service":"","topology_source":"LBS-Master_roads_gcj_clip","impedance_synthetic":true,"routable":true,"fallback_clip":true},"geometry":{"type":"LineString","coordinates":[[121.935671,30.90879],[121.936278,30.908978],[121.936931,30.909158],[121.937435,30.909278],[121.937899,30.909372],[121.938308,30.909437],[121.938736,30.909494],[121.938889,30.909515],[121.939111,30.909545],[121.939859,30.909604],[121.940552,30.909631],[121.940904,30.909642],[121.94139,30.909631],[121.942009,30.909596],[121.942632,30.909544],[121.94289,30.909516],[121.943379,30.90944],[121.944065,30.909316],[121.944542,30.909208],[121.944736,30.909164],[121.94539,30.908992],[121.946053,30.908777]]}},{"type":"Feature","properties":{"osm_id":376228647,"name":"环湖西一路","ref":"","highway":"secondary","road_grade":"R3","maxspeed_raw":null,"speed_base_kmh":42,"speed_pm_kmh":27,"speed_pm_rain_kmh":24,"speed_source":"synthetic_grade_default","lanes":3,"lanes_source":"Synthetic_by_grade","oneway":false,"oneway_source":"default","bridge":false,"tunnel":false,"layer":0,"layer_source":"default_ground","access":"","surface":"","service":"","topology_source":"LBS-Master_roads_gcj_clip","impedance_synthetic":true,"routable":true,"fallback_clip":true},"geometry":{"type":"LineString","coordinates":[[121.935167,30.908751],[121.93417,30.90834],[121.933886,30.9082],[121.9334,30.907961],[121.933045,30.907768],[121.932476,30.907431],[121.932322,30.907337],[121.932108,30.907192],[121.931661,30.9069],[121.93142,30.906693]]}},{"type":"Feature","properties":{"osm_id":376228648,"name":"环湖北一路","ref":"","highway":"secondary","road_grade":"R3","maxspeed_raw":null,"speed_base_kmh":42,"speed_pm_kmh":27,"speed_pm_rain_kmh":24,"speed_source":"synthetic_grade_default","lanes":3,"lanes_source":"Synthetic_by_grade","oneway":false,"oneway_source":"default","bridge":false,"tunnel":false,"layer":0,"layer_source":"default_ground","access":"","surface":"","service":"","topology_source":"LBS-Master_roads_gcj_clip","impedance_synthetic":true,"routable":true,"fallback_clip":true},"geometry":{"type":"LineString","coordinates":[[121.935622,30.908903],[121.935167,30.908751]]}},{"type":"Feature","properties":{"osm_id":376228650,"name":"环湖南一路","ref":"","highway":"secondary","road_grade":"R3","maxspeed_raw":null,"speed_base_kmh":42,"speed_pm_kmh":27,"speed_pm_rain_kmh":24,"speed_source":"synthetic_grade_default","lanes":3,"lanes_source":"Synthetic_by_grade","oneway":false,"oneway_source":"default","bridge":false,"tunnel":false,"layer":0,"layer_source":"default_ground","access":"","surface":"","service":"","topology_source":"LBS-Master_roads_gcj_clip","impedance_synthetic":true,"routable":true,"fallback_clip":true},"geometry":{"type":"LineString","coordinates":[[121.935568,30.886081],[121.9351,30.886245]]}},{"type":"Feature","properties":{"osm_id":376228651,"name":"环湖东一路","ref":"","highway":"secondary","road_grade":"R3","maxspeed_raw":null,"speed_base_kmh":42,"speed_pm_kmh":27,"speed_pm_rain_kmh":24,"speed_source":"synthetic_grade_default","lanes":3,"lanes_source":"Synthetic_by_grade","oneway":false,"oneway_source":"default","bridge":false,"tunnel":false,"layer":0,"layer_source":"default_ground","access":"","surface":"","service":"","topology_source":"LBS-Master_roads_gcj_clip","impedance_synthetic":true,"routable":true,"fallback_clip":true},"geometry":{"type":"LineString","coordinates":[[121.954016,30.892659],[121.954207,30.89309],[121.954507,30.893825],[121.954713,30.894484],[121.954873,30.895117],[121.95501,30.895802],[121.95508,30.896387],[121.955128,30.897046],[121.95514,30.897318],[121.955139,30.897477],[121.955138,30.897721],[121.955106,30.89841],[121.954996,30.899164],[121.954842,30.899955],[121.954699,30.900485],[121.954537,30.900987],[121.954354,30.901467],[121.954163,30.901903]]}},{"type":"Feature","properties":{"osm_id":376228652,"name":"环湖南一路","ref":"","highway":"secondary","road_grade":"R3","maxspeed_raw":null,"speed_base_kmh":42,"speed_pm_kmh":27,"speed_pm_rain_kmh":24,"speed_source":"synthetic_grade_default","lanes":3,"lanes_source":"Synthetic_by_grade","oneway":false,"oneway_source":"default","bridge":false,"tunnel":false,"layer":0,"layer_source":"default_ground","access":"","surface":"","service":"","topology_source":"LBS-Master_roads_gcj_clip","impedance_synthetic":true,"routable":true,"fallback_clip":true},"geometry":{"type":"LineString","coordinates":[[121.949834,30.888028],[121.949174,30.887585],[121.948683,30.887287],[121.948044,30.886942],[121.947392,30.886626],[121.946792,30.886366],[121.946324,30.886197],[121.945482,30.885903],[121.944867,30.885736],[121.944235,30.885583],[121.94364,30.88547],[121.943086,30.885378],[121.942542,30.885315],[121.941912,30.885254],[121.941165,30.885226],[121.9408,30.88522],[121.940667,30.88521]]}},{"type":"Feature","properties":{"osm_id":376228656,"name":"环湖东一路","ref":"","highway":"secondary","road_grade":"R3","maxspeed_raw":null,"speed_base_kmh":42,"speed_pm_kmh":27,"speed_pm_rain_kmh":24,"speed_source":"synthetic_grade_default","lanes":3,"lanes_source":"Synthetic_by_grade","oneway":false,"oneway_source":"default","bridge":false,"tunnel":false,"layer":0,"layer_source":"default_ground","access":"","surface":"","service":"","topology_source":"LBS-Master_roads_gcj_clip","impedance_synthetic":true,"routable":true,"fallback_clip":true},"geometry":{"type":"LineString","coordinates":[[121.954025,30.901859],[121.954208,30.901454],[121.954401,30.900956],[121.954605,30.900285],[121.954773,30.899594],[121.954877,30.899009],[121.954947,30.898406],[121.954975,30.897991],[121.954994,30.897711],[121.954999,30.897477],[121.955002,30.897309],[121.954997,30.897093],[121.954966,30.896731],[121.954938,30.896401],[121.954855,30.895767],[121.954726,30.895099],[121.95455,30.894427],[121.954337,30.893793],[121.954075,30.893142],[121.953875,30.892712]]}},{"type":"Feature","properties":{"osm_id":376228658,"name":"环湖北一路","ref":"","highway":"secondary","road_grade":"R3","maxspeed_raw":null,"speed_base_kmh":42,"speed_pm_kmh":27,"speed_pm_rain_kmh":24,"speed_source":"synthetic_grade_default","lanes":3,"lanes_source":"Synthetic_by_grade","oneway":false,"oneway_source":"default","bridge":false,"tunnel":false,"layer":0,"layer_source":"default_ground","access":"","surface":"","service":"","topology_source":"LBS-Master_roads_gcj_clip","impedance_synthetic":true,"routable":true,"fallback_clip":true},"geometry":{"type":"LineString","coordinates":[[121.950931,30.906176],[121.950793,30.906284],[121.950212,30.906746],[121.949656,30.907138],[121.94894,30.907608]]}},{"type":"Feature","properties":{"osm_id":376228660,"name":"环湖东一路","ref":"","highway":"secondary","road_grade":"R3","maxspeed_raw":null,"speed_base_kmh":42,"speed_pm_kmh":27,"speed_pm_rain_kmh":24,"speed_source":"synthetic_grade_default","lanes":3,"lanes_source":"Synthetic_by_grade","oneway":false,"oneway_source":"default","bridge":false,"tunnel":false,"layer":0,"layer_source":"default_ground","access":"","surface":"","service":"","topology_source":"LBS-Master_roads_gcj_clip","impedance_synthetic":true,"routable":true,"fallback_clip":true},"geometry":{"type":"LineString","coordinates":[[121.954163,30.901903],[121.953947,30.902333]]}},{"type":"Feature","properties":{"osm_id":376228664,"name":"环湖北一路","ref":"","highway":"secondary","road_grade":"R3","maxspeed_raw":null,"speed_base_kmh":42,"speed_pm_kmh":27,"speed_pm_rain_kmh":24,"speed_source":"synthetic_grade_default","lanes":3,"lanes_source":"Synthetic_by_grade","oneway":false,"oneway_source":"default","bridge":false,"tunnel":false,"layer":0,"layer_source":"default_ground","access":"","surface":"","service":"","topology_source":"LBS-Master_roads_gcj_clip","impedance_synthetic":true,"routable":true,"fallback_clip":true},"geometry":{"type":"LineString","coordinates":[[121.946053,30.908777],[121.946529,30.908605]]}},{"type":"Feature","properties":{"osm_id":376228672,"name":"环湖南一路","ref":"","highway":"secondary","road_grade":"R3","maxspeed_raw":null,"speed_base_kmh":42,"speed_pm_kmh":27,"speed_pm_rain_kmh":24,"speed_source":"synthetic_grade_default","lanes":3,"lanes_source":"Synthetic_by_grade","oneway":false,"oneway_source":"default","bridge":false,"tunnel":false,"layer":0,"layer_source":"default_ground","access":"","surface":"","service":"","topology_source":"LBS-Master_roads_gcj_clip","impedance_synthetic":true,"routable":true,"fallback_clip":true},"geometry":{"type":"LineString","coordinates":[[121.9351,30.886245],[121.934602,30.88645],[121.934042,30.886692],[121.933498,30.886968],[121.932801,30.887351],[121.932192,30.887735],[121.931793,30.887998],[121.931585,30.888134],[121.930989,30.888602],[121.930752,30.888813]]}},{"type":"Feature","properties":{"osm_id":376252936,"name":"环湖西二路","ref":"","highway":"secondary","road_grade":"R3","maxspeed_raw":null,"speed_base_kmh":42,"speed_pm_kmh":27,"speed_pm_rain_kmh":24,"speed_source":"synthetic_grade_default","lanes":3,"lanes_source":"Synthetic_by_grade","oneway":false,"oneway_source":"default","bridge":false,"tunnel":false,"layer":0,"layer_source":"default_ground","access":"","surface":"","service":"","topology_source":"LBS-Master_roads_gcj_clip","impedance_synthetic":true,"routable":true,"fallback_clip":true},"geometry":{"type":"LineString","coordinates":[[121.92359,30.90342],[121.923773,30.903797]]}},{"type":"Feature","properties":{"osm_id":376252937,"name":"环湖西二路","ref":"","highway":"secondary","road_grade":"R3","maxspeed_raw":null,"speed_base_kmh":42,"speed_pm_kmh":27,"speed_pm_rain_kmh":24,"speed_source":"synthetic_grade_default","lanes":3,"lanes_source":"Synthetic_by_grade","oneway":false,"oneway_source":"default","bridge":false,"tunnel":false,"layer":0,"layer_source":"default_ground","access":"","surface":"","service":"","topology_source":"LBS-Master_roads_gcj_clip","impedance_synthetic":true,"routable":true,"fallback_clip":true},"geometry":{"type":"LineString","coordinates":[[121.92342,30.903486],[121.923302,30.903241],[121.923077,30.902691],[121.922926,30.902301],[121.922776,30.901859],[121.922657,30.901485],[121.922605,30.901309],[121.922494,30.900898],[121.922391,30.900517],[121.922282,30.899906],[121.922275,30.899867],[121.922188,30.899486],[121.922152,30.899145],[121.922144,30.899098],[121.922117,30.898895],[121.922067,30.898515],[121.922024,30.898008],[121.921993,30.897629]]}},{"type":"Feature","properties":{"osm_id":376252938,"name":"环湖西二路","ref":"","highway":"secondary","road_grade":"R3","maxspeed_raw":null,"speed_base_kmh":42,"speed_pm_kmh":27,"speed_pm_rain_kmh":24,"speed_source":"synthetic_grade_default","lanes":3,"lanes_source":"Synthetic_by_grade","oneway":false,"oneway_source":"default","bridge":false,"tunnel":false,"layer":0,"layer_source":"default_ground","access":"","surface":"","service":"","topology_source":"LBS-Master_roads_gcj_clip","impedance_synthetic":true,"routable":true,"fallback_clip":true},"geometry":{"type":"LineString","coordinates":[[121.923773,30.903797],[121.923843,30.903943],[121.924138,30.904475],[121.924458,30.905002],[121.924817,30.905535],[121.925103,30.905949],[121.925311,30.906223],[121.925492,30.906448],[121.925618,30.906597],[121.926084,30.907152],[121.926136,30.907209]]}},{"type":"Feature","properties":{"osm_id":376252939,"name":"环湖西二路","ref":"","highway":"secondary","road_grade":"R3","maxspeed_raw":null,"speed_base_kmh":42,"speed_pm_kmh":27,"speed_pm_rain_kmh":24,"speed_source":"synthetic_grade_default","lanes":3,"lanes_source":"Synthetic_by_grade","oneway":false,"oneway_source":"default","bridge":false,"tunnel":false,"layer":0,"layer_source":"default_ground","access":"","surface":"","service":"","topology_source":"LBS-Master_roads_gcj_clip","impedance_synthetic":true,"routable":true,"fallback_clip":true},"geometry":{"type":"LineString","coordinates":[[121.923607,30.903862],[121.92342,30.903486]]}},{"type":"Feature","properties":{"osm_id":376415413,"name":"沪城环路","ref":"","highway":"secondary","road_grade":"R3","maxspeed_raw":null,"speed_base_kmh":42,"speed_pm_kmh":27,"speed_pm_rain_kmh":24,"speed_source":"synthetic_grade_default","lanes":3,"lanes_source":"Synthetic_by_grade","oneway":false,"oneway_source":"default","bridge":false,"tunnel":false,"layer":0,"layer_source":"default_ground","access":"","surface":"","service":"","topology_source":"LBS-Master_roads_gcj_clip","impedance_synthetic":true,"routable":true,"fallback_clip":true},"geometry":{"type":"LineString","coordinates":[[121.909314,30.877625],[121.909667,30.87735]]}},{"type":"Feature","properties":{"osm_id":376415414,"name":"沪城环路","ref":"","highway":"secondary","road_grade":"R3","maxspeed_raw":null,"speed_base_kmh":42,"speed_pm_kmh":27,"speed_pm_rain_kmh":24,"speed_source":"synthetic_grade_default","lanes":3,"lanes_source":"Synthetic_by_grade","oneway":false,"oneway_source":"default","bridge":false,"tunnel":false,"layer":0,"layer_source":"default_ground","access":"","surface":"","service":"","topology_source":"LBS-Master_roads_gcj_clip","impedance_synthetic":true,"routable":true,"fallback_clip":true},"geometry":{"type":"LineString","coordinates":[[121.909667,30.87735],[121.910311,30.876862],[121.910863,30.876454],[121.911137,30.876256]]}},{"type":"Feature","properties":{"osm_id":376415421,"name":"沪城环路","ref":"","highway":"secondary","road_grade":"R3","maxspeed_raw":null,"speed_base_kmh":42,"speed_pm_kmh":27,"speed_pm_rain_kmh":24,"speed_source":"synthetic_grade_default","lanes":3,"lanes_source":"Synthetic_by_grade","oneway":false,"oneway_source":"default","bridge":false,"tunnel":false,"layer":0,"layer_source":"default_ground","access":"","surface":"","service":"","topology_source":"LBS-Master_roads_gcj_clip","impedance_synthetic":true,"routable":true,"fallback_clip":true},"geometry":{"type":"LineString","coordinates":[[121.909836,30.8775],[121.909469,30.877785]]}},{"type":"Feature","properties":{"osm_id":376415427,"name":"沪城环路","ref":"","highway":"secondary","road_grade":"R3","maxspeed_raw":null,"speed_base_kmh":42,"speed_pm_kmh":27,"speed_pm_rain_kmh":24,"speed_source":"synthetic_grade_default","lanes":3,"lanes_source":"Synthetic_by_grade","oneway":false,"oneway_source":"default","bridge":false,"tunnel":false,"layer":0,"layer_source":"default_ground","access":"","surface":"","service":"","topology_source":"LBS-Master_roads_gcj_clip","impedance_synthetic":true,"routable":true,"fallback_clip":true},"geometry":{"type":"LineString","coordinates":[[121.897638,30.905383],[121.897661,30.905638],[121.897764,30.906341],[121.897878,30.90705],[121.898037,30.907845],[121.898213,30.908649],[121.898489,30.909691],[121.898822,30.91078],[121.899019,30.911359],[121.899135,30.911683],[121.899208,30.911889],[121.899287,30.91211]]}},{"type":"Feature","properties":{"osm_id":376549257,"name":"","ref":"","highway":"motorway_link","road_grade":"R1","maxspeed_raw":null,"speed_base_kmh":78,"speed_pm_kmh":56,"speed_pm_rain_kmh":49,"speed_source":"synthetic_grade_default","lanes":4,"lanes_source":"Synthetic_by_grade","oneway":false,"oneway_source":"default","bridge":false,"tunnel":false,"layer":0,"layer_source":"default_ground","access":"","surface":"","service":"","topology_source":"LBS-Master_roads_gcj_clip","impedance_synthetic":true,"routable":true,"fallback_clip":true},"geometry":{"type":"LineString","coordinates":[[121.892835,30.869541],[121.892993,30.869593],[121.893862,30.870302],[121.894288,30.870613],[121.89477,30.870938],[121.895107,30.871188],[121.895695,30.8717],[121.895855,30.871872],[121.895946,30.872042],[121.896008,30.872239],[121.896024,30.872469],[121.896002,30.872653],[121.895944,30.872835],[121.895834,30.873015],[121.895687,30.873188],[121.895523,30.87331],[121.895306,30.873425],[121.894888,30.873582],[121.894376,30.873796],[121.893833,30.874087],[121.893358,30.874384],[121.892561,30.874655]]}},{"type":"Feature","properties":{"osm_id":376549258,"name":"","ref":"","highway":"secondary","road_grade":"R3","maxspeed_raw":null,"speed_base_kmh":42,"speed_pm_kmh":27,"speed_pm_rain_kmh":24,"speed_source":"synthetic_grade_default","lanes":3,"lanes_source":"Synthetic_by_grade","oneway":false,"oneway_source":"default","bridge":false,"tunnel":false,"layer":0,"layer_source":"default_ground","access":"","surface":"","service":"","topology_source":"LBS-Master_roads_gcj_clip","impedance_synthetic":true,"routable":true,"fallback_clip":true},"geometry":{"type":"LineString","coordinates":[[121.880303,30.85866],[121.880446,30.858779],[121.880609,30.858914],[121.881002,30.859232],[121.881094,30.859335],[121.881407,30.859595],[121.881568,30.859754],[121.882082,30.860205],[121.882208,30.860301],[121.882358,30.860414],[121.883984,30.861807],[121.884101,30.861926],[121.884669,30.862414],[121.884812,30.862532],[121.884964,30.862658],[121.886215,30.863715],[121.886474,30.863953],[121.886641,30.864106],[121.887503,30.864847],[121.887648,30.865033],[121.887778,30.865216]]}},{"type":"Feature","properties":{"osm_id":376549259,"name":"","ref":"","highway":"tertiary","road_grade":"R4","maxspeed_raw":null,"speed_base_kmh":32,"speed_pm_kmh":24,"speed_pm_rain_kmh":21,"speed_source":"synthetic_grade_default","lanes":2,"lanes_source":"Synthetic_by_grade","oneway":false,"oneway_source":"default","bridge":false,"tunnel":false,"layer":0,"layer_source":"default_ground","access":"","surface":"","service":"","topology_source":"LBS-Master_roads_gcj_clip","impedance_synthetic":true,"routable":true,"fallback_clip":true},"geometry":{"type":"LineString","coordinates":[[121.891233,30.867648],[121.891131,30.867738],[121.89091,30.867931],[121.890684,30.868127],[121.887379,30.871007],[121.887121,30.871221],[121.88458,30.873437],[121.884133,30.873827],[121.884003,30.87394],[121.883102,30.874735],[121.882976,30.874848],[121.882849,30.874957]]}},{"type":"Feature","properties":{"osm_id":376549261,"name":"","ref":"","highway":"motorway_link","road_grade":"R1","maxspeed_raw":null,"speed_base_kmh":78,"speed_pm_kmh":56,"speed_pm_rain_kmh":49,"speed_source":"synthetic_grade_default","lanes":4,"lanes_source":"Synthetic_by_grade","oneway":false,"oneway_source":"default","bridge":false,"tunnel":false,"layer":0,"layer_source":"default_ground","access":"","surface":"","service":"","topology_source":"LBS-Master_roads_gcj_clip","impedance_synthetic":true,"routable":true,"fallback_clip":true},"geometry":{"type":"LineString","coordinates":[[121.891928,30.873501],[121.892345,30.872879],[121.89372,30.871698],[121.893864,30.871551],[121.893988,30.871403],[121.894057,30.871249],[121.894092,30.871076],[121.894087,30.870906],[121.894052,30.870747],[121.893966,30.870597],[121.893832,30.870466],[121.892908,30.869681],[121.892835,30.869541]]}},{"type":"Feature","properties":{"osm_id":376549262,"name":"","ref":"","highway":"secondary","road_grade":"R3","maxspeed_raw":null,"speed_base_kmh":42,"speed_pm_kmh":27,"speed_pm_rain_kmh":24,"speed_source":"synthetic_grade_default","lanes":3,"lanes_source":"Synthetic_by_grade","oneway":false,"oneway_source":"default","bridge":false,"tunnel":false,"layer":0,"layer_source":"default_ground","access":"","surface":"","service":"","topology_source":"LBS-Master_roads_gcj_clip","impedance_synthetic":true,"routable":true,"fallback_clip":true},"geometry":{"type":"LineString","coordinates":[[121.892835,30.869541],[121.892656,30.869417],[121.892069,30.868907],[121.891761,30.86861],[121.891147,30.868094],[121.89091,30.867931],[121.890638,30.867717],[121.88996,30.86714],[121.889786,30.866955],[121.888851,30.866154],[121.888631,30.865936],[121.887975,30.865367],[121.887778,30.865216]]}},{"type":"Feature","properties":{"osm_id":376549263,"name":"","ref":"","highway":"secondary","road_grade":"R3","maxspeed_raw":null,"speed_base_kmh":42,"speed_pm_kmh":27,"speed_pm_rain_kmh":24,"speed_source":"synthetic_grade_default","lanes":3,"lanes_source":"Synthetic_by_grade","oneway":false,"oneway_source":"default","bridge":false,"tunnel":false,"layer":0,"layer_source":"default_ground","access":"","surface":"","service":"","topology_source":"LBS-Master_roads_gcj_clip","impedance_synthetic":true,"routable":true,"fallback_clip":true},"geometry":{"type":"LineString","coordinates":[[121.884699,30.862639],[121.884543,30.862518],[121.882934,30.861133],[121.882765,30.860967],[121.882232,30.860514],[121.882099,30.860404],[121.881972,30.8603],[121.880483,30.859034],[121.880318,30.858894],[121.880175,30.858781]]}},{"type":"Feature","properties":{"osm_id":376549264,"name":"同顺大道","ref":"","highway":"secondary","road_grade":"R3","maxspeed_raw":null,"speed_base_kmh":42,"speed_pm_kmh":27,"speed_pm_rain_kmh":24,"speed_source":"synthetic_grade_default","lanes":3,"lanes_source":"Synthetic_by_grade","oneway":false,"oneway_source":"default","bridge":false,"tunnel":false,"layer":0,"layer_source":"default_ground","access":"","surface":"","service":"","topology_source":"LBS-Master_roads_gcj_clip","impedance_synthetic":true,"routable":true,"fallback_clip":true},"geometry":{"type":"LineString","coordinates":[[121.891116,30.862316],[121.890946,30.862467],[121.889111,30.864058],[121.888672,30.864436],[121.888625,30.864477]]}},{"type":"Feature","properties":{"osm_id":376549863,"name":"","ref":"","highway":"tertiary","road_grade":"R4","maxspeed_raw":null,"speed_base_kmh":32,"speed_pm_kmh":24,"speed_pm_rain_kmh":21,"speed_source":"synthetic_grade_default","lanes":2,"lanes_source":"Synthetic_by_grade","oneway":false,"oneway_source":"default","bridge":false,"tunnel":false,"layer":0,"layer_source":"default_ground","access":"","surface":"","service":"","topology_source":"LBS-Master_roads_gcj_clip","impedance_synthetic":true,"routable":true,"fallback_clip":true},"geometry":{"type":"LineString","coordinates":[[121.892464,30.855867],[121.892289,30.85601],[121.892148,30.856131],[121.89168,30.856544],[121.891049,30.857099],[121.890917,30.857213]]}},{"type":"Feature","properties":{"osm_id":376552368,"name":"","ref":"","highway":"secondary","road_grade":"R3","maxspeed_raw":null,"speed_base_kmh":42,"speed_pm_kmh":27,"speed_pm_rain_kmh":24,"speed_source":"synthetic_grade_default","lanes":3,"lanes_source":"Synthetic_by_grade","oneway":false,"oneway_source":"default","bridge":false,"tunnel":false,"layer":0,"layer_source":"default_ground","access":"","surface":"","service":"","topology_source":"LBS-Master_roads_gcj_clip","impedance_synthetic":true,"routable":true,"fallback_clip":true},"geometry":{"type":"LineString","coordinates":[[121.880652,30.858343],[121.881101,30.857948]]}},{"type":"Feature","properties":{"osm_id":376552369,"name":"","ref":"","highway":"secondary","road_grade":"R3","maxspeed_raw":null,"speed_base_kmh":42,"speed_pm_kmh":27,"speed_pm_rain_kmh":24,"speed_source":"synthetic_grade_default","lanes":3,"lanes_source":"Synthetic_by_grade","oneway":false,"oneway_source":"default","bridge":false,"tunnel":false,"layer":0,"layer_source":"default_ground","access":"","surface":"","service":"","topology_source":"LBS-Master_roads_gcj_clip","impedance_synthetic":true,"routable":true,"fallback_clip":true},"geometry":{"type":"LineString","coordinates":[[121.887958,30.852162],[121.887778,30.852386],[121.884572,30.855174],[121.884328,30.855362],[121.883865,30.855773],[121.883684,30.855938],[121.883514,30.856094],[121.881755,30.857632],[121.881608,30.85778],[121.881257,30.858079]]}},{"type":"Feature","properties":{"osm_id":376552370,"name":"","ref":"","highway":"secondary","road_grade":"R3","maxspeed_raw":null,"speed_base_kmh":42,"speed_pm_kmh":27,"speed_pm_rain_kmh":24,"speed_source":"synthetic_grade_default","lanes":3,"lanes_source":"Synthetic_by_grade","oneway":false,"oneway_source":"default","bridge":false,"tunnel":false,"layer":0,"layer_source":"default_ground","access":"","surface":"","service":"","topology_source":"LBS-Master_roads_gcj_clip","impedance_synthetic":true,"routable":true,"fallback_clip":true},"geometry":{"type":"LineString","coordinates":[[121.881101,30.857948],[121.88115,30.857904],[121.881415,30.857695],[121.882679,30.85659],[121.882901,30.856421],[121.883386,30.855997],[121.883563,30.855834],[121.883737,30.855674],[121.88769,30.85222],[121.887958,30.852162]]}},{"type":"Feature","properties":{"osm_id":376552371,"name":"","ref":"","highway":"secondary","road_grade":"R3","maxspeed_raw":null,"speed_base_kmh":42,"speed_pm_kmh":27,"speed_pm_rain_kmh":24,"speed_source":"synthetic_grade_default","lanes":3,"lanes_source":"Synthetic_by_grade","oneway":false,"oneway_source":"default","bridge":false,"tunnel":false,"layer":0,"layer_source":"default_ground","access":"","surface":"","service":"","topology_source":"LBS-Master_roads_gcj_clip","impedance_synthetic":true,"routable":true,"fallback_clip":true},"geometry":{"type":"LineString","coordinates":[[121.880801,30.858469],[121.880598,30.858642],[121.880446,30.858779],[121.880318,30.858894],[121.880159,30.859037],[121.879682,30.859456],[121.879436,30.859643],[121.877674,30.861186],[121.877396,30.861403],[121.876954,30.861786],[121.876803,30.861933],[121.876635,30.862097],[121.875205,30.863341],[121.874967,30.863537],[121.874542,30.863901],[121.874372,30.86406],[121.874191,30.864229],[121.873232,30.865066],[121.872973,30.865272],[121.872427,30.86574],[121.872275,30.865886],[121.872111,30.866044],[121.87157,30.866513],[121.871428,30.866619],[121.870628,30.867311],[121.870426,30.867385]]}},{"type":"Feature","properties":{"osm_id":376552372,"name":"","ref":"","highway":"secondary","road_grade":"R3","maxspeed_raw":null,"speed_base_kmh":42,"speed_pm_kmh":27,"speed_pm_rain_kmh":24,"speed_source":"synthetic_grade_default","lanes":3,"lanes_source":"Synthetic_by_grade","oneway":false,"oneway_source":"default","bridge":false,"tunnel":false,"layer":0,"layer_source":"default_ground","access":"","surface":"","service":"","topology_source":"LBS-Master_roads_gcj_clip","impedance_synthetic":true,"routable":true,"fallback_clip":true},"geometry":{"type":"LineString","coordinates":[[121.870426,30.867385],[121.870499,30.867215],[121.871203,30.866603],[121.871452,30.866409],[121.871993,30.865939],[121.872153,30.865786],[121.872309,30.865639],[121.873342,30.864744],[121.873572,30.864559],[121.874076,30.864123],[121.87425,30.863955],[121.874416,30.863796],[121.875821,30.862559],[121.876067,30.862379],[121.876511,30.861989],[121.876681,30.861827],[121.876831,30.861685],[121.879265,30.859563],[121.879495,30.85939],[121.880028,30.858922],[121.880175,30.858781],[121.880303,30.85866],[121.880453,30.858517],[121.880652,30.858343]]}},{"type":"Feature","properties":{"osm_id":376552375,"name":"","ref":"","highway":"secondary","road_grade":"R3","maxspeed_raw":null,"speed_base_kmh":42,"speed_pm_kmh":27,"speed_pm_rain_kmh":24,"speed_source":"synthetic_grade_default","lanes":3,"lanes_source":"Synthetic_by_grade","oneway":false,"oneway_source":"default","bridge":false,"tunnel":false,"layer":0,"layer_source":"default_ground","access":"","surface":"","service":"","topology_source":"LBS-Master_roads_gcj_clip","impedance_synthetic":true,"routable":true,"fallback_clip":true},"geometry":{"type":"LineString","coordinates":[[121.881257,30.858079],[121.880801,30.858469]]}},{"type":"Feature","properties":{"osm_id":376552503,"name":"同顺大道","ref":"","highway":"secondary","road_grade":"R3","maxspeed_raw":null,"speed_base_kmh":42,"speed_pm_kmh":27,"speed_pm_rain_kmh":24,"speed_source":"synthetic_grade_default","lanes":3,"lanes_source":"Synthetic_by_grade","oneway":false,"oneway_source":"default","bridge":false,"tunnel":false,"layer":0,"layer_source":"default_ground","access":"","surface":"","service":"","topology_source":"LBS-Master_roads_gcj_clip","impedance_synthetic":true,"routable":true,"fallback_clip":true},"geometry":{"type":"LineString","coordinates":[[121.888083,30.864654],[121.888462,30.864323]]}},{"type":"Feature","properties":{"osm_id":376552504,"name":"同顺大道","ref":"","highway":"secondary","road_grade":"R3","maxspeed_raw":null,"speed_base_kmh":42,"speed_pm_kmh":27,"speed_pm_rain_kmh":24,"speed_source":"synthetic_grade_default","lanes":3,"lanes_source":"Synthetic_by_grade","oneway":false,"oneway_source":"default","bridge":false,"tunnel":false,"layer":0,"layer_source":"default_ground","access":"","surface":"","service":"","topology_source":"LBS-Master_roads_gcj_clip","impedance_synthetic":true,"routable":true,"fallback_clip":true},"geometry":{"type":"LineString","coordinates":[[121.888462,30.864323],[121.890769,30.862311],[121.890943,30.862162],[121.891133,30.861999],[121.893601,30.859849],[121.893787,30.859686],[121.893968,30.859528],[121.894065,30.859436],[121.894973,30.858632],[121.895161,30.858472],[121.895342,30.858329]]}},{"type":"Feature","properties":{"osm_id":376552505,"name":"同顺大道","ref":"","highway":"secondary","road_grade":"R3","maxspeed_raw":null,"speed_base_kmh":42,"speed_pm_kmh":27,"speed_pm_rain_kmh":24,"speed_source":"synthetic_grade_default","lanes":3,"lanes_source":"Synthetic_by_grade","oneway":false,"oneway_source":"default","bridge":false,"tunnel":false,"layer":0,"layer_source":"default_ground","access":"","surface":"","service":"","topology_source":"LBS-Master_roads_gcj_clip","impedance_synthetic":true,"routable":true,"fallback_clip":true},"geometry":{"type":"LineString","coordinates":[[121.877396,30.874304],[121.877177,30.874501],[121.876478,30.875108],[121.87617,30.875355],[121.875798,30.875679],[121.87521,30.876192],[121.874646,30.876684],[121.873298,30.87786],[121.873123,30.878013],[121.873061,30.878067]]}},{"type":"Feature","properties":{"osm_id":376552506,"name":"同顺大道","ref":"","highway":"secondary","road_grade":"R3","maxspeed_raw":null,"speed_base_kmh":42,"speed_pm_kmh":27,"speed_pm_rain_kmh":24,"speed_source":"synthetic_grade_default","lanes":3,"lanes_source":"Synthetic_by_grade","oneway":false,"oneway_source":"default","bridge":false,"tunnel":false,"layer":0,"layer_source":"default_ground","access":"","surface":"","service":"","topology_source":"LBS-Master_roads_gcj_clip","impedance_synthetic":true,"routable":true,"fallback_clip":true},"geometry":{"type":"LineString","coordinates":[[121.888625,30.864477],[121.888253,30.864799]]}},{"type":"Feature","properties":{"osm_id":376552568,"name":"","ref":"","highway":"tertiary","road_grade":"R4","maxspeed_raw":null,"speed_base_kmh":32,"speed_pm_kmh":24,"speed_pm_rain_kmh":21,"speed_source":"synthetic_grade_default","lanes":2,"lanes_source":"Synthetic_by_grade","oneway":false,"oneway_source":"default","bridge":false,"tunnel":false,"layer":0,"layer_source":"default_ground","access":"","surface":"","service":"","topology_source":"LBS-Master_roads_gcj_clip","impedance_synthetic":true,"routable":true,"fallback_clip":true},"geometry":{"type":"LineString","coordinates":[[121.892152,30.866846],[121.894113,30.865138],[121.894265,30.865003],[121.894397,30.864886],[121.896961,30.862658],[121.89711,30.862527],[121.897267,30.862388],[121.897751,30.861968]]}},{"type":"Feature","properties":{"osm_id":376552665,"name":"","ref":"","highway":"tertiary","road_grade":"R4","maxspeed_raw":null,"speed_base_kmh":32,"speed_pm_kmh":24,"speed_pm_rain_kmh":21,"speed_source":"synthetic_grade_default","lanes":2,"lanes_source":"Synthetic_by_grade","oneway":false,"oneway_source":"default","bridge":false,"tunnel":false,"layer":0,"layer_source":"default_ground","access":"","surface":"","service":"","topology_source":"LBS-Master_roads_gcj_clip","impedance_synthetic":true,"routable":true,"fallback_clip":true},"geometry":{"type":"LineString","coordinates":[[121.891116,30.862316],[121.890943,30.862162],[121.890793,30.862036],[121.889657,30.861058],[121.888213,30.859813],[121.888068,30.85969],[121.887926,30.859571],[121.885606,30.857583],[121.885476,30.857473],[121.885352,30.857368],[121.884628,30.856748],[121.883822,30.856059],[121.883684,30.855938],[121.883563,30.855834]]}},{"type":"Feature","properties":{"osm_id":376561234,"name":"同顺大道","ref":"","highway":"secondary","road_grade":"R3","maxspeed_raw":null,"speed_base_kmh":42,"speed_pm_kmh":27,"speed_pm_rain_kmh":24,"speed_source":"synthetic_grade_default","lanes":3,"lanes_source":"Synthetic_by_grade","oneway":false,"oneway_source":"default","bridge":false,"tunnel":false,"layer":0,"layer_source":"default_ground","access":"","surface":"","service":"","topology_source":"LBS-Master_roads_gcj_clip","impedance_synthetic":true,"routable":true,"fallback_clip":true},"geometry":{"type":"LineString","coordinates":[[121.863754,30.885839],[121.863881,30.885736],[121.86407,30.885584],[121.864288,30.885408],[121.868209,30.881982],[121.868395,30.881823],[121.868593,30.881654],[121.87158,30.879045],[121.871809,30.878847]]}},{"type":"Feature","properties":{"osm_id":376561236,"name":"同顺大道","ref":"","highway":"secondary","road_grade":"R3","maxspeed_raw":null,"speed_base_kmh":42,"speed_pm_kmh":27,"speed_pm_rain_kmh":24,"speed_source":"synthetic_grade_default","lanes":3,"lanes_source":"Synthetic_by_grade","oneway":false,"oneway_source":"default","bridge":false,"tunnel":false,"layer":0,"layer_source":"default_ground","access":"","surface":"","service":"","topology_source":"LBS-Master_roads_gcj_clip","impedance_synthetic":true,"routable":true,"fallback_clip":true},"geometry":{"type":"LineString","coordinates":[[121.863578,30.886293],[121.863268,30.886534],[121.862869,30.886811],[121.862691,30.886931],[121.862403,30.887113],[121.862081,30.887304],[121.861844,30.887432],[121.861405,30.887644],[121.860875,30.887871],[121.860513,30.887979],[121.85965,30.888297],[121.859424,30.888377]]}},{"type":"Feature","properties":{"osm_id":376561238,"name":"","ref":"","highway":"trunk_link","road_grade":"R1","maxspeed_raw":null,"speed_base_kmh":78,"speed_pm_kmh":56,"speed_pm_rain_kmh":49,"speed_source":"synthetic_grade_default","lanes":4,"lanes_source":"Synthetic_by_grade","oneway":false,"oneway_source":"default","bridge":false,"tunnel":false,"layer":0,"layer_source":"default_ground","access":"","surface":"","service":"","topology_source":"LBS-Master_roads_gcj_clip","impedance_synthetic":true,"routable":true,"fallback_clip":true},"geometry":{"type":"LineString","coordinates":[[121.862691,30.886931],[121.862881,30.887084],[121.86312,30.8873],[121.863147,30.887369]]}},{"type":"Feature","properties":{"osm_id":376561240,"name":"","ref":"","highway":"secondary_link","road_grade":"R3","maxspeed_raw":null,"speed_base_kmh":42,"speed_pm_kmh":27,"speed_pm_rain_kmh":24,"speed_source":"synthetic_grade_default","lanes":3,"lanes_source":"Synthetic_by_grade","oneway":false,"oneway_source":"default","bridge":false,"tunnel":false,"layer":0,"layer_source":"default_ground","access":"","surface":"","service":"","topology_source":"LBS-Master_roads_gcj_clip","impedance_synthetic":true,"routable":true,"fallback_clip":true},"geometry":{"type":"LineString","coordinates":[[121.88477,30.880009],[121.884995,30.879837],[121.885126,30.879706],[121.885287,30.879494],[121.88541,30.879298],[121.886098,30.878054],[121.886245,30.87788]]}},{"type":"Feature","properties":{"osm_id":376561241,"name":"同顺大道","ref":"","highway":"secondary","road_grade":"R3","maxspeed_raw":null,"speed_base_kmh":42,"speed_pm_kmh":27,"speed_pm_rain_kmh":24,"speed_source":"synthetic_grade_default","lanes":3,"lanes_source":"Synthetic_by_grade","oneway":false,"oneway_source":"default","bridge":false,"tunnel":false,"layer":0,"layer_source":"default_ground","access":"","surface":"","service":"","topology_source":"LBS-Master_roads_gcj_clip","impedance_synthetic":true,"routable":true,"fallback_clip":true},"geometry":{"type":"LineString","coordinates":[[121.863974,30.885975],[121.863578,30.886293]]}},{"type":"Feature","properties":{"osm_id":376561243,"name":"","ref":"","highway":"trunk_link","road_grade":"R1","maxspeed_raw":null,"speed_base_kmh":78,"speed_pm_kmh":56,"speed_pm_rain_kmh":49,"speed_source":"synthetic_grade_default","lanes":4,"lanes_source":"Synthetic_by_grade","oneway":false,"oneway_source":"default","bridge":false,"tunnel":false,"layer":0,"layer_source":"default_ground","access":"","surface":"","service":"","topology_source":"LBS-Master_roads_gcj_clip","impedance_synthetic":true,"routable":true,"fallback_clip":true},"geometry":{"type":"LineString","coordinates":[[121.861057,30.885687],[121.861314,30.885899],[121.861607,30.886121],[121.862061,30.88651]]}},{"type":"Feature","properties":{"osm_id":376561246,"name":"","ref":"","highway":"secondary_link","road_grade":"R3","maxspeed_raw":null,"speed_base_kmh":42,"speed_pm_kmh":27,"speed_pm_rain_kmh":24,"speed_source":"synthetic_grade_default","lanes":3,"lanes_source":"Synthetic_by_grade","oneway":false,"oneway_source":"default","bridge":false,"tunnel":false,"layer":0,"layer_source":"default_ground","access":"","surface":"","service":"","topology_source":"LBS-Master_roads_gcj_clip","impedance_synthetic":true,"routable":true,"fallback_clip":true},"geometry":{"type":"LineString","coordinates":[[121.882486,30.878167],[121.882565,30.878179],[121.882683,30.878241],[121.882909,30.878388],[121.882994,30.878478],[121.88309,30.878575],[121.88477,30.880009]]}},{"type":"Feature","properties":{"osm_id":376561247,"name":"","ref":"","highway":"trunk_link","road_grade":"R1","maxspeed_raw":null,"speed_base_kmh":78,"speed_pm_kmh":56,"speed_pm_rain_kmh":49,"speed_source":"synthetic_grade_default","lanes":4,"lanes_source":"Synthetic_by_grade","oneway":false,"oneway_source":"default","bridge":false,"tunnel":false,"layer":0,"layer_source":"default_ground","access":"","surface":"","service":"","topology_source":"LBS-Master_roads_gcj_clip","impedance_synthetic":true,"routable":true,"fallback_clip":true},"geometry":{"type":"LineString","coordinates":[[121.860685,30.885964],[121.859095,30.884539],[121.85828,30.883696]]}},{"type":"Feature","properties":{"osm_id":376561249,"name":"","ref":"","highway":"trunk_link","road_grade":"R1","maxspeed_raw":null,"speed_base_kmh":78,"speed_pm_kmh":56,"speed_pm_rain_kmh":49,"speed_source":"synthetic_grade_default","lanes":4,"lanes_source":"Synthetic_by_grade","oneway":false,"oneway_source":"default","bridge":false,"tunnel":false,"layer":0,"layer_source":"default_ground","access":"","surface":"","service":"","topology_source":"LBS-Master_roads_gcj_clip","impedance_synthetic":true,"routable":true,"fallback_clip":true},"geometry":{"type":"LineString","coordinates":[[121.862081,30.887304],[121.861931,30.88711],[121.861847,30.886997],[121.861674,30.886781],[121.860685,30.885964]]}},{"type":"Feature","properties":{"osm_id":376561250,"name":"","ref":"","highway":"trunk_link","road_grade":"R1","maxspeed_raw":null,"speed_base_kmh":78,"speed_pm_kmh":56,"speed_pm_rain_kmh":49,"speed_source":"synthetic_grade_default","lanes":4,"lanes_source":"Synthetic_by_grade","oneway":false,"oneway_source":"default","bridge":false,"tunnel":false,"layer":0,"layer_source":"default_ground","access":"","surface":"","service":"","topology_source":"LBS-Master_roads_gcj_clip","impedance_synthetic":true,"routable":true,"fallback_clip":true},"geometry":{"type":"LineString","coordinates":[[121.862061,30.88651],[121.862155,30.886556],[121.862342,30.88668],[121.862486,30.886781],[121.862691,30.886931]]}},{"type":"Feature","properties":{"osm_id":376561255,"name":"同顺大道","ref":"","highway":"secondary","road_grade":"R3","maxspeed_raw":null,"speed_base_kmh":42,"speed_pm_kmh":27,"speed_pm_rain_kmh":24,"speed_source":"synthetic_grade_default","lanes":3,"lanes_source":"Synthetic_by_grade","oneway":false,"oneway_source":"default","bridge":false,"tunnel":false,"layer":0,"layer_source":"default_ground","access":"","surface":"","service":"","topology_source":"LBS-Master_roads_gcj_clip","impedance_synthetic":true,"routable":true,"fallback_clip":true},"geometry":{"type":"LineString","coordinates":[[121.863367,30.886163],[121.863754,30.885839]]}},{"type":"Feature","properties":{"osm_id":376561256,"name":"","ref":"","highway":"trunk_link","road_grade":"R1","maxspeed_raw":null,"speed_base_kmh":78,"speed_pm_kmh":56,"speed_pm_rain_kmh":49,"speed_source":"synthetic_grade_default","lanes":4,"lanes_source":"Synthetic_by_grade","oneway":false,"oneway_source":"default","bridge":false,"tunnel":false,"layer":0,"layer_source":"default_ground","access":"","surface":"","service":"","topology_source":"LBS-Master_roads_gcj_clip","impedance_synthetic":true,"routable":true,"fallback_clip":true},"geometry":{"type":"LineString","coordinates":[[121.859582,30.884594],[121.859908,30.884737],[121.861057,30.885687]]}},{"type":"Feature","properties":{"osm_id":376561259,"name":"","ref":"","highway":"secondary_link","road_grade":"R3","maxspeed_raw":null,"speed_base_kmh":42,"speed_pm_kmh":27,"speed_pm_rain_kmh":24,"speed_source":"synthetic_grade_default","lanes":3,"lanes_source":"Synthetic_by_grade","oneway":false,"oneway_source":"default","bridge":false,"tunnel":false,"layer":0,"layer_source":"default_ground","access":"","surface":"","service":"","topology_source":"LBS-Master_roads_gcj_clip","impedance_synthetic":true,"routable":true,"fallback_clip":true},"geometry":{"type":"LineString","coordinates":[[121.88477,30.880009],[121.884379,30.880342],[121.884324,30.880353],[121.884266,30.880345],[121.882998,30.879254],[121.882721,30.879015],[121.882616,30.878925],[121.882445,30.87875],[121.882193,30.878506],[121.882193,30.878395]]}},{"type":"Feature","properties":{"osm_id":376561260,"name":"","ref":"","highway":"trunk_link","road_grade":"R1","maxspeed_raw":null,"speed_base_kmh":78,"speed_pm_kmh":56,"speed_pm_rain_kmh":49,"speed_source":"synthetic_grade_default","lanes":4,"lanes_source":"Synthetic_by_grade","oneway":false,"oneway_source":"default","bridge":false,"tunnel":false,"layer":0,"layer_source":"default_ground","access":"","surface":"","service":"","topology_source":"LBS-Master_roads_gcj_clip","impedance_synthetic":true,"routable":true,"fallback_clip":true},"geometry":{"type":"LineString","coordinates":[[121.862662,30.887778],[121.86257,30.887742],[121.862214,30.88742],[121.862081,30.887304]]}},{"type":"Feature","properties":{"osm_id":376562970,"name":"","ref":"","highway":"tertiary","road_grade":"R4","maxspeed_raw":null,"speed_base_kmh":32,"speed_pm_kmh":24,"speed_pm_rain_kmh":21,"speed_source":"synthetic_grade_default","lanes":2,"lanes_source":"Synthetic_by_grade","oneway":false,"oneway_source":"default","bridge":false,"tunnel":false,"layer":0,"layer_source":"default_ground","access":"","surface":"","service":"","topology_source":"LBS-Master_roads_gcj_clip","impedance_synthetic":true,"routable":true,"fallback_clip":true},"geometry":{"type":"LineString","coordinates":[[121.860977,30.883311],[121.860641,30.883624]]}},{"type":"Feature","properties":{"osm_id":376564336,"name":"同顺大道","ref":"","highway":"secondary","road_grade":"R3","maxspeed_raw":null,"speed_base_kmh":42,"speed_pm_kmh":27,"speed_pm_rain_kmh":24,"speed_source":"synthetic_grade_default","lanes":3,"lanes_source":"Synthetic_by_grade","oneway":false,"oneway_source":"default","bridge":false,"tunnel":false,"layer":0,"layer_source":"default_ground","access":"","surface":"","service":"","topology_source":"LBS-Master_roads_gcj_clip","impedance_synthetic":true,"routable":true,"fallback_clip":true},"geometry":{"type":"LineString","coordinates":[[121.872538,30.878209],[121.872908,30.877891]]}},{"type":"Feature","properties":{"osm_id":376564339,"name":"","ref":"","highway":"trunk_link","road_grade":"R1","maxspeed_raw":null,"speed_base_kmh":78,"speed_pm_kmh":56,"speed_pm_rain_kmh":49,"speed_source":"synthetic_grade_default","lanes":4,"lanes_source":"Synthetic_by_grade","oneway":false,"oneway_source":"default","bridge":false,"tunnel":false,"layer":0,"layer_source":"default_ground","access":"","surface":"","service":"","topology_source":"LBS-Master_roads_gcj_clip","impedance_synthetic":true,"routable":true,"fallback_clip":true},"geometry":{"type":"LineString","coordinates":[[121.862061,30.88651],[121.862064,30.886568],[121.86209,30.886633],[121.862096,30.886697],[121.862061,30.886765],[121.862,30.886816],[121.861908,30.886841],[121.861817,30.886832],[121.861732,30.886792],[121.861674,30.886781]]}},{"type":"Feature","properties":{"osm_id":376564340,"name":"同顺大道","ref":"","highway":"secondary","road_grade":"R3","maxspeed_raw":null,"speed_base_kmh":42,"speed_pm_kmh":27,"speed_pm_rain_kmh":24,"speed_source":"synthetic_grade_default","lanes":3,"lanes_source":"Synthetic_by_grade","oneway":false,"oneway_source":"default","bridge":false,"tunnel":false,"layer":0,"layer_source":"default_ground","access":"","surface":"","service":"","topology_source":"LBS-Master_roads_gcj_clip","impedance_synthetic":true,"routable":true,"fallback_clip":true},"geometry":{"type":"LineString","coordinates":[[121.87174,30.879236],[121.87107,30.879797],[121.868763,30.881809],[121.868584,30.881969],[121.868399,30.882134],[121.864472,30.885551],[121.864286,30.885711],[121.864071,30.885897],[121.863974,30.885975]]}},{"type":"Feature","properties":{"osm_id":376564341,"name":"同顺大道","ref":"","highway":"secondary","road_grade":"R3","maxspeed_raw":null,"speed_base_kmh":42,"speed_pm_kmh":27,"speed_pm_rain_kmh":24,"speed_source":"synthetic_grade_default","lanes":3,"lanes_source":"Synthetic_by_grade","oneway":false,"oneway_source":"default","bridge":false,"tunnel":false,"layer":0,"layer_source":"default_ground","access":"","surface":"","service":"","topology_source":"LBS-Master_roads_gcj_clip","impedance_synthetic":true,"routable":true,"fallback_clip":true},"geometry":{"type":"LineString","coordinates":[[121.879057,30.872284],[121.879371,30.871972],[121.87961,30.871693],[121.88139,30.870144],[121.881568,30.870249],[121.881726,30.870175],[121.881885,30.870051],[121.883864,30.868328],[121.884052,30.868168],[121.884192,30.868049],[121.886272,30.866235],[121.887404,30.865248],[121.887582,30.865092]]}},{"type":"Feature","properties":{"osm_id":376564342,"name":"","ref":"","highway":"tertiary","road_grade":"R4","maxspeed_raw":null,"speed_base_kmh":32,"speed_pm_kmh":24,"speed_pm_rain_kmh":21,"speed_source":"synthetic_grade_default","lanes":2,"lanes_source":"Synthetic_by_grade","oneway":false,"oneway_source":"default","bridge":false,"tunnel":false,"layer":0,"layer_source":"default_ground","access":"","surface":"","service":"","topology_source":"LBS-Master_roads_gcj_clip","impedance_synthetic":true,"routable":true,"fallback_clip":true},"geometry":{"type":"LineString","coordinates":[[121.860977,30.883311],[121.861116,30.883108],[121.865485,30.879307],[121.868141,30.876994],[121.868388,30.876795],[121.869006,30.876262],[121.869245,30.87605],[121.869393,30.87591]]}},{"type":"Feature","properties":{"osm_id":376564343,"name":"同顺大道","ref":"","highway":"secondary","road_grade":"R3","maxspeed_raw":null,"speed_base_kmh":42,"speed_pm_kmh":27,"speed_pm_rain_kmh":24,"speed_source":"synthetic_grade_default","lanes":3,"lanes_source":"Synthetic_by_grade","oneway":false,"oneway_source":"default","bridge":false,"tunnel":false,"layer":0,"layer_source":"default_ground","access":"","surface":"","service":"","topology_source":"LBS-Master_roads_gcj_clip","impedance_synthetic":true,"routable":true,"fallback_clip":true},"geometry":{"type":"LineString","coordinates":[[121.873061,30.878067],[121.872685,30.878395]]}},{"type":"Feature","properties":{"osm_id":376564806,"name":"","ref":"","highway":"tertiary","road_grade":"R4","maxspeed_raw":null,"speed_base_kmh":32,"speed_pm_kmh":24,"speed_pm_rain_kmh":21,"speed_source":"synthetic_grade_default","lanes":2,"lanes_source":"Synthetic_by_grade","oneway":false,"oneway_source":"default","bridge":false,"tunnel":false,"layer":0,"layer_source":"default_ground","access":"","surface":"","service":"","topology_source":"LBS-Master_roads_gcj_clip","impedance_synthetic":true,"routable":true,"fallback_clip":true},"geometry":{"type":"LineString","coordinates":[[121.863056,30.896061],[121.862922,30.895935],[121.862429,30.894917],[121.86188,30.893779],[121.86036,30.890633],[121.859765,30.889402],[121.85961,30.889075],[121.859393,30.888629],[121.859298,30.888422],[121.859201,30.888225]]}},{"type":"Feature","properties":{"osm_id":376564807,"name":"","ref":"","highway":"tertiary","road_grade":"R4","maxspeed_raw":null,"speed_base_kmh":32,"speed_pm_kmh":24,"speed_pm_rain_kmh":21,"speed_source":"synthetic_grade_default","lanes":2,"lanes_source":"Synthetic_by_grade","oneway":false,"oneway_source":"default","bridge":false,"tunnel":false,"layer":0,"layer_source":"default_ground","access":"","surface":"","service":"","topology_source":"LBS-Master_roads_gcj_clip","impedance_synthetic":true,"routable":true,"fallback_clip":true},"geometry":{"type":"LineString","coordinates":[[121.859424,30.888377],[121.859519,30.888582],[121.860488,30.890587],[121.861237,30.892114],[121.861917,30.893542],[121.862009,30.893732],[121.862559,30.89487],[121.863052,30.895886],[121.863056,30.896061]]}},{"type":"Feature","properties":{"osm_id":376565444,"name":"同顺大道","ref":"","highway":"secondary","road_grade":"R3","maxspeed_raw":null,"speed_base_kmh":42,"speed_pm_kmh":27,"speed_pm_rain_kmh":24,"speed_source":"synthetic_grade_default","lanes":3,"lanes_source":"Synthetic_by_grade","oneway":false,"oneway_source":"default","bridge":false,"tunnel":false,"layer":0,"layer_source":"default_ground","access":"","surface":"","service":"","topology_source":"LBS-Master_roads_gcj_clip","impedance_synthetic":true,"routable":true,"fallback_clip":true},"geometry":{"type":"LineString","coordinates":[[121.859201,30.888225],[121.859333,30.888176],[121.859553,30.888094],[121.860252,30.88784],[121.860586,30.887729],[121.860933,30.887594],[121.861301,30.887435],[121.861678,30.88725],[121.861931,30.88711],[121.86222,30.886949],[121.862486,30.886781],[121.862695,30.886643],[121.863188,30.886297],[121.863367,30.886163]]}},{"type":"Feature","properties":{"osm_id":376567292,"name":"","ref":"","highway":"secondary","road_grade":"R3","maxspeed_raw":null,"speed_base_kmh":42,"speed_pm_kmh":27,"speed_pm_rain_kmh":24,"speed_source":"synthetic_grade_default","lanes":3,"lanes_source":"Synthetic_by_grade","oneway":false,"oneway_source":"default","bridge":false,"tunnel":false,"layer":0,"layer_source":"default_ground","access":"","surface":"","service":"","topology_source":"LBS-Master_roads_gcj_clip","impedance_synthetic":true,"routable":true,"fallback_clip":true},"geometry":{"type":"LineString","coordinates":[[121.87437,30.871691],[121.874637,30.871459]]}},{"type":"Feature","properties":{"osm_id":376568365,"name":"","ref":"","highway":"tertiary","road_grade":"R4","maxspeed_raw":null,"speed_base_kmh":32,"speed_pm_kmh":24,"speed_pm_rain_kmh":21,"speed_source":"synthetic_grade_default","lanes":2,"lanes_source":"Synthetic_by_grade","oneway":false,"oneway_source":"default","bridge":false,"tunnel":false,"layer":0,"layer_source":"default_ground","access":"","surface":"","service":"","topology_source":"LBS-Master_roads_gcj_clip","impedance_synthetic":true,"routable":true,"fallback_clip":true},"geometry":{"type":"LineString","coordinates":[[121.885566,30.861878],[121.88521,30.862188]]}},{"type":"Feature","properties":{"osm_id":376568366,"name":"","ref":"","highway":"tertiary","road_grade":"R4","maxspeed_raw":null,"speed_base_kmh":32,"speed_pm_kmh":24,"speed_pm_rain_kmh":21,"speed_source":"synthetic_grade_default","lanes":2,"lanes_source":"Synthetic_by_grade","oneway":false,"oneway_source":"default","bridge":false,"tunnel":false,"layer":0,"layer_source":"default_ground","access":"","surface":"","service":"","topology_source":"LBS-Master_roads_gcj_clip","impedance_synthetic":true,"routable":true,"fallback_clip":true},"geometry":{"type":"LineString","coordinates":[[121.884699,30.862639],[121.884573,30.862751],[121.883368,30.863798],[121.881187,30.865693],[121.881046,30.865815],[121.879933,30.866789],[121.878909,30.867686],[121.878758,30.867821],[121.878609,30.867953],[121.876802,30.86952],[121.876656,30.869648]]}},{"type":"Feature","properties":{"osm_id":376577467,"name":"","ref":"","highway":"motorway_link","road_grade":"R1","maxspeed_raw":null,"speed_base_kmh":78,"speed_pm_kmh":56,"speed_pm_rain_kmh":49,"speed_source":"synthetic_grade_default","lanes":4,"lanes_source":"Synthetic_by_grade","oneway":false,"oneway_source":"default","bridge":false,"tunnel":false,"layer":0,"layer_source":"default_ground","access":"","surface":"","service":"","topology_source":"LBS-Master_roads_gcj_clip","impedance_synthetic":true,"routable":true,"fallback_clip":true},"geometry":{"type":"LineString","coordinates":[[121.886806,30.881676],[121.886996,30.88178],[121.887136,30.881898],[121.887259,30.882041],[121.887599,30.882394],[121.88784,30.882641]]}},{"type":"Feature","properties":{"osm_id":376577472,"name":"","ref":"","highway":"motorway_link","road_grade":"R1","maxspeed_raw":null,"speed_base_kmh":78,"speed_pm_kmh":56,"speed_pm_rain_kmh":49,"speed_source":"synthetic_grade_default","lanes":4,"lanes_source":"Synthetic_by_grade","oneway":false,"oneway_source":"default","bridge":false,"tunnel":false,"layer":0,"layer_source":"default_ground","access":"","surface":"","service":"","topology_source":"LBS-Master_roads_gcj_clip","impedance_synthetic":true,"routable":true,"fallback_clip":true},"geometry":{"type":"LineString","coordinates":[[121.88784,30.882641],[121.88866,30.883326],[121.889025,30.883695],[121.889102,30.883828]]}},{"type":"Feature","properties":{"osm_id":386821254,"name":"橄榄路","ref":"","highway":"secondary","road_grade":"R3","maxspeed_raw":null,"speed_base_kmh":42,"speed_pm_kmh":27,"speed_pm_rain_kmh":24,"speed_source":"synthetic_grade_default","lanes":3,"lanes_source":"Synthetic_by_grade","oneway":false,"oneway_source":"default","bridge":false,"tunnel":false,"layer":0,"layer_source":"default_ground","access":"","surface":"","service":"","topology_source":"LBS-Master_roads_gcj_clip","impedance_synthetic":true,"routable":true,"fallback_clip":true},"geometry":{"type":"LineString","coordinates":[[121.899721,30.88979],[121.899338,30.889738],[121.899071,30.889688],[121.898696,30.88962],[121.898369,30.88955],[121.897461,30.889328],[121.896859,30.889149],[121.896203,30.888933],[121.895678,30.88873],[121.895467,30.888642],[121.895341,30.888587],[121.894723,30.888328],[121.894088,30.888018],[121.893378,30.887625],[121.892866,30.887311],[121.892353,30.886983],[121.89207,30.886786],[121.891606,30.886429]]}},{"type":"Feature","properties":{"osm_id":386821255,"name":"橄榄路","ref":"","highway":"secondary","road_grade":"R3","maxspeed_raw":null,"speed_base_kmh":42,"speed_pm_kmh":27,"speed_pm_rain_kmh":24,"speed_source":"synthetic_grade_default","lanes":3,"lanes_source":"Synthetic_by_grade","oneway":false,"oneway_source":"default","bridge":false,"tunnel":false,"layer":0,"layer_source":"default_ground","access":"","surface":"","service":"","topology_source":"LBS-Master_roads_gcj_clip","impedance_synthetic":true,"routable":true,"fallback_clip":true},"geometry":{"type":"LineString","coordinates":[[121.910597,30.889862],[121.91031,30.889865]]}},{"type":"Feature","properties":{"osm_id":386821258,"name":"橄榄路","ref":"","highway":"secondary","road_grade":"R3","maxspeed_raw":null,"speed_base_kmh":42,"speed_pm_kmh":27,"speed_pm_rain_kmh":24,"speed_source":"synthetic_grade_default","lanes":3,"lanes_source":"Synthetic_by_grade","oneway":false,"oneway_source":"default","bridge":false,"tunnel":false,"layer":0,"layer_source":"default_ground","access":"","surface":"","service":"","topology_source":"LBS-Master_roads_gcj_clip","impedance_synthetic":true,"routable":true,"fallback_clip":true},"geometry":{"type":"LineString","coordinates":[[121.910297,30.88971],[121.910588,30.88971]]}},{"type":"Feature","properties":{"osm_id":386821260,"name":"橄榄路","ref":"","highway":"secondary","road_grade":"R3","maxspeed_raw":null,"speed_base_kmh":42,"speed_pm_kmh":27,"speed_pm_rain_kmh":24,"speed_source":"synthetic_grade_default","lanes":3,"lanes_source":"Synthetic_by_grade","oneway":false,"oneway_source":"default","bridge":false,"tunnel":false,"layer":0,"layer_source":"default_ground","access":"","surface":"","service":"","topology_source":"LBS-Master_roads_gcj_clip","impedance_synthetic":true,"routable":true,"fallback_clip":true},"geometry":{"type":"LineString","coordinates":[[121.910588,30.88971],[121.913254,30.889704],[121.913686,30.889722],[121.914093,30.889756],[121.914533,30.889824],[121.915036,30.889924],[121.915639,30.890083],[121.916403,30.890304],[121.916734,30.890373],[121.917083,30.89047],[121.917563,30.890603],[121.917803,30.890679]]}},{"type":"Feature","properties":{"osm_id":386821284,"name":"橄榄路","ref":"","highway":"secondary","road_grade":"R3","maxspeed_raw":null,"speed_base_kmh":42,"speed_pm_kmh":27,"speed_pm_rain_kmh":24,"speed_source":"synthetic_grade_default","lanes":3,"lanes_source":"Synthetic_by_grade","oneway":false,"oneway_source":"default","bridge":false,"tunnel":false,"layer":0,"layer_source":"default_ground","access":"","surface":"","service":"","topology_source":"LBS-Master_roads_gcj_clip","impedance_synthetic":true,"routable":true,"fallback_clip":true},"geometry":{"type":"LineString","coordinates":[[121.903238,30.889875],[121.902318,30.88988],[121.901723,30.889883],[121.90111,30.889886]]}},{"type":"Feature","properties":{"osm_id":386821305,"name":"橄榄路","ref":"","highway":"secondary","road_grade":"R3","maxspeed_raw":null,"speed_base_kmh":42,"speed_pm_kmh":27,"speed_pm_rain_kmh":24,"speed_source":"synthetic_grade_default","lanes":3,"lanes_source":"Synthetic_by_grade","oneway":false,"oneway_source":"default","bridge":false,"tunnel":false,"layer":0,"layer_source":"default_ground","access":"","surface":"","service":"","topology_source":"LBS-Master_roads_gcj_clip","impedance_synthetic":true,"routable":true,"fallback_clip":true},"geometry":{"type":"LineString","coordinates":[[121.90083,30.889674],[121.901131,30.889699]]}},{"type":"Feature","properties":{"osm_id":386821313,"name":"橄榄路","ref":"","highway":"secondary","road_grade":"R3","maxspeed_raw":null,"speed_base_kmh":42,"speed_pm_kmh":27,"speed_pm_rain_kmh":24,"speed_source":"synthetic_grade_default","lanes":3,"lanes_source":"Synthetic_by_grade","oneway":false,"oneway_source":"default","bridge":false,"tunnel":false,"layer":0,"layer_source":"default_ground","access":"","surface":"","service":"","topology_source":"LBS-Master_roads_gcj_clip","impedance_synthetic":true,"routable":true,"fallback_clip":true},"geometry":{"type":"LineString","coordinates":[[121.901131,30.889699],[121.901492,30.889718],[121.901726,30.889728],[121.902135,30.889738],[121.906288,30.889713],[121.906651,30.889711]]}},{"type":"Feature","properties":{"osm_id":386821314,"name":"橄榄路","ref":"","highway":"secondary","road_grade":"R3","maxspeed_raw":null,"speed_base_kmh":42,"speed_pm_kmh":27,"speed_pm_rain_kmh":24,"speed_source":"synthetic_grade_default","lanes":3,"lanes_source":"Synthetic_by_grade","oneway":false,"oneway_source":"default","bridge":false,"tunnel":false,"layer":0,"layer_source":"default_ground","access":"","surface":"","service":"","topology_source":"LBS-Master_roads_gcj_clip","impedance_synthetic":true,"routable":true,"fallback_clip":true},"geometry":{"type":"LineString","coordinates":[[121.90111,30.889886],[121.900796,30.889862]]}},{"type":"Feature","properties":{"osm_id":386847173,"name":"潮和路","ref":"","highway":"tertiary","road_grade":"R4","maxspeed_raw":null,"speed_base_kmh":32,"speed_pm_kmh":24,"speed_pm_rain_kmh":21,"speed_source":"synthetic_grade_default","lanes":2,"lanes_source":"Synthetic_by_grade","oneway":false,"oneway_source":"default","bridge":false,"tunnel":false,"layer":0,"layer_source":"default_ground","access":"","surface":"","service":"","topology_source":"LBS-Master_roads_gcj_clip","impedance_synthetic":true,"routable":true,"fallback_clip":true},"geometry":{"type":"LineString","coordinates":[[121.861319,30.875206],[121.861265,30.875112],[121.861053,30.874471],[121.861023,30.874345],[121.860833,30.873721],[121.860805,30.873568],[121.860657,30.873061],[121.860595,30.872915]]}},{"type":"Feature","properties":{"osm_id":386848974,"name":"芦安路","ref":"","highway":"tertiary","road_grade":"R4","maxspeed_raw":null,"speed_base_kmh":32,"speed_pm_kmh":24,"speed_pm_rain_kmh":21,"speed_source":"synthetic_grade_default","lanes":2,"lanes_source":"Synthetic_by_grade","oneway":false,"oneway_source":"default","bridge":false,"tunnel":false,"layer":0,"layer_source":"default_ground","access":"","surface":"","service":"","topology_source":"LBS-Master_roads_gcj_clip","impedance_synthetic":true,"routable":true,"fallback_clip":true},"geometry":{"type":"LineString","coordinates":[[121.856516,30.865771],[121.856784,30.865793],[121.857483,30.865868],[121.859586,30.866102],[121.859875,30.866157],[121.860483,30.866211],[121.860664,30.86623]]}},{"type":"Feature","properties":{"osm_id":386849916,"name":"潮和路","ref":"","highway":"tertiary","road_grade":"R4","maxspeed_raw":null,"speed_base_kmh":32,"speed_pm_kmh":24,"speed_pm_rain_kmh":21,"speed_source":"synthetic_grade_default","lanes":2,"lanes_source":"Synthetic_by_grade","oneway":false,"oneway_source":"default","bridge":false,"tunnel":false,"layer":0,"layer_source":"default_ground","access":"","surface":"","service":"","topology_source":"LBS-Master_roads_gcj_clip","impedance_synthetic":true,"routable":true,"fallback_clip":true},"geometry":{"type":"LineString","coordinates":[[121.86011,30.869766],[121.860135,30.869519],[121.860197,30.869045],[121.860231,30.868824],[121.860258,30.86868],[121.86028,30.868566]]}},{"type":"Feature","properties":{"osm_id":386849917,"name":"潮和路","ref":"","highway":"tertiary","road_grade":"R4","maxspeed_raw":null,"speed_base_kmh":32,"speed_pm_kmh":24,"speed_pm_rain_kmh":21,"speed_source":"synthetic_grade_default","lanes":2,"lanes_source":"Synthetic_by_grade","oneway":false,"oneway_source":"default","bridge":false,"tunnel":false,"layer":0,"layer_source":"default_ground","access":"","surface":"","service":"","topology_source":"LBS-Master_roads_gcj_clip","impedance_synthetic":true,"routable":true,"fallback_clip":true},"geometry":{"type":"LineString","coordinates":[[121.860799,30.865724],[121.860884,30.865528]]}},{"type":"Feature","properties":{"osm_id":386849920,"name":"潮和路","ref":"","highway":"tertiary","road_grade":"R4","maxspeed_raw":null,"speed_base_kmh":32,"speed_pm_kmh":24,"speed_pm_rain_kmh":21,"speed_source":"synthetic_grade_default","lanes":2,"lanes_source":"Synthetic_by_grade","oneway":false,"oneway_source":"default","bridge":false,"tunnel":false,"layer":0,"layer_source":"default_ground","access":"","surface":"","service":"","topology_source":"LBS-Master_roads_gcj_clip","impedance_synthetic":true,"routable":true,"fallback_clip":true},"geometry":{"type":"LineString","coordinates":[[121.860884,30.865528],[121.861004,30.865338],[121.861229,30.864952],[121.861322,30.864804]]}},{"type":"Feature","properties":{"osm_id":386849921,"name":"潮和路","ref":"","highway":"tertiary","road_grade":"R4","maxspeed_raw":null,"speed_base_kmh":32,"speed_pm_kmh":24,"speed_pm_rain_kmh":21,"speed_source":"synthetic_grade_default","lanes":2,"lanes_source":"Synthetic_by_grade","oneway":false,"oneway_source":"default","bridge":false,"tunnel":false,"layer":0,"layer_source":"default_ground","access":"","surface":"","service":"","topology_source":"LBS-Master_roads_gcj_clip","impedance_synthetic":true,"routable":true,"fallback_clip":true},"geometry":{"type":"LineString","coordinates":[[121.86028,30.868566],[121.860303,30.868412]]}},{"type":"Feature","properties":{"osm_id":386849923,"name":"潮和路","ref":"","highway":"tertiary","road_grade":"R4","maxspeed_raw":null,"speed_base_kmh":32,"speed_pm_kmh":24,"speed_pm_rain_kmh":21,"speed_source":"synthetic_grade_default","lanes":2,"lanes_source":"Synthetic_by_grade","oneway":false,"oneway_source":"default","bridge":false,"tunnel":false,"layer":0,"layer_source":"default_ground","access":"","surface":"","service":"","topology_source":"LBS-Master_roads_gcj_clip","impedance_synthetic":true,"routable":true,"fallback_clip":true},"geometry":{"type":"LineString","coordinates":[[121.860303,30.868412],[121.860341,30.868153],[121.860394,30.867889],[121.860515,30.867119],[121.860579,30.866838],[121.860638,30.866432],[121.860664,30.86623],[121.860702,30.866045],[121.860729,30.865943],[121.860761,30.865819],[121.860799,30.865724]]}},{"type":"Feature","properties":{"osm_id":386850225,"name":"","ref":"","highway":"tertiary","road_grade":"R4","maxspeed_raw":null,"speed_base_kmh":32,"speed_pm_kmh":24,"speed_pm_rain_kmh":21,"speed_source":"synthetic_grade_default","lanes":2,"lanes_source":"Synthetic_by_grade","oneway":false,"oneway_source":"default","bridge":false,"tunnel":false,"layer":0,"layer_source":"default_ground","access":"","surface":"","service":"","topology_source":"LBS-Master_roads_gcj_clip","impedance_synthetic":true,"routable":true,"fallback_clip":true},"geometry":{"type":"LineString","coordinates":[[121.860641,30.883624],[121.860232,30.88398]]}},{"type":"Feature","properties":{"osm_id":386850228,"name":"","ref":"","highway":"tertiary","road_grade":"R4","maxspeed_raw":null,"speed_base_kmh":32,"speed_pm_kmh":24,"speed_pm_rain_kmh":21,"speed_source":"synthetic_grade_default","lanes":2,"lanes_source":"Synthetic_by_grade","oneway":false,"oneway_source":"default","bridge":false,"tunnel":false,"layer":0,"layer_source":"default_ground","access":"","surface":"","service":"","topology_source":"LBS-Master_roads_gcj_clip","impedance_synthetic":true,"routable":true,"fallback_clip":true},"geometry":{"type":"LineString","coordinates":[[121.869342,30.876155],[121.869046,30.876394],[121.868106,30.877206],[121.866467,30.878632],[121.865588,30.879395],[121.86118,30.883227],[121.860977,30.883311]]}},{"type":"Feature","properties":{"osm_id":400198353,"name":"","ref":"","highway":"tertiary","road_grade":"R4","maxspeed_raw":null,"speed_base_kmh":32,"speed_pm_kmh":24,"speed_pm_rain_kmh":21,"speed_source":"synthetic_grade_default","lanes":2,"lanes_source":"Synthetic_by_grade","oneway":false,"oneway_source":"default","bridge":false,"tunnel":false,"layer":0,"layer_source":"default_ground","access":"","surface":"","service":"","topology_source":"LBS-Master_roads_gcj_clip","impedance_synthetic":true,"routable":true,"fallback_clip":true},"geometry":{"type":"LineString","coordinates":[[121.896758,30.857146],[121.896878,30.85725],[121.900053,30.859965],[121.901537,30.861228],[121.901657,30.861297],[121.901837,30.861345],[121.901984,30.861352],[121.902126,30.861334],[121.902274,30.861288],[121.902459,30.861189],[121.903765,30.860049],[121.904066,30.859787],[121.905863,30.858219],[121.905979,30.858104],[121.906043,30.857972],[121.90608,30.857841],[121.90608,30.857696],[121.906046,30.857553],[121.905968,30.857405],[121.905858,30.85729],[121.905694,30.857198],[121.903962,30.856484],[121.899648,30.854685],[121.895642,30.853005],[121.892148,30.851571],[121.890181,30.850737],[121.89002,30.850698],[121.889878,30.850688],[121.889731,30.850698],[121.889576,30.850741],[121.889471,30.850797],[121.889351,30.850882],[121.888086,30.851984],[121.887958,30.852162]]}},{"type":"Feature","properties":{"osm_id":400198354,"name":"同顺大道","ref":"","highway":"tertiary","road_grade":"R4","maxspeed_raw":null,"speed_base_kmh":32,"speed_pm_kmh":24,"speed_pm_rain_kmh":21,"speed_source":"synthetic_grade_default","lanes":2,"lanes_source":"Synthetic_by_grade","oneway":false,"oneway_source":"default","bridge":false,"tunnel":false,"layer":0,"layer_source":"default_ground","access":"","surface":"","service":"","topology_source":"LBS-Master_roads_gcj_clip","impedance_synthetic":true,"routable":true,"fallback_clip":true},"geometry":{"type":"LineString","coordinates":[[121.899648,30.854685],[121.899574,30.854904],[121.898662,30.855698],[121.896878,30.85725],[121.895744,30.858209],[121.895669,30.858272],[121.895527,30.858488]]}},{"type":"Feature","properties":{"osm_id":400198355,"name":"同顺大道","ref":"","highway":"tertiary","road_grade":"R4","maxspeed_raw":null,"speed_base_kmh":32,"speed_pm_kmh":24,"speed_pm_rain_kmh":21,"speed_source":"synthetic_grade_default","lanes":2,"lanes_source":"Synthetic_by_grade","oneway":false,"oneway_source":"default","bridge":false,"tunnel":false,"layer":0,"layer_source":"default_ground","access":"","surface":"","service":"","topology_source":"LBS-Master_roads_gcj_clip","impedance_synthetic":true,"routable":true,"fallback_clip":true},"geometry":{"type":"LineString","coordinates":[[121.895342,30.858329],[121.895556,30.858178],[121.896758,30.857146],[121.898533,30.855588],[121.899397,30.854828],[121.899648,30.854685]]}},{"type":"Feature","properties":{"osm_id":400399070,"name":"塘下公路","ref":"","highway":"secondary","road_grade":"R3","maxspeed_raw":null,"speed_base_kmh":42,"speed_pm_kmh":27,"speed_pm_rain_kmh":24,"speed_source":"synthetic_grade_default","lanes":3,"lanes_source":"Synthetic_by_grade","oneway":false,"oneway_source":"default","bridge":false,"tunnel":false,"layer":0,"layer_source":"default_ground","access":"","surface":"","service":"","topology_source":"LBS-Master_roads_gcj_clip","impedance_synthetic":true,"routable":true,"fallback_clip":true},"geometry":{"type":"LineString","coordinates":[[121.880678,30.888034],[121.881155,30.888644],[121.881232,30.888835],[121.881267,30.889017],[121.881265,30.889134],[121.881211,30.88947],[121.881072,30.890565],[121.881048,30.890754],[121.88105,30.890924],[121.881077,30.891099],[121.881142,30.891267],[121.882741,30.894278],[121.882836,30.894459],[121.882896,30.894571],[121.883327,30.895394],[121.883727,30.896031],[121.883874,30.896359],[121.883938,30.896506],[121.88404,30.896853],[121.884118,30.897049],[121.884286,30.897349],[121.884527,30.897786],[121.884653,30.89809],[121.885309,30.89929],[121.885353,30.899369],[121.885898,30.900471],[121.886054,30.900787],[121.886547,30.901869],[121.886662,30.902119],[121.886971,30.90279],[121.887228,30.903329],[121.88755,30.903853],[121.88804,30.904546],[121.888452,30.905091],[121.888584,30.905294],[121.888701,30.905504],[121.888777,30.905676],[121.889085,30.906684],[121.890004,30.909449],[121.890374,30.910442],[121.890795,30.911581],[121.891183,30.912509],[121.891502,30.9134],[121.891755,30.914203],[121.891821,30.914412],[121.891885,30.914615],[121.892228,30.915667],[121.892657,30.917348],[121.893719,30.920881],[121.893876,30.921498],[121.894185,30.922523],[121.894284,30.922746],[121.894474,30.923075],[121.894525,30.923181],[121.894563,30.923259]]}},{"type":"Feature","properties":{"osm_id":400399072,"name":"塘下公路","ref":"","highway":"secondary","road_grade":"R3","maxspeed_raw":null,"speed_base_kmh":42,"speed_pm_kmh":27,"speed_pm_rain_kmh":24,"speed_source":"synthetic_grade_default","lanes":3,"lanes_source":"Synthetic_by_grade","oneway":false,"oneway_source":"default","bridge":false,"tunnel":false,"layer":0,"layer_source":"default_ground","access":"","surface":"","service":"","topology_source":"LBS-Master_roads_gcj_clip","impedance_synthetic":true,"routable":true,"fallback_clip":true},"geometry":{"type":"LineString","coordinates":[[121.880678,30.888034],[121.880231,30.887417]]}},{"type":"Feature","properties":{"osm_id":400786514,"name":"环湖西一路","ref":"","highway":"secondary","road_grade":"R3","maxspeed_raw":null,"speed_base_kmh":42,"speed_pm_kmh":27,"speed_pm_rain_kmh":24,"speed_source":"synthetic_grade_default","lanes":3,"lanes_source":"Synthetic_by_grade","oneway":false,"oneway_source":"default","bridge":false,"tunnel":false,"layer":0,"layer_source":"default_ground","access":"","surface":"","service":"","topology_source":"LBS-Master_roads_gcj_clip","impedance_synthetic":true,"routable":true,"fallback_clip":true},"geometry":{"type":"LineString","coordinates":[[121.927869,30.90232],[121.92815,30.902853],[121.928424,30.903308],[121.928775,30.903821],[121.929188,30.904347],[121.929563,30.904799],[121.930038,30.905312],[121.930233,30.905516]]}},{"type":"Feature","properties":{"osm_id":400786522,"name":"环湖西一路","ref":"","highway":"secondary","road_grade":"R3","maxspeed_raw":null,"speed_base_kmh":42,"speed_pm_kmh":27,"speed_pm_rain_kmh":24,"speed_source":"synthetic_grade_default","lanes":3,"lanes_source":"Synthetic_by_grade","oneway":false,"oneway_source":"default","bridge":false,"tunnel":false,"layer":0,"layer_source":"default_ground","access":"","surface":"","service":"","topology_source":"LBS-Master_roads_gcj_clip","impedance_synthetic":true,"routable":true,"fallback_clip":true},"geometry":{"type":"LineString","coordinates":[[121.92768,30.901932],[121.927869,30.90232]]}},{"type":"Feature","properties":{"osm_id":400788628,"name":"环湖西一路","ref":"","highway":"secondary","road_grade":"R3","maxspeed_raw":null,"speed_base_kmh":42,"speed_pm_kmh":27,"speed_pm_rain_kmh":24,"speed_source":"synthetic_grade_default","lanes":3,"lanes_source":"Synthetic_by_grade","oneway":false,"oneway_source":"default","bridge":false,"tunnel":false,"layer":0,"layer_source":"default_ground","access":"","surface":"","service":"","topology_source":"LBS-Master_roads_gcj_clip","impedance_synthetic":true,"routable":true,"fallback_clip":true},"geometry":{"type":"LineString","coordinates":[[121.927736,30.90237],[121.927553,30.90198]]}},{"type":"Feature","properties":{"osm_id":400788634,"name":"环湖西一路","ref":"","highway":"secondary","road_grade":"R3","maxspeed_raw":null,"speed_base_kmh":42,"speed_pm_kmh":27,"speed_pm_rain_kmh":24,"speed_source":"synthetic_grade_default","lanes":3,"lanes_source":"Synthetic_by_grade","oneway":false,"oneway_source":"default","bridge":false,"tunnel":false,"layer":0,"layer_source":"default_ground","access":"","surface":"","service":"","topology_source":"LBS-Master_roads_gcj_clip","impedance_synthetic":true,"routable":true,"fallback_clip":true},"geometry":{"type":"LineString","coordinates":[[121.927553,30.90198],[121.927513,30.901889],[121.927314,30.901428],[121.927199,30.901141],[121.927156,30.901002],[121.927107,30.900853],[121.926971,30.900458],[121.926941,30.900336],[121.926828,30.899911],[121.926796,30.899777],[121.926719,30.89938],[121.926703,30.899151],[121.926624,30.898509],[121.926595,30.898297]]}},{"type":"Feature","properties":{"osm_id":400789585,"name":"申港大道","ref":"","highway":"tertiary","road_grade":"R4","maxspeed_raw":null,"speed_base_kmh":32,"speed_pm_kmh":24,"speed_pm_rain_kmh":21,"speed_source":"synthetic_grade_default","lanes":2,"lanes_source":"Synthetic_by_grade","oneway":false,"oneway_source":"default","bridge":false,"tunnel":false,"layer":0,"layer_source":"default_ground","access":"","surface":"","service":"","topology_source":"LBS-Master_roads_gcj_clip","impedance_synthetic":true,"routable":true,"fallback_clip":true},"geometry":{"type":"LineString","coordinates":[[121.925276,30.896929],[121.925471,30.896746],[121.925668,30.896646],[121.926328,30.89663],[121.926561,30.896621]]}},{"type":"Feature","properties":{"osm_id":401063526,"name":"","ref":"","highway":"motorway_link","road_grade":"R1","maxspeed_raw":null,"speed_base_kmh":78,"speed_pm_kmh":56,"speed_pm_rain_kmh":49,"speed_source":"synthetic_grade_default","lanes":4,"lanes_source":"Synthetic_by_grade","oneway":false,"oneway_source":"default","bridge":false,"tunnel":false,"layer":0,"layer_source":"default_ground","access":"","surface":"","service":"","topology_source":"LBS-Master_roads_gcj_clip","impedance_synthetic":true,"routable":true,"fallback_clip":true},"geometry":{"type":"LineString","coordinates":[[121.885519,30.87682],[121.88363,30.875191],[121.883232,30.874847],[121.883102,30.874735]]}},{"type":"Feature","properties":{"osm_id":401063541,"name":"","ref":"","highway":"motorway_link","road_grade":"R1","maxspeed_raw":null,"speed_base_kmh":78,"speed_pm_kmh":56,"speed_pm_rain_kmh":49,"speed_source":"synthetic_grade_default","lanes":4,"lanes_source":"Synthetic_by_grade","oneway":false,"oneway_source":"default","bridge":false,"tunnel":false,"layer":0,"layer_source":"default_ground","access":"","surface":"","service":"","topology_source":"LBS-Master_roads_gcj_clip","impedance_synthetic":true,"routable":true,"fallback_clip":true},"geometry":{"type":"LineString","coordinates":[[121.890394,30.876444],[121.890162,30.876862],[121.890036,30.877136],[121.889969,30.877408],[121.889956,30.877539],[121.889966,30.877768],[121.890034,30.878405],[121.890026,30.878613],[121.889977,30.878797],[121.889902,30.878949],[121.889811,30.879074],[121.889683,30.879198],[121.88949,30.879307],[121.889334,30.879369],[121.889147,30.879408],[121.888981,30.87942],[121.888849,30.879411],[121.888753,30.87939]]}},{"type":"Feature","properties":{"osm_id":401063543,"name":"","ref":"","highway":"motorway_link","road_grade":"R1","maxspeed_raw":null,"speed_base_kmh":78,"speed_pm_kmh":56,"speed_pm_rain_kmh":49,"speed_source":"synthetic_grade_default","lanes":4,"lanes_source":"Synthetic_by_grade","oneway":false,"oneway_source":"default","bridge":false,"tunnel":false,"layer":0,"layer_source":"default_ground","access":"","surface":"","service":"","topology_source":"LBS-Master_roads_gcj_clip","impedance_synthetic":true,"routable":true,"fallback_clip":true},"geometry":{"type":"LineString","coordinates":[[121.888753,30.87939],[121.888587,30.879335],[121.888386,30.879231],[121.888161,30.879077],[121.885519,30.87682]]}},{"type":"Feature","properties":{"osm_id":401063544,"name":"","ref":"","highway":"motorway_link","road_grade":"R1","maxspeed_raw":null,"speed_base_kmh":78,"speed_pm_kmh":56,"speed_pm_rain_kmh":49,"speed_source":"synthetic_grade_default","lanes":4,"lanes_source":"Synthetic_by_grade","oneway":false,"oneway_source":"default","bridge":false,"tunnel":false,"layer":0,"layer_source":"default_ground","access":"","surface":"","service":"","topology_source":"LBS-Master_roads_gcj_clip","impedance_synthetic":true,"routable":true,"fallback_clip":true},"geometry":{"type":"LineString","coordinates":[[121.88363,30.875191],[121.883631,30.875071],[121.883612,30.874997],[121.88362,30.874919],[121.88365,30.874847],[121.884468,30.874126]]}},{"type":"Feature","properties":{"osm_id":402905421,"name":"江山路","ref":"","highway":"secondary","road_grade":"R3","maxspeed_raw":null,"speed_base_kmh":42,"speed_pm_kmh":27,"speed_pm_rain_kmh":24,"speed_source":"synthetic_grade_default","lanes":3,"lanes_source":"Synthetic_by_grade","oneway":false,"oneway_source":"default","bridge":false,"tunnel":false,"layer":0,"layer_source":"default_ground","access":"","surface":"","service":"","topology_source":"LBS-Master_roads_gcj_clip","impedance_synthetic":true,"routable":true,"fallback_clip":true},"geometry":{"type":"LineString","coordinates":[[121.864057,30.871317],[121.864592,30.871766]]}},{"type":"Feature","properties":{"osm_id":402905423,"name":"江山路","ref":"","highway":"secondary","road_grade":"R3","maxspeed_raw":null,"speed_base_kmh":42,"speed_pm_kmh":27,"speed_pm_rain_kmh":24,"speed_source":"synthetic_grade_default","lanes":3,"lanes_source":"Synthetic_by_grade","oneway":false,"oneway_source":"default","bridge":false,"tunnel":false,"layer":0,"layer_source":"default_ground","access":"","surface":"","service":"","topology_source":"LBS-Master_roads_gcj_clip","impedance_synthetic":true,"routable":true,"fallback_clip":true},"geometry":{"type":"LineString","coordinates":[[121.869393,30.87591],[121.869458,30.875966],[121.869495,30.876013],[121.869704,30.876276],[121.871696,30.878704],[121.871809,30.878847]]}},{"type":"Feature","properties":{"osm_id":402905424,"name":"江山路","ref":"","highway":"secondary","road_grade":"R3","maxspeed_raw":null,"speed_base_kmh":42,"speed_pm_kmh":27,"speed_pm_rain_kmh":24,"speed_source":"synthetic_grade_default","lanes":3,"lanes_source":"Synthetic_by_grade","oneway":false,"oneway_source":"default","bridge":false,"tunnel":false,"layer":0,"layer_source":"default_ground","access":"","surface":"","service":"","topology_source":"LBS-Master_roads_gcj_clip","impedance_synthetic":true,"routable":true,"fallback_clip":true},"geometry":{"type":"LineString","coordinates":[[121.861304,30.870201],[121.861085,30.870151]]}},{"type":"Feature","properties":{"osm_id":402905425,"name":"江山路","ref":"","highway":"secondary","road_grade":"R3","maxspeed_raw":null,"speed_base_kmh":42,"speed_pm_kmh":27,"speed_pm_rain_kmh":24,"speed_source":"synthetic_grade_default","lanes":3,"lanes_source":"Synthetic_by_grade","oneway":false,"oneway_source":"default","bridge":false,"tunnel":false,"layer":0,"layer_source":"default_ground","access":"","surface":"","service":"","topology_source":"LBS-Master_roads_gcj_clip","impedance_synthetic":true,"routable":true,"fallback_clip":true},"geometry":{"type":"LineString","coordinates":[[121.864449,30.871905],[121.863911,30.871478]]}},{"type":"Feature","properties":{"osm_id":402905531,"name":"江山路","ref":"","highway":"secondary","road_grade":"R3","maxspeed_raw":null,"speed_base_kmh":42,"speed_pm_kmh":27,"speed_pm_rain_kmh":24,"speed_source":"synthetic_grade_default","lanes":3,"lanes_source":"Synthetic_by_grade","oneway":false,"oneway_source":"default","bridge":false,"tunnel":false,"layer":0,"layer_source":"default_ground","access":"","surface":"","service":"","topology_source":"LBS-Master_roads_gcj_clip","impedance_synthetic":true,"routable":true,"fallback_clip":true},"geometry":{"type":"LineString","coordinates":[[121.869342,30.876155],[121.869288,30.876087],[121.869245,30.87605],[121.869048,30.875881],[121.86809,30.875058],[121.866329,30.873548],[121.865638,30.872957],[121.865168,30.872552],[121.864449,30.871905]]}},{"type":"Feature","properties":{"osm_id":402906626,"name":"塘下公路","ref":"","highway":"secondary","road_grade":"R3","maxspeed_raw":null,"speed_base_kmh":42,"speed_pm_kmh":27,"speed_pm_rain_kmh":24,"speed_source":"synthetic_grade_default","lanes":3,"lanes_source":"Synthetic_by_grade","oneway":false,"oneway_source":"default","bridge":false,"tunnel":false,"layer":0,"layer_source":"default_ground","access":"","surface":"","service":"","topology_source":"LBS-Master_roads_gcj_clip","impedance_synthetic":true,"routable":true,"fallback_clip":true},"geometry":{"type":"LineString","coordinates":[[121.868721,30.873295],[121.8684,30.87303]]}},{"type":"Feature","properties":{"osm_id":402908695,"name":"海基六路","ref":"","highway":"tertiary","road_grade":"R4","maxspeed_raw":null,"speed_base_kmh":32,"speed_pm_kmh":24,"speed_pm_rain_kmh":21,"speed_source":"synthetic_grade_default","lanes":2,"lanes_source":"Synthetic_by_grade","oneway":false,"oneway_source":"default","bridge":false,"tunnel":false,"layer":0,"layer_source":"default_ground","access":"","surface":"","service":"","topology_source":"LBS-Master_roads_gcj_clip","impedance_synthetic":true,"routable":true,"fallback_clip":true},"geometry":{"type":"LineString","coordinates":[[121.914278,30.862527],[121.914456,30.862374],[121.914589,30.862268],[121.914716,30.862167],[121.915427,30.861531],[121.915633,30.861368],[121.91587,30.861205],[121.916175,30.861018],[121.91643,30.860873],[121.9168,30.860707],[121.917069,30.860606],[121.917295,30.860532],[121.917642,30.860434],[121.917983,30.86036],[121.918407,30.860303],[121.918492,30.860295],[121.918619,30.860282],[121.918946,30.860277]]}},{"type":"Feature","properties":{"osm_id":402908700,"name":"海基六路","ref":"","highway":"tertiary","road_grade":"R4","maxspeed_raw":null,"speed_base_kmh":32,"speed_pm_kmh":24,"speed_pm_rain_kmh":21,"speed_source":"synthetic_grade_default","lanes":2,"lanes_source":"Synthetic_by_grade","oneway":false,"oneway_source":"default","bridge":false,"tunnel":false,"layer":0,"layer_source":"default_ground","access":"","surface":"","service":"","topology_source":"LBS-Master_roads_gcj_clip","impedance_synthetic":true,"routable":true,"fallback_clip":true},"geometry":{"type":"LineString","coordinates":[[121.913954,30.862804],[121.914278,30.862527]]}},{"type":"Feature","properties":{"osm_id":402926499,"name":"临港大道","ref":"","highway":"primary","road_grade":"R2","maxspeed_raw":null,"speed_base_kmh":52,"speed_pm_kmh":30,"speed_pm_rain_kmh":26,"speed_source":"synthetic_grade_default","lanes":4,"lanes_source":"Synthetic_by_grade","oneway":false,"oneway_source":"default","bridge":false,"tunnel":false,"layer":0,"layer_source":"default_ground","access":"","surface":"","service":"","topology_source":"LBS-Master_roads_gcj_clip","impedance_synthetic":true,"routable":true,"fallback_clip":true},"geometry":{"type":"LineString","coordinates":[[121.862328,30.95394],[121.864241,30.953069]]}},{"type":"Feature","properties":{"osm_id":402926500,"name":"临港大道","ref":"","highway":"primary","road_grade":"R2","maxspeed_raw":null,"speed_base_kmh":52,"speed_pm_kmh":30,"speed_pm_rain_kmh":26,"speed_source":"synthetic_grade_default","lanes":4,"lanes_source":"Synthetic_by_grade","oneway":false,"oneway_source":"default","bridge":false,"tunnel":false,"layer":0,"layer_source":"default_ground","access":"","surface":"","service":"","topology_source":"LBS-Master_roads_gcj_clip","impedance_synthetic":true,"routable":true,"fallback_clip":true},"geometry":{"type":"LineString","coordinates":[[121.896537,30.935687],[121.897537,30.934811],[121.898504,30.933964],[121.901123,30.931713],[121.901757,30.931116],[121.902653,30.930351]]}},{"type":"Feature","properties":{"osm_id":402926503,"name":"临港大道","ref":"","highway":"primary","road_grade":"R2","maxspeed_raw":null,"speed_base_kmh":52,"speed_pm_kmh":30,"speed_pm_rain_kmh":26,"speed_source":"synthetic_grade_default","lanes":4,"lanes_source":"Synthetic_by_grade","oneway":false,"oneway_source":"default","bridge":false,"tunnel":false,"layer":0,"layer_source":"default_ground","access":"","surface":"","service":"","topology_source":"LBS-Master_roads_gcj_clip","impedance_synthetic":true,"routable":true,"fallback_clip":true},"geometry":{"type":"LineString","coordinates":[[121.893411,30.93842],[121.896537,30.935687]]}},{"type":"Feature","properties":{"osm_id":402926504,"name":"临港大道","ref":"","highway":"primary","road_grade":"R2","maxspeed_raw":null,"speed_base_kmh":52,"speed_pm_kmh":30,"speed_pm_rain_kmh":26,"speed_source":"synthetic_grade_default","lanes":4,"lanes_source":"Synthetic_by_grade","oneway":false,"oneway_source":"default","bridge":false,"tunnel":false,"layer":0,"layer_source":"default_ground","access":"","surface":"","service":"","topology_source":"LBS-Master_roads_gcj_clip","impedance_synthetic":true,"routable":true,"fallback_clip":true},"geometry":{"type":"LineString","coordinates":[[121.905897,30.927999],[121.904457,30.929247],[121.904083,30.929604],[121.903166,30.930405],[121.90293,30.930598]]}},{"type":"Feature","properties":{"osm_id":402926506,"name":"临港大道","ref":"","highway":"primary","road_grade":"R2","maxspeed_raw":null,"speed_base_kmh":52,"speed_pm_kmh":30,"speed_pm_rain_kmh":26,"speed_source":"synthetic_grade_default","lanes":4,"lanes_source":"Synthetic_by_grade","oneway":false,"oneway_source":"default","bridge":false,"tunnel":false,"layer":0,"layer_source":"default_ground","access":"","surface":"","service":"","topology_source":"LBS-Master_roads_gcj_clip","impedance_synthetic":true,"routable":true,"fallback_clip":true},"geometry":{"type":"LineString","coordinates":[[121.885407,30.943699],[121.886067,30.943414]]}},{"type":"Feature","properties":{"osm_id":402926510,"name":"临港大道","ref":"","highway":"primary","road_grade":"R2","maxspeed_raw":null,"speed_base_kmh":52,"speed_pm_kmh":30,"speed_pm_rain_kmh":26,"speed_source":"synthetic_grade_default","lanes":4,"lanes_source":"Synthetic_by_grade","oneway":false,"oneway_source":"default","bridge":false,"tunnel":false,"layer":0,"layer_source":"default_ground","access":"","surface":"","service":"","topology_source":"LBS-Master_roads_gcj_clip","impedance_synthetic":true,"routable":true,"fallback_clip":true},"geometry":{"type":"LineString","coordinates":[[121.905868,30.927591],[121.906283,30.927219]]}},{"type":"Feature","properties":{"osm_id":402926511,"name":"临港大道","ref":"","highway":"primary","road_grade":"R2","maxspeed_raw":null,"speed_base_kmh":52,"speed_pm_kmh":30,"speed_pm_rain_kmh":26,"speed_source":"synthetic_grade_default","lanes":4,"lanes_source":"Synthetic_by_grade","oneway":false,"oneway_source":"default","bridge":false,"tunnel":false,"layer":0,"layer_source":"default_ground","access":"","surface":"","service":"","topology_source":"LBS-Master_roads_gcj_clip","impedance_synthetic":true,"routable":true,"fallback_clip":true},"geometry":{"type":"LineString","coordinates":[[121.864354,30.953295],[121.862306,30.954197]]}},{"type":"Feature","properties":{"osm_id":402926514,"name":"临港大道","ref":"","highway":"primary","road_grade":"R2","maxspeed_raw":null,"speed_base_kmh":52,"speed_pm_kmh":30,"speed_pm_rain_kmh":26,"speed_source":"synthetic_grade_default","lanes":4,"lanes_source":"Synthetic_by_grade","oneway":false,"oneway_source":"default","bridge":false,"tunnel":false,"layer":0,"layer_source":"default_ground","access":"","surface":"","service":"","topology_source":"LBS-Master_roads_gcj_clip","impedance_synthetic":true,"routable":true,"fallback_clip":true},"geometry":{"type":"LineString","coordinates":[[121.89671,30.935982],[121.893564,30.938712]]}},{"type":"Feature","properties":{"osm_id":402926515,"name":"临港大道","ref":"","highway":"primary","road_grade":"R2","maxspeed_raw":null,"speed_base_kmh":52,"speed_pm_kmh":30,"speed_pm_rain_kmh":26,"speed_source":"synthetic_grade_default","lanes":4,"lanes_source":"Synthetic_by_grade","oneway":false,"oneway_source":"default","bridge":false,"tunnel":false,"layer":0,"layer_source":"default_ground","access":"","surface":"","service":"","topology_source":"LBS-Master_roads_gcj_clip","impedance_synthetic":true,"routable":true,"fallback_clip":true},"geometry":{"type":"LineString","coordinates":[[121.893564,30.938712],[121.892883,30.939306],[121.892091,30.939998],[121.891472,30.940527],[121.890919,30.940972],[121.89065,30.941191],[121.890315,30.941436],[121.889627,30.941906]]}},{"type":"Feature","properties":{"osm_id":402926519,"name":"临港大道","ref":"","highway":"primary","road_grade":"R2","maxspeed_raw":null,"speed_base_kmh":52,"speed_pm_kmh":30,"speed_pm_rain_kmh":26,"speed_source":"synthetic_grade_default","lanes":4,"lanes_source":"Synthetic_by_grade","oneway":false,"oneway_source":"default","bridge":false,"tunnel":false,"layer":0,"layer_source":"default_ground","access":"","surface":"","service":"","topology_source":"LBS-Master_roads_gcj_clip","impedance_synthetic":true,"routable":true,"fallback_clip":true},"geometry":{"type":"LineString","coordinates":[[121.906271,30.927675],[121.905897,30.927999]]}},{"type":"Feature","properties":{"osm_id":402926522,"name":"临港大道","ref":"","highway":"primary","road_grade":"R2","maxspeed_raw":null,"speed_base_kmh":52,"speed_pm_kmh":30,"speed_pm_rain_kmh":26,"speed_source":"synthetic_grade_default","lanes":4,"lanes_source":"Synthetic_by_grade","oneway":false,"oneway_source":"default","bridge":false,"tunnel":false,"layer":0,"layer_source":"default_ground","access":"","surface":"","service":"","topology_source":"LBS-Master_roads_gcj_clip","impedance_synthetic":true,"routable":true,"fallback_clip":true},"geometry":{"type":"LineString","coordinates":[[121.908602,30.92517],[121.908776,30.925026],[121.90984,30.924111],[121.910951,30.923156],[121.911895,30.922321]]}},{"type":"Feature","properties":{"osm_id":402926525,"name":"临港大道","ref":"","highway":"primary","road_grade":"R2","maxspeed_raw":null,"speed_base_kmh":52,"speed_pm_kmh":30,"speed_pm_rain_kmh":26,"speed_source":"synthetic_grade_default","lanes":4,"lanes_source":"Synthetic_by_grade","oneway":false,"oneway_source":"default","bridge":false,"tunnel":false,"layer":0,"layer_source":"default_ground","access":"","surface":"","service":"","topology_source":"LBS-Master_roads_gcj_clip","impedance_synthetic":true,"routable":true,"fallback_clip":true},"geometry":{"type":"LineString","coordinates":[[121.862306,30.954197],[121.857708,30.956218],[121.855713,30.957161],[121.853089,30.958377],[121.851988,30.958851],[121.851818,30.958924],[121.850725,30.959403],[121.850088,30.959681],[121.849698,30.959869]]}},{"type":"Feature","properties":{"osm_id":402926528,"name":"临港大道","ref":"","highway":"primary","road_grade":"R2","maxspeed_raw":null,"speed_base_kmh":52,"speed_pm_kmh":30,"speed_pm_rain_kmh":26,"speed_source":"synthetic_grade_default","lanes":4,"lanes_source":"Synthetic_by_grade","oneway":false,"oneway_source":"default","bridge":false,"tunnel":false,"layer":0,"layer_source":"default_ground","access":"","surface":"","service":"","topology_source":"LBS-Master_roads_gcj_clip","impedance_synthetic":true,"routable":true,"fallback_clip":true},"geometry":{"type":"LineString","coordinates":[[121.851908,30.958506],[121.855729,30.956823],[121.859279,30.955282],[121.862328,30.95394]]}},{"type":"Feature","properties":{"osm_id":402926531,"name":"临港大道","ref":"","highway":"primary","road_grade":"R2","maxspeed_raw":null,"speed_base_kmh":52,"speed_pm_kmh":30,"speed_pm_rain_kmh":26,"speed_source":"synthetic_grade_default","lanes":4,"lanes_source":"Synthetic_by_grade","oneway":false,"oneway_source":"default","bridge":false,"tunnel":false,"layer":0,"layer_source":"default_ground","access":"","surface":"","service":"","topology_source":"LBS-Master_roads_gcj_clip","impedance_synthetic":true,"routable":true,"fallback_clip":true},"geometry":{"type":"LineString","coordinates":[[121.865166,30.952648],[121.865321,30.952578],[121.866046,30.952276],[121.866495,30.952089],[121.869862,30.950617],[121.873192,30.949094],[121.873497,30.948958],[121.876345,30.947685],[121.880419,30.945861],[121.88106,30.945575],[121.882022,30.945157],[121.884174,30.944223],[121.885407,30.943699]]}},{"type":"Feature","properties":{"osm_id":402926534,"name":"","ref":"","highway":"tertiary","road_grade":"R4","maxspeed_raw":null,"speed_base_kmh":32,"speed_pm_kmh":24,"speed_pm_rain_kmh":21,"speed_source":"synthetic_grade_default","lanes":2,"lanes_source":"Synthetic_by_grade","oneway":false,"oneway_source":"default","bridge":false,"tunnel":false,"layer":0,"layer_source":"default_ground","access":"","surface":"","service":"","topology_source":"LBS-Master_roads_gcj_clip","impedance_synthetic":true,"routable":true,"fallback_clip":true},"geometry":{"type":"LineString","coordinates":[[121.902653,30.930351],[121.90293,30.930598]]}},{"type":"Feature","properties":{"osm_id":402926536,"name":"临港大道","ref":"","highway":"primary","road_grade":"R2","maxspeed_raw":null,"speed_base_kmh":52,"speed_pm_kmh":30,"speed_pm_rain_kmh":26,"speed_source":"synthetic_grade_default","lanes":4,"lanes_source":"Synthetic_by_grade","oneway":false,"oneway_source":"default","bridge":false,"tunnel":false,"layer":0,"layer_source":"default_ground","access":"","surface":"","service":"","topology_source":"LBS-Master_roads_gcj_clip","impedance_synthetic":true,"routable":true,"fallback_clip":true},"geometry":{"type":"LineString","coordinates":[[121.886067,30.943414],[121.886872,30.943047],[121.887585,30.942693],[121.888217,30.942337],[121.889247,30.941712]]}},{"type":"Feature","properties":{"osm_id":402926537,"name":"","ref":"","highway":"tertiary","road_grade":"R4","maxspeed_raw":null,"speed_base_kmh":32,"speed_pm_kmh":24,"speed_pm_rain_kmh":21,"speed_source":"synthetic_grade_default","lanes":2,"lanes_source":"Synthetic_by_grade","oneway":false,"oneway_source":"default","bridge":false,"tunnel":false,"layer":0,"layer_source":"default_ground","access":"","surface":"","service":"","topology_source":"LBS-Master_roads_gcj_clip","impedance_synthetic":true,"routable":true,"fallback_clip":true},"geometry":{"type":"LineString","coordinates":[[121.88106,30.945575],[121.881259,30.945932]]}},{"type":"Feature","properties":{"osm_id":402926971,"name":"临港大道","ref":"","highway":"primary","road_grade":"R2","maxspeed_raw":null,"speed_base_kmh":52,"speed_pm_kmh":30,"speed_pm_rain_kmh":26,"speed_source":"synthetic_grade_default","lanes":4,"lanes_source":"Synthetic_by_grade","oneway":false,"oneway_source":"default","bridge":false,"tunnel":false,"layer":0,"layer_source":"default_ground","access":"","surface":"","service":"","topology_source":"LBS-Master_roads_gcj_clip","impedance_synthetic":true,"routable":true,"fallback_clip":true},"geometry":{"type":"LineString","coordinates":[[121.912163,30.922542],[121.911218,30.923355],[121.911149,30.923415],[121.910831,30.923668],[121.908884,30.92541],[121.908601,30.925643]]}},{"type":"Feature","properties":{"osm_id":402926972,"name":"临港大道","ref":"","highway":"primary","road_grade":"R2","maxspeed_raw":null,"speed_base_kmh":52,"speed_pm_kmh":30,"speed_pm_rain_kmh":26,"speed_source":"synthetic_grade_default","lanes":4,"lanes_source":"Synthetic_by_grade","oneway":false,"oneway_source":"default","bridge":false,"tunnel":false,"layer":0,"layer_source":"default_ground","access":"","surface":"","service":"","topology_source":"LBS-Master_roads_gcj_clip","impedance_synthetic":true,"routable":true,"fallback_clip":true},"geometry":{"type":"LineString","coordinates":[[121.913109,30.921267],[121.913343,30.921065]]}},{"type":"Feature","properties":{"osm_id":402926973,"name":"临港大道","ref":"","highway":"primary","road_grade":"R2","maxspeed_raw":null,"speed_base_kmh":52,"speed_pm_kmh":30,"speed_pm_rain_kmh":26,"speed_source":"synthetic_grade_default","lanes":4,"lanes_source":"Synthetic_by_grade","oneway":false,"oneway_source":"default","bridge":false,"tunnel":false,"layer":0,"layer_source":"default_ground","access":"","surface":"","service":"","topology_source":"LBS-Master_roads_gcj_clip","impedance_synthetic":true,"routable":true,"fallback_clip":true},"geometry":{"type":"LineString","coordinates":[[121.914734,30.919873],[121.915075,30.919581],[121.915406,30.919248],[121.916042,30.918696],[121.916275,30.918511]]}},{"type":"Feature","properties":{"osm_id":402926974,"name":"临港大道","ref":"","highway":"primary","road_grade":"R2","maxspeed_raw":null,"speed_base_kmh":52,"speed_pm_kmh":30,"speed_pm_rain_kmh":26,"speed_source":"synthetic_grade_default","lanes":4,"lanes_source":"Synthetic_by_grade","oneway":false,"oneway_source":"default","bridge":false,"tunnel":false,"layer":0,"layer_source":"default_ground","access":"","surface":"","service":"","topology_source":"LBS-Master_roads_gcj_clip","impedance_synthetic":true,"routable":true,"fallback_clip":true},"geometry":{"type":"LineString","coordinates":[[121.913607,30.921283],[121.913374,30.921486]]}},{"type":"Feature","properties":{"osm_id":402928164,"name":"海基三路","ref":"","highway":"secondary","road_grade":"R3","maxspeed_raw":null,"speed_base_kmh":42,"speed_pm_kmh":27,"speed_pm_rain_kmh":24,"speed_source":"synthetic_grade_default","lanes":3,"lanes_source":"Synthetic_by_grade","oneway":false,"oneway_source":"default","bridge":false,"tunnel":false,"layer":0,"layer_source":"default_ground","access":"","surface":"","service":"","topology_source":"LBS-Master_roads_gcj_clip","impedance_synthetic":true,"routable":true,"fallback_clip":true},"geometry":{"type":"LineString","coordinates":[[121.915708,30.873257],[121.916497,30.872637],[121.917654,30.871638],[121.919004,30.870453],[121.920275,30.869336],[121.920439,30.86919],[121.92053,30.869109],[121.920743,30.868934],[121.921248,30.868497],[121.921377,30.868399],[121.922182,30.867702],[121.922386,30.867508],[121.922938,30.867073],[121.923099,30.86691],[121.923857,30.866237]]}},{"type":"Feature","properties":{"osm_id":402928165,"name":"环湖西三路","ref":"","highway":"primary","road_grade":"R2","maxspeed_raw":null,"speed_base_kmh":52,"speed_pm_kmh":30,"speed_pm_rain_kmh":26,"speed_source":"synthetic_grade_default","lanes":4,"lanes_source":"Synthetic_by_grade","oneway":false,"oneway_source":"default","bridge":false,"tunnel":false,"layer":0,"layer_source":"default_ground","access":"","surface":"","service":"","topology_source":"LBS-Master_roads_gcj_clip","impedance_synthetic":true,"routable":true,"fallback_clip":true},"geometry":{"type":"LineString","coordinates":[[121.917999,30.890843],[121.917935,30.890986],[121.917873,30.891168],[121.917653,30.891817],[121.917591,30.891999],[121.917312,30.892994],[121.917259,30.893238],[121.917171,30.89364],[121.917036,30.894305],[121.916943,30.894892],[121.916863,30.895563],[121.916824,30.896159],[121.916774,30.896945],[121.916772,30.897022]]}},{"type":"Feature","properties":{"osm_id":402928166,"name":"环湖西三路","ref":"","highway":"primary","road_grade":"R2","maxspeed_raw":null,"speed_base_kmh":52,"speed_pm_kmh":30,"speed_pm_rain_kmh":26,"speed_source":"synthetic_grade_default","lanes":4,"lanes_source":"Synthetic_by_grade","oneway":false,"oneway_source":"default","bridge":false,"tunnel":false,"layer":0,"layer_source":"default_ground","access":"","surface":"","service":"","topology_source":"LBS-Master_roads_gcj_clip","impedance_synthetic":true,"routable":true,"fallback_clip":true},"geometry":{"type":"LineString","coordinates":[[121.918673,30.889334],[121.918485,30.889742]]}},{"type":"Feature","properties":{"osm_id":402928167,"name":"环湖西三路","ref":"","highway":"primary","road_grade":"R2","maxspeed_raw":null,"speed_base_kmh":52,"speed_pm_kmh":30,"speed_pm_rain_kmh":26,"speed_source":"synthetic_grade_default","lanes":4,"lanes_source":"Synthetic_by_grade","oneway":false,"oneway_source":"default","bridge":false,"tunnel":false,"layer":0,"layer_source":"default_ground","access":"","surface":"","service":"","topology_source":"LBS-Master_roads_gcj_clip","impedance_synthetic":true,"routable":true,"fallback_clip":true},"geometry":{"type":"LineString","coordinates":[[121.918255,30.889666],[121.91844,30.889262]]}},{"type":"Feature","properties":{"osm_id":402928168,"name":"环湖西三路","ref":"","highway":"primary","road_grade":"R2","maxspeed_raw":null,"speed_base_kmh":52,"speed_pm_kmh":30,"speed_pm_rain_kmh":26,"speed_source":"synthetic_grade_default","lanes":4,"lanes_source":"Synthetic_by_grade","oneway":false,"oneway_source":"default","bridge":false,"tunnel":false,"layer":0,"layer_source":"default_ground","access":"","surface":"","service":"","topology_source":"LBS-Master_roads_gcj_clip","impedance_synthetic":true,"routable":true,"fallback_clip":true},"geometry":{"type":"LineString","coordinates":[[121.91844,30.889262],[121.918654,30.88884],[121.918942,30.888318],[121.919025,30.888169],[121.919305,30.887707],[121.919691,30.887077],[121.919754,30.886953],[121.920138,30.886402],[121.92024,30.886255],[121.920419,30.886012]]}},{"type":"Feature","properties":{"osm_id":402928169,"name":"沪城环路","ref":"","highway":"secondary","road_grade":"R3","maxspeed_raw":null,"speed_base_kmh":42,"speed_pm_kmh":27,"speed_pm_rain_kmh":24,"speed_source":"synthetic_grade_default","lanes":3,"lanes_source":"Synthetic_by_grade","oneway":false,"oneway_source":"default","bridge":false,"tunnel":false,"layer":0,"layer_source":"default_ground","access":"","surface":"","service":"","topology_source":"LBS-Master_roads_gcj_clip","impedance_synthetic":true,"routable":true,"fallback_clip":true},"geometry":{"type":"LineString","coordinates":[[121.914047,30.874613],[121.913681,30.874872],[121.913444,30.875018],[121.913116,30.875221],[121.91262,30.875535],[121.912369,30.875688],[121.911525,30.87625],[121.911304,30.876414]]}},{"type":"Feature","properties":{"osm_id":402929550,"name":"海港大道","ref":"","highway":"primary","road_grade":"R2","maxspeed_raw":null,"speed_base_kmh":52,"speed_pm_kmh":30,"speed_pm_rain_kmh":26,"speed_source":"synthetic_grade_default","lanes":4,"lanes_source":"Synthetic_by_grade","oneway":false,"oneway_source":"default","bridge":false,"tunnel":false,"layer":0,"layer_source":"default_ground","access":"","surface":"","service":"","topology_source":"LBS-Master_roads_gcj_clip","impedance_synthetic":true,"routable":true,"fallback_clip":true},"geometry":{"type":"LineString","coordinates":[[121.91992,30.879627],[121.919713,30.879447]]}},{"type":"Feature","properties":{"osm_id":402929551,"name":"海港大道","ref":"","highway":"tertiary","road_grade":"R4","maxspeed_raw":null,"speed_base_kmh":32,"speed_pm_kmh":24,"speed_pm_rain_kmh":21,"speed_source":"synthetic_grade_default","lanes":2,"lanes_source":"Synthetic_by_grade","oneway":false,"oneway_source":"default","bridge":false,"tunnel":false,"layer":0,"layer_source":"default_ground","access":"","surface":"","service":"","topology_source":"LBS-Master_roads_gcj_clip","impedance_synthetic":true,"routable":true,"fallback_clip":true},"geometry":{"type":"LineString","coordinates":[[121.92763,30.886057],[121.927852,30.886252],[121.928354,30.886667],[121.928499,30.886751],[121.928548,30.886779],[121.928734,30.886851],[121.928934,30.886888],[121.928994,30.886902],[121.929203,30.886952],[121.929398,30.887034],[121.929535,30.887137],[121.929643,30.887257],[121.929726,30.887412],[121.929783,30.887607],[121.929835,30.887777],[121.929872,30.887857]]}},{"type":"Feature","properties":{"osm_id":402929553,"name":"海港大道","ref":"","highway":"primary","road_grade":"R2","maxspeed_raw":null,"speed_base_kmh":52,"speed_pm_kmh":30,"speed_pm_rain_kmh":26,"speed_source":"synthetic_grade_default","lanes":4,"lanes_source":"Synthetic_by_grade","oneway":false,"oneway_source":"default","bridge":false,"tunnel":false,"layer":0,"layer_source":"default_ground","access":"","surface":"","service":"","topology_source":"LBS-Master_roads_gcj_clip","impedance_synthetic":true,"routable":true,"fallback_clip":true},"geometry":{"type":"LineString","coordinates":[[121.91981,30.87935],[121.920025,30.879532]]}},{"type":"Feature","properties":{"osm_id":402929554,"name":"海港大道","ref":"","highway":"primary","road_grade":"R2","maxspeed_raw":null,"speed_base_kmh":52,"speed_pm_kmh":30,"speed_pm_rain_kmh":26,"speed_source":"synthetic_grade_default","lanes":4,"lanes_source":"Synthetic_by_grade","oneway":false,"oneway_source":"default","bridge":false,"tunnel":false,"layer":0,"layer_source":"default_ground","access":"","surface":"","service":"","topology_source":"LBS-Master_roads_gcj_clip","impedance_synthetic":true,"routable":true,"fallback_clip":true},"geometry":{"type":"LineString","coordinates":[[121.91736,30.87744],[121.916831,30.876974],[121.915554,30.875867],[121.915061,30.875491],[121.914275,30.874813],[121.914047,30.874613]]}},{"type":"Feature","properties":{"osm_id":404378397,"name":"三三公路","ref":"X368","highway":"tertiary","road_grade":"R4","maxspeed_raw":null,"speed_base_kmh":32,"speed_pm_kmh":24,"speed_pm_rain_kmh":21,"speed_source":"synthetic_grade_default","lanes":2,"lanes_source":"Synthetic_by_grade","oneway":false,"oneway_source":"default","bridge":false,"tunnel":false,"layer":0,"layer_source":"default_ground","access":"","surface":"","service":"","topology_source":"LBS-Master_roads_gcj_clip","impedance_synthetic":true,"routable":true,"fallback_clip":true},"geometry":{"type":"LineString","coordinates":[[121.904329,30.953993],[121.903947,30.953959],[121.902171,30.953853],[121.90131,30.953812],[121.900544,30.953775],[121.900408,30.953768],[121.898687,30.953688],[121.897739,30.953644],[121.897653,30.95364],[121.897518,30.953633],[121.897059,30.95369],[121.896735,30.953731],[121.895342,30.953904],[121.894937,30.953954]]}},{"type":"Feature","properties":{"osm_id":404378398,"name":"三三公路","ref":"X368","highway":"tertiary","road_grade":"R4","maxspeed_raw":null,"speed_base_kmh":32,"speed_pm_kmh":24,"speed_pm_rain_kmh":21,"speed_source":"synthetic_grade_default","lanes":2,"lanes_source":"Synthetic_by_grade","oneway":false,"oneway_source":"default","bridge":false,"tunnel":false,"layer":0,"layer_source":"default_ground","access":"","surface":"","service":"","topology_source":"LBS-Master_roads_gcj_clip","impedance_synthetic":true,"routable":true,"fallback_clip":true},"geometry":{"type":"LineString","coordinates":[[121.908946,30.95429],[121.90856,30.954281]]}},{"type":"Feature","properties":{"osm_id":404378403,"name":"","ref":"","highway":"tertiary","road_grade":"R4","maxspeed_raw":null,"speed_base_kmh":32,"speed_pm_kmh":24,"speed_pm_rain_kmh":21,"speed_source":"synthetic_grade_default","lanes":2,"lanes_source":"Synthetic_by_grade","oneway":false,"oneway_source":"default","bridge":false,"tunnel":false,"layer":0,"layer_source":"default_ground","access":"","surface":"","service":"","topology_source":"LBS-Master_roads_gcj_clip","impedance_synthetic":true,"routable":true,"fallback_clip":true},"geometry":{"type":"LineString","coordinates":[[121.905619,30.948392],[121.904912,30.951237],[121.904777,30.951883],[121.904509,30.953057],[121.904466,30.953287],[121.904351,30.953906],[121.904329,30.953993]]}},{"type":"Feature","properties":{"osm_id":404548010,"name":"","ref":"","highway":"tertiary","road_grade":"R4","maxspeed_raw":null,"speed_base_kmh":32,"speed_pm_kmh":24,"speed_pm_rain_kmh":21,"speed_source":"synthetic_grade_default","lanes":2,"lanes_source":"Synthetic_by_grade","oneway":false,"oneway_source":"default","bridge":false,"tunnel":false,"layer":0,"layer_source":"default_ground","access":"","surface":"","service":"","topology_source":"LBS-Master_roads_gcj_clip","impedance_synthetic":true,"routable":true,"fallback_clip":true},"geometry":{"type":"LineString","coordinates":[[121.905836,30.947395],[121.905879,30.94719],[121.905913,30.947017],[121.905951,30.946739],[121.905967,30.946306],[121.90605,30.943412],[121.906098,30.94176],[121.906159,30.94002],[121.906209,30.938375],[121.906213,30.938236],[121.906252,30.936845],[121.906306,30.934919],[121.906352,30.933305],[121.906429,30.930946],[121.906469,30.929665],[121.906502,30.928593],[121.906528,30.927921],[121.906531,30.927619],[121.906504,30.927472]]}},{"type":"Feature","properties":{"osm_id":404548016,"name":"","ref":"","highway":"tertiary","road_grade":"R4","maxspeed_raw":null,"speed_base_kmh":32,"speed_pm_kmh":24,"speed_pm_rain_kmh":21,"speed_source":"synthetic_grade_default","lanes":2,"lanes_source":"Synthetic_by_grade","oneway":false,"oneway_source":"default","bridge":false,"tunnel":false,"layer":0,"layer_source":"default_ground","access":"","surface":"","service":"","topology_source":"LBS-Master_roads_gcj_clip","impedance_synthetic":true,"routable":true,"fallback_clip":true},"geometry":{"type":"LineString","coordinates":[[121.901622,30.948046],[121.901624,30.948218],[121.901633,30.949027],[121.901635,30.949515],[121.901621,30.949787],[121.901563,30.950531],[121.901498,30.951352],[121.901465,30.951797],[121.901319,30.953715],[121.90131,30.953812]]}},{"type":"Feature","properties":{"osm_id":413708542,"name":"两港大道","ref":"S229","highway":"trunk","road_grade":"R1","maxspeed_raw":null,"speed_base_kmh":78,"speed_pm_kmh":56,"speed_pm_rain_kmh":49,"speed_source":"synthetic_grade_default","lanes":4,"lanes_source":"Synthetic_by_grade","oneway":false,"oneway_source":"default","bridge":false,"tunnel":false,"layer":0,"layer_source":"default_ground","access":"","surface":"","service":"","topology_source":"LBS-Master_roads_gcj_clip","impedance_synthetic":true,"routable":true,"fallback_clip":true},"geometry":{"type":"LineString","coordinates":[[121.883444,30.908294],[121.882271,30.906219],[121.880915,30.904297],[121.879757,30.902861],[121.877534,30.900394],[121.876091,30.899033],[121.874795,30.897849],[121.872468,30.895867]]}},{"type":"Feature","properties":{"osm_id":413951098,"name":"塘下公路","ref":"","highway":"secondary","road_grade":"R3","maxspeed_raw":null,"speed_base_kmh":42,"speed_pm_kmh":27,"speed_pm_rain_kmh":24,"speed_source":"synthetic_grade_default","lanes":3,"lanes_source":"Synthetic_by_grade","oneway":false,"oneway_source":"default","bridge":false,"tunnel":false,"layer":0,"layer_source":"default_ground","access":"","surface":"","service":"","topology_source":"LBS-Master_roads_gcj_clip","impedance_synthetic":true,"routable":true,"fallback_clip":true},"geometry":{"type":"LineString","coordinates":[[121.872977,30.877829],[121.873123,30.878013],[121.873456,30.878456],[121.874465,30.879671],[121.876666,30.88222],[121.877539,30.883334],[121.878718,30.885242],[121.879461,30.886299],[121.880161,30.887316],[121.880231,30.887417]]}},{"type":"Feature","properties":{"osm_id":413957922,"name":"两港大道","ref":"S229","highway":"trunk","road_grade":"R1","maxspeed_raw":null,"speed_base_kmh":78,"speed_pm_kmh":56,"speed_pm_rain_kmh":49,"speed_source":"synthetic_grade_default","lanes":4,"lanes_source":"Synthetic_by_grade","oneway":false,"oneway_source":"default","bridge":false,"tunnel":false,"layer":0,"layer_source":"default_ground","access":"","surface":"","service":"","topology_source":"LBS-Master_roads_gcj_clip","impedance_synthetic":true,"routable":true,"fallback_clip":true},"geometry":{"type":"LineString","coordinates":[[121.883736,30.908256],[121.883853,30.90847]]}},{"type":"Feature","properties":{"osm_id":413957923,"name":"两港大道","ref":"S229","highway":"trunk","road_grade":"R1","maxspeed_raw":null,"speed_base_kmh":78,"speed_pm_kmh":56,"speed_pm_rain_kmh":49,"speed_source":"synthetic_grade_default","lanes":4,"lanes_source":"Synthetic_by_grade","oneway":false,"oneway_source":"default","bridge":false,"tunnel":false,"layer":0,"layer_source":"default_ground","access":"","surface":"","service":"","topology_source":"LBS-Master_roads_gcj_clip","impedance_synthetic":true,"routable":true,"fallback_clip":true},"geometry":{"type":"LineString","coordinates":[[121.872602,30.895754],[121.874545,30.897395],[121.875414,30.898129],[121.877819,30.90033],[121.879376,30.902027],[121.880522,30.903389],[121.881579,30.904803],[121.882506,30.906112],[121.883175,30.907242],[121.883736,30.908256]]}},{"type":"Feature","properties":{"osm_id":419219312,"name":"环湖北二路","ref":"","highway":"secondary","road_grade":"R3","maxspeed_raw":null,"speed_base_kmh":42,"speed_pm_kmh":27,"speed_pm_rain_kmh":24,"speed_source":"synthetic_grade_default","lanes":3,"lanes_source":"Synthetic_by_grade","oneway":false,"oneway_source":"default","bridge":false,"tunnel":false,"layer":0,"layer_source":"default_ground","access":"","surface":"","service":"","topology_source":"LBS-Master_roads_gcj_clip","impedance_synthetic":true,"routable":true,"fallback_clip":true},"geometry":{"type":"LineString","coordinates":[[121.927931,30.908931],[121.928142,30.909134],[121.928664,30.909543],[121.929203,30.909939],[121.929557,30.910174],[121.929801,30.910336],[121.930405,30.910705],[121.931199,30.911149],[121.931779,30.911438],[121.932581,30.91179],[121.933476,30.912147]]}},{"type":"Feature","properties":{"osm_id":419219313,"name":"环湖西二路","ref":"","highway":"secondary","road_grade":"R3","maxspeed_raw":null,"speed_base_kmh":42,"speed_pm_kmh":27,"speed_pm_rain_kmh":24,"speed_source":"synthetic_grade_default","lanes":3,"lanes_source":"Synthetic_by_grade","oneway":false,"oneway_source":"default","bridge":false,"tunnel":false,"layer":0,"layer_source":"default_ground","access":"","surface":"","service":"","topology_source":"LBS-Master_roads_gcj_clip","impedance_synthetic":true,"routable":true,"fallback_clip":true},"geometry":{"type":"LineString","coordinates":[[121.922239,30.897308],[121.922231,30.89764],[121.92228,30.89839],[121.922303,30.89869],[121.9224,30.899538],[121.922414,30.899618],[121.92254,30.900348],[121.922671,30.900862],[121.922814,30.901375],[121.922946,30.901808],[121.92312,30.902285],[121.923261,30.902651],[121.923522,30.903259],[121.92359,30.90342]]}},{"type":"Feature","properties":{"osm_id":419219314,"name":"环湖西二路","ref":"","highway":"secondary","road_grade":"R3","maxspeed_raw":null,"speed_base_kmh":42,"speed_pm_kmh":27,"speed_pm_rain_kmh":24,"speed_source":"synthetic_grade_default","lanes":3,"lanes_source":"Synthetic_by_grade","oneway":false,"oneway_source":"default","bridge":false,"tunnel":false,"layer":0,"layer_source":"default_ground","access":"","surface":"","service":"","topology_source":"LBS-Master_roads_gcj_clip","impedance_synthetic":true,"routable":true,"fallback_clip":true},"geometry":{"type":"LineString","coordinates":[[121.927442,30.90882],[121.927247,30.908593],[121.926909,30.908269],[121.926447,30.907822],[121.925985,30.907324],[121.9256,30.906854],[121.925462,30.906688],[121.925331,30.906531],[121.92515,30.906309],[121.924897,30.905962],[121.924576,30.905501],[121.924293,30.905076],[121.923948,30.904503],[121.923693,30.90403],[121.923607,30.903862]]}},{"type":"Feature","properties":{"osm_id":419219315,"name":"小桉路","ref":"","highway":"tertiary","road_grade":"R4","maxspeed_raw":null,"speed_base_kmh":32,"speed_pm_kmh":24,"speed_pm_rain_kmh":21,"speed_source":"synthetic_grade_default","lanes":2,"lanes_source":"Synthetic_by_grade","oneway":false,"oneway_source":"default","bridge":false,"tunnel":false,"layer":0,"layer_source":"default_ground","access":"","surface":"","service":"","topology_source":"LBS-Master_roads_gcj_clip","impedance_synthetic":true,"routable":true,"fallback_clip":true},"geometry":{"type":"LineString","coordinates":[[121.973536,30.885644],[121.963274,30.889375],[121.962982,30.889465],[121.961523,30.889968]]}},{"type":"Feature","properties":{"osm_id":419220618,"name":"环湖南三路","ref":"","highway":"primary","road_grade":"R2","maxspeed_raw":null,"speed_base_kmh":52,"speed_pm_kmh":30,"speed_pm_rain_kmh":26,"speed_source":"synthetic_grade_default","lanes":4,"lanes_source":"Synthetic_by_grade","oneway":false,"oneway_source":"default","bridge":false,"tunnel":false,"layer":0,"layer_source":"default_ground","access":"","surface":"","service":"","topology_source":"LBS-Master_roads_gcj_clip","impedance_synthetic":true,"routable":true,"fallback_clip":true},"geometry":{"type":"LineString","coordinates":[[121.923626,30.882574],[121.924592,30.881834],[121.926213,30.880592],[121.926548,30.880384],[121.927971,30.879625],[121.928132,30.879545],[121.929452,30.878938],[121.930701,30.878303],[121.930855,30.878225]]}},{"type":"Feature","properties":{"osm_id":419220619,"name":"环湖西三路","ref":"","highway":"primary","road_grade":"R2","maxspeed_raw":null,"speed_base_kmh":52,"speed_pm_kmh":30,"speed_pm_rain_kmh":26,"speed_source":"synthetic_grade_default","lanes":4,"lanes_source":"Synthetic_by_grade","oneway":false,"oneway_source":"default","bridge":false,"tunnel":false,"layer":0,"layer_source":"default_ground","access":"","surface":"","service":"","topology_source":"LBS-Master_roads_gcj_clip","impedance_synthetic":true,"routable":true,"fallback_clip":true},"geometry":{"type":"LineString","coordinates":[[121.923664,30.882873],[121.923425,30.883071],[121.922863,30.883617],[121.922271,30.884184],[121.921787,30.884704],[121.921617,30.884908],[121.921516,30.88503],[121.921029,30.885627],[121.920906,30.885777],[121.920649,30.886092]]}},{"type":"Feature","properties":{"osm_id":419220620,"name":"","ref":"","highway":"primary","road_grade":"R2","maxspeed_raw":null,"speed_base_kmh":52,"speed_pm_kmh":30,"speed_pm_rain_kmh":26,"speed_source":"synthetic_grade_default","lanes":4,"lanes_source":"Synthetic_by_grade","oneway":false,"oneway_source":"default","bridge":false,"tunnel":false,"layer":0,"layer_source":"default_ground","access":"","surface":"","service":"","topology_source":"LBS-Master_roads_gcj_clip","impedance_synthetic":true,"routable":true,"fallback_clip":true},"geometry":{"type":"LineString","coordinates":[[121.963231,30.904843],[121.963263,30.904748],[121.963965,30.903068],[121.964423,30.901486],[121.964809,30.899484],[121.964922,30.89744],[121.96492,30.897305],[121.964792,30.895249],[121.964436,30.893412],[121.963811,30.891384],[121.962982,30.889465],[121.962492,30.888447],[121.961919,30.887458],[121.961216,30.886371],[121.960534,30.885416],[121.960236,30.885054],[121.959832,30.884564],[121.95915,30.883858]]}},{"type":"Feature","properties":{"osm_id":429094133,"name":"滨港大道","ref":"","highway":"secondary","road_grade":"R3","maxspeed_raw":null,"speed_base_kmh":42,"speed_pm_kmh":27,"speed_pm_rain_kmh":24,"speed_source":"synthetic_grade_default","lanes":3,"lanes_source":"Synthetic_by_grade","oneway":false,"oneway_source":"default","bridge":false,"tunnel":false,"layer":0,"layer_source":"default_ground","access":"","surface":"","service":"","topology_source":"LBS-Master_roads_gcj_clip","impedance_synthetic":true,"routable":true,"fallback_clip":true},"geometry":{"type":"LineString","coordinates":[[121.950904,30.905917],[121.950974,30.905977],[121.951069,30.906059],[121.951967,30.906841],[121.953239,30.907995],[121.954045,30.908715]]}},{"type":"Feature","properties":{"osm_id":429094134,"name":"南港大道","ref":"","highway":"secondary","road_grade":"R3","maxspeed_raw":null,"speed_base_kmh":42,"speed_pm_kmh":27,"speed_pm_rain_kmh":24,"speed_source":"synthetic_grade_default","lanes":3,"lanes_source":"Synthetic_by_grade","oneway":false,"oneway_source":"default","bridge":false,"tunnel":false,"layer":0,"layer_source":"default_ground","access":"","surface":"","service":"","topology_source":"LBS-Master_roads_gcj_clip","impedance_synthetic":true,"routable":true,"fallback_clip":true},"geometry":{"type":"LineString","coordinates":[[121.940632,30.87825],[121.940651,30.876656],[121.940645,30.876471],[121.94063,30.874482],[121.94062,30.873155],[121.940617,30.872722]]}},{"type":"Feature","properties":{"osm_id":429094135,"name":"","ref":"","highway":"secondary","road_grade":"R3","maxspeed_raw":null,"speed_base_kmh":42,"speed_pm_kmh":27,"speed_pm_rain_kmh":24,"speed_source":"synthetic_grade_default","lanes":3,"lanes_source":"Synthetic_by_grade","oneway":false,"oneway_source":"default","bridge":false,"tunnel":false,"layer":0,"layer_source":"default_ground","access":"","surface":"","service":"","topology_source":"LBS-Master_roads_gcj_clip","impedance_synthetic":true,"routable":true,"fallback_clip":true},"geometry":{"type":"LineString","coordinates":[[121.969404,30.897295],[121.97646,30.897293]]}},{"type":"Feature","properties":{"osm_id":429099828,"name":"环湖南二路","ref":"","highway":"secondary","road_grade":"R3","maxspeed_raw":null,"speed_base_kmh":42,"speed_pm_kmh":27,"speed_pm_rain_kmh":24,"speed_source":"synthetic_grade_default","lanes":3,"lanes_source":"Synthetic_by_grade","oneway":false,"oneway_source":"default","bridge":false,"tunnel":false,"layer":0,"layer_source":"default_ground","access":"","surface":"","service":"","topology_source":"LBS-Master_roads_gcj_clip","impedance_synthetic":true,"routable":true,"fallback_clip":true},"geometry":{"type":"LineString","coordinates":[[121.933318,30.88272],[121.931816,30.883359],[121.931455,30.88354],[121.93111,30.88371],[121.930379,30.884115],[121.930152,30.884252],[121.929676,30.884538],[121.928999,30.885005],[121.928449,30.885396],[121.92763,30.886057]]}},{"type":"Feature","properties":{"osm_id":429099829,"name":"环湖南二路","ref":"","highway":"secondary","road_grade":"R3","maxspeed_raw":null,"speed_base_kmh":42,"speed_pm_kmh":27,"speed_pm_rain_kmh":24,"speed_source":"synthetic_grade_default","lanes":3,"lanes_source":"Synthetic_by_grade","oneway":false,"oneway_source":"default","bridge":false,"tunnel":false,"layer":0,"layer_source":"default_ground","access":"","surface":"","service":"","topology_source":"LBS-Master_roads_gcj_clip","impedance_synthetic":true,"routable":true,"fallback_clip":true},"geometry":{"type":"LineString","coordinates":[[121.933847,30.882531],[121.933318,30.88272]]}},{"type":"Feature","properties":{"osm_id":429099830,"name":"环湖南二路","ref":"","highway":"secondary","road_grade":"R3","maxspeed_raw":null,"speed_base_kmh":42,"speed_pm_kmh":27,"speed_pm_rain_kmh":24,"speed_source":"synthetic_grade_default","lanes":3,"lanes_source":"Synthetic_by_grade","oneway":false,"oneway_source":"default","bridge":false,"tunnel":false,"layer":0,"layer_source":"default_ground","access":"","surface":"","service":"","topology_source":"LBS-Master_roads_gcj_clip","impedance_synthetic":true,"routable":true,"fallback_clip":true},"geometry":{"type":"LineString","coordinates":[[121.940781,30.881216],[121.941584,30.881246],[121.942474,30.881304],[121.94313,30.88136],[121.943754,30.881439],[121.944462,30.881554],[121.945265,30.881709],[121.946132,30.881912],[121.947072,30.882179],[121.94782,30.88242],[121.948537,30.882693],[121.948683,30.882752],[121.949058,30.882904],[121.949254,30.882983],[121.950206,30.88343],[121.950772,30.883737],[121.951121,30.883926],[121.952028,30.884469],[121.952858,30.885046]]}},{"type":"Feature","properties":{"osm_id":429099831,"name":"环湖南二路","ref":"","highway":"secondary","road_grade":"R3","maxspeed_raw":null,"speed_base_kmh":42,"speed_pm_kmh":27,"speed_pm_rain_kmh":24,"speed_source":"synthetic_grade_default","lanes":3,"lanes_source":"Synthetic_by_grade","oneway":false,"oneway_source":"default","bridge":false,"tunnel":false,"layer":0,"layer_source":"default_ground","access":"","surface":"","service":"","topology_source":"LBS-Master_roads_gcj_clip","impedance_synthetic":true,"routable":true,"fallback_clip":true},"geometry":{"type":"LineString","coordinates":[[121.933229,30.882573],[121.933774,30.882371]]}},{"type":"Feature","properties":{"osm_id":429099832,"name":"","ref":"","highway":"primary","road_grade":"R2","maxspeed_raw":null,"speed_base_kmh":52,"speed_pm_kmh":30,"speed_pm_rain_kmh":26,"speed_source":"synthetic_grade_default","lanes":4,"lanes_source":"Synthetic_by_grade","oneway":false,"oneway_source":"default","bridge":false,"tunnel":false,"layer":0,"layer_source":"default_ground","access":"","surface":"","service":"","topology_source":"LBS-Master_roads_gcj_clip","impedance_synthetic":true,"routable":true,"fallback_clip":true},"geometry":{"type":"LineString","coordinates":[[121.943449,30.876601],[121.945199,30.876803],[121.94547,30.876857],[121.946744,30.877113],[121.948603,30.877593],[121.950318,30.878176],[121.952055,30.87891],[121.953725,30.87973],[121.954997,30.880419],[121.956552,30.881347]]}},{"type":"Feature","properties":{"osm_id":429099833,"name":"环湖南三路","ref":"","highway":"primary","road_grade":"R2","maxspeed_raw":null,"speed_base_kmh":52,"speed_pm_kmh":30,"speed_pm_rain_kmh":26,"speed_source":"synthetic_grade_default","lanes":4,"lanes_source":"Synthetic_by_grade","oneway":false,"oneway_source":"default","bridge":false,"tunnel":false,"layer":0,"layer_source":"default_ground","access":"","surface":"","service":"","topology_source":"LBS-Master_roads_gcj_clip","impedance_synthetic":true,"routable":true,"fallback_clip":true},"geometry":{"type":"LineString","coordinates":[[121.930855,30.878225],[121.931452,30.87801]]}},{"type":"Feature","properties":{"osm_id":429099834,"name":"环湖南三路","ref":"","highway":"primary","road_grade":"R2","maxspeed_raw":null,"speed_base_kmh":52,"speed_pm_kmh":30,"speed_pm_rain_kmh":26,"speed_source":"synthetic_grade_default","lanes":4,"lanes_source":"Synthetic_by_grade","oneway":false,"oneway_source":"default","bridge":false,"tunnel":false,"layer":0,"layer_source":"default_ground","access":"","surface":"","service":"","topology_source":"LBS-Master_roads_gcj_clip","impedance_synthetic":true,"routable":true,"fallback_clip":true},"geometry":{"type":"LineString","coordinates":[[121.93096,30.878444],[121.93082,30.878502],[121.929444,30.879071],[121.928234,30.879689],[121.928085,30.879765],[121.927868,30.879875],[121.926684,30.880588],[121.926354,30.880787],[121.925767,30.881206],[121.924892,30.88183],[121.923819,30.88274]]}},{"type":"Feature","properties":{"osm_id":429099835,"name":"环湖南三路","ref":"","highway":"primary","road_grade":"R2","maxspeed_raw":null,"speed_base_kmh":52,"speed_pm_kmh":30,"speed_pm_rain_kmh":26,"speed_source":"synthetic_grade_default","lanes":4,"lanes_source":"Synthetic_by_grade","oneway":false,"oneway_source":"default","bridge":false,"tunnel":false,"layer":0,"layer_source":"default_ground","access":"","surface":"","service":"","topology_source":"LBS-Master_roads_gcj_clip","impedance_synthetic":true,"routable":true,"fallback_clip":true},"geometry":{"type":"LineString","coordinates":[[121.931566,30.878226],[121.93096,30.878444]]}},{"type":"Feature","properties":{"osm_id":429099836,"name":"","ref":"","highway":"secondary","road_grade":"R3","maxspeed_raw":null,"speed_base_kmh":42,"speed_pm_kmh":27,"speed_pm_rain_kmh":24,"speed_source":"synthetic_grade_default","lanes":3,"lanes_source":"Synthetic_by_grade","oneway":false,"oneway_source":"default","bridge":false,"tunnel":false,"layer":0,"layer_source":"default_ground","access":"","surface":"","service":"","topology_source":"LBS-Master_roads_gcj_clip","impedance_synthetic":true,"routable":true,"fallback_clip":true},"geometry":{"type":"LineString","coordinates":[[121.955007,30.887131],[121.954226,30.886398],[121.953508,30.885775],[121.952705,30.885153]]}},{"type":"Feature","properties":{"osm_id":429099837,"name":"环湖南二路","ref":"","highway":"secondary","road_grade":"R3","maxspeed_raw":null,"speed_base_kmh":42,"speed_pm_kmh":27,"speed_pm_rain_kmh":24,"speed_source":"synthetic_grade_default","lanes":3,"lanes_source":"Synthetic_by_grade","oneway":false,"oneway_source":"default","bridge":false,"tunnel":false,"layer":0,"layer_source":"default_ground","access":"","surface":"","service":"","topology_source":"LBS-Master_roads_gcj_clip","impedance_synthetic":true,"routable":true,"fallback_clip":true},"geometry":{"type":"LineString","coordinates":[[121.952705,30.885153],[121.951892,30.884588],[121.951053,30.884073],[121.950142,30.883575],[121.94919,30.883136],[121.948463,30.882837],[121.947732,30.882566],[121.946994,30.882322],[121.94606,30.882062],[121.945172,30.881851],[121.944461,30.881719],[121.943731,30.8816],[121.943101,30.881522],[121.942429,30.881457],[121.941548,30.881403],[121.940787,30.881394],[121.940606,30.881389]]}},{"type":"Feature","properties":{"osm_id":429099838,"name":"","ref":"","highway":"secondary","road_grade":"R3","maxspeed_raw":null,"speed_base_kmh":42,"speed_pm_kmh":27,"speed_pm_rain_kmh":24,"speed_source":"synthetic_grade_default","lanes":3,"lanes_source":"Synthetic_by_grade","oneway":false,"oneway_source":"default","bridge":false,"tunnel":false,"layer":0,"layer_source":"default_ground","access":"","surface":"","service":"","topology_source":"LBS-Master_roads_gcj_clip","impedance_synthetic":true,"routable":true,"fallback_clip":true},"geometry":{"type":"LineString","coordinates":[[121.952858,30.885046],[121.953673,30.885675],[121.954351,30.886272],[121.955158,30.887021]]}},{"type":"Feature","properties":{"osm_id":429099839,"name":"环湖东二路","ref":"","highway":"secondary","road_grade":"R3","maxspeed_raw":null,"speed_base_kmh":42,"speed_pm_kmh":27,"speed_pm_rain_kmh":24,"speed_source":"synthetic_grade_default","lanes":3,"lanes_source":"Synthetic_by_grade","oneway":false,"oneway_source":"default","bridge":false,"tunnel":false,"layer":0,"layer_source":"default_ground","access":"","surface":"","service":"","topology_source":"LBS-Master_roads_gcj_clip","impedance_synthetic":true,"routable":true,"fallback_clip":true},"geometry":{"type":"LineString","coordinates":[[121.958128,30.8912],[121.958576,30.892246],[121.958894,30.893118],[121.9591,30.893824],[121.959271,30.894541],[121.959393,30.895193],[121.95948,30.895856],[121.959538,30.896476],[121.959579,30.897333],[121.95958,30.897456],[121.95955,30.898355],[121.959459,30.899311],[121.959295,30.900272],[121.959073,30.901191],[121.958925,30.901717],[121.958731,30.90226],[121.958514,30.902812],[121.958265,30.903367]]}},{"type":"Feature","properties":{"osm_id":429099840,"name":"","ref":"","highway":"primary","road_grade":"R2","maxspeed_raw":null,"speed_base_kmh":52,"speed_pm_kmh":30,"speed_pm_rain_kmh":26,"speed_source":"synthetic_grade_default","lanes":4,"lanes_source":"Synthetic_by_grade","oneway":false,"oneway_source":"default","bridge":false,"tunnel":false,"layer":0,"layer_source":"default_ground","access":"","surface":"","service":"","topology_source":"LBS-Master_roads_gcj_clip","impedance_synthetic":true,"routable":true,"fallback_clip":true},"geometry":{"type":"LineString","coordinates":[[121.956552,30.881347],[121.957677,30.882125],[121.958495,30.882797],[121.95939,30.883673]]}},{"type":"Feature","properties":{"osm_id":429099841,"name":"","ref":"","highway":"primary","road_grade":"R2","maxspeed_raw":null,"speed_base_kmh":52,"speed_pm_kmh":30,"speed_pm_rain_kmh":26,"speed_source":"synthetic_grade_default","lanes":4,"lanes_source":"Synthetic_by_grade","oneway":false,"oneway_source":"default","bridge":false,"tunnel":false,"layer":0,"layer_source":"default_ground","access":"","surface":"","service":"","topology_source":"LBS-Master_roads_gcj_clip","impedance_synthetic":true,"routable":true,"fallback_clip":true},"geometry":{"type":"LineString","coordinates":[[121.956357,30.881537],[121.954807,30.880603],[121.953572,30.879927],[121.9519,30.879112],[121.950199,30.878392],[121.948566,30.877847],[121.946785,30.877384],[121.946028,30.877228],[121.945413,30.877101],[121.945159,30.877049],[121.944048,30.876883],[121.943408,30.876805]]}},{"type":"Feature","properties":{"osm_id":429099842,"name":"","ref":"","highway":"primary","road_grade":"R2","maxspeed_raw":null,"speed_base_kmh":52,"speed_pm_kmh":30,"speed_pm_rain_kmh":26,"speed_source":"synthetic_grade_default","lanes":4,"lanes_source":"Synthetic_by_grade","oneway":false,"oneway_source":"default","bridge":false,"tunnel":false,"layer":0,"layer_source":"default_ground","access":"","surface":"","service":"","topology_source":"LBS-Master_roads_gcj_clip","impedance_synthetic":true,"routable":true,"fallback_clip":true},"geometry":{"type":"LineString","coordinates":[[121.95915,30.883858],[121.958265,30.882979],[121.957485,30.882345],[121.956357,30.881537]]}},{"type":"Feature","properties":{"osm_id":429099843,"name":"","ref":"","highway":"primary","road_grade":"R2","maxspeed_raw":null,"speed_base_kmh":52,"speed_pm_kmh":30,"speed_pm_rain_kmh":26,"speed_source":"synthetic_grade_default","lanes":4,"lanes_source":"Synthetic_by_grade","oneway":false,"oneway_source":"default","bridge":false,"tunnel":false,"layer":0,"layer_source":"default_ground","access":"","surface":"","service":"","topology_source":"LBS-Master_roads_gcj_clip","impedance_synthetic":true,"routable":true,"fallback_clip":true},"geometry":{"type":"LineString","coordinates":[[121.95939,30.883673],[121.960057,30.88439],[121.960792,30.885298],[121.96148,30.886236],[121.962221,30.887361],[121.962782,30.888377],[121.963274,30.889375],[121.964096,30.891315],[121.964662,30.893341],[121.964685,30.893464],[121.965013,30.895257],[121.965118,30.897307],[121.965127,30.897432],[121.965036,30.89911],[121.964785,30.90146],[121.964288,30.903197],[121.96356,30.904913]]}},{"type":"Feature","properties":{"osm_id":429099844,"name":"南港大道","ref":"","highway":"secondary","road_grade":"R3","maxspeed_raw":null,"speed_base_kmh":42,"speed_pm_kmh":27,"speed_pm_rain_kmh":24,"speed_source":"synthetic_grade_default","lanes":3,"lanes_source":"Synthetic_by_grade","oneway":false,"oneway_source":"default","bridge":false,"tunnel":false,"layer":0,"layer_source":"default_ground","access":"","surface":"","service":"","topology_source":"LBS-Master_roads_gcj_clip","impedance_synthetic":true,"routable":true,"fallback_clip":true},"geometry":{"type":"LineString","coordinates":[[121.940667,30.88521],[121.940651,30.885072],[121.940638,30.884036],[121.940636,30.883584],[121.940651,30.882388],[121.940606,30.881389]]}},{"type":"Feature","properties":{"osm_id":429099845,"name":"南港大道","ref":"","highway":"secondary","road_grade":"R3","maxspeed_raw":null,"speed_base_kmh":42,"speed_pm_kmh":27,"speed_pm_rain_kmh":24,"speed_source":"synthetic_grade_default","lanes":3,"lanes_source":"Synthetic_by_grade","oneway":false,"oneway_source":"default","bridge":false,"tunnel":false,"layer":0,"layer_source":"default_ground","access":"","surface":"","service":"","topology_source":"LBS-Master_roads_gcj_clip","impedance_synthetic":true,"routable":true,"fallback_clip":true},"geometry":{"type":"LineString","coordinates":[[121.940657,30.878735],[121.940632,30.87825]]}},{"type":"Feature","properties":{"osm_id":429099846,"name":"环湖北二路","ref":"","highway":"secondary","road_grade":"R3","maxspeed_raw":null,"speed_base_kmh":42,"speed_pm_kmh":27,"speed_pm_rain_kmh":24,"speed_source":"synthetic_grade_default","lanes":3,"lanes_source":"Synthetic_by_grade","oneway":false,"oneway_source":"default","bridge":false,"tunnel":false,"layer":0,"layer_source":"default_ground","access":"","surface":"","service":"","topology_source":"LBS-Master_roads_gcj_clip","impedance_synthetic":true,"routable":true,"fallback_clip":true},"geometry":{"type":"LineString","coordinates":[[121.948334,30.912252],[121.947765,30.912456]]}},{"type":"Feature","properties":{"osm_id":429099847,"name":"环湖东二路","ref":"","highway":"secondary","road_grade":"R3","maxspeed_raw":null,"speed_base_kmh":42,"speed_pm_kmh":27,"speed_pm_rain_kmh":24,"speed_source":"synthetic_grade_default","lanes":3,"lanes_source":"Synthetic_by_grade","oneway":false,"oneway_source":"default","bridge":false,"tunnel":false,"layer":0,"layer_source":"default_ground","access":"","surface":"","service":"","topology_source":"LBS-Master_roads_gcj_clip","impedance_synthetic":true,"routable":true,"fallback_clip":true},"geometry":{"type":"LineString","coordinates":[[121.958092,30.903304],[121.958321,30.902811],[121.958526,30.902318],[121.958731,30.901718],[121.958874,30.90119],[121.959001,30.90073],[121.959134,30.900137],[121.959271,30.899296],[121.959374,30.898401],[121.959409,30.897453],[121.959403,30.897333],[121.959356,30.896467],[121.959307,30.895883],[121.959212,30.895214],[121.959083,30.894551],[121.958913,30.893859],[121.958715,30.893173],[121.958401,30.89224],[121.957953,30.891256],[121.957478,30.890363],[121.95714,30.889815],[121.956787,30.889276],[121.956395,30.888725],[121.955962,30.88819],[121.955507,30.887653],[121.955007,30.887131]]}},{"type":"Feature","properties":{"osm_id":429099848,"name":"环湖北二路","ref":"","highway":"secondary","road_grade":"R3","maxspeed_raw":null,"speed_base_kmh":42,"speed_pm_kmh":27,"speed_pm_rain_kmh":24,"speed_source":"synthetic_grade_default","lanes":3,"lanes_source":"Synthetic_by_grade","oneway":false,"oneway_source":"default","bridge":false,"tunnel":false,"layer":0,"layer_source":"default_ground","access":"","surface":"","service":"","topology_source":"LBS-Master_roads_gcj_clip","impedance_synthetic":true,"routable":true,"fallback_clip":true},"geometry":{"type":"LineString","coordinates":[[121.947765,30.912456],[121.946777,30.912775],[121.945906,30.913005],[121.944839,30.913236],[121.943912,30.913396],[121.943064,30.913488],[121.942947,30.913501],[121.942605,30.913531],[121.94212,30.913568],[121.941291,30.913602],[121.939946,30.913603],[121.939751,30.913591],[121.938887,30.913538],[121.938749,30.91353],[121.938293,30.913469],[121.937806,30.913402],[121.937405,30.913347],[121.936329,30.913146],[121.935724,30.913004]]}},{"type":"Feature","properties":{"osm_id":429099849,"name":"环湖北二路","ref":"","highway":"secondary","road_grade":"R3","maxspeed_raw":null,"speed_base_kmh":42,"speed_pm_kmh":27,"speed_pm_rain_kmh":24,"speed_source":"synthetic_grade_default","lanes":3,"lanes_source":"Synthetic_by_grade","oneway":false,"oneway_source":"default","bridge":false,"tunnel":false,"layer":0,"layer_source":"default_ground","access":"","surface":"","service":"","topology_source":"LBS-Master_roads_gcj_clip","impedance_synthetic":true,"routable":true,"fallback_clip":true},"geometry":{"type":"LineString","coordinates":[[121.947699,30.912307],[121.948249,30.912108]]}},{"type":"Feature","properties":{"osm_id":429099850,"name":"环湖北二路","ref":"","highway":"secondary","road_grade":"R3","maxspeed_raw":null,"speed_base_kmh":42,"speed_pm_kmh":27,"speed_pm_rain_kmh":24,"speed_source":"synthetic_grade_default","lanes":3,"lanes_source":"Synthetic_by_grade","oneway":false,"oneway_source":"default","bridge":false,"tunnel":false,"layer":0,"layer_source":"default_ground","access":"","surface":"","service":"","topology_source":"LBS-Master_roads_gcj_clip","impedance_synthetic":true,"routable":true,"fallback_clip":true},"geometry":{"type":"LineString","coordinates":[[121.93577,30.912853],[121.936358,30.91299],[121.937452,30.913186],[121.938277,30.913307],[121.938742,30.91338],[121.938886,30.91339],[121.939957,30.913466],[121.941274,30.91345],[121.941844,30.913425],[121.94227,30.913407],[121.942993,30.913331],[121.943911,30.913229],[121.944913,30.913056],[121.945847,30.912856],[121.946697,30.91263],[121.947699,30.912307]]}},{"type":"Feature","properties":{"osm_id":429099851,"name":"环湖北二路","ref":"","highway":"secondary","road_grade":"R3","maxspeed_raw":null,"speed_base_kmh":42,"speed_pm_kmh":27,"speed_pm_rain_kmh":24,"speed_source":"synthetic_grade_default","lanes":3,"lanes_source":"Synthetic_by_grade","oneway":false,"oneway_source":"default","bridge":false,"tunnel":false,"layer":0,"layer_source":"default_ground","access":"","surface":"","service":"","topology_source":"LBS-Master_roads_gcj_clip","impedance_synthetic":true,"routable":true,"fallback_clip":true},"geometry":{"type":"LineString","coordinates":[[121.933987,30.912514],[121.933408,30.912311]]}},{"type":"Feature","properties":{"osm_id":429099852,"name":"环湖北二路","ref":"","highway":"secondary","road_grade":"R3","maxspeed_raw":null,"speed_base_kmh":42,"speed_pm_kmh":27,"speed_pm_rain_kmh":24,"speed_source":"synthetic_grade_default","lanes":3,"lanes_source":"Synthetic_by_grade","oneway":false,"oneway_source":"default","bridge":false,"tunnel":false,"layer":0,"layer_source":"default_ground","access":"","surface":"","service":"","topology_source":"LBS-Master_roads_gcj_clip","impedance_synthetic":true,"routable":true,"fallback_clip":true},"geometry":{"type":"LineString","coordinates":[[121.933408,30.912311],[121.932264,30.911836],[121.931264,30.911368],[121.931234,30.911352],[121.931102,30.911284],[121.930307,30.910838],[121.930201,30.910775],[121.92969,30.910473],[121.929083,30.910066],[121.928185,30.909444],[121.927921,30.909224],[121.927698,30.909039]]}},{"type":"Feature","properties":{"osm_id":429099853,"name":"环湖北二路","ref":"","highway":"secondary","road_grade":"R3","maxspeed_raw":null,"speed_base_kmh":42,"speed_pm_kmh":27,"speed_pm_rain_kmh":24,"speed_source":"synthetic_grade_default","lanes":3,"lanes_source":"Synthetic_by_grade","oneway":false,"oneway_source":"default","bridge":false,"tunnel":false,"layer":0,"layer_source":"default_ground","access":"","surface":"","service":"","topology_source":"LBS-Master_roads_gcj_clip","impedance_synthetic":true,"routable":true,"fallback_clip":true},"geometry":{"type":"LineString","coordinates":[[121.933476,30.912147],[121.934045,30.912346]]}},{"type":"Feature","properties":{"osm_id":446796830,"name":"古棕路","ref":"","highway":"tertiary","road_grade":"R4","maxspeed_raw":null,"speed_base_kmh":32,"speed_pm_kmh":24,"speed_pm_rain_kmh":21,"speed_source":"synthetic_grade_default","lanes":2,"lanes_source":"Synthetic_by_grade","oneway":false,"oneway_source":"default","bridge":false,"tunnel":false,"layer":0,"layer_source":"default_ground","access":"","surface":"","service":"","topology_source":"LBS-Master_roads_gcj_clip","impedance_synthetic":true,"routable":true,"fallback_clip":true},"geometry":{"type":"LineString","coordinates":[[121.915312,30.88163],[121.915125,30.881462]]}},{"type":"Feature","properties":{"osm_id":446796831,"name":"古棕路","ref":"","highway":"tertiary","road_grade":"R4","maxspeed_raw":null,"speed_base_kmh":32,"speed_pm_kmh":24,"speed_pm_rain_kmh":21,"speed_source":"synthetic_grade_default","lanes":2,"lanes_source":"Synthetic_by_grade","oneway":false,"oneway_source":"default","bridge":false,"tunnel":false,"layer":0,"layer_source":"default_ground","access":"","surface":"","service":"","topology_source":"LBS-Master_roads_gcj_clip","impedance_synthetic":true,"routable":true,"fallback_clip":true},"geometry":{"type":"LineString","coordinates":[[121.915408,30.881559],[121.915673,30.88179]]}},{"type":"Feature","properties":{"osm_id":446796834,"name":"古棕路","ref":"","highway":"tertiary","road_grade":"R4","maxspeed_raw":null,"speed_base_kmh":32,"speed_pm_kmh":24,"speed_pm_rain_kmh":21,"speed_source":"synthetic_grade_default","lanes":2,"lanes_source":"Synthetic_by_grade","oneway":false,"oneway_source":"default","bridge":false,"tunnel":false,"layer":0,"layer_source":"default_ground","access":"","surface":"","service":"","topology_source":"LBS-Master_roads_gcj_clip","impedance_synthetic":true,"routable":true,"fallback_clip":true},"geometry":{"type":"LineString","coordinates":[[121.915673,30.88179],[121.91616,30.882221],[121.916632,30.882624]]}},{"type":"Feature","properties":{"osm_id":446796835,"name":"古棕路","ref":"","highway":"tertiary","road_grade":"R4","maxspeed_raw":null,"speed_base_kmh":32,"speed_pm_kmh":24,"speed_pm_rain_kmh":21,"speed_source":"synthetic_grade_default","lanes":2,"lanes_source":"Synthetic_by_grade","oneway":false,"oneway_source":"default","bridge":false,"tunnel":false,"layer":0,"layer_source":"default_ground","access":"","surface":"","service":"","topology_source":"LBS-Master_roads_gcj_clip","impedance_synthetic":true,"routable":true,"fallback_clip":true},"geometry":{"type":"LineString","coordinates":[[121.915583,30.881874],[121.915312,30.88163]]}},{"type":"Feature","properties":{"osm_id":446955329,"name":"","ref":"","highway":"secondary_link","road_grade":"R3","maxspeed_raw":null,"speed_base_kmh":42,"speed_pm_kmh":27,"speed_pm_rain_kmh":24,"speed_source":"synthetic_grade_default","lanes":3,"lanes_source":"Synthetic_by_grade","oneway":false,"oneway_source":"default","bridge":false,"tunnel":false,"layer":0,"layer_source":"default_ground","access":"","surface":"","service":"","topology_source":"LBS-Master_roads_gcj_clip","impedance_synthetic":true,"routable":true,"fallback_clip":true},"geometry":{"type":"LineString","coordinates":[[121.913302,30.874836],[121.913408,30.874845],[121.913476,30.874924],[121.913444,30.875018]]}},{"type":"Feature","properties":{"osm_id":446955344,"name":"古棕路","ref":"","highway":"tertiary","road_grade":"R4","maxspeed_raw":null,"speed_base_kmh":32,"speed_pm_kmh":24,"speed_pm_rain_kmh":21,"speed_source":"synthetic_grade_default","lanes":2,"lanes_source":"Synthetic_by_grade","oneway":false,"oneway_source":"default","bridge":false,"tunnel":false,"layer":0,"layer_source":"default_ground","access":"","surface":"","service":"","topology_source":"LBS-Master_roads_gcj_clip","impedance_synthetic":true,"routable":true,"fallback_clip":true},"geometry":{"type":"LineString","coordinates":[[121.911304,30.876414],[121.911513,30.876536],[121.911602,30.876641],[121.911783,30.876905],[121.911875,30.877055],[121.91201,30.87737],[121.912073,30.877528],[121.912248,30.878027],[121.912461,30.878622],[121.912525,30.87879],[121.912599,30.878943],[121.912686,30.879088],[121.91276,30.879198],[121.912912,30.879384],[121.913056,30.879529],[121.913224,30.879698],[121.913402,30.879847],[121.913511,30.879939],[121.91375,30.880137],[121.914171,30.880486],[121.915124,30.881313],[121.915208,30.881386]]}},{"type":"Feature","properties":{"osm_id":449169529,"name":"水芸路","ref":"","highway":"tertiary","road_grade":"R4","maxspeed_raw":null,"speed_base_kmh":32,"speed_pm_kmh":24,"speed_pm_rain_kmh":21,"speed_source":"synthetic_grade_default","lanes":2,"lanes_source":"Synthetic_by_grade","oneway":false,"oneway_source":"default","bridge":false,"tunnel":false,"layer":0,"layer_source":"default_ground","access":"","surface":"","service":"","topology_source":"LBS-Master_roads_gcj_clip","impedance_synthetic":true,"routable":true,"fallback_clip":true},"geometry":{"type":"LineString","coordinates":[[121.925276,30.896929],[121.925275,30.897266],[121.925288,30.898034]]}},{"type":"Feature","properties":{"osm_id":449169532,"name":"水芸路","ref":"","highway":"tertiary","road_grade":"R4","maxspeed_raw":null,"speed_base_kmh":32,"speed_pm_kmh":24,"speed_pm_rain_kmh":21,"speed_source":"synthetic_grade_default","lanes":2,"lanes_source":"Synthetic_by_grade","oneway":false,"oneway_source":"default","bridge":false,"tunnel":false,"layer":0,"layer_source":"default_ground","access":"","surface":"","service":"","topology_source":"LBS-Master_roads_gcj_clip","impedance_synthetic":true,"routable":true,"fallback_clip":true},"geometry":{"type":"LineString","coordinates":[[121.925288,30.898034],[121.925328,30.898464],[121.925378,30.898864],[121.925398,30.898963]]}},{"type":"Feature","properties":{"osm_id":475411861,"name":"沪芦高速","ref":"S2","highway":"motorway","road_grade":"R1","maxspeed_raw":null,"speed_base_kmh":78,"speed_pm_kmh":56,"speed_pm_rain_kmh":49,"speed_source":"synthetic_grade_default","lanes":4,"lanes_source":"Synthetic_by_grade","oneway":false,"oneway_source":"default","bridge":false,"tunnel":false,"layer":0,"layer_source":"default_ground","access":"","surface":"","service":"","topology_source":"LBS-Master_roads_gcj_clip","impedance_synthetic":true,"routable":true,"fallback_clip":true},"geometry":{"type":"LineString","coordinates":[[121.865971,30.896805],[121.865616,30.897077]]}},{"type":"Feature","properties":{"osm_id":475411862,"name":"沪芦高速","ref":"S2","highway":"motorway","road_grade":"R1","maxspeed_raw":null,"speed_base_kmh":78,"speed_pm_kmh":56,"speed_pm_rain_kmh":49,"speed_source":"synthetic_grade_default","lanes":4,"lanes_source":"Synthetic_by_grade","oneway":false,"oneway_source":"default","bridge":false,"tunnel":false,"layer":0,"layer_source":"default_ground","access":"","surface":"","service":"","topology_source":"LBS-Master_roads_gcj_clip","impedance_synthetic":true,"routable":true,"fallback_clip":true},"geometry":{"type":"LineString","coordinates":[[121.865616,30.897077],[121.864293,30.898065],[121.863393,30.898709],[121.862483,30.899347],[121.861551,30.899975],[121.860611,30.90059],[121.859957,30.90101],[121.859313,30.901429]]}},{"type":"Feature","properties":{"osm_id":475411863,"name":"","ref":"","highway":"motorway_link","road_grade":"R1","maxspeed_raw":null,"speed_base_kmh":78,"speed_pm_kmh":56,"speed_pm_rain_kmh":49,"speed_source":"synthetic_grade_default","lanes":4,"lanes_source":"Synthetic_by_grade","oneway":false,"oneway_source":"default","bridge":false,"tunnel":false,"layer":0,"layer_source":"default_ground","access":"","surface":"","service":"","topology_source":"LBS-Master_roads_gcj_clip","impedance_synthetic":true,"routable":true,"fallback_clip":true},"geometry":{"type":"LineString","coordinates":[[121.865699,30.897139],[121.865124,30.897521],[121.864293,30.898065]]}},{"type":"Feature","properties":{"osm_id":475411864,"name":"","ref":"","highway":"motorway_link","road_grade":"R1","maxspeed_raw":null,"speed_base_kmh":78,"speed_pm_kmh":56,"speed_pm_rain_kmh":49,"speed_source":"synthetic_grade_default","lanes":4,"lanes_source":"Synthetic_by_grade","oneway":false,"oneway_source":"default","bridge":false,"tunnel":false,"layer":0,"layer_source":"default_ground","access":"","surface":"","service":"","topology_source":"LBS-Master_roads_gcj_clip","impedance_synthetic":true,"routable":true,"fallback_clip":true},"geometry":{"type":"LineString","coordinates":[[121.866082,30.896871],[121.865699,30.897139]]}},{"type":"Feature","properties":{"osm_id":477808720,"name":"同顺大道","ref":"","highway":"secondary","road_grade":"R3","maxspeed_raw":null,"speed_base_kmh":42,"speed_pm_kmh":27,"speed_pm_rain_kmh":24,"speed_source":"synthetic_grade_default","lanes":3,"lanes_source":"Synthetic_by_grade","oneway":false,"oneway_source":"default","bridge":false,"tunnel":false,"layer":0,"layer_source":"default_ground","access":"","surface":"","service":"","topology_source":"LBS-Master_roads_gcj_clip","impedance_synthetic":true,"routable":true,"fallback_clip":true},"geometry":{"type":"LineString","coordinates":[[121.87931,30.872604],[121.879139,30.872753]]}},{"type":"Feature","properties":{"osm_id":477808721,"name":"同顺大道","ref":"","highway":"secondary","road_grade":"R3","maxspeed_raw":null,"speed_base_kmh":42,"speed_pm_kmh":27,"speed_pm_rain_kmh":24,"speed_source":"synthetic_grade_default","lanes":3,"lanes_source":"Synthetic_by_grade","oneway":false,"oneway_source":"default","bridge":false,"tunnel":false,"layer":0,"layer_source":"default_ground","access":"","surface":"","service":"","topology_source":"LBS-Master_roads_gcj_clip","impedance_synthetic":true,"routable":true,"fallback_clip":true},"geometry":{"type":"LineString","coordinates":[[121.888253,30.864799],[121.887954,30.865059],[121.887778,30.865216],[121.887589,30.865386],[121.884469,30.868111],[121.884227,30.868318],[121.884038,30.86848],[121.880685,30.871411],[121.87931,30.872604]]}},{"type":"Feature","properties":{"osm_id":477808722,"name":"同顺大道","ref":"","highway":"secondary","road_grade":"R3","maxspeed_raw":null,"speed_base_kmh":42,"speed_pm_kmh":27,"speed_pm_rain_kmh":24,"speed_source":"synthetic_grade_default","lanes":3,"lanes_source":"Synthetic_by_grade","oneway":false,"oneway_source":"default","bridge":false,"tunnel":false,"layer":0,"layer_source":"default_ground","access":"","surface":"","service":"","topology_source":"LBS-Master_roads_gcj_clip","impedance_synthetic":true,"routable":true,"fallback_clip":true},"geometry":{"type":"LineString","coordinates":[[121.878775,30.872547],[121.879057,30.872284]]}},{"type":"Feature","properties":{"osm_id":477808723,"name":"同顺大道","ref":"","highway":"secondary","road_grade":"R3","maxspeed_raw":null,"speed_base_kmh":42,"speed_pm_kmh":27,"speed_pm_rain_kmh":24,"speed_source":"synthetic_grade_default","lanes":3,"lanes_source":"Synthetic_by_grade","oneway":false,"oneway_source":"default","bridge":false,"tunnel":false,"layer":0,"layer_source":"default_ground","access":"","surface":"","service":"","topology_source":"LBS-Master_roads_gcj_clip","impedance_synthetic":true,"routable":true,"fallback_clip":true},"geometry":{"type":"LineString","coordinates":[[121.872908,30.877891],[121.872977,30.877829],[121.873101,30.877723],[121.873645,30.877247],[121.874726,30.876301],[121.875862,30.875307],[121.876984,30.874347],[121.877206,30.874127]]}},{"type":"Feature","properties":{"osm_id":478768916,"name":"东海大桥","ref":"","highway":"motorway","road_grade":"R1","maxspeed_raw":null,"speed_base_kmh":78,"speed_pm_kmh":56,"speed_pm_rain_kmh":49,"speed_source":"synthetic_grade_default","lanes":4,"lanes_source":"Synthetic_by_grade","oneway":false,"oneway_source":"default","bridge":false,"tunnel":false,"layer":0,"layer_source":"default_ground","access":"","surface":"","service":"","topology_source":"LBS-Master_roads_gcj_clip","impedance_synthetic":true,"routable":true,"fallback_clip":true},"geometry":{"type":"LineString","coordinates":[[121.892475,30.873932],[121.892431,30.87397],[121.892359,30.874035]]}},{"type":"Feature","properties":{"osm_id":478768917,"name":"东海大桥","ref":"","highway":"motorway","road_grade":"R1","maxspeed_raw":null,"speed_base_kmh":78,"speed_pm_kmh":56,"speed_pm_rain_kmh":49,"speed_source":"synthetic_grade_default","lanes":4,"lanes_source":"Synthetic_by_grade","oneway":false,"oneway_source":"default","bridge":false,"tunnel":false,"layer":0,"layer_source":"default_ground","access":"","surface":"","service":"","topology_source":"LBS-Master_roads_gcj_clip","impedance_synthetic":true,"routable":true,"fallback_clip":true},"geometry":{"type":"LineString","coordinates":[[121.892783,30.87366],[121.892475,30.873932]]}},{"type":"Feature","properties":{"osm_id":478768918,"name":"东海大桥","ref":"","highway":"motorway","road_grade":"R1","maxspeed_raw":null,"speed_base_kmh":78,"speed_pm_kmh":56,"speed_pm_rain_kmh":49,"speed_source":"synthetic_grade_default","lanes":4,"lanes_source":"Synthetic_by_grade","oneway":false,"oneway_source":"default","bridge":false,"tunnel":false,"layer":0,"layer_source":"default_ground","access":"","surface":"","service":"","topology_source":"LBS-Master_roads_gcj_clip","impedance_synthetic":true,"routable":true,"fallback_clip":true},"geometry":{"type":"LineString","coordinates":[[121.892315,30.873784],[121.892621,30.873514]]}},{"type":"Feature","properties":{"osm_id":478768919,"name":"东海大桥","ref":"","highway":"motorway","road_grade":"R1","maxspeed_raw":null,"speed_base_kmh":78,"speed_pm_kmh":56,"speed_pm_rain_kmh":49,"speed_source":"synthetic_grade_default","lanes":4,"lanes_source":"Synthetic_by_grade","oneway":false,"oneway_source":"default","bridge":false,"tunnel":false,"layer":0,"layer_source":"default_ground","access":"","surface":"","service":"","topology_source":"LBS-Master_roads_gcj_clip","impedance_synthetic":true,"routable":true,"fallback_clip":true},"geometry":{"type":"LineString","coordinates":[[121.892192,30.873893],[121.892265,30.873828],[121.892315,30.873784]]}},{"type":"Feature","properties":{"osm_id":479200369,"name":"","ref":"","highway":"motorway","road_grade":"R1","maxspeed_raw":null,"speed_base_kmh":78,"speed_pm_kmh":56,"speed_pm_rain_kmh":49,"speed_source":"synthetic_grade_default","lanes":4,"lanes_source":"Synthetic_by_grade","oneway":false,"oneway_source":"default","bridge":false,"tunnel":false,"layer":0,"layer_source":"default_ground","access":"","surface":"","service":"","topology_source":"LBS-Master_roads_gcj_clip","impedance_synthetic":true,"routable":true,"fallback_clip":true},"geometry":{"type":"LineString","coordinates":[[121.890845,30.874441],[121.891157,30.874174],[121.891557,30.873832],[121.891928,30.873501],[121.894234,30.872158]]}},{"type":"Feature","properties":{"osm_id":479200370,"name":"","ref":"","highway":"motorway","road_grade":"R1","maxspeed_raw":null,"speed_base_kmh":78,"speed_pm_kmh":56,"speed_pm_rain_kmh":49,"speed_source":"synthetic_grade_default","lanes":4,"lanes_source":"Synthetic_by_grade","oneway":false,"oneway_source":"default","bridge":false,"tunnel":false,"layer":0,"layer_source":"default_ground","access":"","surface":"","service":"","topology_source":"LBS-Master_roads_gcj_clip","impedance_synthetic":true,"routable":true,"fallback_clip":true},"geometry":{"type":"LineString","coordinates":[[121.890522,30.874717],[121.890622,30.874631],[121.890845,30.874441]]}},{"type":"Feature","properties":{"osm_id":479200371,"name":"东海大桥","ref":"","highway":"motorway","road_grade":"R1","maxspeed_raw":null,"speed_base_kmh":78,"speed_pm_kmh":56,"speed_pm_rain_kmh":49,"speed_source":"synthetic_grade_default","lanes":4,"lanes_source":"Synthetic_by_grade","oneway":false,"oneway_source":"default","bridge":false,"tunnel":false,"layer":0,"layer_source":"default_ground","access":"","surface":"","service":"","topology_source":"LBS-Master_roads_gcj_clip","impedance_synthetic":true,"routable":true,"fallback_clip":true},"geometry":{"type":"LineString","coordinates":[[121.890924,30.875066],[121.891053,30.874956],[121.891264,30.874764]]}},{"type":"Feature","properties":{"osm_id":479200372,"name":"东海大桥","ref":"","highway":"motorway","road_grade":"R1","maxspeed_raw":null,"speed_base_kmh":78,"speed_pm_kmh":56,"speed_pm_rain_kmh":49,"speed_source":"synthetic_grade_default","lanes":4,"lanes_source":"Synthetic_by_grade","oneway":false,"oneway_source":"default","bridge":false,"tunnel":false,"layer":0,"layer_source":"default_ground","access":"","surface":"","service":"","topology_source":"LBS-Master_roads_gcj_clip","impedance_synthetic":true,"routable":true,"fallback_clip":true},"geometry":{"type":"LineString","coordinates":[[121.889794,30.876044],[121.890854,30.875127],[121.890924,30.875066]]}},{"type":"Feature","properties":{"osm_id":479200373,"name":"东海大桥","ref":"","highway":"motorway","road_grade":"R1","maxspeed_raw":null,"speed_base_kmh":78,"speed_pm_kmh":56,"speed_pm_rain_kmh":49,"speed_source":"synthetic_grade_default","lanes":4,"lanes_source":"Synthetic_by_grade","oneway":false,"oneway_source":"default","bridge":false,"tunnel":false,"layer":0,"layer_source":"default_ground","access":"","surface":"","service":"","topology_source":"LBS-Master_roads_gcj_clip","impedance_synthetic":true,"routable":true,"fallback_clip":true},"geometry":{"type":"LineString","coordinates":[[121.891349,30.874831],[121.891133,30.875029],[121.891012,30.875134]]}},{"type":"Feature","properties":{"osm_id":479200374,"name":"东海大桥","ref":"","highway":"motorway","road_grade":"R1","maxspeed_raw":null,"speed_base_kmh":78,"speed_pm_kmh":56,"speed_pm_rain_kmh":49,"speed_source":"synthetic_grade_default","lanes":4,"lanes_source":"Synthetic_by_grade","oneway":false,"oneway_source":"default","bridge":false,"tunnel":false,"layer":0,"layer_source":"default_ground","access":"","surface":"","service":"","topology_source":"LBS-Master_roads_gcj_clip","impedance_synthetic":true,"routable":true,"fallback_clip":true},"geometry":{"type":"LineString","coordinates":[[121.892359,30.874035],[121.892059,30.874299],[121.891685,30.874524],[121.891349,30.874831]]}},{"type":"Feature","properties":{"osm_id":479200375,"name":"","ref":"","highway":"motorway","road_grade":"R1","maxspeed_raw":null,"speed_base_kmh":78,"speed_pm_kmh":56,"speed_pm_rain_kmh":49,"speed_source":"synthetic_grade_default","lanes":4,"lanes_source":"Synthetic_by_grade","oneway":false,"oneway_source":"default","bridge":false,"tunnel":false,"layer":0,"layer_source":"default_ground","access":"","surface":"","service":"","topology_source":"LBS-Master_roads_gcj_clip","impedance_synthetic":true,"routable":true,"fallback_clip":true},"geometry":{"type":"LineString","coordinates":[[121.891823,30.875264],[121.891598,30.87545],[121.891481,30.875546]]}},{"type":"Feature","properties":{"osm_id":479391800,"name":"","ref":"","highway":"motorway","road_grade":"R1","maxspeed_raw":null,"speed_base_kmh":78,"speed_pm_kmh":56,"speed_pm_rain_kmh":49,"speed_source":"synthetic_grade_default","lanes":4,"lanes_source":"Synthetic_by_grade","oneway":false,"oneway_source":"default","bridge":false,"tunnel":false,"layer":0,"layer_source":"default_ground","access":"","surface":"","service":"","topology_source":"LBS-Master_roads_gcj_clip","impedance_synthetic":true,"routable":true,"fallback_clip":true},"geometry":{"type":"LineString","coordinates":[[121.887669,30.877093],[121.88808,30.876761]]}},{"type":"Feature","properties":{"osm_id":479391802,"name":"东海大桥","ref":"","highway":"motorway","road_grade":"R1","maxspeed_raw":null,"speed_base_kmh":78,"speed_pm_kmh":56,"speed_pm_rain_kmh":49,"speed_source":"synthetic_grade_default","lanes":4,"lanes_source":"Synthetic_by_grade","oneway":false,"oneway_source":"default","bridge":false,"tunnel":false,"layer":0,"layer_source":"default_ground","access":"","surface":"","service":"","topology_source":"LBS-Master_roads_gcj_clip","impedance_synthetic":true,"routable":true,"fallback_clip":true},"geometry":{"type":"LineString","coordinates":[[121.888518,30.877178],[121.889794,30.876044]]}},{"type":"Feature","properties":{"osm_id":479391803,"name":"东海大桥","ref":"","highway":"motorway","road_grade":"R1","maxspeed_raw":null,"speed_base_kmh":78,"speed_pm_kmh":56,"speed_pm_rain_kmh":49,"speed_source":"synthetic_grade_default","lanes":4,"lanes_source":"Synthetic_by_grade","oneway":false,"oneway_source":"default","bridge":false,"tunnel":false,"layer":0,"layer_source":"default_ground","access":"","surface":"","service":"","topology_source":"LBS-Master_roads_gcj_clip","impedance_synthetic":true,"routable":true,"fallback_clip":true},"geometry":{"type":"LineString","coordinates":[[121.888676,30.877171],[121.888235,30.877558]]}},{"type":"Feature","properties":{"osm_id":479391804,"name":"东海大桥","ref":"","highway":"motorway","road_grade":"R1","maxspeed_raw":null,"speed_base_kmh":78,"speed_pm_kmh":56,"speed_pm_rain_kmh":49,"speed_source":"synthetic_grade_default","lanes":4,"lanes_source":"Synthetic_by_grade","oneway":false,"oneway_source":"default","bridge":false,"tunnel":false,"layer":0,"layer_source":"default_ground","access":"","surface":"","service":"","topology_source":"LBS-Master_roads_gcj_clip","impedance_synthetic":true,"routable":true,"fallback_clip":true},"geometry":{"type":"LineString","coordinates":[[121.891012,30.875134],[121.888676,30.877171]]}},{"type":"Feature","properties":{"osm_id":479391805,"name":"","ref":"","highway":"motorway","road_grade":"R1","maxspeed_raw":null,"speed_base_kmh":78,"speed_pm_kmh":56,"speed_pm_rain_kmh":49,"speed_source":"synthetic_grade_default","lanes":4,"lanes_source":"Synthetic_by_grade","oneway":false,"oneway_source":"default","bridge":false,"tunnel":false,"layer":0,"layer_source":"default_ground","access":"","surface":"","service":"","topology_source":"LBS-Master_roads_gcj_clip","impedance_synthetic":true,"routable":true,"fallback_clip":true},"geometry":{"type":"LineString","coordinates":[[121.88901,30.877581],[121.888649,30.877885]]}},{"type":"Feature","properties":{"osm_id":479391806,"name":"","ref":"","highway":"motorway","road_grade":"R1","maxspeed_raw":null,"speed_base_kmh":78,"speed_pm_kmh":56,"speed_pm_rain_kmh":49,"speed_source":"synthetic_grade_default","lanes":4,"lanes_source":"Synthetic_by_grade","oneway":false,"oneway_source":"default","bridge":false,"tunnel":false,"layer":0,"layer_source":"default_ground","access":"","surface":"","service":"","topology_source":"LBS-Master_roads_gcj_clip","impedance_synthetic":true,"routable":true,"fallback_clip":true},"geometry":{"type":"LineString","coordinates":[[121.891481,30.875546],[121.890394,30.876444],[121.88901,30.877581]]}},{"type":"Feature","properties":{"osm_id":524829412,"name":"水芸路","ref":"","highway":"tertiary","road_grade":"R4","maxspeed_raw":null,"speed_base_kmh":32,"speed_pm_kmh":24,"speed_pm_rain_kmh":21,"speed_source":"synthetic_grade_default","lanes":2,"lanes_source":"Synthetic_by_grade","oneway":false,"oneway_source":"default","bridge":false,"tunnel":false,"layer":0,"layer_source":"default_ground","access":"","surface":"","service":"","topology_source":"LBS-Master_roads_gcj_clip","impedance_synthetic":true,"routable":true,"fallback_clip":true},"geometry":{"type":"LineString","coordinates":[[121.930134,30.907108],[121.929615,30.90667]]}},{"type":"Feature","properties":{"osm_id":524882486,"name":"松萝路","ref":"","highway":"tertiary","road_grade":"R4","maxspeed_raw":null,"speed_base_kmh":32,"speed_pm_kmh":24,"speed_pm_rain_kmh":21,"speed_source":"synthetic_grade_default","lanes":2,"lanes_source":"Synthetic_by_grade","oneway":false,"oneway_source":"default","bridge":false,"tunnel":false,"layer":0,"layer_source":"default_ground","access":"","surface":"","service":"","topology_source":"LBS-Master_roads_gcj_clip","impedance_synthetic":true,"routable":true,"fallback_clip":true},"geometry":{"type":"LineString","coordinates":[[121.906787,30.905331],[121.906773,30.905424],[121.906761,30.905535],[121.906838,30.905884],[121.90694,30.906124],[121.907151,30.90641],[121.907368,30.906627],[121.907538,30.906775],[121.907751,30.906901],[121.90798,30.906976],[121.908354,30.907077],[121.90869,30.907157],[121.90905,30.907334],[121.909278,30.907478],[121.90948,30.907631],[121.909691,30.907874],[121.909917,30.908209]]}},{"type":"Feature","properties":{"osm_id":524882489,"name":"松萝路","ref":"","highway":"tertiary","road_grade":"R4","maxspeed_raw":null,"speed_base_kmh":32,"speed_pm_kmh":24,"speed_pm_rain_kmh":21,"speed_source":"synthetic_grade_default","lanes":2,"lanes_source":"Synthetic_by_grade","oneway":false,"oneway_source":"default","bridge":false,"tunnel":false,"layer":0,"layer_source":"default_ground","access":"","surface":"","service":"","topology_source":"LBS-Master_roads_gcj_clip","impedance_synthetic":true,"routable":true,"fallback_clip":true},"geometry":{"type":"LineString","coordinates":[[121.909849,30.908231],[121.909626,30.90791],[121.909452,30.907711],[121.909257,30.907555],[121.909019,30.907378],[121.90868,30.907215],[121.907988,30.907035],[121.907717,30.90695],[121.907514,30.906814],[121.9073,30.906667],[121.90709,30.906432],[121.906972,30.90629],[121.906875,30.90611],[121.906792,30.905921],[121.906728,30.90573],[121.906678,30.905423],[121.906671,30.905324]]}},{"type":"Feature","properties":{"osm_id":524882493,"name":"花柏路","ref":"","highway":"secondary","road_grade":"R3","maxspeed_raw":null,"speed_base_kmh":42,"speed_pm_kmh":27,"speed_pm_rain_kmh":24,"speed_source":"synthetic_grade_default","lanes":3,"lanes_source":"Synthetic_by_grade","oneway":false,"oneway_source":"default","bridge":false,"tunnel":false,"layer":0,"layer_source":"default_ground","access":"","surface":"","service":"","topology_source":"LBS-Master_roads_gcj_clip","impedance_synthetic":true,"routable":true,"fallback_clip":true},"geometry":{"type":"LineString","coordinates":[[121.906834,30.905126],[121.907186,30.905145],[121.908585,30.905144],[121.910355,30.905143]]}},{"type":"Feature","properties":{"osm_id":525492894,"name":"杞青路","ref":"","highway":"secondary","road_grade":"R3","maxspeed_raw":null,"speed_base_kmh":42,"speed_pm_kmh":27,"speed_pm_rain_kmh":24,"speed_source":"synthetic_grade_default","lanes":3,"lanes_source":"Synthetic_by_grade","oneway":false,"oneway_source":"default","bridge":false,"tunnel":false,"layer":0,"layer_source":"default_ground","access":"","surface":"","service":"","topology_source":"LBS-Master_roads_gcj_clip","impedance_synthetic":true,"routable":true,"fallback_clip":true},"geometry":{"type":"LineString","coordinates":[[121.905676,30.91705],[121.90558,30.917127],[121.905519,30.917175],[121.90454,30.91804],[121.904042,30.918479],[121.903868,30.918652],[121.903291,30.919149],[121.903139,30.919255]]}},{"type":"Feature","properties":{"osm_id":526349701,"name":"花柏路","ref":"","highway":"secondary","road_grade":"R3","maxspeed_raw":null,"speed_base_kmh":42,"speed_pm_kmh":27,"speed_pm_rain_kmh":24,"speed_source":"synthetic_grade_default","lanes":3,"lanes_source":"Synthetic_by_grade","oneway":false,"oneway_source":"default","bridge":false,"tunnel":false,"layer":0,"layer_source":"default_ground","access":"","surface":"","service":"","topology_source":"LBS-Master_roads_gcj_clip","impedance_synthetic":true,"routable":true,"fallback_clip":true},"geometry":{"type":"LineString","coordinates":[[121.906671,30.905324],[121.906379,30.905315],[121.905352,30.905319],[121.902146,30.90533]]}},{"type":"Feature","properties":{"osm_id":527423006,"name":"海洋七路","ref":"","highway":"tertiary","road_grade":"R4","maxspeed_raw":null,"speed_base_kmh":32,"speed_pm_kmh":24,"speed_pm_rain_kmh":21,"speed_source":"synthetic_grade_default","lanes":2,"lanes_source":"Synthetic_by_grade","oneway":false,"oneway_source":"default","bridge":false,"tunnel":false,"layer":0,"layer_source":"default_ground","access":"","surface":"","service":"","topology_source":"LBS-Master_roads_gcj_clip","impedance_synthetic":true,"routable":true,"fallback_clip":true},"geometry":{"type":"LineString","coordinates":[[121.918946,30.860277],[121.919263,30.860271],[121.919639,30.86029],[121.920063,30.86035],[121.920409,30.860417],[121.920715,30.8605],[121.921167,30.860648],[121.921683,30.860853],[121.922345,30.861107],[121.922506,30.861167],[121.922646,30.86122],[121.924673,30.861973]]}},{"type":"Feature","properties":{"osm_id":527424595,"name":"环湖西三路","ref":"","highway":"primary","road_grade":"R2","maxspeed_raw":null,"speed_base_kmh":52,"speed_pm_kmh":30,"speed_pm_rain_kmh":26,"speed_source":"synthetic_grade_default","lanes":4,"lanes_source":"Synthetic_by_grade","oneway":false,"oneway_source":"default","bridge":false,"tunnel":false,"layer":0,"layer_source":"default_ground","access":"","surface":"","service":"","topology_source":"LBS-Master_roads_gcj_clip","impedance_synthetic":true,"routable":true,"fallback_clip":true},"geometry":{"type":"LineString","coordinates":[[121.923859,30.912404],[121.923581,30.912162]]}},{"type":"Feature","properties":{"osm_id":527424597,"name":"临港大道","ref":"","highway":"primary","road_grade":"R2","maxspeed_raw":null,"speed_base_kmh":52,"speed_pm_kmh":30,"speed_pm_rain_kmh":26,"speed_source":"synthetic_grade_default","lanes":4,"lanes_source":"Synthetic_by_grade","oneway":false,"oneway_source":"default","bridge":false,"tunnel":false,"layer":0,"layer_source":"default_ground","access":"","surface":"","service":"","topology_source":"LBS-Master_roads_gcj_clip","impedance_synthetic":true,"routable":true,"fallback_clip":true},"geometry":{"type":"LineString","coordinates":[[121.923859,30.912404],[121.923685,30.912541],[121.923394,30.912802],[121.923196,30.912978],[121.922929,30.913192]]}},{"type":"Feature","properties":{"osm_id":527424598,"name":"环湖北三路","ref":"","highway":"primary","road_grade":"R2","maxspeed_raw":null,"speed_base_kmh":52,"speed_pm_kmh":30,"speed_pm_rain_kmh":26,"speed_source":"synthetic_grade_default","lanes":4,"lanes_source":"Synthetic_by_grade","oneway":false,"oneway_source":"default","bridge":false,"tunnel":false,"layer":0,"layer_source":"default_ground","access":"","surface":"","service":"","topology_source":"LBS-Master_roads_gcj_clip","impedance_synthetic":true,"routable":true,"fallback_clip":true},"geometry":{"type":"LineString","coordinates":[[121.924049,30.912255],[121.924194,30.91237],[121.92495,30.91295],[121.925833,30.913584],[121.926782,30.914182],[121.928058,30.914911],[121.92917,30.91548],[121.930154,30.915943]]}},{"type":"Feature","properties":{"osm_id":527424599,"name":"临港大道","ref":"","highway":"primary","road_grade":"R2","maxspeed_raw":null,"speed_base_kmh":52,"speed_pm_kmh":30,"speed_pm_rain_kmh":26,"speed_source":"synthetic_grade_default","lanes":4,"lanes_source":"Synthetic_by_grade","oneway":false,"oneway_source":"default","bridge":false,"tunnel":false,"layer":0,"layer_source":"default_ground","access":"","surface":"","service":"","topology_source":"LBS-Master_roads_gcj_clip","impedance_synthetic":true,"routable":true,"fallback_clip":true},"geometry":{"type":"LineString","coordinates":[[121.924049,30.912255],[121.923859,30.912404]]}},{"type":"Feature","properties":{"osm_id":527426840,"name":"铃兰路","ref":"","highway":"secondary","road_grade":"R3","maxspeed_raw":null,"speed_base_kmh":42,"speed_pm_kmh":27,"speed_pm_rain_kmh":24,"speed_source":"synthetic_grade_default","lanes":3,"lanes_source":"Synthetic_by_grade","oneway":false,"oneway_source":"default","bridge":false,"tunnel":false,"layer":0,"layer_source":"default_ground","access":"","surface":"","service":"","topology_source":"LBS-Master_roads_gcj_clip","impedance_synthetic":true,"routable":true,"fallback_clip":true},"geometry":{"type":"LineString","coordinates":[[121.916671,30.918649],[121.916789,30.91876],[121.917535,30.919382],[121.918655,30.920355],[121.919184,30.92081]]}},{"type":"Feature","properties":{"osm_id":527426841,"name":"临港大道","ref":"","highway":"primary","road_grade":"R2","maxspeed_raw":null,"speed_base_kmh":52,"speed_pm_kmh":30,"speed_pm_rain_kmh":26,"speed_source":"synthetic_grade_default","lanes":4,"lanes_source":"Synthetic_by_grade","oneway":false,"oneway_source":"default","bridge":false,"tunnel":false,"layer":0,"layer_source":"default_ground","access":"","surface":"","service":"","topology_source":"LBS-Master_roads_gcj_clip","impedance_synthetic":true,"routable":true,"fallback_clip":true},"geometry":{"type":"LineString","coordinates":[[121.916543,30.918752],[121.916322,30.918927],[121.915928,30.919301],[121.915095,30.919983],[121.914996,30.920069]]}},{"type":"Feature","properties":{"osm_id":527426842,"name":"铃兰路","ref":"","highway":"secondary","road_grade":"R3","maxspeed_raw":null,"speed_base_kmh":42,"speed_pm_kmh":27,"speed_pm_rain_kmh":24,"speed_source":"synthetic_grade_default","lanes":3,"lanes_source":"Synthetic_by_grade","oneway":false,"oneway_source":"default","bridge":false,"tunnel":false,"layer":0,"layer_source":"default_ground","access":"","surface":"","service":"","topology_source":"LBS-Master_roads_gcj_clip","impedance_synthetic":true,"routable":true,"fallback_clip":true},"geometry":{"type":"LineString","coordinates":[[121.916412,30.918405],[121.916671,30.918649]]}},{"type":"Feature","properties":{"osm_id":527426843,"name":"临港大道","ref":"","highway":"primary","road_grade":"R2","maxspeed_raw":null,"speed_base_kmh":52,"speed_pm_kmh":30,"speed_pm_rain_kmh":26,"speed_source":"synthetic_grade_default","lanes":4,"lanes_source":"Synthetic_by_grade","oneway":false,"oneway_source":"default","bridge":false,"tunnel":false,"layer":0,"layer_source":"default_ground","access":"","surface":"","service":"","topology_source":"LBS-Master_roads_gcj_clip","impedance_synthetic":true,"routable":true,"fallback_clip":true},"geometry":{"type":"LineString","coordinates":[[121.916412,30.918405],[121.916602,30.918246],[121.917146,30.917762],[121.917802,30.917206],[121.919079,30.916098]]}},{"type":"Feature","properties":{"osm_id":527426844,"name":"临港大道","ref":"","highway":"primary","road_grade":"R2","maxspeed_raw":null,"speed_base_kmh":52,"speed_pm_kmh":30,"speed_pm_rain_kmh":26,"speed_source":"synthetic_grade_default","lanes":4,"lanes_source":"Synthetic_by_grade","oneway":false,"oneway_source":"default","bridge":false,"tunnel":false,"layer":0,"layer_source":"default_ground","access":"","surface":"","service":"","topology_source":"LBS-Master_roads_gcj_clip","impedance_synthetic":true,"routable":true,"fallback_clip":true},"geometry":{"type":"LineString","coordinates":[[121.922655,30.912987],[121.922807,30.912825],[121.923399,30.912307],[121.923581,30.912162]]}},{"type":"Feature","properties":{"osm_id":527426845,"name":"环湖西三路","ref":"","highway":"primary","road_grade":"R2","maxspeed_raw":null,"speed_base_kmh":52,"speed_pm_kmh":30,"speed_pm_rain_kmh":26,"speed_source":"synthetic_grade_default","lanes":4,"lanes_source":"Synthetic_by_grade","oneway":false,"oneway_source":"default","bridge":false,"tunnel":false,"layer":0,"layer_source":"default_ground","access":"","surface":"","service":"","topology_source":"LBS-Master_roads_gcj_clip","impedance_synthetic":true,"routable":true,"fallback_clip":true},"geometry":{"type":"LineString","coordinates":[[121.923581,30.912162],[121.923403,30.912001],[121.923214,30.911822],[121.922934,30.911573],[121.922805,30.911447],[121.922435,30.911087],[121.921888,30.910522],[121.921385,30.909952],[121.921269,30.909833]]}},{"type":"Feature","properties":{"osm_id":527426846,"name":"临港大道","ref":"","highway":"primary","road_grade":"R2","maxspeed_raw":null,"speed_base_kmh":52,"speed_pm_kmh":30,"speed_pm_rain_kmh":26,"speed_source":"synthetic_grade_default","lanes":4,"lanes_source":"Synthetic_by_grade","oneway":false,"oneway_source":"default","bridge":false,"tunnel":false,"layer":0,"layer_source":"default_ground","access":"","surface":"","service":"","topology_source":"LBS-Master_roads_gcj_clip","impedance_synthetic":true,"routable":true,"fallback_clip":true},"geometry":{"type":"LineString","coordinates":[[121.923758,30.91202],[121.923942,30.911872],[121.923948,30.911867],[121.924066,30.911777],[121.924827,30.911108],[121.925662,30.910372]]}},{"type":"Feature","properties":{"osm_id":527428366,"name":"临港大道北路","ref":"","highway":"tertiary","road_grade":"R4","maxspeed_raw":null,"speed_base_kmh":32,"speed_pm_kmh":24,"speed_pm_rain_kmh":21,"speed_source":"synthetic_grade_default","lanes":2,"lanes_source":"Synthetic_by_grade","oneway":false,"oneway_source":"default","bridge":false,"tunnel":false,"layer":0,"layer_source":"default_ground","access":"","surface":"","service":"","topology_source":"LBS-Master_roads_gcj_clip","impedance_synthetic":true,"routable":true,"fallback_clip":true},"geometry":{"type":"LineString","coordinates":[[121.93142,30.906693],[121.930736,30.907283],[121.93054,30.90745],[121.930387,30.90758],[121.929608,30.908216]]}},{"type":"Feature","properties":{"osm_id":527428369,"name":"环湖西一路","ref":"","highway":"secondary","road_grade":"R3","maxspeed_raw":null,"speed_base_kmh":42,"speed_pm_kmh":27,"speed_pm_rain_kmh":24,"speed_source":"synthetic_grade_default","lanes":3,"lanes_source":"Synthetic_by_grade","oneway":false,"oneway_source":"default","bridge":false,"tunnel":false,"layer":0,"layer_source":"default_ground","access":"","surface":"","service":"","topology_source":"LBS-Master_roads_gcj_clip","impedance_synthetic":true,"routable":true,"fallback_clip":true},"geometry":{"type":"LineString","coordinates":[[121.931211,30.906519],[121.93048,30.905899]]}},{"type":"Feature","properties":{"osm_id":527428371,"name":"临港大道南","ref":"","highway":"tertiary","road_grade":"R4","maxspeed_raw":null,"speed_base_kmh":32,"speed_pm_kmh":24,"speed_pm_rain_kmh":21,"speed_source":"synthetic_grade_default","lanes":2,"lanes_source":"Synthetic_by_grade","oneway":false,"oneway_source":"default","bridge":false,"tunnel":false,"layer":0,"layer_source":"default_ground","access":"","surface":"","service":"","topology_source":"LBS-Master_roads_gcj_clip","impedance_synthetic":true,"routable":true,"fallback_clip":true},"geometry":{"type":"LineString","coordinates":[[121.930135,30.905596],[121.930233,30.905516]]}},{"type":"Feature","properties":{"osm_id":527428374,"name":"环湖西一路","ref":"","highway":"secondary","road_grade":"R3","maxspeed_raw":null,"speed_base_kmh":42,"speed_pm_kmh":27,"speed_pm_rain_kmh":24,"speed_source":"synthetic_grade_default","lanes":3,"lanes_source":"Synthetic_by_grade","oneway":false,"oneway_source":"default","bridge":false,"tunnel":false,"layer":0,"layer_source":"default_ground","access":"","surface":"","service":"","topology_source":"LBS-Master_roads_gcj_clip","impedance_synthetic":true,"routable":true,"fallback_clip":true},"geometry":{"type":"LineString","coordinates":[[121.930135,30.905596],[121.929912,30.905394],[121.929423,30.904847],[121.929054,30.904424],[121.928646,30.90388],[121.928314,30.903379],[121.92809,30.903023],[121.927812,30.902512],[121.927736,30.90237]]}},{"type":"Feature","properties":{"osm_id":527428376,"name":"环湖西一路","ref":"","highway":"secondary","road_grade":"R3","maxspeed_raw":null,"speed_base_kmh":42,"speed_pm_kmh":27,"speed_pm_rain_kmh":24,"speed_source":"synthetic_grade_default","lanes":3,"lanes_source":"Synthetic_by_grade","oneway":false,"oneway_source":"default","bridge":false,"tunnel":false,"layer":0,"layer_source":"default_ground","access":"","surface":"","service":"","topology_source":"LBS-Master_roads_gcj_clip","impedance_synthetic":true,"routable":true,"fallback_clip":true},"geometry":{"type":"LineString","coordinates":[[121.926595,30.898297],[121.926538,30.897556],[121.926548,30.896863],[121.926561,30.896621]]}},{"type":"Feature","properties":{"osm_id":527428379,"name":"申港大道","ref":"","highway":"tertiary","road_grade":"R4","maxspeed_raw":null,"speed_base_kmh":32,"speed_pm_kmh":24,"speed_pm_rain_kmh":21,"speed_source":"synthetic_grade_default","lanes":2,"lanes_source":"Synthetic_by_grade","oneway":false,"oneway_source":"default","bridge":false,"tunnel":false,"layer":0,"layer_source":"default_ground","access":"","surface":"","service":"","topology_source":"LBS-Master_roads_gcj_clip","impedance_synthetic":true,"routable":true,"fallback_clip":true},"geometry":{"type":"LineString","coordinates":[[121.926595,30.898297],[121.92635,30.898274],[121.925687,30.898276],[121.925484,30.898207],[121.925288,30.898034]]}},{"type":"Feature","properties":{"osm_id":527428381,"name":"申港大道","ref":"","highway":"tertiary","road_grade":"R4","maxspeed_raw":null,"speed_base_kmh":32,"speed_pm_kmh":24,"speed_pm_rain_kmh":21,"speed_source":"synthetic_grade_default","lanes":2,"lanes_source":"Synthetic_by_grade","oneway":false,"oneway_source":"default","bridge":false,"tunnel":false,"layer":0,"layer_source":"default_ground","access":"","surface":"","service":"","topology_source":"LBS-Master_roads_gcj_clip","impedance_synthetic":true,"routable":true,"fallback_clip":true},"geometry":{"type":"LineString","coordinates":[[121.926561,30.896621],[121.926683,30.896616]]}},{"type":"Feature","properties":{"osm_id":527428384,"name":"环湖西一路","ref":"","highway":"secondary","road_grade":"R3","maxspeed_raw":null,"speed_base_kmh":42,"speed_pm_kmh":27,"speed_pm_rain_kmh":24,"speed_source":"synthetic_grade_default","lanes":3,"lanes_source":"Synthetic_by_grade","oneway":false,"oneway_source":"default","bridge":false,"tunnel":false,"layer":0,"layer_source":"default_ground","access":"","surface":"","service":"","topology_source":"LBS-Master_roads_gcj_clip","impedance_synthetic":true,"routable":true,"fallback_clip":true},"geometry":{"type":"LineString","coordinates":[[121.926561,30.896621],[121.926588,30.89639],[121.926629,30.895985],[121.926708,30.895435],[121.926766,30.895149],[121.926825,30.894871],[121.926996,30.89425],[121.927146,30.893763],[121.92732,30.893291],[121.927416,30.893073],[121.927484,30.892926]]}},{"type":"Feature","properties":{"osm_id":527428387,"name":"环湖南一路","ref":"","highway":"secondary","road_grade":"R3","maxspeed_raw":null,"speed_base_kmh":42,"speed_pm_kmh":27,"speed_pm_rain_kmh":24,"speed_source":"synthetic_grade_default","lanes":3,"lanes_source":"Synthetic_by_grade","oneway":false,"oneway_source":"default","bridge":false,"tunnel":false,"layer":0,"layer_source":"default_ground","access":"","surface":"","service":"","topology_source":"LBS-Master_roads_gcj_clip","impedance_synthetic":true,"routable":true,"fallback_clip":true},"geometry":{"type":"LineString","coordinates":[[121.93058,30.888759],[121.930694,30.888666],[121.930906,30.888517],[121.931495,30.888072],[121.932086,30.887657],[121.932719,30.887255],[121.932735,30.887245],[121.933361,30.886891],[121.933833,30.886655],[121.934039,30.886552],[121.934508,30.886344],[121.93506,30.886127]]}},{"type":"Feature","properties":{"osm_id":527428390,"name":"海港大道","ref":"","highway":"tertiary","road_grade":"R4","maxspeed_raw":null,"speed_base_kmh":32,"speed_pm_kmh":24,"speed_pm_rain_kmh":21,"speed_source":"synthetic_grade_default","lanes":2,"lanes_source":"Synthetic_by_grade","oneway":false,"oneway_source":"default","bridge":false,"tunnel":false,"layer":0,"layer_source":"default_ground","access":"","surface":"","service":"","topology_source":"LBS-Master_roads_gcj_clip","impedance_synthetic":true,"routable":true,"fallback_clip":true},"geometry":{"type":"LineString","coordinates":[[121.929658,30.888054],[121.9296,30.888036],[121.929412,30.887987],[121.929331,30.88797],[121.929222,30.887948],[121.929026,30.887883],[121.928868,30.887795],[121.928709,30.887655],[121.928623,30.887542],[121.928545,30.887404],[121.928513,30.887272],[121.928476,30.887113],[121.928395,30.886959],[121.928352,30.88689],[121.928197,30.886708],[121.927527,30.886171]]}},{"type":"Feature","properties":{"osm_id":527428396,"name":"环湖西一路","ref":"","highway":"secondary","road_grade":"R3","maxspeed_raw":null,"speed_base_kmh":42,"speed_pm_kmh":27,"speed_pm_rain_kmh":24,"speed_source":"synthetic_grade_default","lanes":3,"lanes_source":"Synthetic_by_grade","oneway":false,"oneway_source":"default","bridge":false,"tunnel":false,"layer":0,"layer_source":"default_ground","access":"","surface":"","service":"","topology_source":"LBS-Master_roads_gcj_clip","impedance_synthetic":true,"routable":true,"fallback_clip":true},"geometry":{"type":"LineString","coordinates":[[121.930752,30.888813],[121.930518,30.889015],[121.930047,30.889475],[121.929917,30.889595],[121.929777,30.889765],[121.929423,30.890163],[121.929023,30.890645],[121.928825,30.890912],[121.928658,30.891138],[121.928275,30.891732],[121.92801,30.892188],[121.927795,30.892594]]}},{"type":"Feature","properties":{"osm_id":527428399,"name":"环湖西一路","ref":"","highway":"secondary","road_grade":"R3","maxspeed_raw":null,"speed_base_kmh":42,"speed_pm_kmh":27,"speed_pm_rain_kmh":24,"speed_source":"synthetic_grade_default","lanes":3,"lanes_source":"Synthetic_by_grade","oneway":false,"oneway_source":"default","bridge":false,"tunnel":false,"layer":0,"layer_source":"default_ground","access":"","surface":"","service":"","topology_source":"LBS-Master_roads_gcj_clip","impedance_synthetic":true,"routable":true,"fallback_clip":true},"geometry":{"type":"LineString","coordinates":[[121.926683,30.896616],[121.92667,30.89687],[121.926667,30.897377],[121.926689,30.898071],[121.926704,30.898306]]}},{"type":"Feature","properties":{"osm_id":527428402,"name":"环湖西一路","ref":"","highway":"secondary","road_grade":"R3","maxspeed_raw":null,"speed_base_kmh":42,"speed_pm_kmh":27,"speed_pm_rain_kmh":24,"speed_source":"synthetic_grade_default","lanes":3,"lanes_source":"Synthetic_by_grade","oneway":false,"oneway_source":"default","bridge":false,"tunnel":false,"layer":0,"layer_source":"default_ground","access":"","surface":"","service":"","topology_source":"LBS-Master_roads_gcj_clip","impedance_synthetic":true,"routable":true,"fallback_clip":true},"geometry":{"type":"LineString","coordinates":[[121.926704,30.898306],[121.926731,30.898501],[121.926784,30.898963],[121.926871,30.899457],[121.926963,30.899883],[121.927094,30.900364],[121.927237,30.900819],[121.927288,30.900966],[121.92747,30.901439],[121.92768,30.901932]]}},{"type":"Feature","properties":{"osm_id":527428405,"name":"环湖西一路","ref":"","highway":"secondary","road_grade":"R3","maxspeed_raw":null,"speed_base_kmh":42,"speed_pm_kmh":27,"speed_pm_rain_kmh":24,"speed_source":"synthetic_grade_default","lanes":3,"lanes_source":"Synthetic_by_grade","oneway":false,"oneway_source":"default","bridge":false,"tunnel":false,"layer":0,"layer_source":"default_ground","access":"","surface":"","service":"","topology_source":"LBS-Master_roads_gcj_clip","impedance_synthetic":true,"routable":true,"fallback_clip":true},"geometry":{"type":"LineString","coordinates":[[121.930581,30.905811],[121.931311,30.906428]]}},{"type":"Feature","properties":{"osm_id":527428408,"name":"环湖西一路","ref":"","highway":"secondary","road_grade":"R3","maxspeed_raw":null,"speed_base_kmh":42,"speed_pm_kmh":27,"speed_pm_rain_kmh":24,"speed_source":"synthetic_grade_default","lanes":3,"lanes_source":"Synthetic_by_grade","oneway":false,"oneway_source":"default","bridge":false,"tunnel":false,"layer":0,"layer_source":"default_ground","access":"","surface":"","service":"","topology_source":"LBS-Master_roads_gcj_clip","impedance_synthetic":true,"routable":true,"fallback_clip":true},"geometry":{"type":"LineString","coordinates":[[121.932588,30.907356],[121.932783,30.907478],[121.933464,30.907846],[121.933951,30.908087],[121.934681,30.908414],[121.935231,30.90864]]}},{"type":"Feature","properties":{"osm_id":527429863,"name":"环湖西三路","ref":"","highway":"primary","road_grade":"R2","maxspeed_raw":null,"speed_base_kmh":52,"speed_pm_kmh":30,"speed_pm_rain_kmh":26,"speed_source":"synthetic_grade_default","lanes":4,"lanes_source":"Synthetic_by_grade","oneway":false,"oneway_source":"default","bridge":false,"tunnel":false,"layer":0,"layer_source":"default_ground","access":"","surface":"","service":"","topology_source":"LBS-Master_roads_gcj_clip","impedance_synthetic":true,"routable":true,"fallback_clip":true},"geometry":{"type":"LineString","coordinates":[[121.919055,30.906743],[121.918914,30.906491],[121.91871,30.906124],[121.918518,30.905745]]}},{"type":"Feature","properties":{"osm_id":527429864,"name":"","ref":"","highway":"secondary","road_grade":"R3","maxspeed_raw":null,"speed_base_kmh":42,"speed_pm_kmh":27,"speed_pm_rain_kmh":24,"speed_source":"synthetic_grade_default","lanes":3,"lanes_source":"Synthetic_by_grade","oneway":false,"oneway_source":"default","bridge":false,"tunnel":false,"layer":0,"layer_source":"default_ground","access":"","surface":"","service":"","topology_source":"LBS-Master_roads_gcj_clip","impedance_synthetic":true,"routable":true,"fallback_clip":true},"geometry":{"type":"LineString","coordinates":[[121.919055,30.906743],[121.919342,30.906737]]}},{"type":"Feature","properties":{"osm_id":527429865,"name":"花柏路","ref":"","highway":"secondary","road_grade":"R3","maxspeed_raw":null,"speed_base_kmh":42,"speed_pm_kmh":27,"speed_pm_rain_kmh":24,"speed_source":"synthetic_grade_default","lanes":3,"lanes_source":"Synthetic_by_grade","oneway":false,"oneway_source":"default","bridge":false,"tunnel":false,"layer":0,"layer_source":"default_ground","access":"","surface":"","service":"","topology_source":"LBS-Master_roads_gcj_clip","impedance_synthetic":true,"routable":true,"fallback_clip":true},"geometry":{"type":"LineString","coordinates":[[121.917868,30.904265],[121.917607,30.904341],[121.915294,30.905016],[121.91484,30.905122],[121.914489,30.905186],[121.914167,30.905232],[121.913789,30.905271],[121.913306,30.905296],[121.912783,30.905298],[121.910702,30.905304]]}},{"type":"Feature","properties":{"osm_id":527429866,"name":"环湖西三路","ref":"","highway":"primary","road_grade":"R2","maxspeed_raw":null,"speed_base_kmh":52,"speed_pm_kmh":30,"speed_pm_rain_kmh":26,"speed_source":"synthetic_grade_default","lanes":4,"lanes_source":"Synthetic_by_grade","oneway":false,"oneway_source":"default","bridge":false,"tunnel":false,"layer":0,"layer_source":"default_ground","access":"","surface":"","service":"","topology_source":"LBS-Master_roads_gcj_clip","impedance_synthetic":true,"routable":true,"fallback_clip":true},"geometry":{"type":"LineString","coordinates":[[121.916793,30.894302],[121.916948,30.893556],[121.91713,30.892801],[121.917291,30.892202],[121.917452,30.891704],[121.917652,30.891104],[121.917729,30.89087]]}},{"type":"Feature","properties":{"osm_id":527429867,"name":"环湖西三路","ref":"","highway":"primary","road_grade":"R2","maxspeed_raw":null,"speed_base_kmh":52,"speed_pm_kmh":30,"speed_pm_rain_kmh":26,"speed_source":"synthetic_grade_default","lanes":4,"lanes_source":"Synthetic_by_grade","oneway":false,"oneway_source":"default","bridge":false,"tunnel":false,"layer":0,"layer_source":"default_ground","access":"","surface":"","service":"","topology_source":"LBS-Master_roads_gcj_clip","impedance_synthetic":true,"routable":true,"fallback_clip":true},"geometry":{"type":"LineString","coordinates":[[121.919342,30.906737],[121.919527,30.907059],[121.919809,30.907472],[121.920273,30.908183],[121.920673,30.908731],[121.921089,30.909255],[121.92121,30.909408],[121.921399,30.909645],[121.92141,30.909657],[121.922052,30.910384],[121.922476,30.910817],[121.922663,30.91101],[121.92325,30.911568],[121.923373,30.911701],[121.923569,30.911857],[121.923758,30.91202]]}},{"type":"Feature","properties":{"osm_id":527429868,"name":"环湖西三路","ref":"","highway":"primary","road_grade":"R2","maxspeed_raw":null,"speed_base_kmh":52,"speed_pm_kmh":30,"speed_pm_rain_kmh":26,"speed_source":"synthetic_grade_default","lanes":4,"lanes_source":"Synthetic_by_grade","oneway":false,"oneway_source":"default","bridge":false,"tunnel":false,"layer":0,"layer_source":"default_ground","access":"","surface":"","service":"","topology_source":"LBS-Master_roads_gcj_clip","impedance_synthetic":true,"routable":true,"fallback_clip":true},"geometry":{"type":"LineString","coordinates":[[121.91808,30.904118],[121.91821,30.904437],[121.918402,30.904884],[121.918578,30.90528]]}},{"type":"Feature","properties":{"osm_id":527433025,"name":"沪城环路","ref":"","highway":"secondary","road_grade":"R3","maxspeed_raw":null,"speed_base_kmh":42,"speed_pm_kmh":27,"speed_pm_rain_kmh":24,"speed_source":"synthetic_grade_default","lanes":3,"lanes_source":"Synthetic_by_grade","oneway":false,"oneway_source":"default","bridge":false,"tunnel":false,"layer":0,"layer_source":"default_ground","access":"","surface":"","service":"","topology_source":"LBS-Master_roads_gcj_clip","impedance_synthetic":true,"routable":true,"fallback_clip":true},"geometry":{"type":"LineString","coordinates":[[121.911304,30.876414],[121.911024,30.876615],[121.910427,30.877041],[121.910366,30.877088],[121.909836,30.8775]]}},{"type":"Feature","properties":{"osm_id":527433026,"name":"古棕路","ref":"","highway":"tertiary","road_grade":"R4","maxspeed_raw":null,"speed_base_kmh":32,"speed_pm_kmh":24,"speed_pm_rain_kmh":21,"speed_source":"synthetic_grade_default","lanes":2,"lanes_source":"Synthetic_by_grade","oneway":false,"oneway_source":"default","bridge":false,"tunnel":false,"layer":0,"layer_source":"default_ground","access":"","surface":"","service":"","topology_source":"LBS-Master_roads_gcj_clip","impedance_synthetic":true,"routable":true,"fallback_clip":true},"geometry":{"type":"LineString","coordinates":[[121.911137,30.876256],[121.911304,30.876414]]}},{"type":"Feature","properties":{"osm_id":527433027,"name":"沪城环路","ref":"","highway":"secondary","road_grade":"R3","maxspeed_raw":null,"speed_base_kmh":42,"speed_pm_kmh":27,"speed_pm_rain_kmh":24,"speed_source":"synthetic_grade_default","lanes":3,"lanes_source":"Synthetic_by_grade","oneway":false,"oneway_source":"default","bridge":false,"tunnel":false,"layer":0,"layer_source":"default_ground","access":"","surface":"","service":"","topology_source":"LBS-Master_roads_gcj_clip","impedance_synthetic":true,"routable":true,"fallback_clip":true},"geometry":{"type":"LineString","coordinates":[[121.911137,30.876256],[121.911372,30.876087],[121.912316,30.875445],[121.913302,30.874836],[121.913531,30.874695],[121.913903,30.874481]]}},{"type":"Feature","properties":{"osm_id":527433612,"name":"","ref":"","highway":"secondary","road_grade":"R3","maxspeed_raw":null,"speed_base_kmh":42,"speed_pm_kmh":27,"speed_pm_rain_kmh":24,"speed_source":"synthetic_grade_default","lanes":3,"lanes_source":"Synthetic_by_grade","oneway":false,"oneway_source":"default","bridge":false,"tunnel":false,"layer":0,"layer_source":"default_ground","access":"","surface":"","service":"","topology_source":"LBS-Master_roads_gcj_clip","impedance_synthetic":true,"routable":true,"fallback_clip":true},"geometry":{"type":"LineString","coordinates":[[121.884647,30.880505],[121.882863,30.878977]]}},{"type":"Feature","properties":{"osm_id":527441350,"name":"美人蕉路","ref":"","highway":"tertiary","road_grade":"R4","maxspeed_raw":null,"speed_base_kmh":32,"speed_pm_kmh":24,"speed_pm_rain_kmh":21,"speed_source":"synthetic_grade_default","lanes":2,"lanes_source":"Synthetic_by_grade","oneway":false,"oneway_source":"default","bridge":false,"tunnel":false,"layer":0,"layer_source":"default_ground","access":"","surface":"","service":"","topology_source":"LBS-Master_roads_gcj_clip","impedance_synthetic":true,"routable":true,"fallback_clip":true},"geometry":{"type":"LineString","coordinates":[[121.915208,30.881386],[121.915125,30.881462]]}},{"type":"Feature","properties":{"osm_id":527441351,"name":"古棕路","ref":"","highway":"tertiary","road_grade":"R4","maxspeed_raw":null,"speed_base_kmh":32,"speed_pm_kmh":24,"speed_pm_rain_kmh":21,"speed_source":"synthetic_grade_default","lanes":2,"lanes_source":"Synthetic_by_grade","oneway":false,"oneway_source":"default","bridge":false,"tunnel":false,"layer":0,"layer_source":"default_ground","access":"","surface":"","service":"","topology_source":"LBS-Master_roads_gcj_clip","impedance_synthetic":true,"routable":true,"fallback_clip":true},"geometry":{"type":"LineString","coordinates":[[121.915208,30.881386],[121.915408,30.881559]]}},{"type":"Feature","properties":{"osm_id":527441352,"name":"古棕路","ref":"","highway":"tertiary","road_grade":"R4","maxspeed_raw":null,"speed_base_kmh":32,"speed_pm_kmh":24,"speed_pm_rain_kmh":21,"speed_source":"synthetic_grade_default","lanes":2,"lanes_source":"Synthetic_by_grade","oneway":false,"oneway_source":"default","bridge":false,"tunnel":false,"layer":0,"layer_source":"default_ground","access":"","surface":"","service":"","topology_source":"LBS-Master_roads_gcj_clip","impedance_synthetic":true,"routable":true,"fallback_clip":true},"geometry":{"type":"LineString","coordinates":[[121.915034,30.881387],[121.914324,30.880806],[121.914058,30.880573],[121.913582,30.880155],[121.913331,30.879935],[121.913316,30.879919],[121.913089,30.8797],[121.912912,30.879526],[121.912762,30.879356],[121.912655,30.879218],[121.912555,30.879059],[121.912449,30.878869],[121.91237,30.878681],[121.912051,30.877787],[121.911882,30.877369],[121.911791,30.877184],[121.911673,30.876978],[121.911535,30.876773],[121.911407,30.876609],[121.911304,30.876414]]}},{"type":"Feature","properties":{"osm_id":527441354,"name":"古棕路","ref":"","highway":"tertiary","road_grade":"R4","maxspeed_raw":null,"speed_base_kmh":32,"speed_pm_kmh":24,"speed_pm_rain_kmh":21,"speed_source":"synthetic_grade_default","lanes":2,"lanes_source":"Synthetic_by_grade","oneway":false,"oneway_source":"default","bridge":false,"tunnel":false,"layer":0,"layer_source":"default_ground","access":"","surface":"","service":"","topology_source":"LBS-Master_roads_gcj_clip","impedance_synthetic":true,"routable":true,"fallback_clip":true},"geometry":{"type":"LineString","coordinates":[[121.918151,30.883918],[121.919544,30.885086]]}},{"type":"Feature","properties":{"osm_id":527441355,"name":"古棕路","ref":"","highway":"tertiary","road_grade":"R4","maxspeed_raw":null,"speed_base_kmh":32,"speed_pm_kmh":24,"speed_pm_rain_kmh":21,"speed_source":"synthetic_grade_default","lanes":2,"lanes_source":"Synthetic_by_grade","oneway":false,"oneway_source":"default","bridge":false,"tunnel":false,"layer":0,"layer_source":"default_ground","access":"","surface":"","service":"","topology_source":"LBS-Master_roads_gcj_clip","impedance_synthetic":true,"routable":true,"fallback_clip":true},"geometry":{"type":"LineString","coordinates":[[121.918076,30.883988],[121.917319,30.88333],[121.916064,30.882259],[121.9157,30.881979],[121.915583,30.881874]]}},{"type":"Feature","properties":{"osm_id":527441357,"name":"古棕路","ref":"","highway":"tertiary","road_grade":"R4","maxspeed_raw":null,"speed_base_kmh":32,"speed_pm_kmh":24,"speed_pm_rain_kmh":21,"speed_source":"synthetic_grade_default","lanes":2,"lanes_source":"Synthetic_by_grade","oneway":false,"oneway_source":"default","bridge":false,"tunnel":false,"layer":0,"layer_source":"default_ground","access":"","surface":"","service":"","topology_source":"LBS-Master_roads_gcj_clip","impedance_synthetic":true,"routable":true,"fallback_clip":true},"geometry":{"type":"LineString","coordinates":[[121.919544,30.885086],[121.920277,30.885721],[121.920505,30.885904]]}},{"type":"Feature","properties":{"osm_id":527441358,"name":"古棕路","ref":"","highway":"tertiary","road_grade":"R4","maxspeed_raw":null,"speed_base_kmh":32,"speed_pm_kmh":24,"speed_pm_rain_kmh":21,"speed_source":"synthetic_grade_default","lanes":2,"lanes_source":"Synthetic_by_grade","oneway":false,"oneway_source":"default","bridge":false,"tunnel":false,"layer":0,"layer_source":"default_ground","access":"","surface":"","service":"","topology_source":"LBS-Master_roads_gcj_clip","impedance_synthetic":true,"routable":true,"fallback_clip":true},"geometry":{"type":"LineString","coordinates":[[121.919472,30.885181],[121.919004,30.88477],[121.918216,30.88411],[121.918076,30.883988]]}},{"type":"Feature","properties":{"osm_id":542793137,"name":"白荆路","ref":"","highway":"secondary","road_grade":"R3","maxspeed_raw":null,"speed_base_kmh":42,"speed_pm_kmh":27,"speed_pm_rain_kmh":24,"speed_source":"synthetic_grade_default","lanes":3,"lanes_source":"Synthetic_by_grade","oneway":false,"oneway_source":"default","bridge":false,"tunnel":false,"layer":0,"layer_source":"default_ground","access":"","surface":"","service":"","topology_source":"LBS-Master_roads_gcj_clip","impedance_synthetic":true,"routable":true,"fallback_clip":true},"geometry":{"type":"LineString","coordinates":[[121.926331,30.920911],[121.927296,30.920083],[121.927436,30.919963],[121.92782,30.919599],[121.92815,30.919226],[121.928497,30.91878],[121.928789,30.918291],[121.929136,30.917708],[121.929427,30.917202],[121.929643,30.916827],[121.930005,30.916201]]}},{"type":"Feature","properties":{"osm_id":542793138,"name":"白荆路","ref":"","highway":"secondary","road_grade":"R3","maxspeed_raw":null,"speed_base_kmh":42,"speed_pm_kmh":27,"speed_pm_rain_kmh":24,"speed_source":"synthetic_grade_default","lanes":3,"lanes_source":"Synthetic_by_grade","oneway":false,"oneway_source":"default","bridge":false,"tunnel":false,"layer":0,"layer_source":"default_ground","access":"","surface":"","service":"","topology_source":"LBS-Master_roads_gcj_clip","impedance_synthetic":true,"routable":true,"fallback_clip":true},"geometry":{"type":"LineString","coordinates":[[121.930154,30.916258],[121.929733,30.916961],[121.928816,30.918579],[121.928453,30.919095],[121.928106,30.919521],[121.927708,30.91992],[121.927415,30.920176],[121.927208,30.920357],[121.926453,30.921033]]}},{"type":"Feature","properties":{"osm_id":542794394,"name":"麦冬路","ref":"","highway":"tertiary","road_grade":"R4","maxspeed_raw":null,"speed_base_kmh":32,"speed_pm_kmh":24,"speed_pm_rain_kmh":21,"speed_source":"synthetic_grade_default","lanes":2,"lanes_source":"Synthetic_by_grade","oneway":false,"oneway_source":"default","bridge":false,"tunnel":false,"layer":0,"layer_source":"default_ground","access":"","surface":"","service":"","topology_source":"LBS-Master_roads_gcj_clip","impedance_synthetic":true,"routable":true,"fallback_clip":true},"geometry":{"type":"LineString","coordinates":[[121.914734,30.919873],[121.914666,30.919799],[121.913351,30.918685],[121.912872,30.918279],[121.912174,30.917668],[121.911324,30.916975],[121.909893,30.917016],[121.907824,30.915295],[121.907758,30.915247]]}},{"type":"Feature","properties":{"osm_id":552676752,"name":"","ref":"","highway":"motorway_link","road_grade":"R1","maxspeed_raw":null,"speed_base_kmh":78,"speed_pm_kmh":56,"speed_pm_rain_kmh":49,"speed_source":"synthetic_grade_default","lanes":4,"lanes_source":"Synthetic_by_grade","oneway":false,"oneway_source":"default","bridge":false,"tunnel":false,"layer":0,"layer_source":"default_ground","access":"","surface":"","service":"","topology_source":"LBS-Master_roads_gcj_clip","impedance_synthetic":true,"routable":true,"fallback_clip":true},"geometry":{"type":"LineString","coordinates":[[121.884095,30.880998],[121.885311,30.879844],[121.885414,30.879727],[121.88549,30.879604],[121.886294,30.878124],[121.886303,30.878],[121.886245,30.87788]]}},{"type":"Feature","properties":{"osm_id":552676753,"name":"东海大桥","ref":"S2","highway":"motorway","road_grade":"R1","maxspeed_raw":null,"speed_base_kmh":78,"speed_pm_kmh":56,"speed_pm_rain_kmh":49,"speed_source":"synthetic_grade_default","lanes":4,"lanes_source":"Synthetic_by_grade","oneway":false,"oneway_source":"default","bridge":false,"tunnel":false,"layer":0,"layer_source":"default_ground","access":"","surface":"","service":"","topology_source":"LBS-Master_roads_gcj_clip","impedance_synthetic":true,"routable":true,"fallback_clip":true},"geometry":{"type":"LineString","coordinates":[[121.885286,30.879964],[121.886809,30.878686]]}},{"type":"Feature","properties":{"osm_id":552676754,"name":"","ref":"","highway":"motorway_link","road_grade":"R1","maxspeed_raw":null,"speed_base_kmh":78,"speed_pm_kmh":56,"speed_pm_rain_kmh":49,"speed_source":"synthetic_grade_default","lanes":4,"lanes_source":"Synthetic_by_grade","oneway":false,"oneway_source":"default","bridge":false,"tunnel":false,"layer":0,"layer_source":"default_ground","access":"","surface":"","service":"","topology_source":"LBS-Master_roads_gcj_clip","impedance_synthetic":true,"routable":true,"fallback_clip":true},"geometry":{"type":"LineString","coordinates":[[121.865433,30.896957],[121.865757,30.89666]]}},{"type":"Feature","properties":{"osm_id":552676755,"name":"","ref":"","highway":"motorway_link","road_grade":"R1","maxspeed_raw":null,"speed_base_kmh":78,"speed_pm_kmh":56,"speed_pm_rain_kmh":49,"speed_source":"synthetic_grade_default","lanes":4,"lanes_source":"Synthetic_by_grade","oneway":false,"oneway_source":"default","bridge":false,"tunnel":false,"layer":0,"layer_source":"default_ground","access":"","surface":"","service":"","topology_source":"LBS-Master_roads_gcj_clip","impedance_synthetic":true,"routable":true,"fallback_clip":true},"geometry":{"type":"LineString","coordinates":[[121.865015,30.897339],[121.865433,30.896957]]}},{"type":"Feature","properties":{"osm_id":556271476,"name":"海港大道","ref":"","highway":"secondary","road_grade":"R3","maxspeed_raw":null,"speed_base_kmh":42,"speed_pm_kmh":27,"speed_pm_rain_kmh":24,"speed_source":"synthetic_grade_default","lanes":3,"lanes_source":"Synthetic_by_grade","oneway":false,"oneway_source":"default","bridge":false,"tunnel":false,"layer":0,"layer_source":"default_ground","access":"","surface":"","service":"","topology_source":"LBS-Master_roads_gcj_clip","impedance_synthetic":true,"routable":true,"fallback_clip":true},"geometry":{"type":"LineString","coordinates":[[121.927527,30.886171],[121.927374,30.886039]]}},{"type":"Feature","properties":{"osm_id":556271477,"name":"海港大道","ref":"","highway":"secondary","road_grade":"R3","maxspeed_raw":null,"speed_base_kmh":42,"speed_pm_kmh":27,"speed_pm_rain_kmh":24,"speed_source":"synthetic_grade_default","lanes":3,"lanes_source":"Synthetic_by_grade","oneway":false,"oneway_source":"default","bridge":false,"tunnel":false,"layer":0,"layer_source":"default_ground","access":"","surface":"","service":"","topology_source":"LBS-Master_roads_gcj_clip","impedance_synthetic":true,"routable":true,"fallback_clip":true},"geometry":{"type":"LineString","coordinates":[[121.925982,30.884603],[121.927508,30.885944],[121.92763,30.886057]]}},{"type":"Feature","properties":{"osm_id":556271478,"name":"申港大道","ref":"","highway":"primary","road_grade":"R2","maxspeed_raw":null,"speed_base_kmh":52,"speed_pm_kmh":30,"speed_pm_rain_kmh":26,"speed_source":"synthetic_grade_default","lanes":4,"lanes_source":"Synthetic_by_grade","oneway":false,"oneway_source":"default","bridge":false,"tunnel":false,"layer":0,"layer_source":"default_ground","access":"","surface":"","service":"","topology_source":"LBS-Master_roads_gcj_clip","impedance_synthetic":true,"routable":true,"fallback_clip":true},"geometry":{"type":"LineString","coordinates":[[121.922231,30.89764],[121.922114,30.897629],[121.921993,30.897629]]}},{"type":"Feature","properties":{"osm_id":556271479,"name":"申港大道","ref":"","highway":"primary","road_grade":"R2","maxspeed_raw":null,"speed_base_kmh":52,"speed_pm_kmh":30,"speed_pm_rain_kmh":26,"speed_source":"synthetic_grade_default","lanes":4,"lanes_source":"Synthetic_by_grade","oneway":false,"oneway_source":"default","bridge":false,"tunnel":false,"layer":0,"layer_source":"default_ground","access":"","surface":"","service":"","topology_source":"LBS-Master_roads_gcj_clip","impedance_synthetic":true,"routable":true,"fallback_clip":true},"geometry":{"type":"LineString","coordinates":[[121.91676,30.897274],[121.917084,30.897279]]}},{"type":"Feature","properties":{"osm_id":556271482,"name":"海港大道","ref":"","highway":"primary","road_grade":"R2","maxspeed_raw":null,"speed_base_kmh":52,"speed_pm_kmh":30,"speed_pm_rain_kmh":26,"speed_source":"synthetic_grade_default","lanes":4,"lanes_source":"Synthetic_by_grade","oneway":false,"oneway_source":"default","bridge":false,"tunnel":false,"layer":0,"layer_source":"default_ground","access":"","surface":"","service":"","topology_source":"LBS-Master_roads_gcj_clip","impedance_synthetic":true,"routable":true,"fallback_clip":true},"geometry":{"type":"LineString","coordinates":[[121.923454,30.882712],[121.922552,30.881902],[121.921522,30.880993],[121.91992,30.879627]]}},{"type":"Feature","properties":{"osm_id":556271483,"name":"海港大道","ref":"","highway":"primary","road_grade":"R2","maxspeed_raw":null,"speed_base_kmh":52,"speed_pm_kmh":30,"speed_pm_rain_kmh":26,"speed_source":"synthetic_grade_default","lanes":4,"lanes_source":"Synthetic_by_grade","oneway":false,"oneway_source":"default","bridge":false,"tunnel":false,"layer":0,"layer_source":"default_ground","access":"","surface":"","service":"","topology_source":"LBS-Master_roads_gcj_clip","impedance_synthetic":true,"routable":true,"fallback_clip":true},"geometry":{"type":"LineString","coordinates":[[121.920025,30.879532],[121.920959,30.88032],[121.923626,30.882574]]}},{"type":"Feature","properties":{"osm_id":606875112,"name":"海洋六路","ref":"","highway":"tertiary","road_grade":"R4","maxspeed_raw":null,"speed_base_kmh":32,"speed_pm_kmh":24,"speed_pm_rain_kmh":21,"speed_source":"synthetic_grade_default","lanes":2,"lanes_source":"Synthetic_by_grade","oneway":false,"oneway_source":"default","bridge":false,"tunnel":false,"layer":0,"layer_source":"default_ground","access":"","surface":"","service":"","topology_source":"LBS-Master_roads_gcj_clip","impedance_synthetic":true,"routable":true,"fallback_clip":true},"geometry":{"type":"LineString","coordinates":[[121.930857,30.871144],[121.930853,30.870829],[121.930663,30.870124],[121.93061,30.869996],[121.930509,30.869769],[121.930187,30.869313],[121.929944,30.86905],[121.929005,30.868107],[121.928759,30.86786],[121.927773,30.867031],[121.925405,30.86504],[121.925324,30.864967],[121.924339,30.864095],[121.924054,30.863906],[121.923687,30.863747],[121.923111,30.863632],[121.92267,30.863641],[121.921774,30.863789],[121.920131,30.864072],[121.919044,30.86408],[121.918257,30.863995],[121.917712,30.863892],[121.917123,30.863739],[121.916121,30.863343],[121.915209,30.862795],[121.914789,30.862476],[121.914589,30.862268]]}},{"type":"Feature","properties":{"osm_id":662572117,"name":"","ref":"","highway":"primary","road_grade":"R2","maxspeed_raw":null,"speed_base_kmh":52,"speed_pm_kmh":30,"speed_pm_rain_kmh":26,"speed_source":"synthetic_grade_default","lanes":4,"lanes_source":"Synthetic_by_grade","oneway":false,"oneway_source":"default","bridge":false,"tunnel":false,"layer":0,"layer_source":"default_ground","access":"","surface":"","service":"","topology_source":"LBS-Master_roads_gcj_clip","impedance_synthetic":true,"routable":true,"fallback_clip":true},"geometry":{"type":"LineString","coordinates":[[121.949581,30.91703],[121.949439,30.917079],[121.948742,30.917279],[121.948034,30.917496],[121.946145,30.917913],[121.944328,30.918206],[121.943096,30.918312],[121.942988,30.918321],[121.942627,30.918352],[121.941438,30.918412],[121.939931,30.918385],[121.938933,30.918335]]}},{"type":"Feature","properties":{"osm_id":662572118,"name":"","ref":"","highway":"primary","road_grade":"R2","maxspeed_raw":null,"speed_base_kmh":52,"speed_pm_kmh":30,"speed_pm_rain_kmh":26,"speed_source":"synthetic_grade_default","lanes":4,"lanes_source":"Synthetic_by_grade","oneway":false,"oneway_source":"default","bridge":false,"tunnel":false,"layer":0,"layer_source":"default_ground","access":"","surface":"","service":"","topology_source":"LBS-Master_roads_gcj_clip","impedance_synthetic":true,"routable":true,"fallback_clip":true},"geometry":{"type":"LineString","coordinates":[[121.938936,30.918054],[121.939376,30.918094],[121.941229,30.918133],[121.942987,30.918039],[121.943089,30.918034],[121.943463,30.918014],[121.945474,30.91777],[121.947219,30.917421],[121.948638,30.917008],[121.949456,30.916758]]}},{"type":"Feature","properties":{"osm_id":662572119,"name":"","ref":"","highway":"secondary","road_grade":"R3","maxspeed_raw":null,"speed_base_kmh":42,"speed_pm_kmh":27,"speed_pm_rain_kmh":24,"speed_source":"synthetic_grade_default","lanes":3,"lanes_source":"Synthetic_by_grade","oneway":false,"oneway_source":"default","bridge":false,"tunnel":false,"layer":0,"layer_source":"default_ground","access":"","surface":"","service":"","topology_source":"LBS-Master_roads_gcj_clip","impedance_synthetic":true,"routable":true,"fallback_clip":true},"geometry":{"type":"LineString","coordinates":[[121.932321,30.94903],[121.932335,30.951204],[121.932337,30.951454],[121.932349,30.952826],[121.932361,30.954326],[121.932362,30.954441],[121.932374,30.955857],[121.93238,30.95614],[121.93237,30.958285],[121.932332,30.958841],[121.932273,30.959417],[121.93216,30.960259],[121.931989,30.961032],[121.931731,30.961906],[121.931446,30.962642],[121.931022,30.9637],[121.928505,30.970132],[121.926591,30.974852],[121.926046,30.97617],[121.926004,30.976312]]}},{"type":"Feature","properties":{"osm_id":662572120,"name":"","ref":"","highway":"secondary","road_grade":"R3","maxspeed_raw":null,"speed_base_kmh":42,"speed_pm_kmh":27,"speed_pm_rain_kmh":24,"speed_source":"synthetic_grade_default","lanes":3,"lanes_source":"Synthetic_by_grade","oneway":false,"oneway_source":"default","bridge":false,"tunnel":false,"layer":0,"layer_source":"default_ground","access":"","surface":"","service":"","topology_source":"LBS-Master_roads_gcj_clip","impedance_synthetic":true,"routable":true,"fallback_clip":true},"geometry":{"type":"LineString","coordinates":[[121.925806,30.976265],[121.925854,30.976125],[121.927275,30.972501],[121.928226,30.970086],[121.92917,30.967657],[121.930566,30.964119],[121.931495,30.961759],[121.931747,30.960935],[121.931913,30.960102],[121.932058,30.959265],[121.932106,30.958556],[121.932101,30.957691],[121.932074,30.955844],[121.932072,30.954441],[121.932072,30.954389],[121.932071,30.954321],[121.932069,30.952824],[121.932068,30.95236],[121.932065,30.951188],[121.93206,30.949032],[121.932059,30.948854],[121.932057,30.94807],[121.932054,30.947243],[121.932054,30.947134],[121.932048,30.945675],[121.932047,30.945574]]}},{"type":"Feature","properties":{"osm_id":662572121,"name":"洲涛路","ref":"","highway":"secondary","road_grade":"R3","maxspeed_raw":null,"speed_base_kmh":42,"speed_pm_kmh":27,"speed_pm_rain_kmh":24,"speed_source":"synthetic_grade_default","lanes":3,"lanes_source":"Synthetic_by_grade","oneway":false,"oneway_source":"default","bridge":false,"tunnel":false,"layer":0,"layer_source":"default_ground","access":"","surface":"","service":"","topology_source":"LBS-Master_roads_gcj_clip","impedance_synthetic":true,"routable":true,"fallback_clip":true},"geometry":{"type":"LineString","coordinates":[[121.933714,30.954325],[121.934523,30.954324],[121.934969,30.954323],[121.936506,30.954318],[121.938999,30.954309],[121.941104,30.954303],[121.942418,30.954299],[121.942966,30.954318],[121.943191,30.954333],[121.943681,30.954365],[121.944277,30.954463],[121.94496,30.954588],[121.945868,30.954802],[121.947415,30.955292],[121.949715,30.95601],[121.951,30.956418],[121.951763,30.956652],[121.95181,30.956666],[121.953494,30.957182],[121.953752,30.957261],[121.956218,30.958001],[121.956579,30.958109],[121.95842,30.958676]]}},{"type":"Feature","properties":{"osm_id":662572122,"name":"三三公路","ref":"X368","highway":"tertiary","road_grade":"R4","maxspeed_raw":null,"speed_base_kmh":32,"speed_pm_kmh":24,"speed_pm_rain_kmh":21,"speed_source":"synthetic_grade_default","lanes":2,"lanes_source":"Synthetic_by_grade","oneway":false,"oneway_source":"default","bridge":false,"tunnel":false,"layer":0,"layer_source":"default_ground","access":"","surface":"","service":"","topology_source":"LBS-Master_roads_gcj_clip","impedance_synthetic":true,"routable":true,"fallback_clip":true},"geometry":{"type":"LineString","coordinates":[[121.933243,30.955893],[121.932374,30.955857],[121.932074,30.955844],[121.923086,30.955438],[121.91897,30.955302],[121.918883,30.955292],[121.914282,30.954773],[121.913616,30.954698],[121.913476,30.954683],[121.908946,30.95429]]}},{"type":"Feature","properties":{"osm_id":662572123,"name":"洲涛路","ref":"","highway":"secondary","road_grade":"R3","maxspeed_raw":null,"speed_base_kmh":42,"speed_pm_kmh":27,"speed_pm_rain_kmh":24,"speed_source":"synthetic_grade_default","lanes":3,"lanes_source":"Synthetic_by_grade","oneway":false,"oneway_source":"default","bridge":false,"tunnel":false,"layer":0,"layer_source":"default_ground","access":"","surface":"","service":"","topology_source":"LBS-Master_roads_gcj_clip","impedance_synthetic":true,"routable":true,"fallback_clip":true},"geometry":{"type":"LineString","coordinates":[[121.958377,30.958789],[121.956329,30.958171],[121.953461,30.957302],[121.952435,30.956964],[121.951678,30.956733],[121.951503,30.95668],[121.95074,30.956447],[121.948737,30.955838],[121.945621,30.954884],[121.944868,30.95468],[121.944143,30.95455],[121.943488,30.954462],[121.943193,30.954441],[121.942886,30.954419],[121.941085,30.95442],[121.93898,30.954421],[121.936478,30.954423],[121.936214,30.954423],[121.93495,30.954429],[121.933716,30.954435]]}},{"type":"Feature","properties":{"osm_id":662572124,"name":"","ref":"","highway":"secondary","road_grade":"R3","maxspeed_raw":null,"speed_base_kmh":42,"speed_pm_kmh":27,"speed_pm_rain_kmh":24,"speed_source":"synthetic_grade_default","lanes":3,"lanes_source":"Synthetic_by_grade","oneway":false,"oneway_source":"default","bridge":false,"tunnel":false,"layer":0,"layer_source":"default_ground","access":"","surface":"","service":"","topology_source":"LBS-Master_roads_gcj_clip","impedance_synthetic":true,"routable":true,"fallback_clip":true},"geometry":{"type":"LineString","coordinates":[[121.905619,30.948392],[121.905212,30.948391],[121.901624,30.948218],[121.901116,30.948198],[121.897707,30.948194],[121.897438,30.948194],[121.896575,30.948199],[121.896345,30.948204],[121.896039,30.948236],[121.895525,30.948319]]}},{"type":"Feature","properties":{"osm_id":662572125,"name":"","ref":"","highway":"secondary","road_grade":"R3","maxspeed_raw":null,"speed_base_kmh":42,"speed_pm_kmh":27,"speed_pm_rain_kmh":24,"speed_source":"synthetic_grade_default","lanes":3,"lanes_source":"Synthetic_by_grade","oneway":false,"oneway_source":"default","bridge":false,"tunnel":false,"layer":0,"layer_source":"default_ground","access":"","surface":"","service":"","topology_source":"LBS-Master_roads_gcj_clip","impedance_synthetic":true,"routable":true,"fallback_clip":true},"geometry":{"type":"LineString","coordinates":[[121.894453,30.94866],[121.890175,30.950723],[121.890036,30.95079],[121.889728,30.95078]]}},{"type":"Feature","properties":{"osm_id":662572126,"name":"","ref":"","highway":"secondary","road_grade":"R3","maxspeed_raw":null,"speed_base_kmh":42,"speed_pm_kmh":27,"speed_pm_rain_kmh":24,"speed_source":"synthetic_grade_default","lanes":3,"lanes_source":"Synthetic_by_grade","oneway":false,"oneway_source":"default","bridge":false,"tunnel":false,"layer":0,"layer_source":"default_ground","access":"","surface":"","service":"","topology_source":"LBS-Master_roads_gcj_clip","impedance_synthetic":true,"routable":true,"fallback_clip":true},"geometry":{"type":"LineString","coordinates":[[121.889741,30.950603],[121.890036,30.95056],[121.890197,30.95049],[121.890632,30.950301],[121.894421,30.948534]]}},{"type":"Feature","properties":{"osm_id":662572127,"name":"洲德路","ref":"","highway":"secondary","road_grade":"R3","maxspeed_raw":null,"speed_base_kmh":42,"speed_pm_kmh":27,"speed_pm_rain_kmh":24,"speed_source":"synthetic_grade_default","lanes":3,"lanes_source":"Synthetic_by_grade","oneway":false,"oneway_source":"default","bridge":false,"tunnel":false,"layer":0,"layer_source":"default_ground","access":"","surface":"","service":"","topology_source":"LBS-Master_roads_gcj_clip","impedance_synthetic":true,"routable":true,"fallback_clip":true},"geometry":{"type":"LineString","coordinates":[[121.923864,30.948888],[121.924946,30.948883],[121.9274,30.948873],[121.927518,30.948872],[121.929697,30.948863]]}},{"type":"Feature","properties":{"osm_id":662572135,"name":"银涛路","ref":"","highway":"tertiary","road_grade":"R4","maxspeed_raw":null,"speed_base_kmh":32,"speed_pm_kmh":24,"speed_pm_rain_kmh":21,"speed_source":"synthetic_grade_default","lanes":2,"lanes_source":"Synthetic_by_grade","oneway":false,"oneway_source":"default","bridge":false,"tunnel":false,"layer":0,"layer_source":"default_ground","access":"","surface":"","service":"","topology_source":"LBS-Master_roads_gcj_clip","impedance_synthetic":true,"routable":true,"fallback_clip":true},"geometry":{"type":"LineString","coordinates":[[121.929817,30.945682],[121.929697,30.945677],[121.928833,30.945681],[121.928307,30.945643],[121.928022,30.945597],[121.927516,30.945477],[121.92741,30.945435],[121.927056,30.945283],[121.92537,30.944393],[121.924038,30.943705],[121.922783,30.943056],[121.922573,30.942967],[121.922241,30.942825],[121.921817,30.942696],[121.921549,30.942636],[121.921366,30.942599],[121.921039,30.942571]]}},{"type":"Feature","properties":{"osm_id":662572136,"name":"银涛路","ref":"","highway":"tertiary","road_grade":"R4","maxspeed_raw":null,"speed_base_kmh":32,"speed_pm_kmh":24,"speed_pm_rain_kmh":21,"speed_source":"synthetic_grade_default","lanes":2,"lanes_source":"Synthetic_by_grade","oneway":false,"oneway_source":"default","bridge":false,"tunnel":false,"layer":0,"layer_source":"default_ground","access":"","surface":"","service":"","topology_source":"LBS-Master_roads_gcj_clip","impedance_synthetic":true,"routable":true,"fallback_clip":true},"geometry":{"type":"LineString","coordinates":[[121.921039,30.942571],[121.921189,30.942456],[121.921699,30.94253],[121.922284,30.942697],[121.922483,30.94278],[121.922637,30.942849],[121.922992,30.94301],[121.924128,30.943601],[121.9269,30.945044],[121.927185,30.9452],[121.927399,30.945286],[121.927514,30.945318],[121.927657,30.94538],[121.927936,30.94545],[121.928462,30.945542],[121.929074,30.945589],[121.929681,30.945583]]}},{"type":"Feature","properties":{"osm_id":662572144,"name":"滨港大道","ref":"","highway":"secondary","road_grade":"R3","maxspeed_raw":null,"speed_base_kmh":42,"speed_pm_kmh":27,"speed_pm_rain_kmh":24,"speed_source":"synthetic_grade_default","lanes":3,"lanes_source":"Synthetic_by_grade","oneway":false,"oneway_source":"default","bridge":false,"tunnel":false,"layer":0,"layer_source":"default_ground","access":"","surface":"","service":"","topology_source":"LBS-Master_roads_gcj_clip","impedance_synthetic":true,"routable":true,"fallback_clip":true},"geometry":{"type":"LineString","coordinates":[[121.954073,30.908909],[121.953953,30.908793]]}},{"type":"Feature","properties":{"osm_id":662572145,"name":"","ref":"","highway":"secondary","road_grade":"R3","maxspeed_raw":null,"speed_base_kmh":42,"speed_pm_kmh":27,"speed_pm_rain_kmh":24,"speed_source":"synthetic_grade_default","lanes":3,"lanes_source":"Synthetic_by_grade","oneway":false,"oneway_source":"default","bridge":false,"tunnel":false,"layer":0,"layer_source":"default_ground","access":"","surface":"","service":"","topology_source":"LBS-Master_roads_gcj_clip","impedance_synthetic":true,"routable":true,"fallback_clip":true},"geometry":{"type":"LineString","coordinates":[[121.976479,30.89744],[121.969394,30.89743]]}},{"type":"Feature","properties":{"osm_id":662572146,"name":"洛神花路","ref":"","highway":"tertiary","road_grade":"R4","maxspeed_raw":null,"speed_base_kmh":32,"speed_pm_kmh":24,"speed_pm_rain_kmh":21,"speed_source":"synthetic_grade_default","lanes":2,"lanes_source":"Synthetic_by_grade","oneway":false,"oneway_source":"default","bridge":false,"tunnel":false,"layer":0,"layer_source":"default_ground","access":"","surface":"","service":"","topology_source":"LBS-Master_roads_gcj_clip","impedance_synthetic":true,"routable":true,"fallback_clip":true},"geometry":{"type":"LineString","coordinates":[[121.927415,30.920176],[121.927296,30.920083],[121.923618,30.916916]]}},{"type":"Feature","properties":{"osm_id":662572147,"name":"雪绒花路","ref":"","highway":"tertiary","road_grade":"R4","maxspeed_raw":null,"speed_base_kmh":32,"speed_pm_kmh":24,"speed_pm_rain_kmh":21,"speed_source":"synthetic_grade_default","lanes":2,"lanes_source":"Synthetic_by_grade","oneway":false,"oneway_source":"default","bridge":false,"tunnel":false,"layer":0,"layer_source":"default_ground","access":"","surface":"","service":"","topology_source":"LBS-Master_roads_gcj_clip","impedance_synthetic":true,"routable":true,"fallback_clip":true},"geometry":{"type":"LineString","coordinates":[[121.929427,30.917202],[121.928127,30.916607],[121.926667,30.915813],[121.925673,30.915186]]}},{"type":"Feature","properties":{"osm_id":662572148,"name":"云皓路","ref":"","highway":"tertiary","road_grade":"R4","maxspeed_raw":null,"speed_base_kmh":32,"speed_pm_kmh":24,"speed_pm_rain_kmh":21,"speed_source":"synthetic_grade_default","lanes":2,"lanes_source":"Synthetic_by_grade","oneway":false,"oneway_source":"default","bridge":false,"tunnel":false,"layer":0,"layer_source":"default_ground","access":"","surface":"","service":"","topology_source":"LBS-Master_roads_gcj_clip","impedance_synthetic":true,"routable":true,"fallback_clip":true},"geometry":{"type":"LineString","coordinates":[[121.921984,30.918364],[121.92281,30.917636],[121.923618,30.916916],[121.924259,30.916421],[121.925673,30.915186]]}},{"type":"Feature","properties":{"osm_id":662572149,"name":"南港大道","ref":"","highway":"secondary","road_grade":"R3","maxspeed_raw":null,"speed_base_kmh":42,"speed_pm_kmh":27,"speed_pm_rain_kmh":24,"speed_source":"synthetic_grade_default","lanes":3,"lanes_source":"Synthetic_by_grade","oneway":false,"oneway_source":"default","bridge":false,"tunnel":false,"layer":0,"layer_source":"default_ground","access":"","surface":"","service":"","topology_source":"LBS-Master_roads_gcj_clip","impedance_synthetic":true,"routable":true,"fallback_clip":true},"geometry":{"type":"LineString","coordinates":[[121.940781,30.881216],[121.940787,30.881394],[121.94076,30.882396],[121.940768,30.882884],[121.940773,30.884031],[121.940796,30.885075]]}},{"type":"Feature","properties":{"osm_id":662572150,"name":"香蔓路","ref":"","highway":"tertiary","road_grade":"R4","maxspeed_raw":null,"speed_base_kmh":32,"speed_pm_kmh":24,"speed_pm_rain_kmh":21,"speed_source":"synthetic_grade_default","lanes":2,"lanes_source":"Synthetic_by_grade","oneway":false,"oneway_source":"default","bridge":false,"tunnel":false,"layer":0,"layer_source":"default_ground","access":"","surface":"","service":"","topology_source":"LBS-Master_roads_gcj_clip","impedance_synthetic":true,"routable":true,"fallback_clip":true},"geometry":{"type":"LineString","coordinates":[[121.924764,30.922478],[121.924636,30.922407]]}},{"type":"Feature","properties":{"osm_id":806996164,"name":"","ref":"","highway":"motorway_link","road_grade":"R1","maxspeed_raw":null,"speed_base_kmh":78,"speed_pm_kmh":56,"speed_pm_rain_kmh":49,"speed_source":"synthetic_grade_default","lanes":4,"lanes_source":"Synthetic_by_grade","oneway":false,"oneway_source":"default","bridge":false,"tunnel":false,"layer":0,"layer_source":"default_ground","access":"","surface":"","service":"","topology_source":"LBS-Master_roads_gcj_clip","impedance_synthetic":true,"routable":true,"fallback_clip":true},"geometry":{"type":"LineString","coordinates":[[121.885496,30.88179],[121.885526,30.881671],[121.885515,30.881542],[121.885458,30.881387],[121.885378,30.881265],[121.885109,30.880976],[121.884647,30.880505]]}},{"type":"Feature","properties":{"osm_id":806996165,"name":"","ref":"","highway":"trunk_link","road_grade":"R1","maxspeed_raw":null,"speed_base_kmh":78,"speed_pm_kmh":56,"speed_pm_rain_kmh":49,"speed_source":"synthetic_grade_default","lanes":4,"lanes_source":"Synthetic_by_grade","oneway":false,"oneway_source":"default","bridge":false,"tunnel":false,"layer":0,"layer_source":"default_ground","access":"","surface":"","service":"","topology_source":"LBS-Master_roads_gcj_clip","impedance_synthetic":true,"routable":true,"fallback_clip":true},"geometry":{"type":"LineString","coordinates":[[121.870039,30.893798],[121.868947,30.893025],[121.868523,30.892792],[121.868037,30.892598],[121.867577,30.892469],[121.867138,30.892309],[121.866859,30.89218],[121.866519,30.891976],[121.866153,30.891656],[121.865842,30.891284],[121.865382,30.890533],[121.86506,30.890041],[121.86475,30.889682],[121.864043,30.888932]]}},{"type":"Feature","properties":{"osm_id":806996166,"name":"","ref":"","highway":"trunk_link","road_grade":"R1","maxspeed_raw":null,"speed_base_kmh":78,"speed_pm_kmh":56,"speed_pm_rain_kmh":49,"speed_source":"synthetic_grade_default","lanes":4,"lanes_source":"Synthetic_by_grade","oneway":false,"oneway_source":"default","bridge":false,"tunnel":false,"layer":0,"layer_source":"default_ground","access":"","surface":"","service":"","topology_source":"LBS-Master_roads_gcj_clip","impedance_synthetic":true,"routable":true,"fallback_clip":true},"geometry":{"type":"LineString","coordinates":[[121.864449,30.888486],[121.865264,30.889069],[121.865697,30.889351],[121.866244,30.889629],[121.86683,30.889903],[121.867234,30.89013],[121.867619,30.89041],[121.868,30.890742],[121.868382,30.891199],[121.868573,30.891496],[121.868728,30.891828],[121.868915,30.892247],[121.869086,30.892532],[121.869418,30.892927],[121.869725,30.893285]]}},{"type":"Feature","properties":{"osm_id":807643751,"name":"水芸路","ref":"","highway":"tertiary","road_grade":"R4","maxspeed_raw":null,"speed_base_kmh":32,"speed_pm_kmh":24,"speed_pm_rain_kmh":21,"speed_source":"synthetic_grade_default","lanes":2,"lanes_source":"Synthetic_by_grade","oneway":false,"oneway_source":"default","bridge":false,"tunnel":false,"layer":0,"layer_source":"default_ground","access":"","surface":"","service":"","topology_source":"LBS-Master_roads_gcj_clip","impedance_synthetic":true,"routable":true,"fallback_clip":true},"geometry":{"type":"LineString","coordinates":[[121.940773,30.884031],[121.940638,30.884036],[121.940027,30.88403],[121.939323,30.884066],[121.939188,30.88408],[121.938313,30.884171],[121.937174,30.884372],[121.936301,30.884577],[121.936219,30.884597],[121.935132,30.884935]]}},{"type":"Feature","properties":{"osm_id":807643753,"name":"水芸北路","ref":"","highway":"tertiary","road_grade":"R4","maxspeed_raw":null,"speed_base_kmh":32,"speed_pm_kmh":24,"speed_pm_rain_kmh":21,"speed_source":"synthetic_grade_default","lanes":2,"lanes_source":"Synthetic_by_grade","oneway":false,"oneway_source":"default","bridge":false,"tunnel":false,"layer":0,"layer_source":"default_ground","access":"","surface":"","service":"","topology_source":"LBS-Master_roads_gcj_clip","impedance_synthetic":true,"routable":true,"fallback_clip":true},"geometry":{"type":"LineString","coordinates":[[121.946657,30.909883],[121.946407,30.909976],[121.945266,30.910275],[121.94474,30.910406],[121.942975,30.910697],[121.940659,30.910823],[121.938907,30.910732],[121.938751,30.910725],[121.936994,30.91044],[121.936556,30.910325],[121.935206,30.909916]]}},{"type":"Feature","properties":{"osm_id":807643754,"name":"云鹃北路","ref":"","highway":"tertiary","road_grade":"R4","maxspeed_raw":null,"speed_base_kmh":32,"speed_pm_kmh":24,"speed_pm_rain_kmh":21,"speed_source":"synthetic_grade_default","lanes":2,"lanes_source":"Synthetic_by_grade","oneway":false,"oneway_source":"default","bridge":false,"tunnel":false,"layer":0,"layer_source":"default_ground","access":"","surface":"","service":"","topology_source":"LBS-Master_roads_gcj_clip","impedance_synthetic":true,"routable":true,"fallback_clip":true},"geometry":{"type":"LineString","coordinates":[[121.947353,30.911386],[121.946684,30.911616],[121.945623,30.911909],[121.944868,30.912069],[121.943936,30.912236],[121.942979,30.91234],[121.941959,30.912431],[121.94085,30.912459],[121.93983,30.91247],[121.938917,30.912397],[121.938745,30.912388],[121.937913,30.912269],[121.937014,30.91211],[121.936123,30.911899]]}},{"type":"Feature","properties":{"osm_id":807643762,"name":"杉云路","ref":"","highway":"tertiary","road_grade":"R4","maxspeed_raw":null,"speed_base_kmh":32,"speed_pm_kmh":24,"speed_pm_rain_kmh":21,"speed_source":"synthetic_grade_default","lanes":2,"lanes_source":"Synthetic_by_grade","oneway":false,"oneway_source":"default","bridge":false,"tunnel":false,"layer":0,"layer_source":"default_ground","access":"","surface":"","service":"","topology_source":"LBS-Master_roads_gcj_clip","impedance_synthetic":true,"routable":true,"fallback_clip":true},"geometry":{"type":"LineString","coordinates":[[121.93633,30.930723],[121.936317,30.929119],[121.936294,30.926373],[121.936271,30.923677],[121.936268,30.923328]]}},{"type":"Feature","properties":{"osm_id":807643763,"name":"乔柏路","ref":"","highway":"tertiary","road_grade":"R4","maxspeed_raw":null,"speed_base_kmh":32,"speed_pm_kmh":24,"speed_pm_rain_kmh":21,"speed_source":"synthetic_grade_default","lanes":2,"lanes_source":"Synthetic_by_grade","oneway":false,"oneway_source":"default","bridge":false,"tunnel":false,"layer":0,"layer_source":"default_ground","access":"","surface":"","service":"","topology_source":"LBS-Master_roads_gcj_clip","impedance_synthetic":true,"routable":true,"fallback_clip":true},"geometry":{"type":"LineString","coordinates":[[121.943015,30.929309],[121.943015,30.929117],[121.943008,30.926384],[121.943001,30.923663],[121.943,30.923307]]}},{"type":"Feature","properties":{"osm_id":807643764,"name":"香柏路","ref":"","highway":"secondary","road_grade":"R3","maxspeed_raw":null,"speed_base_kmh":42,"speed_pm_kmh":27,"speed_pm_rain_kmh":24,"speed_source":"synthetic_grade_default","lanes":3,"lanes_source":"Synthetic_by_grade","oneway":false,"oneway_source":"default","bridge":false,"tunnel":false,"layer":0,"layer_source":"default_ground","access":"","surface":"","service":"","topology_source":"LBS-Master_roads_gcj_clip","impedance_synthetic":true,"routable":true,"fallback_clip":true},"geometry":{"type":"LineString","coordinates":[[121.938817,30.929501],[121.938815,30.929086],[121.938801,30.926377],[121.938788,30.923668],[121.938786,30.923325]]}},{"type":"Feature","properties":{"osm_id":807643765,"name":"洛神花路","ref":"","highway":"tertiary","road_grade":"R4","maxspeed_raw":null,"speed_base_kmh":32,"speed_pm_kmh":24,"speed_pm_rain_kmh":21,"speed_source":"synthetic_grade_default","lanes":2,"lanes_source":"Synthetic_by_grade","oneway":false,"oneway_source":"default","bridge":false,"tunnel":false,"layer":0,"layer_source":"default_ground","access":"","surface":"","service":"","topology_source":"LBS-Master_roads_gcj_clip","impedance_synthetic":true,"routable":true,"fallback_clip":true},"geometry":{"type":"LineString","coordinates":[[121.931941,30.921172],[121.932195,30.92118]]}},{"type":"Feature","properties":{"osm_id":807643766,"name":"安茂路","ref":"","highway":"tertiary","road_grade":"R4","maxspeed_raw":null,"speed_base_kmh":32,"speed_pm_kmh":24,"speed_pm_rain_kmh":21,"speed_source":"synthetic_grade_default","lanes":2,"lanes_source":"Synthetic_by_grade","oneway":false,"oneway_source":"default","bridge":false,"tunnel":false,"layer":0,"layer_source":"default_ground","access":"","surface":"","service":"","topology_source":"LBS-Master_roads_gcj_clip","impedance_synthetic":true,"routable":true,"fallback_clip":true},"geometry":{"type":"LineString","coordinates":[[121.932555,30.919492],[121.936236,30.919491],[121.938768,30.91949],[121.938933,30.91949],[121.942991,30.91949],[121.943075,30.919489],[121.949492,30.91941]]}},{"type":"Feature","properties":{"osm_id":807643770,"name":"松萝路","ref":"","highway":"tertiary","road_grade":"R4","maxspeed_raw":null,"speed_base_kmh":32,"speed_pm_kmh":24,"speed_pm_rain_kmh":21,"speed_source":"synthetic_grade_default","lanes":2,"lanes_source":"Synthetic_by_grade","oneway":false,"oneway_source":"default","bridge":false,"tunnel":false,"layer":0,"layer_source":"default_ground","access":"","surface":"","service":"","topology_source":"LBS-Master_roads_gcj_clip","impedance_synthetic":true,"routable":true,"fallback_clip":true},"geometry":{"type":"LineString","coordinates":[[121.909962,30.913065],[121.909894,30.913006],[121.909681,30.912643],[121.909595,30.912439],[121.909522,30.912199],[121.909471,30.911995],[121.909461,30.911724],[121.909477,30.911497],[121.909549,30.911222],[121.909631,30.911018],[121.909756,30.910805],[121.909871,30.910644],[121.909988,30.910511],[121.910158,30.910287],[121.910257,30.910153],[121.910335,30.910004],[121.910386,30.909848],[121.910401,30.90965],[121.910388,30.909463],[121.910316,30.909161],[121.910086,30.90868]]}},{"type":"Feature","properties":{"osm_id":807643771,"name":"松萝路","ref":"","highway":"tertiary","road_grade":"R4","maxspeed_raw":null,"speed_base_kmh":32,"speed_pm_kmh":24,"speed_pm_rain_kmh":21,"speed_source":"synthetic_grade_default","lanes":2,"lanes_source":"Synthetic_by_grade","oneway":false,"oneway_source":"default","bridge":false,"tunnel":false,"layer":0,"layer_source":"default_ground","access":"","surface":"","service":"","topology_source":"LBS-Master_roads_gcj_clip","impedance_synthetic":true,"routable":true,"fallback_clip":true},"geometry":{"type":"LineString","coordinates":[[121.910138,30.908658],[121.910381,30.909175],[121.910437,30.909435],[121.910455,30.909636],[121.910435,30.909856],[121.910364,30.910064],[121.910305,30.910174],[121.910214,30.910301],[121.910106,30.910427],[121.90993,30.910644],[121.909797,30.910832],[121.9097,30.911031],[121.909619,30.911229],[121.909557,30.911425],[121.909534,30.911643],[121.90953,30.911997],[121.909605,30.912279],[121.909731,30.912549],[121.909917,30.912864],[121.909996,30.912932],[121.910061,30.912993]]}},{"type":"Feature","properties":{"osm_id":816361872,"name":"紫檀路","ref":"","highway":"tertiary","road_grade":"R4","maxspeed_raw":null,"speed_base_kmh":32,"speed_pm_kmh":24,"speed_pm_rain_kmh":21,"speed_source":"synthetic_grade_default","lanes":2,"lanes_source":"Synthetic_by_grade","oneway":false,"oneway_source":"default","bridge":false,"tunnel":false,"layer":0,"layer_source":"default_ground","access":"","surface":"","service":"","topology_source":"LBS-Master_roads_gcj_clip","impedance_synthetic":true,"routable":true,"fallback_clip":true},"geometry":{"type":"LineString","coordinates":[[121.935724,30.913004],[121.93577,30.912853]]}},{"type":"Feature","properties":{"osm_id":816361873,"name":"银樟路","ref":"","highway":"tertiary","road_grade":"R4","maxspeed_raw":null,"speed_base_kmh":32,"speed_pm_kmh":24,"speed_pm_rain_kmh":21,"speed_source":"synthetic_grade_default","lanes":2,"lanes_source":"Synthetic_by_grade","oneway":false,"oneway_source":"default","bridge":false,"tunnel":false,"layer":0,"layer_source":"default_ground","access":"","surface":"","service":"","topology_source":"LBS-Master_roads_gcj_clip","impedance_synthetic":true,"routable":true,"fallback_clip":true},"geometry":{"type":"LineString","coordinates":[[121.945906,30.913005],[121.945847,30.912856],[121.945623,30.911909],[121.945266,30.910275],[121.94503,30.909212]]}},{"type":"Feature","properties":{"osm_id":816361875,"name":"岩樟路","ref":"","highway":"tertiary","road_grade":"R4","maxspeed_raw":null,"speed_base_kmh":32,"speed_pm_kmh":24,"speed_pm_rain_kmh":21,"speed_source":"synthetic_grade_default","lanes":2,"lanes_source":"Synthetic_by_grade","oneway":false,"oneway_source":"default","bridge":false,"tunnel":false,"layer":0,"layer_source":"default_ground","access":"","surface":"","service":"","topology_source":"LBS-Master_roads_gcj_clip","impedance_synthetic":true,"routable":true,"fallback_clip":true},"geometry":{"type":"LineString","coordinates":[[121.952009,30.910226],[121.951214,30.909557],[121.949805,30.908361],[121.94894,30.907608]]}},{"type":"Feature","properties":{"osm_id":816361883,"name":"洲德路","ref":"","highway":"secondary","road_grade":"R3","maxspeed_raw":null,"speed_base_kmh":42,"speed_pm_kmh":27,"speed_pm_rain_kmh":24,"speed_source":"synthetic_grade_default","lanes":3,"lanes_source":"Synthetic_by_grade","oneway":false,"oneway_source":"default","bridge":false,"tunnel":false,"layer":0,"layer_source":"default_ground","access":"","surface":"","service":"","topology_source":"LBS-Master_roads_gcj_clip","impedance_synthetic":true,"routable":true,"fallback_clip":true},"geometry":{"type":"LineString","coordinates":[[121.933787,30.948854],[121.936441,30.948854],[121.938989,30.94885],[121.941076,30.948852],[121.943149,30.948829],[121.945473,30.948825],[121.948491,30.948814]]}},{"type":"Feature","properties":{"osm_id":816361893,"name":"丹漪路","ref":"","highway":"tertiary","road_grade":"R4","maxspeed_raw":null,"speed_base_kmh":32,"speed_pm_kmh":24,"speed_pm_rain_kmh":21,"speed_source":"synthetic_grade_default","lanes":2,"lanes_source":"Synthetic_by_grade","oneway":false,"oneway_source":"default","bridge":false,"tunnel":false,"layer":0,"layer_source":"default_ground","access":"","surface":"","service":"","topology_source":"LBS-Master_roads_gcj_clip","impedance_synthetic":true,"routable":true,"fallback_clip":true},"geometry":{"type":"LineString","coordinates":[[121.923895,30.951196],[121.924895,30.951188],[121.927423,30.951183],[121.929749,30.951169],[121.932065,30.951188],[121.932335,30.951204]]}},{"type":"Feature","properties":{"osm_id":816361901,"name":"","ref":"","highway":"tertiary","road_grade":"R4","maxspeed_raw":null,"speed_base_kmh":32,"speed_pm_kmh":24,"speed_pm_rain_kmh":21,"speed_source":"synthetic_grade_default","lanes":2,"lanes_source":"Synthetic_by_grade","oneway":false,"oneway_source":"default","bridge":false,"tunnel":false,"layer":0,"layer_source":"default_ground","access":"","surface":"","service":"","topology_source":"LBS-Master_roads_gcj_clip","impedance_synthetic":true,"routable":true,"fallback_clip":true},"geometry":{"type":"LineString","coordinates":[[121.921039,30.942571],[121.920852,30.942586],[121.920661,30.942691],[121.920554,30.942874],[121.920501,30.943261],[121.920384,30.944111],[121.920374,30.944188],[121.920217,30.945622],[121.920212,30.945671],[121.920206,30.945715]]}},{"type":"Feature","properties":{"osm_id":817845299,"name":"银飞路","ref":"","highway":"tertiary","road_grade":"R4","maxspeed_raw":null,"speed_base_kmh":32,"speed_pm_kmh":24,"speed_pm_rain_kmh":21,"speed_source":"synthetic_grade_default","lanes":2,"lanes_source":"Synthetic_by_grade","oneway":false,"oneway_source":"default","bridge":false,"tunnel":false,"layer":0,"layer_source":"default_ground","access":"","surface":"","service":"","topology_source":"LBS-Master_roads_gcj_clip","impedance_synthetic":true,"routable":true,"fallback_clip":true},"geometry":{"type":"LineString","coordinates":[[121.908849,30.919812],[121.908762,30.919645],[121.907745,30.918799],[121.905743,30.917107],[121.905676,30.91705]]}},{"type":"Feature","properties":{"osm_id":817845306,"name":"洲涛路","ref":"","highway":"secondary","road_grade":"R3","maxspeed_raw":null,"speed_base_kmh":42,"speed_pm_kmh":27,"speed_pm_rain_kmh":24,"speed_source":"synthetic_grade_default","lanes":3,"lanes_source":"Synthetic_by_grade","oneway":false,"oneway_source":"default","bridge":false,"tunnel":false,"layer":0,"layer_source":"default_ground","access":"","surface":"","service":"","topology_source":"LBS-Master_roads_gcj_clip","impedance_synthetic":true,"routable":true,"fallback_clip":true},"geometry":{"type":"LineString","coordinates":[[121.933198,30.954325],[121.933714,30.954325]]}},{"type":"Feature","properties":{"osm_id":817845307,"name":"洲涛路","ref":"","highway":"secondary","road_grade":"R3","maxspeed_raw":null,"speed_base_kmh":42,"speed_pm_kmh":27,"speed_pm_rain_kmh":24,"speed_source":"synthetic_grade_default","lanes":3,"lanes_source":"Synthetic_by_grade","oneway":false,"oneway_source":"default","bridge":false,"tunnel":false,"layer":0,"layer_source":"default_ground","access":"","surface":"","service":"","topology_source":"LBS-Master_roads_gcj_clip","impedance_synthetic":true,"routable":true,"fallback_clip":true},"geometry":{"type":"LineString","coordinates":[[121.933716,30.954435],[121.933203,30.954437]]}},{"type":"Feature","properties":{"osm_id":817845308,"name":"洲涛路","ref":"","highway":"secondary","road_grade":"R3","maxspeed_raw":null,"speed_base_kmh":42,"speed_pm_kmh":27,"speed_pm_rain_kmh":24,"speed_source":"synthetic_grade_default","lanes":3,"lanes_source":"Synthetic_by_grade","oneway":false,"oneway_source":"default","bridge":false,"tunnel":false,"layer":0,"layer_source":"default_ground","access":"","surface":"","service":"","topology_source":"LBS-Master_roads_gcj_clip","impedance_synthetic":true,"routable":true,"fallback_clip":true},"geometry":{"type":"LineString","coordinates":[[121.933203,30.954437],[121.932362,30.954441],[121.932072,30.954441]]}},{"type":"Feature","properties":{"osm_id":817845309,"name":"洲涛路","ref":"","highway":"secondary","road_grade":"R3","maxspeed_raw":null,"speed_base_kmh":42,"speed_pm_kmh":27,"speed_pm_rain_kmh":24,"speed_source":"synthetic_grade_default","lanes":3,"lanes_source":"Synthetic_by_grade","oneway":false,"oneway_source":"default","bridge":false,"tunnel":false,"layer":0,"layer_source":"default_ground","access":"","surface":"","service":"","topology_source":"LBS-Master_roads_gcj_clip","impedance_synthetic":true,"routable":true,"fallback_clip":true},"geometry":{"type":"LineString","coordinates":[[121.932071,30.954321],[121.932361,30.954326],[121.933198,30.954325]]}},{"type":"Feature","properties":{"osm_id":817845312,"name":"洲德路","ref":"","highway":"secondary","road_grade":"R3","maxspeed_raw":null,"speed_base_kmh":42,"speed_pm_kmh":27,"speed_pm_rain_kmh":24,"speed_source":"synthetic_grade_default","lanes":3,"lanes_source":"Synthetic_by_grade","oneway":false,"oneway_source":"default","bridge":false,"tunnel":false,"layer":0,"layer_source":"default_ground","access":"","surface":"","service":"","topology_source":"LBS-Master_roads_gcj_clip","impedance_synthetic":true,"routable":true,"fallback_clip":true},"geometry":{"type":"LineString","coordinates":[[121.933112,30.948849],[121.933787,30.948854]]}},{"type":"Feature","properties":{"osm_id":817845313,"name":"洲德路","ref":"","highway":"secondary","road_grade":"R3","maxspeed_raw":null,"speed_base_kmh":42,"speed_pm_kmh":27,"speed_pm_rain_kmh":24,"speed_source":"synthetic_grade_default","lanes":3,"lanes_source":"Synthetic_by_grade","oneway":false,"oneway_source":"default","bridge":false,"tunnel":false,"layer":0,"layer_source":"default_ground","access":"","surface":"","service":"","topology_source":"LBS-Master_roads_gcj_clip","impedance_synthetic":true,"routable":true,"fallback_clip":true},"geometry":{"type":"LineString","coordinates":[[121.932326,30.948848],[121.932795,30.948849],[121.933112,30.948849]]}},{"type":"Feature","properties":{"osm_id":817845319,"name":"","ref":"","highway":"tertiary","road_grade":"R4","maxspeed_raw":null,"speed_base_kmh":32,"speed_pm_kmh":24,"speed_pm_rain_kmh":21,"speed_source":"synthetic_grade_default","lanes":2,"lanes_source":"Synthetic_by_grade","oneway":false,"oneway_source":"default","bridge":false,"tunnel":false,"layer":0,"layer_source":"default_ground","access":"","surface":"","service":"","topology_source":"LBS-Master_roads_gcj_clip","impedance_synthetic":true,"routable":true,"fallback_clip":true},"geometry":{"type":"LineString","coordinates":[[121.948638,30.917008],[121.948742,30.917279],[121.949155,30.918336],[121.949492,30.91941],[121.949862,30.921135]]}},{"type":"Feature","properties":{"osm_id":826361307,"name":"","ref":"","highway":"secondary","road_grade":"R3","maxspeed_raw":null,"speed_base_kmh":42,"speed_pm_kmh":27,"speed_pm_rain_kmh":24,"speed_source":"synthetic_grade_default","lanes":3,"lanes_source":"Synthetic_by_grade","oneway":false,"oneway_source":"default","bridge":false,"tunnel":false,"layer":0,"layer_source":"default_ground","access":"","surface":"","service":"","topology_source":"LBS-Master_roads_gcj_clip","impedance_synthetic":true,"routable":true,"fallback_clip":true},"geometry":{"type":"LineString","coordinates":[[121.959401,30.958986],[121.959359,30.959105]]}},{"type":"Feature","properties":{"osm_id":826361308,"name":"","ref":"","highway":"secondary","road_grade":"R3","maxspeed_raw":null,"speed_base_kmh":42,"speed_pm_kmh":27,"speed_pm_rain_kmh":24,"speed_source":"synthetic_grade_default","lanes":3,"lanes_source":"Synthetic_by_grade","oneway":false,"oneway_source":"default","bridge":false,"tunnel":false,"layer":0,"layer_source":"default_ground","access":"","surface":"","service":"","topology_source":"LBS-Master_roads_gcj_clip","impedance_synthetic":true,"routable":true,"fallback_clip":true},"geometry":{"type":"LineString","coordinates":[[121.95842,30.958676],[121.959401,30.958986]]}},{"type":"Feature","properties":{"osm_id":826361309,"name":"","ref":"","highway":"secondary","road_grade":"R3","maxspeed_raw":null,"speed_base_kmh":42,"speed_pm_kmh":27,"speed_pm_rain_kmh":24,"speed_source":"synthetic_grade_default","lanes":3,"lanes_source":"Synthetic_by_grade","oneway":false,"oneway_source":"default","bridge":false,"tunnel":false,"layer":0,"layer_source":"default_ground","access":"","surface":"","service":"","topology_source":"LBS-Master_roads_gcj_clip","impedance_synthetic":true,"routable":true,"fallback_clip":true},"geometry":{"type":"LineString","coordinates":[[121.959359,30.959105],[121.958377,30.958789]]}},{"type":"Feature","properties":{"osm_id":828123505,"name":"江山路","ref":"","highway":"secondary","road_grade":"R3","maxspeed_raw":null,"speed_base_kmh":42,"speed_pm_kmh":27,"speed_pm_rain_kmh":24,"speed_source":"synthetic_grade_default","lanes":3,"lanes_source":"Synthetic_by_grade","oneway":false,"oneway_source":"default","bridge":false,"tunnel":false,"layer":0,"layer_source":"default_ground","access":"","surface":"","service":"","topology_source":"LBS-Master_roads_gcj_clip","impedance_synthetic":true,"routable":true,"fallback_clip":true},"geometry":{"type":"LineString","coordinates":[[121.860079,30.869952],[121.859733,30.869917],[121.859399,30.869901],[121.859061,30.869895],[121.85597,30.869899],[121.855815,30.869902],[121.855504,30.869907]]}},{"type":"Feature","properties":{"osm_id":828123506,"name":"江山路","ref":"","highway":"secondary","road_grade":"R3","maxspeed_raw":null,"speed_base_kmh":42,"speed_pm_kmh":27,"speed_pm_rain_kmh":24,"speed_source":"synthetic_grade_default","lanes":3,"lanes_source":"Synthetic_by_grade","oneway":false,"oneway_source":"default","bridge":false,"tunnel":false,"layer":0,"layer_source":"default_ground","access":"","surface":"","service":"","topology_source":"LBS-Master_roads_gcj_clip","impedance_synthetic":true,"routable":true,"fallback_clip":true},"geometry":{"type":"LineString","coordinates":[[121.863911,30.871478],[121.863645,30.871285],[121.863336,30.871082],[121.863024,30.870895],[121.862697,30.870724],[121.86238,30.870574],[121.862031,30.87043],[121.861669,30.870299],[121.861304,30.870201]]}},{"type":"Feature","properties":{"osm_id":829949758,"name":"环湖西二路","ref":"","highway":"secondary","road_grade":"R3","maxspeed_raw":null,"speed_base_kmh":42,"speed_pm_kmh":27,"speed_pm_rain_kmh":24,"speed_source":"synthetic_grade_default","lanes":3,"lanes_source":"Synthetic_by_grade","oneway":false,"oneway_source":"default","bridge":false,"tunnel":false,"layer":0,"layer_source":"default_ground","access":"","surface":"","service":"","topology_source":"LBS-Master_roads_gcj_clip","impedance_synthetic":true,"routable":true,"fallback_clip":true},"geometry":{"type":"LineString","coordinates":[[121.923331,30.891447],[121.923488,30.891083]]}},{"type":"Feature","properties":{"osm_id":829949759,"name":"环湖西二路","ref":"","highway":"secondary","road_grade":"R3","maxspeed_raw":null,"speed_base_kmh":42,"speed_pm_kmh":27,"speed_pm_rain_kmh":24,"speed_source":"synthetic_grade_default","lanes":3,"lanes_source":"Synthetic_by_grade","oneway":false,"oneway_source":"default","bridge":false,"tunnel":false,"layer":0,"layer_source":"default_ground","access":"","surface":"","service":"","topology_source":"LBS-Master_roads_gcj_clip","impedance_synthetic":true,"routable":true,"fallback_clip":true},"geometry":{"type":"LineString","coordinates":[[121.923488,30.891083],[121.923906,30.890295],[121.924183,30.88983],[121.924496,30.889343],[121.924869,30.888794],[121.925243,30.888314],[121.925722,30.887729],[121.926113,30.887278],[121.926423,30.886927],[121.927096,30.886284],[121.927374,30.886039]]}},{"type":"Feature","properties":{"osm_id":830644266,"name":"江山路","ref":"","highway":"secondary","road_grade":"R3","maxspeed_raw":null,"speed_base_kmh":42,"speed_pm_kmh":27,"speed_pm_rain_kmh":24,"speed_source":"synthetic_grade_default","lanes":3,"lanes_source":"Synthetic_by_grade","oneway":false,"oneway_source":"default","bridge":false,"tunnel":false,"layer":0,"layer_source":"default_ground","access":"","surface":"","service":"","topology_source":"LBS-Master_roads_gcj_clip","impedance_synthetic":true,"routable":true,"fallback_clip":true},"geometry":{"type":"LineString","coordinates":[[121.861402,30.870021],[121.861651,30.870091],[121.862121,30.870257],[121.862481,30.870406],[121.862807,30.870561],[121.863144,30.870736],[121.863466,30.870929],[121.863783,30.871139],[121.864057,30.871317]]}},{"type":"Feature","properties":{"osm_id":830644267,"name":"江山路","ref":"","highway":"secondary","road_grade":"R3","maxspeed_raw":null,"speed_base_kmh":42,"speed_pm_kmh":27,"speed_pm_rain_kmh":24,"speed_source":"synthetic_grade_default","lanes":3,"lanes_source":"Synthetic_by_grade","oneway":false,"oneway_source":"default","bridge":false,"tunnel":false,"layer":0,"layer_source":"default_ground","access":"","surface":"","service":"","topology_source":"LBS-Master_roads_gcj_clip","impedance_synthetic":true,"routable":true,"fallback_clip":true},"geometry":{"type":"LineString","coordinates":[[121.861107,30.869945],[121.861402,30.870021]]}},{"type":"Feature","properties":{"osm_id":830686675,"name":"海基五路","ref":"","highway":"tertiary","road_grade":"R4","maxspeed_raw":null,"speed_base_kmh":32,"speed_pm_kmh":24,"speed_pm_rain_kmh":21,"speed_source":"synthetic_grade_default","lanes":2,"lanes_source":"Synthetic_by_grade","oneway":false,"oneway_source":"default","bridge":false,"tunnel":false,"layer":0,"layer_source":"default_ground","access":"","surface":"","service":"","topology_source":"LBS-Master_roads_gcj_clip","impedance_synthetic":true,"routable":true,"fallback_clip":true},"geometry":{"type":"LineString","coordinates":[[121.91814,30.864454],[121.918257,30.863995],[121.918486,30.86217],[121.918634,30.860998],[121.918732,30.860743],[121.918818,30.860609],[121.918881,30.860446],[121.918946,30.860277]]}},{"type":"Feature","properties":{"osm_id":830686676,"name":"海基五路","ref":"","highway":"tertiary","road_grade":"R4","maxspeed_raw":null,"speed_base_kmh":32,"speed_pm_kmh":24,"speed_pm_rain_kmh":21,"speed_source":"synthetic_grade_default","lanes":2,"lanes_source":"Synthetic_by_grade","oneway":false,"oneway_source":"default","bridge":false,"tunnel":false,"layer":0,"layer_source":"default_ground","access":"","surface":"","service":"","topology_source":"LBS-Master_roads_gcj_clip","impedance_synthetic":true,"routable":true,"fallback_clip":true},"geometry":{"type":"LineString","coordinates":[[121.918027,30.864746],[121.91814,30.864454]]}},{"type":"Feature","properties":{"osm_id":831643277,"name":"海港大道","ref":"","highway":"secondary","road_grade":"R3","maxspeed_raw":null,"speed_base_kmh":42,"speed_pm_kmh":27,"speed_pm_rain_kmh":24,"speed_source":"synthetic_grade_default","lanes":3,"lanes_source":"Synthetic_by_grade","oneway":false,"oneway_source":"default","bridge":false,"tunnel":false,"layer":0,"layer_source":"default_ground","access":"","surface":"","service":"","topology_source":"LBS-Master_roads_gcj_clip","impedance_synthetic":true,"routable":true,"fallback_clip":true},"geometry":{"type":"LineString","coordinates":[[121.925681,30.884338],[121.925982,30.884603]]}},{"type":"Feature","properties":{"osm_id":831643278,"name":"海港大道","ref":"","highway":"secondary","road_grade":"R3","maxspeed_raw":null,"speed_base_kmh":42,"speed_pm_kmh":27,"speed_pm_rain_kmh":24,"speed_source":"synthetic_grade_default","lanes":3,"lanes_source":"Synthetic_by_grade","oneway":false,"oneway_source":"default","bridge":false,"tunnel":false,"layer":0,"layer_source":"default_ground","access":"","surface":"","service":"","topology_source":"LBS-Master_roads_gcj_clip","impedance_synthetic":true,"routable":true,"fallback_clip":true},"geometry":{"type":"LineString","coordinates":[[121.923819,30.88274],[121.92503,30.88375],[121.925681,30.884338]]}},{"type":"Feature","properties":{"osm_id":831731891,"name":"松萝路","ref":"","highway":"tertiary","road_grade":"R4","maxspeed_raw":null,"speed_base_kmh":32,"speed_pm_kmh":24,"speed_pm_rain_kmh":21,"speed_source":"synthetic_grade_default","lanes":2,"lanes_source":"Synthetic_by_grade","oneway":false,"oneway_source":"default","bridge":false,"tunnel":false,"layer":0,"layer_source":"default_ground","access":"","surface":"","service":"","topology_source":"LBS-Master_roads_gcj_clip","impedance_synthetic":true,"routable":true,"fallback_clip":true},"geometry":{"type":"LineString","coordinates":[[121.909917,30.908209],[121.910138,30.908658]]}},{"type":"Feature","properties":{"osm_id":832101397,"name":"海港大道","ref":"","highway":"secondary","road_grade":"R3","maxspeed_raw":null,"speed_base_kmh":42,"speed_pm_kmh":27,"speed_pm_rain_kmh":24,"speed_source":"synthetic_grade_default","lanes":3,"lanes_source":"Synthetic_by_grade","oneway":false,"oneway_source":"default","bridge":false,"tunnel":false,"layer":0,"layer_source":"default_ground","access":"","surface":"","service":"","topology_source":"LBS-Master_roads_gcj_clip","impedance_synthetic":true,"routable":true,"fallback_clip":true},"geometry":{"type":"LineString","coordinates":[[121.925845,30.884756],[121.925528,30.884488]]}},{"type":"Feature","properties":{"osm_id":832101398,"name":"海港大道","ref":"","highway":"secondary","road_grade":"R3","maxspeed_raw":null,"speed_base_kmh":42,"speed_pm_kmh":27,"speed_pm_rain_kmh":24,"speed_source":"synthetic_grade_default","lanes":3,"lanes_source":"Synthetic_by_grade","oneway":false,"oneway_source":"default","bridge":false,"tunnel":false,"layer":0,"layer_source":"default_ground","access":"","surface":"","service":"","topology_source":"LBS-Master_roads_gcj_clip","impedance_synthetic":true,"routable":true,"fallback_clip":true},"geometry":{"type":"LineString","coordinates":[[121.925528,30.884488],[121.924782,30.883826],[121.923664,30.882873]]}},{"type":"Feature","properties":{"osm_id":833401019,"name":"两港大道","ref":"S229","highway":"trunk","road_grade":"R1","maxspeed_raw":null,"speed_base_kmh":78,"speed_pm_kmh":56,"speed_pm_rain_kmh":49,"speed_source":"synthetic_grade_default","lanes":4,"lanes_source":"Synthetic_by_grade","oneway":false,"oneway_source":"default","bridge":false,"tunnel":false,"layer":0,"layer_source":"default_ground","access":"","surface":"","service":"","topology_source":"LBS-Master_roads_gcj_clip","impedance_synthetic":true,"routable":true,"fallback_clip":true},"geometry":{"type":"LineString","coordinates":[[121.883853,30.90847],[121.884311,30.909295],[121.885484,30.911818]]}},{"type":"Feature","properties":{"osm_id":833441675,"name":"环湖西二路","ref":"","highway":"secondary","road_grade":"R3","maxspeed_raw":null,"speed_base_kmh":42,"speed_pm_kmh":27,"speed_pm_rain_kmh":24,"speed_source":"synthetic_grade_default","lanes":3,"lanes_source":"Synthetic_by_grade","oneway":false,"oneway_source":"default","bridge":false,"tunnel":false,"layer":0,"layer_source":"default_ground","access":"","surface":"","service":"","topology_source":"LBS-Master_roads_gcj_clip","impedance_synthetic":true,"routable":true,"fallback_clip":true},"geometry":{"type":"LineString","coordinates":[[121.923672,30.891133],[121.923497,30.891527]]}},{"type":"Feature","properties":{"osm_id":833441676,"name":"环湖西二路","ref":"","highway":"secondary","road_grade":"R3","maxspeed_raw":null,"speed_base_kmh":42,"speed_pm_kmh":27,"speed_pm_rain_kmh":24,"speed_source":"synthetic_grade_default","lanes":3,"lanes_source":"Synthetic_by_grade","oneway":false,"oneway_source":"default","bridge":false,"tunnel":false,"layer":0,"layer_source":"default_ground","access":"","surface":"","service":"","topology_source":"LBS-Master_roads_gcj_clip","impedance_synthetic":true,"routable":true,"fallback_clip":true},"geometry":{"type":"LineString","coordinates":[[121.92763,30.886057],[121.927527,30.886171],[121.927324,30.886358],[121.926772,30.886895],[121.926389,30.887268],[121.925959,30.887727],[121.925895,30.887795],[121.925374,30.888436],[121.924805,30.889209],[121.924299,30.889979],[121.923984,30.890527],[121.923737,30.891009],[121.923672,30.891133]]}},{"type":"Feature","properties":{"osm_id":833464870,"name":"南港大道","ref":"","highway":"secondary","road_grade":"R3","maxspeed_raw":null,"speed_base_kmh":42,"speed_pm_kmh":27,"speed_pm_rain_kmh":24,"speed_source":"synthetic_grade_default","lanes":3,"lanes_source":"Synthetic_by_grade","oneway":false,"oneway_source":"default","bridge":false,"tunnel":false,"layer":0,"layer_source":"default_ground","access":"","surface":"","service":"","topology_source":"LBS-Master_roads_gcj_clip","impedance_synthetic":true,"routable":true,"fallback_clip":true},"geometry":{"type":"LineString","coordinates":[[121.940826,30.872314],[121.940829,30.872826]]}},{"type":"Feature","properties":{"osm_id":833464871,"name":"南港大道","ref":"","highway":"secondary","road_grade":"R3","maxspeed_raw":null,"speed_base_kmh":42,"speed_pm_kmh":27,"speed_pm_rain_kmh":24,"speed_source":"synthetic_grade_default","lanes":3,"lanes_source":"Synthetic_by_grade","oneway":false,"oneway_source":"default","bridge":false,"tunnel":false,"layer":0,"layer_source":"default_ground","access":"","surface":"","service":"","topology_source":"LBS-Master_roads_gcj_clip","impedance_synthetic":true,"routable":true,"fallback_clip":true},"geometry":{"type":"LineString","coordinates":[[121.940818,30.866362],[121.940824,30.87061],[121.940824,30.870785],[121.940826,30.872314]]}},{"type":"Feature","properties":{"osm_id":833464872,"name":"南港大道","ref":"","highway":"secondary","road_grade":"R3","maxspeed_raw":null,"speed_base_kmh":42,"speed_pm_kmh":27,"speed_pm_rain_kmh":24,"speed_source":"synthetic_grade_default","lanes":3,"lanes_source":"Synthetic_by_grade","oneway":false,"oneway_source":"default","bridge":false,"tunnel":false,"layer":0,"layer_source":"default_ground","access":"","surface":"","service":"","topology_source":"LBS-Master_roads_gcj_clip","impedance_synthetic":true,"routable":true,"fallback_clip":true},"geometry":{"type":"LineString","coordinates":[[121.940829,30.878253],[121.940833,30.878746]]}},{"type":"Feature","properties":{"osm_id":833464873,"name":"南港大道","ref":"","highway":"secondary","road_grade":"R3","maxspeed_raw":null,"speed_base_kmh":42,"speed_pm_kmh":27,"speed_pm_rain_kmh":24,"speed_source":"synthetic_grade_default","lanes":3,"lanes_source":"Synthetic_by_grade","oneway":false,"oneway_source":"default","bridge":false,"tunnel":false,"layer":0,"layer_source":"default_ground","access":"","surface":"","service":"","topology_source":"LBS-Master_roads_gcj_clip","impedance_synthetic":true,"routable":true,"fallback_clip":true},"geometry":{"type":"LineString","coordinates":[[121.940829,30.872826],[121.94083,30.87647],[121.940831,30.876654],[121.940829,30.878253]]}},{"type":"Feature","properties":{"osm_id":833815878,"name":"潮和路","ref":"","highway":"tertiary","road_grade":"R4","maxspeed_raw":null,"speed_base_kmh":32,"speed_pm_kmh":24,"speed_pm_rain_kmh":21,"speed_source":"synthetic_grade_default","lanes":2,"lanes_source":"Synthetic_by_grade","oneway":false,"oneway_source":"default","bridge":false,"tunnel":false,"layer":0,"layer_source":"default_ground","access":"","surface":"","service":"","topology_source":"LBS-Master_roads_gcj_clip","impedance_synthetic":true,"routable":true,"fallback_clip":true},"geometry":{"type":"LineString","coordinates":[[121.860034,30.870784],[121.860023,30.870637],[121.860026,30.870469],[121.860031,30.870121],[121.860079,30.869952]]}},{"type":"Feature","properties":{"osm_id":833815879,"name":"潮和路","ref":"","highway":"tertiary","road_grade":"R4","maxspeed_raw":null,"speed_base_kmh":32,"speed_pm_kmh":24,"speed_pm_rain_kmh":21,"speed_source":"synthetic_grade_default","lanes":2,"lanes_source":"Synthetic_by_grade","oneway":false,"oneway_source":"default","bridge":false,"tunnel":false,"layer":0,"layer_source":"default_ground","access":"","surface":"","service":"","topology_source":"LBS-Master_roads_gcj_clip","impedance_synthetic":true,"routable":true,"fallback_clip":true},"geometry":{"type":"LineString","coordinates":[[121.860071,30.871104],[121.860034,30.870784]]}},{"type":"Feature","properties":{"osm_id":834169748,"name":"两港大道","ref":"S229","highway":"trunk","road_grade":"R1","maxspeed_raw":null,"speed_base_kmh":78,"speed_pm_kmh":56,"speed_pm_rain_kmh":49,"speed_source":"synthetic_grade_default","lanes":4,"lanes_source":"Synthetic_by_grade","oneway":false,"oneway_source":"default","bridge":false,"tunnel":false,"layer":0,"layer_source":"default_ground","access":"","surface":"","service":"","topology_source":"LBS-Master_roads_gcj_clip","impedance_synthetic":true,"routable":true,"fallback_clip":true},"geometry":{"type":"LineString","coordinates":[[121.883573,30.908523],[121.883444,30.908294]]}},{"type":"Feature","properties":{"osm_id":834169749,"name":"两港大道","ref":"S229","highway":"trunk","road_grade":"R1","maxspeed_raw":null,"speed_base_kmh":78,"speed_pm_kmh":56,"speed_pm_rain_kmh":49,"speed_source":"synthetic_grade_default","lanes":4,"lanes_source":"Synthetic_by_grade","oneway":false,"oneway_source":"default","bridge":false,"tunnel":false,"layer":0,"layer_source":"default_ground","access":"","surface":"","service":"","topology_source":"LBS-Master_roads_gcj_clip","impedance_synthetic":true,"routable":true,"fallback_clip":true},"geometry":{"type":"LineString","coordinates":[[121.885206,30.911841],[121.885018,30.911423],[121.884808,30.910874],[121.883573,30.908523]]}},{"type":"Feature","properties":{"osm_id":838982244,"name":"","ref":"","highway":"tertiary","road_grade":"R4","maxspeed_raw":null,"speed_base_kmh":32,"speed_pm_kmh":24,"speed_pm_rain_kmh":21,"speed_source":"synthetic_grade_default","lanes":2,"lanes_source":"Synthetic_by_grade","oneway":false,"oneway_source":"default","bridge":false,"tunnel":false,"layer":0,"layer_source":"default_ground","access":"","surface":"","service":"","topology_source":"LBS-Master_roads_gcj_clip","impedance_synthetic":true,"routable":true,"fallback_clip":true},"geometry":{"type":"LineString","coordinates":[[121.963848,30.877067],[121.96429,30.877422]]}},{"type":"Feature","properties":{"osm_id":838982245,"name":"世纪塘路","ref":"","highway":"tertiary","road_grade":"R4","maxspeed_raw":null,"speed_base_kmh":32,"speed_pm_kmh":24,"speed_pm_rain_kmh":21,"speed_source":"synthetic_grade_default","lanes":2,"lanes_source":"Synthetic_by_grade","oneway":false,"oneway_source":"default","bridge":false,"tunnel":false,"layer":0,"layer_source":"default_ground","access":"","surface":"","service":"","topology_source":"LBS-Master_roads_gcj_clip","impedance_synthetic":true,"routable":true,"fallback_clip":true},"geometry":{"type":"LineString","coordinates":[[121.914582,30.858206],[121.914765,30.858357],[121.914866,30.858366],[121.914977,30.858318],[121.915203,30.85812],[121.916444,30.857037],[121.916585,30.856972],[121.916706,30.856946],[121.916877,30.856942],[121.917044,30.856981],[121.920155,30.858273],[121.920313,30.858335],[121.92064,30.858464],[121.928016,30.86135],[121.930752,30.862422],[121.939546,30.865857],[121.940604,30.86628],[121.940818,30.866362],[121.945803,30.868285],[121.950303,30.870021],[121.961414,30.874371],[121.964601,30.875649],[121.964667,30.875701],[121.9647,30.87579],[121.964678,30.875884],[121.964618,30.875955],[121.963728,30.876724],[121.963679,30.876804],[121.963701,30.876902],[121.963848,30.877067]]}},{"type":"Feature","properties":{"osm_id":838982246,"name":"","ref":"","highway":"tertiary","road_grade":"R4","maxspeed_raw":null,"speed_base_kmh":32,"speed_pm_kmh":24,"speed_pm_rain_kmh":21,"speed_source":"synthetic_grade_default","lanes":2,"lanes_source":"Synthetic_by_grade","oneway":false,"oneway_source":"default","bridge":false,"tunnel":false,"layer":0,"layer_source":"default_ground","access":"","surface":"","service":"","topology_source":"LBS-Master_roads_gcj_clip","impedance_synthetic":true,"routable":true,"fallback_clip":true},"geometry":{"type":"LineString","coordinates":[[121.96429,30.877422],[121.964469,30.877558],[121.964596,30.877549],[121.964717,30.877493],[121.965859,30.876475],[121.965996,30.876405],[121.96616,30.876405],[121.966408,30.876533],[121.968119,30.877596],[121.968529,30.877893],[121.969025,30.878251],[121.97059,30.879545],[121.971504,30.880468],[121.972182,30.881246],[121.972706,30.881878],[121.972647,30.882124],[121.973172,30.882865],[121.973138,30.883082],[121.973163,30.883285],[121.97335,30.883481],[121.973536,30.883569],[121.973815,30.883584],[121.973908,30.883657],[121.974721,30.885236],[121.975006,30.88589],[121.975383,30.886925],[121.975732,30.888034],[121.976022,30.889374],[121.976176,30.890401],[121.97626,30.891914],[121.976305,30.894049],[121.97646,30.897293],[121.976479,30.89744],[121.976635,30.899855],[121.976738,30.902047],[121.976745,30.902204],[121.976923,30.905958],[121.977076,30.909364],[121.977237,30.913539],[121.977398,30.917901],[121.977415,30.918437],[121.977332,30.918639],[121.976324,30.921064],[121.975224,30.923481],[121.97403,30.926224],[121.972372,30.930009],[121.970908,30.933417],[121.969994,30.935509],[121.969167,30.937431],[121.968606,30.938736],[121.967253,30.941886],[121.963188,30.951241],[121.96173,30.954589],[121.960676,30.956955],[121.960493,30.957366],[121.95902,30.960875],[121.957222,30.964988],[121.955758,30.968398],[121.95431,30.971795],[121.952219,30.976611],[121.951048,30.979248],[121.94969,30.982394],[121.948511,30.985101],[121.947128,30.988358],[121.94586,30.991239],[121.944307,30.994879],[121.943599,30.996459],[121.943274,30.996918],[121.94281,30.99746],[121.94229,30.997898],[121.941672,30.998287],[121.940981,30.998578],[121.940379,30.998759],[121.939875,30.998855],[121.938396,30.999041],[121.935428,30.999392],[121.933095,30.999598],[121.931633,30.99968],[121.927618,30.999892],[121.920639,31.000311],[121.914353,31.000711],[121.907591,31.001121],[121.902916,31.001399],[121.900846,31.001532],[121.900709,31.001602],[121.900059,31.001658],[121.898812,31.001715],[121.897957,31.001755],[121.89597,31.001847],[121.894616,31.001882],[121.891939,31.00219],[121.890771,31.002247],[121.889741,31.002261],[121.889554,31.002401],[121.889582,31.002919],[121.889368,31.002972],[121.887733,31.003006],[121.887531,31.003134],[121.887343,31.003233]]}},{"type":"Feature","properties":{"osm_id":868638423,"name":"银飞路","ref":"","highway":"tertiary","road_grade":"R4","maxspeed_raw":null,"speed_base_kmh":32,"speed_pm_kmh":24,"speed_pm_rain_kmh":21,"speed_source":"synthetic_grade_default","lanes":2,"lanes_source":"Synthetic_by_grade","oneway":false,"oneway_source":"default","bridge":false,"tunnel":false,"layer":0,"layer_source":"default_ground","access":"","surface":"","service":"","topology_source":"LBS-Master_roads_gcj_clip","impedance_synthetic":true,"routable":true,"fallback_clip":true},"geometry":{"type":"LineString","coordinates":[[121.903046,30.914568],[121.904065,30.91542],[121.904262,30.915585],[121.904477,30.915765],[121.904916,30.916278],[121.905027,30.916406],[121.905355,30.916787],[121.905468,30.91688],[121.905548,30.916945]]}},{"type":"Feature","properties":{"osm_id":868638425,"name":"花柏路","ref":"","highway":"secondary","road_grade":"R3","maxspeed_raw":null,"speed_base_kmh":42,"speed_pm_kmh":27,"speed_pm_rain_kmh":24,"speed_source":"synthetic_grade_default","lanes":3,"lanes_source":"Synthetic_by_grade","oneway":false,"oneway_source":"default","bridge":false,"tunnel":false,"layer":0,"layer_source":"default_ground","access":"","surface":"","service":"","topology_source":"LBS-Master_roads_gcj_clip","impedance_synthetic":true,"routable":true,"fallback_clip":true},"geometry":{"type":"LineString","coordinates":[[121.891849,30.90534],[121.889346,30.905337],[121.889351,30.905188],[121.89185,30.90519]]}},{"type":"Feature","properties":{"osm_id":868638426,"name":"花柏路","ref":"","highway":"secondary","road_grade":"R3","maxspeed_raw":null,"speed_base_kmh":42,"speed_pm_kmh":27,"speed_pm_rain_kmh":24,"speed_source":"synthetic_grade_default","lanes":3,"lanes_source":"Synthetic_by_grade","oneway":false,"oneway_source":"default","bridge":false,"tunnel":false,"layer":0,"layer_source":"default_ground","access":"","surface":"","service":"","topology_source":"LBS-Master_roads_gcj_clip","impedance_synthetic":true,"routable":true,"fallback_clip":true},"geometry":{"type":"LineString","coordinates":[[121.894784,30.905184],[121.895404,30.905184],[121.895896,30.905183],[121.896232,30.90517],[121.896672,30.905163],[121.897077,30.905153],[121.897234,30.905149]]}},{"type":"Feature","properties":{"osm_id":868638427,"name":"花柏路","ref":"","highway":"secondary","road_grade":"R3","maxspeed_raw":null,"speed_base_kmh":42,"speed_pm_kmh":27,"speed_pm_rain_kmh":24,"speed_source":"synthetic_grade_default","lanes":3,"lanes_source":"Synthetic_by_grade","oneway":false,"oneway_source":"default","bridge":false,"tunnel":false,"layer":0,"layer_source":"default_ground","access":"","surface":"","service":"","topology_source":"LBS-Master_roads_gcj_clip","impedance_synthetic":true,"routable":true,"fallback_clip":true},"geometry":{"type":"LineString","coordinates":[[121.894363,30.90519],[121.894784,30.905184]]}},{"type":"Feature","properties":{"osm_id":868638428,"name":"花柏路","ref":"","highway":"secondary","road_grade":"R3","maxspeed_raw":null,"speed_base_kmh":42,"speed_pm_kmh":27,"speed_pm_rain_kmh":24,"speed_source":"synthetic_grade_default","lanes":3,"lanes_source":"Synthetic_by_grade","oneway":false,"oneway_source":"default","bridge":false,"tunnel":false,"layer":0,"layer_source":"default_ground","access":"","surface":"","service":"","topology_source":"LBS-Master_roads_gcj_clip","impedance_synthetic":true,"routable":true,"fallback_clip":true},"geometry":{"type":"LineString","coordinates":[[121.897247,30.905298],[121.897091,30.9053],[121.895237,30.905326],[121.894998,30.905327],[121.894834,30.905327]]}},{"type":"Feature","properties":{"osm_id":868638429,"name":"花柏路","ref":"","highway":"secondary","road_grade":"R3","maxspeed_raw":null,"speed_base_kmh":42,"speed_pm_kmh":27,"speed_pm_rain_kmh":24,"speed_source":"synthetic_grade_default","lanes":3,"lanes_source":"Synthetic_by_grade","oneway":false,"oneway_source":"default","bridge":false,"tunnel":false,"layer":0,"layer_source":"default_ground","access":"","surface":"","service":"","topology_source":"LBS-Master_roads_gcj_clip","impedance_synthetic":true,"routable":true,"fallback_clip":true},"geometry":{"type":"LineString","coordinates":[[121.894834,30.905327],[121.894389,30.905336]]}},{"type":"Feature","properties":{"osm_id":871750767,"name":"","ref":"","highway":"secondary","road_grade":"R3","maxspeed_raw":null,"speed_base_kmh":42,"speed_pm_kmh":27,"speed_pm_rain_kmh":24,"speed_source":"synthetic_grade_default","lanes":3,"lanes_source":"Synthetic_by_grade","oneway":false,"oneway_source":"default","bridge":false,"tunnel":false,"layer":0,"layer_source":"default_ground","access":"","surface":"","service":"","topology_source":"LBS-Master_roads_gcj_clip","impedance_synthetic":true,"routable":true,"fallback_clip":true},"geometry":{"type":"LineString","coordinates":[[121.895183,30.948396],[121.895074,30.94842],[121.894621,30.948595],[121.894453,30.94866]]}},{"type":"Feature","properties":{"osm_id":871750768,"name":"","ref":"","highway":"secondary","road_grade":"R3","maxspeed_raw":null,"speed_base_kmh":42,"speed_pm_kmh":27,"speed_pm_rain_kmh":24,"speed_source":"synthetic_grade_default","lanes":3,"lanes_source":"Synthetic_by_grade","oneway":false,"oneway_source":"default","bridge":false,"tunnel":false,"layer":0,"layer_source":"default_ground","access":"","surface":"","service":"","topology_source":"LBS-Master_roads_gcj_clip","impedance_synthetic":true,"routable":true,"fallback_clip":true},"geometry":{"type":"LineString","coordinates":[[121.895525,30.948319],[121.895183,30.948396]]}},{"type":"Feature","properties":{"osm_id":871750769,"name":"","ref":"","highway":"secondary","road_grade":"R3","maxspeed_raw":null,"speed_base_kmh":42,"speed_pm_kmh":27,"speed_pm_rain_kmh":24,"speed_source":"synthetic_grade_default","lanes":3,"lanes_source":"Synthetic_by_grade","oneway":false,"oneway_source":"default","bridge":false,"tunnel":false,"layer":0,"layer_source":"default_ground","access":"","surface":"","service":"","topology_source":"LBS-Master_roads_gcj_clip","impedance_synthetic":true,"routable":true,"fallback_clip":true},"geometry":{"type":"LineString","coordinates":[[121.8952,30.948256],[121.895528,30.948177]]}},{"type":"Feature","properties":{"osm_id":871750770,"name":"","ref":"","highway":"secondary","road_grade":"R3","maxspeed_raw":null,"speed_base_kmh":42,"speed_pm_kmh":27,"speed_pm_rain_kmh":24,"speed_source":"synthetic_grade_default","lanes":3,"lanes_source":"Synthetic_by_grade","oneway":false,"oneway_source":"default","bridge":false,"tunnel":false,"layer":0,"layer_source":"default_ground","access":"","surface":"","service":"","topology_source":"LBS-Master_roads_gcj_clip","impedance_synthetic":true,"routable":true,"fallback_clip":true},"geometry":{"type":"LineString","coordinates":[[121.894421,30.948534],[121.895141,30.948271],[121.8952,30.948256]]}},{"type":"Feature","properties":{"osm_id":872255255,"name":"","ref":"","highway":"secondary","road_grade":"R3","maxspeed_raw":null,"speed_base_kmh":42,"speed_pm_kmh":27,"speed_pm_rain_kmh":24,"speed_source":"synthetic_grade_default","lanes":3,"lanes_source":"Synthetic_by_grade","oneway":false,"oneway_source":"default","bridge":false,"tunnel":false,"layer":0,"layer_source":"default_ground","access":"","surface":"","service":"","topology_source":"LBS-Master_roads_gcj_clip","impedance_synthetic":true,"routable":true,"fallback_clip":true},"geometry":{"type":"LineString","coordinates":[[121.895528,30.948177],[121.89583,30.948117],[121.896366,30.948052],[121.896977,30.948047],[121.897707,30.948047],[121.901622,30.948046]]}},{"type":"Feature","properties":{"osm_id":872255256,"name":"","ref":"","highway":"tertiary","road_grade":"R4","maxspeed_raw":null,"speed_base_kmh":32,"speed_pm_kmh":24,"speed_pm_rain_kmh":21,"speed_source":"synthetic_grade_default","lanes":2,"lanes_source":"Synthetic_by_grade","oneway":false,"oneway_source":"default","bridge":false,"tunnel":false,"layer":0,"layer_source":"default_ground","access":"","surface":"","service":"","topology_source":"LBS-Master_roads_gcj_clip","impedance_synthetic":true,"routable":true,"fallback_clip":true},"geometry":{"type":"LineString","coordinates":[[121.901588,30.945304],[121.901593,30.945666],[121.9016,30.946403],[121.901604,30.94666],[121.901614,30.947386],[121.901622,30.948046]]}},{"type":"Feature","properties":{"osm_id":893175941,"name":"杉青路","ref":"","highway":"secondary","road_grade":"R3","maxspeed_raw":null,"speed_base_kmh":42,"speed_pm_kmh":27,"speed_pm_rain_kmh":24,"speed_source":"synthetic_grade_default","lanes":3,"lanes_source":"Synthetic_by_grade","oneway":false,"oneway_source":"default","bridge":false,"tunnel":false,"layer":0,"layer_source":"default_ground","access":"","surface":"","service":"","topology_source":"LBS-Master_roads_gcj_clip","impedance_synthetic":true,"routable":true,"fallback_clip":true},"geometry":{"type":"LineString","coordinates":[[121.932017,30.939093],[121.932011,30.937936],[121.931994,30.935071],[121.931993,30.934902],[121.931992,30.934793],[121.931984,30.931444],[121.931981,30.931052]]}},{"type":"Feature","properties":{"osm_id":893175942,"name":"","ref":"","highway":"secondary","road_grade":"R3","maxspeed_raw":null,"speed_base_kmh":42,"speed_pm_kmh":27,"speed_pm_rain_kmh":24,"speed_source":"synthetic_grade_default","lanes":3,"lanes_source":"Synthetic_by_grade","oneway":false,"oneway_source":"default","bridge":false,"tunnel":false,"layer":0,"layer_source":"default_ground","access":"","surface":"","service":"","topology_source":"LBS-Master_roads_gcj_clip","impedance_synthetic":true,"routable":true,"fallback_clip":true},"geometry":{"type":"LineString","coordinates":[[121.932045,30.94502],[121.932044,30.944658],[121.932041,30.944107]]}},{"type":"Feature","properties":{"osm_id":893175943,"name":"杉青路","ref":"","highway":"secondary","road_grade":"R3","maxspeed_raw":null,"speed_base_kmh":42,"speed_pm_kmh":27,"speed_pm_rain_kmh":24,"speed_source":"synthetic_grade_default","lanes":3,"lanes_source":"Synthetic_by_grade","oneway":false,"oneway_source":"default","bridge":false,"tunnel":false,"layer":0,"layer_source":"default_ground","access":"","surface":"","service":"","topology_source":"LBS-Master_roads_gcj_clip","impedance_synthetic":true,"routable":true,"fallback_clip":true},"geometry":{"type":"LineString","coordinates":[[121.93226,30.939355],[121.932262,30.939815],[121.932262,30.939901],[121.932266,30.940875],[121.932274,30.942103],[121.932288,30.944106]]}},{"type":"Feature","properties":{"osm_id":893175944,"name":"","ref":"","highway":"secondary","road_grade":"R3","maxspeed_raw":null,"speed_base_kmh":42,"speed_pm_kmh":27,"speed_pm_rain_kmh":24,"speed_source":"synthetic_grade_default","lanes":3,"lanes_source":"Synthetic_by_grade","oneway":false,"oneway_source":"default","bridge":false,"tunnel":false,"layer":0,"layer_source":"default_ground","access":"","surface":"","service":"","topology_source":"LBS-Master_roads_gcj_clip","impedance_synthetic":true,"routable":true,"fallback_clip":true},"geometry":{"type":"LineString","coordinates":[[121.932288,30.944106],[121.932294,30.945013]]}},{"type":"Feature","properties":{"osm_id":923299260,"name":"环湖东二路","ref":"","highway":"secondary","road_grade":"R3","maxspeed_raw":null,"speed_base_kmh":42,"speed_pm_kmh":27,"speed_pm_rain_kmh":24,"speed_source":"synthetic_grade_default","lanes":3,"lanes_source":"Synthetic_by_grade","oneway":false,"oneway_source":"default","bridge":false,"tunnel":false,"layer":0,"layer_source":"default_ground","access":"","surface":"","service":"","topology_source":"LBS-Master_roads_gcj_clip","impedance_synthetic":true,"routable":true,"fallback_clip":true},"geometry":{"type":"LineString","coordinates":[[121.95806,30.903798],[121.957714,30.904475],[121.957353,30.905102],[121.956957,30.905697],[121.95656,30.906249],[121.956485,30.906346],[121.956124,30.906809],[121.955692,30.907317],[121.955034,30.907994],[121.954173,30.908826]]}},{"type":"Feature","properties":{"osm_id":923299261,"name":"环湖东二路","ref":"","highway":"secondary","road_grade":"R3","maxspeed_raw":null,"speed_base_kmh":42,"speed_pm_kmh":27,"speed_pm_rain_kmh":24,"speed_source":"synthetic_grade_default","lanes":3,"lanes_source":"Synthetic_by_grade","oneway":false,"oneway_source":"default","bridge":false,"tunnel":false,"layer":0,"layer_source":"default_ground","access":"","surface":"","service":"","topology_source":"LBS-Master_roads_gcj_clip","impedance_synthetic":true,"routable":true,"fallback_clip":true},"geometry":{"type":"LineString","coordinates":[[121.954045,30.908715],[121.954896,30.907902],[121.955538,30.90722],[121.955961,30.906724],[121.956314,30.906271],[121.956385,30.906182],[121.95677,30.905661],[121.95717,30.905055],[121.957475,30.904535],[121.957889,30.903736]]}},{"type":"Feature","properties":{"osm_id":923299262,"name":"","ref":"","highway":"secondary","road_grade":"R3","maxspeed_raw":null,"speed_base_kmh":42,"speed_pm_kmh":27,"speed_pm_rain_kmh":24,"speed_source":"synthetic_grade_default","lanes":3,"lanes_source":"Synthetic_by_grade","oneway":false,"oneway_source":"default","bridge":false,"tunnel":false,"layer":0,"layer_source":"default_ground","access":"","surface":"","service":"","topology_source":"LBS-Master_roads_gcj_clip","impedance_synthetic":true,"routable":true,"fallback_clip":true},"geometry":{"type":"LineString","coordinates":[[121.957889,30.903736],[121.958092,30.903304]]}},{"type":"Feature","properties":{"osm_id":923299263,"name":"","ref":"","highway":"secondary","road_grade":"R3","maxspeed_raw":null,"speed_base_kmh":42,"speed_pm_kmh":27,"speed_pm_rain_kmh":24,"speed_source":"synthetic_grade_default","lanes":3,"lanes_source":"Synthetic_by_grade","oneway":false,"oneway_source":"default","bridge":false,"tunnel":false,"layer":0,"layer_source":"default_ground","access":"","surface":"","service":"","topology_source":"LBS-Master_roads_gcj_clip","impedance_synthetic":true,"routable":true,"fallback_clip":true},"geometry":{"type":"LineString","coordinates":[[121.958265,30.903367],[121.95806,30.903798]]}},{"type":"Feature","properties":{"osm_id":1000924801,"name":"","ref":"","highway":"motorway_link","road_grade":"R1","maxspeed_raw":null,"speed_base_kmh":78,"speed_pm_kmh":56,"speed_pm_rain_kmh":49,"speed_source":"synthetic_grade_default","lanes":4,"lanes_source":"Synthetic_by_grade","oneway":false,"oneway_source":"default","bridge":false,"tunnel":false,"layer":0,"layer_source":"default_ground","access":"","surface":"","service":"","topology_source":"LBS-Master_roads_gcj_clip","impedance_synthetic":true,"routable":true,"fallback_clip":true},"geometry":{"type":"LineString","coordinates":[[121.890854,30.875127],[121.891201,30.874714],[121.89161,30.87424],[121.891961,30.87389]]}},{"type":"Feature","properties":{"osm_id":1000924802,"name":"","ref":"","highway":"motorway_link","road_grade":"R1","maxspeed_raw":null,"speed_base_kmh":78,"speed_pm_kmh":56,"speed_pm_rain_kmh":49,"speed_source":"synthetic_grade_default","lanes":4,"lanes_source":"Synthetic_by_grade","oneway":false,"oneway_source":"default","bridge":false,"tunnel":false,"layer":0,"layer_source":"default_ground","access":"","surface":"","service":"","topology_source":"LBS-Master_roads_gcj_clip","impedance_synthetic":true,"routable":true,"fallback_clip":true},"geometry":{"type":"LineString","coordinates":[[121.905951,30.867305],[121.906558,30.86783],[121.907083,30.868295],[121.907291,30.868615]]}},{"type":"Feature","properties":{"osm_id":1000924803,"name":"","ref":"","highway":"motorway_link","road_grade":"R1","maxspeed_raw":null,"speed_base_kmh":78,"speed_pm_kmh":56,"speed_pm_rain_kmh":49,"speed_source":"synthetic_grade_default","lanes":4,"lanes_source":"Synthetic_by_grade","oneway":false,"oneway_source":"default","bridge":false,"tunnel":false,"layer":0,"layer_source":"default_ground","access":"","surface":"","service":"","topology_source":"LBS-Master_roads_gcj_clip","impedance_synthetic":true,"routable":true,"fallback_clip":true},"geometry":{"type":"LineString","coordinates":[[121.891961,30.87389],[121.892841,30.873093],[121.894059,30.872],[121.895282,30.870967],[121.896084,30.870245],[121.896634,30.869714],[121.897119,30.869294],[121.898019,30.868621],[121.898527,30.868217],[121.899362,30.867478],[121.900454,30.866546],[121.901656,30.865491],[121.902984,30.864345],[121.903185,30.86414],[121.903397,30.863846],[121.90349,30.86362],[121.903523,30.863363],[121.903453,30.863134],[121.903311,30.862913],[121.903106,30.86278],[121.902904,30.862709],[121.902561,30.862683],[121.902301,30.862743],[121.902121,30.862838],[121.901966,30.862974],[121.901887,30.863107],[121.901829,30.863289],[121.901829,30.863478],[121.901869,30.863646],[121.901995,30.863845],[121.902219,30.864088]]}},{"type":"Feature","properties":{"osm_id":1000924804,"name":"","ref":"","highway":"motorway_link","road_grade":"R1","maxspeed_raw":null,"speed_base_kmh":78,"speed_pm_kmh":56,"speed_pm_rain_kmh":49,"speed_source":"synthetic_grade_default","lanes":4,"lanes_source":"Synthetic_by_grade","oneway":false,"oneway_source":"default","bridge":false,"tunnel":false,"layer":0,"layer_source":"default_ground","access":"","surface":"","service":"","topology_source":"LBS-Master_roads_gcj_clip","impedance_synthetic":true,"routable":true,"fallback_clip":true},"geometry":{"type":"LineString","coordinates":[[121.907172,30.868713],[121.906477,30.868248],[121.905695,30.867583]]}},{"type":"Feature","properties":{"osm_id":1000924805,"name":"","ref":"","highway":"motorway_link","road_grade":"R1","maxspeed_raw":null,"speed_base_kmh":78,"speed_pm_kmh":56,"speed_pm_rain_kmh":49,"speed_source":"synthetic_grade_default","lanes":4,"lanes_source":"Synthetic_by_grade","oneway":false,"oneway_source":"default","bridge":false,"tunnel":false,"layer":0,"layer_source":"default_ground","access":"","surface":"","service":"","topology_source":"LBS-Master_roads_gcj_clip","impedance_synthetic":true,"routable":true,"fallback_clip":true},"geometry":{"type":"LineString","coordinates":[[121.892261,30.87428],[121.891943,30.874528],[121.891653,30.874709],[121.891133,30.875029]]}},{"type":"Feature","properties":{"osm_id":1000924806,"name":"","ref":"","highway":"motorway_link","road_grade":"R1","maxspeed_raw":null,"speed_base_kmh":78,"speed_pm_kmh":56,"speed_pm_rain_kmh":49,"speed_source":"synthetic_grade_default","lanes":4,"lanes_source":"Synthetic_by_grade","oneway":false,"oneway_source":"default","bridge":false,"tunnel":false,"layer":0,"layer_source":"default_ground","access":"","surface":"","service":"","topology_source":"LBS-Master_roads_gcj_clip","impedance_synthetic":true,"routable":true,"fallback_clip":true},"geometry":{"type":"LineString","coordinates":[[121.905695,30.867583],[121.905636,30.867533],[121.905144,30.867229],[121.904738,30.867021],[121.90429,30.866853],[121.903915,30.866748],[121.903456,30.866669],[121.902867,30.866629],[121.902465,30.866638],[121.901898,30.866715],[121.901355,30.86686],[121.90065,30.867143],[121.900013,30.867555],[121.898571,30.868812],[121.897016,30.870156],[121.896028,30.871057],[121.895429,30.871541],[121.894248,30.872541],[121.892261,30.87428]]}},{"type":"Feature","properties":{"osm_id":1005658181,"name":"","ref":"","highway":"motorway_link","road_grade":"R1","maxspeed_raw":null,"speed_base_kmh":78,"speed_pm_kmh":56,"speed_pm_rain_kmh":49,"speed_source":"synthetic_grade_default","lanes":4,"lanes_source":"Synthetic_by_grade","oneway":false,"oneway_source":"default","bridge":false,"tunnel":false,"layer":0,"layer_source":"default_ground","access":"","surface":"","service":"","topology_source":"LBS-Master_roads_gcj_clip","impedance_synthetic":true,"routable":true,"fallback_clip":true},"geometry":{"type":"LineString","coordinates":[[121.902219,30.864088],[121.903157,30.864868],[121.90532,30.866677],[121.905951,30.867305]]}},{"type":"Feature","properties":{"osm_id":1024098249,"name":"","ref":"","highway":"motorway_link","road_grade":"R1","maxspeed_raw":null,"speed_base_kmh":78,"speed_pm_kmh":56,"speed_pm_rain_kmh":49,"speed_source":"synthetic_grade_default","lanes":4,"lanes_source":"Synthetic_by_grade","oneway":false,"oneway_source":"default","bridge":false,"tunnel":false,"layer":0,"layer_source":"default_ground","access":"","surface":"","service":"","topology_source":"LBS-Master_roads_gcj_clip","impedance_synthetic":true,"routable":true,"fallback_clip":true},"geometry":{"type":"LineString","coordinates":[[121.864449,30.888486],[121.86508,30.889027],[121.865881,30.889731],[121.866805,30.890534]]}},{"type":"Feature","properties":{"osm_id":1024098250,"name":"","ref":"","highway":"motorway_link","road_grade":"R1","maxspeed_raw":null,"speed_base_kmh":78,"speed_pm_kmh":56,"speed_pm_rain_kmh":49,"speed_source":"synthetic_grade_default","lanes":4,"lanes_source":"Synthetic_by_grade","oneway":false,"oneway_source":"default","bridge":false,"tunnel":false,"layer":0,"layer_source":"default_ground","access":"","surface":"","service":"","topology_source":"LBS-Master_roads_gcj_clip","impedance_synthetic":true,"routable":true,"fallback_clip":true},"geometry":{"type":"LineString","coordinates":[[121.866526,30.891089],[121.866073,30.890657],[121.864498,30.889312],[121.864043,30.888932]]}},{"type":"Feature","properties":{"osm_id":1024098251,"name":"","ref":"","highway":"motorway_link","road_grade":"R1","maxspeed_raw":null,"speed_base_kmh":78,"speed_pm_kmh":56,"speed_pm_rain_kmh":49,"speed_source":"synthetic_grade_default","lanes":4,"lanes_source":"Synthetic_by_grade","oneway":false,"oneway_source":"default","bridge":false,"tunnel":false,"layer":0,"layer_source":"default_ground","access":"","surface":"","service":"","topology_source":"LBS-Master_roads_gcj_clip","impedance_synthetic":true,"routable":true,"fallback_clip":true},"geometry":{"type":"LineString","coordinates":[[121.867636,30.89362],[121.867608,30.89352],[121.867522,30.89313],[121.867421,30.892747],[121.867315,30.89249]]}},{"type":"Feature","properties":{"osm_id":1077410122,"name":"江山路","ref":"","highway":"secondary","road_grade":"R3","maxspeed_raw":null,"speed_base_kmh":42,"speed_pm_kmh":27,"speed_pm_rain_kmh":24,"speed_source":"synthetic_grade_default","lanes":3,"lanes_source":"Synthetic_by_grade","oneway":false,"oneway_source":"default","bridge":false,"tunnel":false,"layer":0,"layer_source":"default_ground","access":"","surface":"","service":"","topology_source":"LBS-Master_roads_gcj_clip","impedance_synthetic":true,"routable":true,"fallback_clip":true},"geometry":{"type":"LineString","coordinates":[[121.871809,30.878847],[121.871955,30.879042]]}},{"type":"Feature","properties":{"osm_id":1077410123,"name":"同顺大道","ref":"","highway":"secondary","road_grade":"R3","maxspeed_raw":null,"speed_base_kmh":42,"speed_pm_kmh":27,"speed_pm_rain_kmh":24,"speed_source":"synthetic_grade_default","lanes":3,"lanes_source":"Synthetic_by_grade","oneway":false,"oneway_source":"default","bridge":false,"tunnel":false,"layer":0,"layer_source":"default_ground","access":"","surface":"","service":"","topology_source":"LBS-Master_roads_gcj_clip","impedance_synthetic":true,"routable":true,"fallback_clip":true},"geometry":{"type":"LineString","coordinates":[[121.871809,30.878847],[121.872293,30.878427],[121.872538,30.878209]]}},{"type":"Feature","properties":{"osm_id":1077410124,"name":"同顺大道","ref":"","highway":"secondary","road_grade":"R3","maxspeed_raw":null,"speed_base_kmh":42,"speed_pm_kmh":27,"speed_pm_rain_kmh":24,"speed_source":"synthetic_grade_default","lanes":3,"lanes_source":"Synthetic_by_grade","oneway":false,"oneway_source":"default","bridge":false,"tunnel":false,"layer":0,"layer_source":"default_ground","access":"","surface":"","service":"","topology_source":"LBS-Master_roads_gcj_clip","impedance_synthetic":true,"routable":true,"fallback_clip":true},"geometry":{"type":"LineString","coordinates":[[121.877439,30.873839],[121.877538,30.8737],[121.878775,30.872547]]}},{"type":"Feature","properties":{"osm_id":1077410125,"name":"","ref":"","highway":"secondary","road_grade":"R3","maxspeed_raw":null,"speed_base_kmh":42,"speed_pm_kmh":27,"speed_pm_rain_kmh":24,"speed_source":"synthetic_grade_default","lanes":3,"lanes_source":"Synthetic_by_grade","oneway":false,"oneway_source":"default","bridge":false,"tunnel":false,"layer":0,"layer_source":"default_ground","access":"","surface":"","service":"","topology_source":"LBS-Master_roads_gcj_clip","impedance_synthetic":true,"routable":true,"fallback_clip":true},"geometry":{"type":"LineString","coordinates":[[121.87767,30.874041],[121.877939,30.874285],[121.880792,30.876752],[121.881358,30.877214],[121.882486,30.878167],[121.882538,30.878237],[121.883137,30.878745]]}},{"type":"Feature","properties":{"osm_id":1077410127,"name":"","ref":"","highway":"secondary_link","road_grade":"R3","maxspeed_raw":null,"speed_base_kmh":42,"speed_pm_kmh":27,"speed_pm_rain_kmh":24,"speed_source":"synthetic_grade_default","lanes":3,"lanes_source":"Synthetic_by_grade","oneway":false,"oneway_source":"default","bridge":false,"tunnel":false,"layer":0,"layer_source":"default_ground","access":"","surface":"","service":"","topology_source":"LBS-Master_roads_gcj_clip","impedance_synthetic":true,"routable":true,"fallback_clip":true},"geometry":{"type":"LineString","coordinates":[[121.891606,30.886429],[121.892002,30.88663],[121.892105,30.886671],[121.892198,30.886693],[121.892277,30.886706],[121.892373,30.88672],[121.892438,30.886733],[121.892728,30.886835]]}},{"type":"Feature","properties":{"osm_id":1077410128,"name":"橄榄路","ref":"","highway":"secondary","road_grade":"R3","maxspeed_raw":null,"speed_base_kmh":42,"speed_pm_kmh":27,"speed_pm_rain_kmh":24,"speed_source":"synthetic_grade_default","lanes":3,"lanes_source":"Synthetic_by_grade","oneway":false,"oneway_source":"default","bridge":false,"tunnel":false,"layer":0,"layer_source":"default_ground","access":"","surface":"","service":"","topology_source":"LBS-Master_roads_gcj_clip","impedance_synthetic":true,"routable":true,"fallback_clip":true},"geometry":{"type":"LineString","coordinates":[[121.900156,30.889568],[121.900508,30.889644],[121.90083,30.889674]]}},{"type":"Feature","properties":{"osm_id":1077410129,"name":"沪城环路","ref":"","highway":"secondary","road_grade":"R3","maxspeed_raw":null,"speed_base_kmh":42,"speed_pm_kmh":27,"speed_pm_rain_kmh":24,"speed_source":"synthetic_grade_default","lanes":3,"lanes_source":"Synthetic_by_grade","oneway":false,"oneway_source":"default","bridge":false,"tunnel":false,"layer":0,"layer_source":"default_ground","access":"","surface":"","service":"","topology_source":"LBS-Master_roads_gcj_clip","impedance_synthetic":true,"routable":true,"fallback_clip":true},"geometry":{"type":"LineString","coordinates":[[121.904208,30.883038],[121.904093,30.883193],[121.903761,30.88362],[121.9036,30.883825],[121.903144,30.884436],[121.902663,30.885103],[121.902277,30.885697],[121.901935,30.886246],[121.90143,30.88708],[121.901009,30.887814],[121.900678,30.888458],[121.900257,30.889313],[121.900156,30.889568]]}},{"type":"Feature","properties":{"osm_id":1077410131,"name":"临港大道","ref":"","highway":"primary","road_grade":"R2","maxspeed_raw":null,"speed_base_kmh":52,"speed_pm_kmh":30,"speed_pm_rain_kmh":26,"speed_source":"synthetic_grade_default","lanes":4,"lanes_source":"Synthetic_by_grade","oneway":false,"oneway_source":"default","bridge":false,"tunnel":false,"layer":0,"layer_source":"default_ground","access":"","surface":"","service":"","topology_source":"LBS-Master_roads_gcj_clip","impedance_synthetic":true,"routable":true,"fallback_clip":true},"geometry":{"type":"LineString","coordinates":[[121.906283,30.927219],[121.907054,30.926551],[121.908153,30.925566],[121.908338,30.925405]]}},{"type":"Feature","properties":{"osm_id":1077410132,"name":"沪城环路","ref":"","highway":"secondary","road_grade":"R3","maxspeed_raw":null,"speed_base_kmh":42,"speed_pm_kmh":27,"speed_pm_rain_kmh":24,"speed_source":"synthetic_grade_default","lanes":3,"lanes_source":"Synthetic_by_grade","oneway":false,"oneway_source":"default","bridge":false,"tunnel":false,"layer":0,"layer_source":"default_ground","access":"","surface":"","service":"","topology_source":"LBS-Master_roads_gcj_clip","impedance_synthetic":true,"routable":true,"fallback_clip":true},"geometry":{"type":"LineString","coordinates":[[121.908602,30.92517],[121.908884,30.92541]]}},{"type":"Feature","properties":{"osm_id":1077410133,"name":"临港大道南路","ref":"","highway":"tertiary","road_grade":"R4","maxspeed_raw":null,"speed_base_kmh":32,"speed_pm_kmh":24,"speed_pm_rain_kmh":21,"speed_source":"synthetic_grade_default","lanes":2,"lanes_source":"Synthetic_by_grade","oneway":false,"oneway_source":"default","bridge":false,"tunnel":false,"layer":0,"layer_source":"default_ground","access":"","surface":"","service":"","topology_source":"LBS-Master_roads_gcj_clip","impedance_synthetic":true,"routable":true,"fallback_clip":true},"geometry":{"type":"LineString","coordinates":[[121.927582,30.90864],[121.927643,30.908467],[121.927939,30.907575]]}},{"type":"Feature","properties":{"osm_id":1077410135,"name":"云鹃路","ref":"","highway":"tertiary","road_grade":"R4","maxspeed_raw":null,"speed_base_kmh":32,"speed_pm_kmh":24,"speed_pm_rain_kmh":21,"speed_source":"synthetic_grade_default","lanes":2,"lanes_source":"Synthetic_by_grade","oneway":false,"oneway_source":"default","bridge":false,"tunnel":false,"layer":0,"layer_source":"default_ground","access":"","surface":"","service":"","topology_source":"LBS-Master_roads_gcj_clip","impedance_synthetic":true,"routable":true,"fallback_clip":true},"geometry":{"type":"LineString","coordinates":[[121.929196,30.908607],[121.929303,30.908684],[121.929393,30.90875],[121.930248,30.909348]]}},{"type":"Feature","properties":{"osm_id":1077410138,"name":"临港大道","ref":"","highway":"primary","road_grade":"R2","maxspeed_raw":null,"speed_base_kmh":52,"speed_pm_kmh":30,"speed_pm_rain_kmh":26,"speed_source":"synthetic_grade_default","lanes":4,"lanes_source":"Synthetic_by_grade","oneway":false,"oneway_source":"default","bridge":false,"tunnel":false,"layer":0,"layer_source":"default_ground","access":"","surface":"","service":"","topology_source":"LBS-Master_roads_gcj_clip","impedance_synthetic":true,"routable":true,"fallback_clip":true},"geometry":{"type":"LineString","coordinates":[[121.908601,30.925643],[121.908418,30.925801],[121.906504,30.927472]]}},{"type":"Feature","properties":{"osm_id":1077410139,"name":"沪城环路","ref":"","highway":"secondary","road_grade":"R3","maxspeed_raw":null,"speed_base_kmh":42,"speed_pm_kmh":27,"speed_pm_rain_kmh":24,"speed_source":"synthetic_grade_default","lanes":3,"lanes_source":"Synthetic_by_grade","oneway":false,"oneway_source":"default","bridge":false,"tunnel":false,"layer":0,"layer_source":"default_ground","access":"","surface":"","service":"","topology_source":"LBS-Master_roads_gcj_clip","impedance_synthetic":true,"routable":true,"fallback_clip":true},"geometry":{"type":"LineString","coordinates":[[121.899891,30.889511],[121.900017,30.889284],[121.900343,30.888628],[121.900875,30.887595],[121.901095,30.887207],[121.901512,30.886511],[121.902104,30.885561],[121.902503,30.884966],[121.902981,30.884282],[121.903417,30.883704],[121.903755,30.883281],[121.903909,30.883086],[121.904017,30.882931]]}},{"type":"Feature","properties":{"osm_id":1077410140,"name":"橄榄路","ref":"","highway":"secondary","road_grade":"R3","maxspeed_raw":null,"speed_base_kmh":42,"speed_pm_kmh":27,"speed_pm_rain_kmh":24,"speed_source":"synthetic_grade_default","lanes":3,"lanes_source":"Synthetic_by_grade","oneway":false,"oneway_source":"default","bridge":false,"tunnel":false,"layer":0,"layer_source":"default_ground","access":"","surface":"","service":"","topology_source":"LBS-Master_roads_gcj_clip","impedance_synthetic":true,"routable":true,"fallback_clip":true},"geometry":{"type":"LineString","coordinates":[[121.900796,30.889862],[121.90041,30.889829],[121.900056,30.889807]]}},{"type":"Feature","properties":{"osm_id":1077410141,"name":"临港大道北路","ref":"","highway":"tertiary","road_grade":"R4","maxspeed_raw":null,"speed_base_kmh":32,"speed_pm_kmh":24,"speed_pm_rain_kmh":21,"speed_source":"synthetic_grade_default","lanes":2,"lanes_source":"Synthetic_by_grade","oneway":false,"oneway_source":"default","bridge":false,"tunnel":false,"layer":0,"layer_source":"default_ground","access":"","surface":"","service":"","topology_source":"LBS-Master_roads_gcj_clip","impedance_synthetic":true,"routable":true,"fallback_clip":true},"geometry":{"type":"LineString","coordinates":[[121.929196,30.908607],[121.92812,30.908883],[121.927931,30.908931]]}},{"type":"Feature","properties":{"osm_id":1077410142,"name":"","ref":"","highway":"secondary","road_grade":"R3","maxspeed_raw":null,"speed_base_kmh":42,"speed_pm_kmh":27,"speed_pm_rain_kmh":24,"speed_source":"synthetic_grade_default","lanes":3,"lanes_source":"Synthetic_by_grade","oneway":false,"oneway_source":"default","bridge":false,"tunnel":false,"layer":0,"layer_source":"default_ground","access":"","surface":"","service":"","topology_source":"LBS-Master_roads_gcj_clip","impedance_synthetic":true,"routable":true,"fallback_clip":true},"geometry":{"type":"LineString","coordinates":[[121.882863,30.878977],[121.882193,30.878395],[121.880809,30.877208],[121.880542,30.876967],[121.879906,30.876417],[121.879667,30.876214],[121.878542,30.875245],[121.878379,30.875132],[121.878302,30.875078],[121.877665,30.874525],[121.877396,30.874304]]}},{"type":"Feature","properties":{"osm_id":1077410143,"name":"同顺大道","ref":"","highway":"secondary","road_grade":"R3","maxspeed_raw":null,"speed_base_kmh":42,"speed_pm_kmh":27,"speed_pm_rain_kmh":24,"speed_source":"synthetic_grade_default","lanes":3,"lanes_source":"Synthetic_by_grade","oneway":false,"oneway_source":"default","bridge":false,"tunnel":false,"layer":0,"layer_source":"default_ground","access":"","surface":"","service":"","topology_source":"LBS-Master_roads_gcj_clip","impedance_synthetic":true,"routable":true,"fallback_clip":true},"geometry":{"type":"LineString","coordinates":[[121.879139,30.872753],[121.877812,30.873904],[121.87767,30.874041]]}},{"type":"Feature","properties":{"osm_id":1077410144,"name":"同顺大道","ref":"","highway":"secondary","road_grade":"R3","maxspeed_raw":null,"speed_base_kmh":42,"speed_pm_kmh":27,"speed_pm_rain_kmh":24,"speed_source":"synthetic_grade_default","lanes":3,"lanes_source":"Synthetic_by_grade","oneway":false,"oneway_source":"default","bridge":false,"tunnel":false,"layer":0,"layer_source":"default_ground","access":"","surface":"","service":"","topology_source":"LBS-Master_roads_gcj_clip","impedance_synthetic":true,"routable":true,"fallback_clip":true},"geometry":{"type":"LineString","coordinates":[[121.872685,30.878395],[121.871955,30.879042],[121.87174,30.879236]]}},{"type":"Feature","properties":{"osm_id":1081124686,"name":"三三公路","ref":"X368","highway":"tertiary","road_grade":"R4","maxspeed_raw":null,"speed_base_kmh":32,"speed_pm_kmh":24,"speed_pm_rain_kmh":21,"speed_source":"synthetic_grade_default","lanes":2,"lanes_source":"Synthetic_by_grade","oneway":false,"oneway_source":"default","bridge":false,"tunnel":false,"layer":0,"layer_source":"default_ground","access":"","surface":"","service":"","topology_source":"LBS-Master_roads_gcj_clip","impedance_synthetic":true,"routable":true,"fallback_clip":true},"geometry":{"type":"LineString","coordinates":[[121.906872,30.954174],[121.906772,30.954166]]}},{"type":"Feature","properties":{"osm_id":1081124687,"name":"三三公路","ref":"X368","highway":"tertiary","road_grade":"R4","maxspeed_raw":null,"speed_base_kmh":32,"speed_pm_kmh":24,"speed_pm_rain_kmh":21,"speed_source":"synthetic_grade_default","lanes":2,"lanes_source":"Synthetic_by_grade","oneway":false,"oneway_source":"default","bridge":false,"tunnel":false,"layer":0,"layer_source":"default_ground","access":"","surface":"","service":"","topology_source":"LBS-Master_roads_gcj_clip","impedance_synthetic":true,"routable":true,"fallback_clip":true},"geometry":{"type":"LineString","coordinates":[[121.907807,30.954235],[121.907259,30.954199],[121.906872,30.954174]]}},{"type":"Feature","properties":{"osm_id":1081185798,"name":"","ref":"","highway":"tertiary","road_grade":"R4","maxspeed_raw":null,"speed_base_kmh":32,"speed_pm_kmh":24,"speed_pm_rain_kmh":21,"speed_source":"synthetic_grade_default","lanes":2,"lanes_source":"Synthetic_by_grade","oneway":false,"oneway_source":"default","bridge":false,"tunnel":false,"layer":0,"layer_source":"default_ground","access":"","surface":"","service":"","topology_source":"LBS-Master_roads_gcj_clip","impedance_synthetic":true,"routable":true,"fallback_clip":true},"geometry":{"type":"LineString","coordinates":[[121.86257,30.959823],[121.862966,30.959757]]}},{"type":"Feature","properties":{"osm_id":1081185799,"name":"","ref":"","highway":"tertiary","road_grade":"R4","maxspeed_raw":null,"speed_base_kmh":32,"speed_pm_kmh":24,"speed_pm_rain_kmh":21,"speed_source":"synthetic_grade_default","lanes":2,"lanes_source":"Synthetic_by_grade","oneway":false,"oneway_source":"default","bridge":false,"tunnel":false,"layer":0,"layer_source":"default_ground","access":"","surface":"","service":"","topology_source":"LBS-Master_roads_gcj_clip","impedance_synthetic":true,"routable":true,"fallback_clip":true},"geometry":{"type":"LineString","coordinates":[[121.862966,30.959757],[121.863796,30.959596],[121.864049,30.959549],[121.864925,30.959387],[121.871941,30.958145],[121.875997,30.957427],[121.876308,30.957368],[121.877553,30.957134],[121.884219,30.955878],[121.88428,30.955867],[121.884598,30.955823],[121.884728,30.955805]]}},{"type":"Feature","properties":{"osm_id":1081185800,"name":"","ref":"","highway":"tertiary","road_grade":"R4","maxspeed_raw":null,"speed_base_kmh":32,"speed_pm_kmh":24,"speed_pm_rain_kmh":21,"speed_source":"synthetic_grade_default","lanes":2,"lanes_source":"Synthetic_by_grade","oneway":false,"oneway_source":"default","bridge":false,"tunnel":false,"layer":0,"layer_source":"default_ground","access":"","surface":"","service":"","topology_source":"LBS-Master_roads_gcj_clip","impedance_synthetic":true,"routable":true,"fallback_clip":true},"geometry":{"type":"LineString","coordinates":[[121.884728,30.955805],[121.885103,30.955735]]}},{"type":"Feature","properties":{"osm_id":1081185801,"name":"","ref":"","highway":"tertiary","road_grade":"R4","maxspeed_raw":null,"speed_base_kmh":32,"speed_pm_kmh":24,"speed_pm_rain_kmh":21,"speed_source":"synthetic_grade_default","lanes":2,"lanes_source":"Synthetic_by_grade","oneway":false,"oneway_source":"default","bridge":false,"tunnel":false,"layer":0,"layer_source":"default_ground","access":"","surface":"","service":"","topology_source":"LBS-Master_roads_gcj_clip","impedance_synthetic":true,"routable":true,"fallback_clip":true},"geometry":{"type":"LineString","coordinates":[[121.885103,30.955735],[121.885367,30.955662],[121.889037,30.955038],[121.889683,30.955074]]}},{"type":"Feature","properties":{"osm_id":1081185802,"name":"两港大道","ref":"","highway":"secondary","road_grade":"R3","maxspeed_raw":null,"speed_base_kmh":42,"speed_pm_kmh":27,"speed_pm_rain_kmh":24,"speed_source":"synthetic_grade_default","lanes":3,"lanes_source":"Synthetic_by_grade","oneway":false,"oneway_source":"default","bridge":false,"tunnel":false,"layer":0,"layer_source":"default_ground","access":"","surface":"","service":"","topology_source":"LBS-Master_roads_gcj_clip","impedance_synthetic":true,"routable":true,"fallback_clip":true},"geometry":{"type":"LineString","coordinates":[[121.886023,30.914403],[121.885897,30.91408]]}},{"type":"Feature","properties":{"osm_id":1081185803,"name":"两港大道","ref":"","highway":"secondary","road_grade":"R3","maxspeed_raw":null,"speed_base_kmh":42,"speed_pm_kmh":27,"speed_pm_rain_kmh":24,"speed_source":"synthetic_grade_default","lanes":3,"lanes_source":"Synthetic_by_grade","oneway":false,"oneway_source":"default","bridge":false,"tunnel":false,"layer":0,"layer_source":"default_ground","access":"","surface":"","service":"","topology_source":"LBS-Master_roads_gcj_clip","impedance_synthetic":true,"routable":true,"fallback_clip":true},"geometry":{"type":"LineString","coordinates":[[121.885897,30.91408],[121.885485,30.912893],[121.885305,30.912324],[121.885217,30.911965],[121.885206,30.911841]]}},{"type":"Feature","properties":{"osm_id":1081185804,"name":"两港大道","ref":"","highway":"secondary","road_grade":"R3","maxspeed_raw":null,"speed_base_kmh":42,"speed_pm_kmh":27,"speed_pm_rain_kmh":24,"speed_source":"synthetic_grade_default","lanes":3,"lanes_source":"Synthetic_by_grade","oneway":false,"oneway_source":"default","bridge":false,"tunnel":false,"layer":0,"layer_source":"default_ground","access":"","surface":"","service":"","topology_source":"LBS-Master_roads_gcj_clip","impedance_synthetic":true,"routable":true,"fallback_clip":true},"geometry":{"type":"LineString","coordinates":[[121.886385,30.913873],[121.88649,30.914218]]}},{"type":"Feature","properties":{"osm_id":1081185805,"name":"两港大道","ref":"","highway":"secondary","road_grade":"R3","maxspeed_raw":null,"speed_base_kmh":42,"speed_pm_kmh":27,"speed_pm_rain_kmh":24,"speed_source":"synthetic_grade_default","lanes":3,"lanes_source":"Synthetic_by_grade","oneway":false,"oneway_source":"default","bridge":false,"tunnel":false,"layer":0,"layer_source":"default_ground","access":"","surface":"","service":"","topology_source":"LBS-Master_roads_gcj_clip","impedance_synthetic":true,"routable":true,"fallback_clip":true},"geometry":{"type":"LineString","coordinates":[[121.885484,30.911818],[121.885747,30.91228],[121.885924,30.912641],[121.886104,30.913074],[121.886385,30.913873]]}},{"type":"Feature","properties":{"osm_id":1081185806,"name":"两港大道","ref":"S229","highway":"trunk","road_grade":"R1","maxspeed_raw":null,"speed_base_kmh":78,"speed_pm_kmh":56,"speed_pm_rain_kmh":49,"speed_source":"synthetic_grade_default","lanes":4,"lanes_source":"Synthetic_by_grade","oneway":false,"oneway_source":"default","bridge":false,"tunnel":false,"layer":0,"layer_source":"default_ground","access":"","surface":"","service":"","topology_source":"LBS-Master_roads_gcj_clip","impedance_synthetic":true,"routable":true,"fallback_clip":true},"geometry":{"type":"LineString","coordinates":[[121.885484,30.911818],[121.886155,30.913696]]}},{"type":"Feature","properties":{"osm_id":1081185807,"name":"两港大道","ref":"S229","highway":"trunk","road_grade":"R1","maxspeed_raw":null,"speed_base_kmh":78,"speed_pm_kmh":56,"speed_pm_rain_kmh":49,"speed_source":"synthetic_grade_default","lanes":4,"lanes_source":"Synthetic_by_grade","oneway":false,"oneway_source":"default","bridge":false,"tunnel":false,"layer":0,"layer_source":"default_ground","access":"","surface":"","service":"","topology_source":"LBS-Master_roads_gcj_clip","impedance_synthetic":true,"routable":true,"fallback_clip":true},"geometry":{"type":"LineString","coordinates":[[121.885964,30.913728],[121.885431,30.912292],[121.885206,30.911841]]}},{"type":"Feature","properties":{"osm_id":1081185808,"name":"两港大道","ref":"S229","highway":"trunk","road_grade":"R1","maxspeed_raw":null,"speed_base_kmh":78,"speed_pm_kmh":56,"speed_pm_rain_kmh":49,"speed_source":"synthetic_grade_default","lanes":4,"lanes_source":"Synthetic_by_grade","oneway":false,"oneway_source":"default","bridge":false,"tunnel":false,"layer":0,"layer_source":"default_ground","access":"","surface":"","service":"","topology_source":"LBS-Master_roads_gcj_clip","impedance_synthetic":true,"routable":true,"fallback_clip":true},"geometry":{"type":"LineString","coordinates":[[121.8875,30.921076],[121.8875,30.921042],[121.887259,30.918811]]}},{"type":"Feature","properties":{"osm_id":1081185809,"name":"两港大道","ref":"S229","highway":"trunk","road_grade":"R1","maxspeed_raw":null,"speed_base_kmh":78,"speed_pm_kmh":56,"speed_pm_rain_kmh":49,"speed_source":"synthetic_grade_default","lanes":4,"lanes_source":"Synthetic_by_grade","oneway":false,"oneway_source":"default","bridge":false,"tunnel":false,"layer":0,"layer_source":"default_ground","access":"","surface":"","service":"","topology_source":"LBS-Master_roads_gcj_clip","impedance_synthetic":true,"routable":true,"fallback_clip":true},"geometry":{"type":"LineString","coordinates":[[121.887462,30.918788],[121.887564,30.919566],[121.88773,30.921062]]}},{"type":"Feature","properties":{"osm_id":1081185810,"name":"两港大道","ref":"","highway":"secondary","road_grade":"R3","maxspeed_raw":null,"speed_base_kmh":42,"speed_pm_kmh":27,"speed_pm_rain_kmh":24,"speed_source":"synthetic_grade_default","lanes":3,"lanes_source":"Synthetic_by_grade","oneway":false,"oneway_source":"default","bridge":false,"tunnel":false,"layer":0,"layer_source":"default_ground","access":"","surface":"","service":"","topology_source":"LBS-Master_roads_gcj_clip","impedance_synthetic":true,"routable":true,"fallback_clip":true},"geometry":{"type":"LineString","coordinates":[[121.887875,30.921039],[121.887896,30.921315]]}},{"type":"Feature","properties":{"osm_id":1081185811,"name":"两港大道","ref":"","highway":"trunk","road_grade":"R1","maxspeed_raw":null,"speed_base_kmh":78,"speed_pm_kmh":56,"speed_pm_rain_kmh":49,"speed_source":"synthetic_grade_default","lanes":4,"lanes_source":"Synthetic_by_grade","oneway":false,"oneway_source":"default","bridge":false,"tunnel":false,"layer":0,"layer_source":"default_ground","access":"","surface":"","service":"","topology_source":"LBS-Master_roads_gcj_clip","impedance_synthetic":true,"routable":true,"fallback_clip":true},"geometry":{"type":"LineString","coordinates":[[121.88773,30.921062],[121.887762,30.921338]]}},{"type":"Feature","properties":{"osm_id":1081185812,"name":"两港大道","ref":"S229","highway":"trunk","road_grade":"R1","maxspeed_raw":null,"speed_base_kmh":78,"speed_pm_kmh":56,"speed_pm_rain_kmh":49,"speed_source":"synthetic_grade_default","lanes":4,"lanes_source":"Synthetic_by_grade","oneway":false,"oneway_source":"default","bridge":false,"tunnel":false,"layer":0,"layer_source":"default_ground","access":"","surface":"","service":"","topology_source":"LBS-Master_roads_gcj_clip","impedance_synthetic":true,"routable":true,"fallback_clip":true},"geometry":{"type":"LineString","coordinates":[[121.888009,30.924152],[121.888087,30.925162],[121.88821,30.926601],[121.88836,30.928468]]}},{"type":"Feature","properties":{"osm_id":1081185813,"name":"两港大道","ref":"","highway":"secondary","road_grade":"R3","maxspeed_raw":null,"speed_base_kmh":42,"speed_pm_kmh":27,"speed_pm_rain_kmh":24,"speed_source":"synthetic_grade_default","lanes":3,"lanes_source":"Synthetic_by_grade","oneway":false,"oneway_source":"default","bridge":false,"tunnel":false,"layer":0,"layer_source":"default_ground","access":"","surface":"","service":"","topology_source":"LBS-Master_roads_gcj_clip","impedance_synthetic":true,"routable":true,"fallback_clip":true},"geometry":{"type":"LineString","coordinates":[[121.887896,30.921315],[121.887921,30.921509],[121.887921,30.921806],[121.887946,30.922094],[121.888012,30.922869],[121.88809,30.923622]]}},{"type":"Feature","properties":{"osm_id":1081185814,"name":"两港大道","ref":"","highway":"secondary","road_grade":"R3","maxspeed_raw":null,"speed_base_kmh":42,"speed_pm_kmh":27,"speed_pm_rain_kmh":24,"speed_source":"synthetic_grade_default","lanes":3,"lanes_source":"Synthetic_by_grade","oneway":false,"oneway_source":"default","bridge":false,"tunnel":false,"layer":0,"layer_source":"default_ground","access":"","surface":"","service":"","topology_source":"LBS-Master_roads_gcj_clip","impedance_synthetic":true,"routable":true,"fallback_clip":true},"geometry":{"type":"LineString","coordinates":[[121.887387,30.921359],[121.887358,30.921083]]}},{"type":"Feature","properties":{"osm_id":1081185815,"name":"两港大道","ref":"","highway":"secondary","road_grade":"R3","maxspeed_raw":null,"speed_base_kmh":42,"speed_pm_kmh":27,"speed_pm_rain_kmh":24,"speed_source":"synthetic_grade_default","lanes":3,"lanes_source":"Synthetic_by_grade","oneway":false,"oneway_source":"default","bridge":false,"tunnel":false,"layer":0,"layer_source":"default_ground","access":"","surface":"","service":"","topology_source":"LBS-Master_roads_gcj_clip","impedance_synthetic":true,"routable":true,"fallback_clip":true},"geometry":{"type":"LineString","coordinates":[[121.887621,30.923639],[121.887467,30.922134],[121.887387,30.921359]]}},{"type":"Feature","properties":{"osm_id":1081185816,"name":"两港大道","ref":"","highway":"trunk","road_grade":"R1","maxspeed_raw":null,"speed_base_kmh":78,"speed_pm_kmh":56,"speed_pm_rain_kmh":49,"speed_source":"synthetic_grade_default","lanes":4,"lanes_source":"Synthetic_by_grade","oneway":false,"oneway_source":"default","bridge":false,"tunnel":false,"layer":0,"layer_source":"default_ground","access":"","surface":"","service":"","topology_source":"LBS-Master_roads_gcj_clip","impedance_synthetic":true,"routable":true,"fallback_clip":true},"geometry":{"type":"LineString","coordinates":[[121.887538,30.921354],[121.8875,30.921076]]}},{"type":"Feature","properties":{"osm_id":1081185817,"name":"两港大道","ref":"S229","highway":"trunk","road_grade":"R1","maxspeed_raw":null,"speed_base_kmh":78,"speed_pm_kmh":56,"speed_pm_rain_kmh":49,"speed_source":"synthetic_grade_default","lanes":4,"lanes_source":"Synthetic_by_grade","oneway":false,"oneway_source":"default","bridge":false,"tunnel":false,"layer":0,"layer_source":"default_ground","access":"","surface":"","service":"","topology_source":"LBS-Master_roads_gcj_clip","impedance_synthetic":true,"routable":true,"fallback_clip":true},"geometry":{"type":"LineString","coordinates":[[121.888154,30.928493],[121.888015,30.92691],[121.887857,30.924731],[121.887857,30.924723],[121.887806,30.924166]]}},{"type":"Feature","properties":{"osm_id":1081185818,"name":"","ref":"","highway":"trunk_link","road_grade":"R1","maxspeed_raw":null,"speed_base_kmh":78,"speed_pm_kmh":56,"speed_pm_rain_kmh":49,"speed_source":"synthetic_grade_default","lanes":4,"lanes_source":"Synthetic_by_grade","oneway":false,"oneway_source":"default","bridge":false,"tunnel":false,"layer":0,"layer_source":"default_ground","access":"","surface":"","service":"","topology_source":"LBS-Master_roads_gcj_clip","impedance_synthetic":true,"routable":true,"fallback_clip":true},"geometry":{"type":"LineString","coordinates":[[121.887819,30.921341],[121.887775,30.921477]]}},{"type":"Feature","properties":{"osm_id":1081185819,"name":"","ref":"","highway":"trunk_link","road_grade":"R1","maxspeed_raw":null,"speed_base_kmh":78,"speed_pm_kmh":56,"speed_pm_rain_kmh":49,"speed_source":"synthetic_grade_default","lanes":4,"lanes_source":"Synthetic_by_grade","oneway":false,"oneway_source":"default","bridge":false,"tunnel":false,"layer":0,"layer_source":"default_ground","access":"","surface":"","service":"","topology_source":"LBS-Master_roads_gcj_clip","impedance_synthetic":true,"routable":true,"fallback_clip":true},"geometry":{"type":"LineString","coordinates":[[121.8878,30.921069],[121.887819,30.921341]]}},{"type":"Feature","properties":{"osm_id":1081185820,"name":"","ref":"","highway":"trunk_link","road_grade":"R1","maxspeed_raw":null,"speed_base_kmh":78,"speed_pm_kmh":56,"speed_pm_rain_kmh":49,"speed_source":"synthetic_grade_default","lanes":4,"lanes_source":"Synthetic_by_grade","oneway":false,"oneway_source":"default","bridge":false,"tunnel":false,"layer":0,"layer_source":"default_ground","access":"","surface":"","service":"","topology_source":"LBS-Master_roads_gcj_clip","impedance_synthetic":true,"routable":true,"fallback_clip":true},"geometry":{"type":"LineString","coordinates":[[121.887663,30.919612],[121.887792,30.921],[121.8878,30.921069]]}},{"type":"Feature","properties":{"osm_id":1081185924,"name":"两港大道","ref":"","highway":"secondary","road_grade":"R3","maxspeed_raw":null,"speed_base_kmh":42,"speed_pm_kmh":27,"speed_pm_rain_kmh":24,"speed_source":"synthetic_grade_default","lanes":3,"lanes_source":"Synthetic_by_grade","oneway":false,"oneway_source":"default","bridge":false,"tunnel":false,"layer":0,"layer_source":"default_ground","access":"","surface":"","service":"","topology_source":"LBS-Master_roads_gcj_clip","impedance_synthetic":true,"routable":true,"fallback_clip":true},"geometry":{"type":"LineString","coordinates":[[121.887664,30.924173],[121.887621,30.923639]]}},{"type":"Feature","properties":{"osm_id":1081185925,"name":"两港大道","ref":"","highway":"secondary","road_grade":"R3","maxspeed_raw":null,"speed_base_kmh":42,"speed_pm_kmh":27,"speed_pm_rain_kmh":24,"speed_source":"synthetic_grade_default","lanes":3,"lanes_source":"Synthetic_by_grade","oneway":false,"oneway_source":"default","bridge":false,"tunnel":false,"layer":0,"layer_source":"default_ground","access":"","surface":"","service":"","topology_source":"LBS-Master_roads_gcj_clip","impedance_synthetic":true,"routable":true,"fallback_clip":true},"geometry":{"type":"LineString","coordinates":[[121.888052,30.928494],[121.887881,30.926565],[121.887792,30.925547],[121.887664,30.924173]]}},{"type":"Feature","properties":{"osm_id":1081185929,"name":"两港大道","ref":"","highway":"secondary","road_grade":"R3","maxspeed_raw":null,"speed_base_kmh":42,"speed_pm_kmh":27,"speed_pm_rain_kmh":24,"speed_source":"synthetic_grade_default","lanes":3,"lanes_source":"Synthetic_by_grade","oneway":false,"oneway_source":"default","bridge":false,"tunnel":false,"layer":0,"layer_source":"default_ground","access":"","surface":"","service":"","topology_source":"LBS-Master_roads_gcj_clip","impedance_synthetic":true,"routable":true,"fallback_clip":true},"geometry":{"type":"LineString","coordinates":[[121.888132,30.924138],[121.888162,30.924518],[121.888224,30.925211],[121.888277,30.92618],[121.888398,30.927462],[121.888492,30.928472]]}},{"type":"Feature","properties":{"osm_id":1081185930,"name":"两港大道","ref":"","highway":"secondary","road_grade":"R3","maxspeed_raw":null,"speed_base_kmh":42,"speed_pm_kmh":27,"speed_pm_rain_kmh":24,"speed_source":"synthetic_grade_default","lanes":3,"lanes_source":"Synthetic_by_grade","oneway":false,"oneway_source":"default","bridge":false,"tunnel":false,"layer":0,"layer_source":"default_ground","access":"","surface":"","service":"","topology_source":"LBS-Master_roads_gcj_clip","impedance_synthetic":true,"routable":true,"fallback_clip":true},"geometry":{"type":"LineString","coordinates":[[121.88809,30.923622],[121.888132,30.924138]]}},{"type":"Feature","properties":{"osm_id":1081185931,"name":"两港大道","ref":"","highway":"secondary","road_grade":"R3","maxspeed_raw":null,"speed_base_kmh":42,"speed_pm_kmh":27,"speed_pm_rain_kmh":24,"speed_source":"synthetic_grade_default","lanes":3,"lanes_source":"Synthetic_by_grade","oneway":false,"oneway_source":"default","bridge":false,"tunnel":false,"layer":0,"layer_source":"default_ground","access":"","surface":"","service":"","topology_source":"LBS-Master_roads_gcj_clip","impedance_synthetic":true,"routable":true,"fallback_clip":true},"geometry":{"type":"LineString","coordinates":[[121.888071,30.928774],[121.888052,30.928494]]}},{"type":"Feature","properties":{"osm_id":1081185932,"name":"两港大道","ref":"","highway":"secondary","road_grade":"R3","maxspeed_raw":null,"speed_base_kmh":42,"speed_pm_kmh":27,"speed_pm_rain_kmh":24,"speed_source":"synthetic_grade_default","lanes":3,"lanes_source":"Synthetic_by_grade","oneway":false,"oneway_source":"default","bridge":false,"tunnel":false,"layer":0,"layer_source":"default_ground","access":"","surface":"","service":"","topology_source":"LBS-Master_roads_gcj_clip","impedance_synthetic":true,"routable":true,"fallback_clip":true},"geometry":{"type":"LineString","coordinates":[[121.888315,30.931737],[121.888283,30.931284],[121.888213,30.930466],[121.888071,30.928774]]}},{"type":"Feature","properties":{"osm_id":1081185934,"name":"两港大道","ref":"S229","highway":"trunk","road_grade":"R1","maxspeed_raw":null,"speed_base_kmh":78,"speed_pm_kmh":56,"speed_pm_rain_kmh":49,"speed_source":"synthetic_grade_default","lanes":4,"lanes_source":"Synthetic_by_grade","oneway":false,"oneway_source":"default","bridge":false,"tunnel":false,"layer":0,"layer_source":"default_ground","access":"","surface":"","service":"","topology_source":"LBS-Master_roads_gcj_clip","impedance_synthetic":true,"routable":true,"fallback_clip":true},"geometry":{"type":"LineString","coordinates":[[121.888811,30.936013],[121.888696,30.934313],[121.888471,30.932029]]}},{"type":"Feature","properties":{"osm_id":1081185936,"name":"两港大道","ref":"","highway":"secondary","road_grade":"R3","maxspeed_raw":null,"speed_base_kmh":42,"speed_pm_kmh":27,"speed_pm_rain_kmh":24,"speed_source":"synthetic_grade_default","lanes":3,"lanes_source":"Synthetic_by_grade","oneway":false,"oneway_source":"default","bridge":false,"tunnel":false,"layer":0,"layer_source":"default_ground","access":"","surface":"","service":"","topology_source":"LBS-Master_roads_gcj_clip","impedance_synthetic":true,"routable":true,"fallback_clip":true},"geometry":{"type":"LineString","coordinates":[[121.888492,30.928472],[121.888513,30.92873]]}},{"type":"Feature","properties":{"osm_id":1081185938,"name":"两港大道","ref":"","highway":"secondary","road_grade":"R3","maxspeed_raw":null,"speed_base_kmh":42,"speed_pm_kmh":27,"speed_pm_rain_kmh":24,"speed_source":"synthetic_grade_default","lanes":3,"lanes_source":"Synthetic_by_grade","oneway":false,"oneway_source":"default","bridge":false,"tunnel":false,"layer":0,"layer_source":"default_ground","access":"","surface":"","service":"","topology_source":"LBS-Master_roads_gcj_clip","impedance_synthetic":true,"routable":true,"fallback_clip":true},"geometry":{"type":"LineString","coordinates":[[121.888513,30.92873],[121.888524,30.928864],[121.888594,30.929712],[121.888663,30.930544],[121.88876,30.931601]]}},{"type":"Feature","properties":{"osm_id":1081185940,"name":"两港大道","ref":"","highway":"secondary","road_grade":"R3","maxspeed_raw":null,"speed_base_kmh":42,"speed_pm_kmh":27,"speed_pm_rain_kmh":24,"speed_source":"synthetic_grade_default","lanes":3,"lanes_source":"Synthetic_by_grade","oneway":false,"oneway_source":"default","bridge":false,"tunnel":false,"layer":0,"layer_source":"default_ground","access":"","surface":"","service":"","topology_source":"LBS-Master_roads_gcj_clip","impedance_synthetic":true,"routable":true,"fallback_clip":true},"geometry":{"type":"LineString","coordinates":[[121.88876,30.931601],[121.888792,30.931953]]}},{"type":"Feature","properties":{"osm_id":1081185941,"name":"两港大道","ref":"","highway":"secondary","road_grade":"R3","maxspeed_raw":null,"speed_base_kmh":42,"speed_pm_kmh":27,"speed_pm_rain_kmh":24,"speed_source":"synthetic_grade_default","lanes":3,"lanes_source":"Synthetic_by_grade","oneway":false,"oneway_source":"default","bridge":false,"tunnel":false,"layer":0,"layer_source":"default_ground","access":"","surface":"","service":"","topology_source":"LBS-Master_roads_gcj_clip","impedance_synthetic":true,"routable":true,"fallback_clip":true},"geometry":{"type":"LineString","coordinates":[[121.888792,30.931953],[121.88884,30.93257],[121.888907,30.933376],[121.889049,30.934975],[121.889116,30.93568],[121.889157,30.936007],[121.8892,30.936598],[121.889235,30.937192]]}},{"type":"Feature","properties":{"osm_id":1081185944,"name":"两港大道","ref":"","highway":"secondary","road_grade":"R3","maxspeed_raw":null,"speed_base_kmh":42,"speed_pm_kmh":27,"speed_pm_rain_kmh":24,"speed_source":"synthetic_grade_default","lanes":3,"lanes_source":"Synthetic_by_grade","oneway":false,"oneway_source":"default","bridge":false,"tunnel":false,"layer":0,"layer_source":"default_ground","access":"","surface":"","service":"","topology_source":"LBS-Master_roads_gcj_clip","impedance_synthetic":true,"routable":true,"fallback_clip":true},"geometry":{"type":"LineString","coordinates":[[121.888342,30.932057],[121.888315,30.931737]]}},{"type":"Feature","properties":{"osm_id":1081185945,"name":"两港大道","ref":"","highway":"secondary","road_grade":"R3","maxspeed_raw":null,"speed_base_kmh":42,"speed_pm_kmh":27,"speed_pm_rain_kmh":24,"speed_source":"synthetic_grade_default","lanes":3,"lanes_source":"Synthetic_by_grade","oneway":false,"oneway_source":"default","bridge":false,"tunnel":false,"layer":0,"layer_source":"default_ground","access":"","surface":"","service":"","topology_source":"LBS-Master_roads_gcj_clip","impedance_synthetic":true,"routable":true,"fallback_clip":true},"geometry":{"type":"LineString","coordinates":[[121.888792,30.937348],[121.888739,30.936787],[121.888618,30.935429],[121.888621,30.935102],[121.888436,30.933355],[121.888342,30.932057]]}},{"type":"Feature","properties":{"osm_id":1081185946,"name":"两港大道","ref":"S229","highway":"trunk","road_grade":"R1","maxspeed_raw":null,"speed_base_kmh":78,"speed_pm_kmh":56,"speed_pm_rain_kmh":49,"speed_source":"synthetic_grade_default","lanes":4,"lanes_source":"Synthetic_by_grade","oneway":false,"oneway_source":"default","bridge":false,"tunnel":false,"layer":0,"layer_source":"default_ground","access":"","surface":"","service":"","topology_source":"LBS-Master_roads_gcj_clip","impedance_synthetic":true,"routable":true,"fallback_clip":true},"geometry":{"type":"LineString","coordinates":[[121.889028,30.93815],[121.8889,30.937024],[121.88883,30.936297],[121.888811,30.936013]]}},{"type":"Feature","properties":{"osm_id":1081185947,"name":"","ref":"","highway":"trunk_link","road_grade":"R1","maxspeed_raw":null,"speed_base_kmh":78,"speed_pm_kmh":56,"speed_pm_rain_kmh":49,"speed_source":"synthetic_grade_default","lanes":4,"lanes_source":"Synthetic_by_grade","oneway":false,"oneway_source":"default","bridge":false,"tunnel":false,"layer":0,"layer_source":"default_ground","access":"","surface":"","service":"","topology_source":"LBS-Master_roads_gcj_clip","impedance_synthetic":true,"routable":true,"fallback_clip":true},"geometry":{"type":"LineString","coordinates":[[121.889033,30.936179],[121.889143,30.936596],[121.889235,30.937192]]}},{"type":"Feature","properties":{"osm_id":1081185948,"name":"","ref":"","highway":"trunk_link","road_grade":"R1","maxspeed_raw":null,"speed_base_kmh":78,"speed_pm_kmh":56,"speed_pm_rain_kmh":49,"speed_source":"synthetic_grade_default","lanes":4,"lanes_source":"Synthetic_by_grade","oneway":false,"oneway_source":"default","bridge":false,"tunnel":false,"layer":0,"layer_source":"default_ground","access":"","surface":"","service":"","topology_source":"LBS-Master_roads_gcj_clip","impedance_synthetic":true,"routable":true,"fallback_clip":true},"geometry":{"type":"LineString","coordinates":[[121.888792,30.937348],[121.888771,30.936691],[121.888766,30.936318],[121.888811,30.936013]]}},{"type":"Feature","properties":{"osm_id":1081185949,"name":"两港大道","ref":"S229","highway":"trunk","road_grade":"R1","maxspeed_raw":null,"speed_base_kmh":78,"speed_pm_kmh":56,"speed_pm_rain_kmh":49,"speed_source":"synthetic_grade_default","lanes":4,"lanes_source":"Synthetic_by_grade","oneway":false,"oneway_source":"default","bridge":false,"tunnel":false,"layer":0,"layer_source":"default_ground","access":"","surface":"","service":"","topology_source":"LBS-Master_roads_gcj_clip","impedance_synthetic":true,"routable":true,"fallback_clip":true},"geometry":{"type":"LineString","coordinates":[[121.889227,30.938133],[121.889285,30.938737],[121.889489,30.940739],[121.88976,30.943693],[121.889811,30.944636],[121.889971,30.946714],[121.89008,30.953573],[121.890064,30.954443],[121.890021,30.955722],[121.889903,30.957449]]}},{"type":"Feature","properties":{"osm_id":1081185950,"name":"两港大道","ref":"S229","highway":"trunk","road_grade":"R1","maxspeed_raw":null,"speed_base_kmh":78,"speed_pm_kmh":56,"speed_pm_rain_kmh":49,"speed_source":"synthetic_grade_default","lanes":4,"lanes_source":"Synthetic_by_grade","oneway":false,"oneway_source":"default","bridge":false,"tunnel":false,"layer":0,"layer_source":"default_ground","access":"","surface":"","service":"","topology_source":"LBS-Master_roads_gcj_clip","impedance_synthetic":true,"routable":true,"fallback_clip":true},"geometry":{"type":"LineString","coordinates":[[121.8897,30.957446],[121.889758,30.956639],[121.889765,30.956486],[121.889839,30.954834],[121.88986,30.953591],[121.889876,30.951092],[121.88985,30.949985],[121.889851,30.949635],[121.889808,30.948679],[121.889763,30.946671],[121.88968,30.94511],[121.889597,30.944051],[121.889473,30.942617],[121.889329,30.941262],[121.889189,30.93957],[121.889028,30.93815]]}},{"type":"Feature","properties":{"osm_id":1081185952,"name":"","ref":"","highway":"trunk_link","road_grade":"R1","maxspeed_raw":null,"speed_base_kmh":78,"speed_pm_kmh":56,"speed_pm_rain_kmh":49,"speed_source":"synthetic_grade_default","lanes":4,"lanes_source":"Synthetic_by_grade","oneway":false,"oneway_source":"default","bridge":false,"tunnel":false,"layer":0,"layer_source":"default_ground","access":"","surface":"","service":"","topology_source":"LBS-Master_roads_gcj_clip","impedance_synthetic":true,"routable":true,"fallback_clip":true},"geometry":{"type":"LineString","coordinates":[[121.889808,30.948679],[121.889676,30.948045],[121.889644,30.947749],[121.889479,30.945],[121.889441,30.944496]]}},{"type":"Feature","properties":{"osm_id":1081185953,"name":"两港大道","ref":"","highway":"secondary","road_grade":"R3","maxspeed_raw":null,"speed_base_kmh":42,"speed_pm_kmh":27,"speed_pm_rain_kmh":24,"speed_source":"synthetic_grade_default","lanes":3,"lanes_source":"Synthetic_by_grade","oneway":false,"oneway_source":"default","bridge":false,"tunnel":false,"layer":0,"layer_source":"default_ground","access":"","surface":"","service":"","topology_source":"LBS-Master_roads_gcj_clip","impedance_synthetic":true,"routable":true,"fallback_clip":true},"geometry":{"type":"LineString","coordinates":[[121.889726,30.949962],[121.889732,30.949642]]}},{"type":"Feature","properties":{"osm_id":1081185954,"name":"两港大道","ref":"","highway":"secondary","road_grade":"R3","maxspeed_raw":null,"speed_base_kmh":42,"speed_pm_kmh":27,"speed_pm_rain_kmh":24,"speed_source":"synthetic_grade_default","lanes":3,"lanes_source":"Synthetic_by_grade","oneway":false,"oneway_source":"default","bridge":false,"tunnel":false,"layer":0,"layer_source":"default_ground","access":"","surface":"","service":"","topology_source":"LBS-Master_roads_gcj_clip","impedance_synthetic":true,"routable":true,"fallback_clip":true},"geometry":{"type":"LineString","coordinates":[[121.889729,30.954526],[121.889742,30.953575],[121.889729,30.951621],[121.889728,30.95078],[121.889741,30.950603],[121.889726,30.949962]]}},{"type":"Feature","properties":{"osm_id":1081185955,"name":"两港大道","ref":"","highway":"secondary","road_grade":"R3","maxspeed_raw":null,"speed_base_kmh":42,"speed_pm_kmh":27,"speed_pm_rain_kmh":24,"speed_source":"synthetic_grade_default","lanes":3,"lanes_source":"Synthetic_by_grade","oneway":false,"oneway_source":"default","bridge":false,"tunnel":false,"layer":0,"layer_source":"default_ground","access":"","surface":"","service":"","topology_source":"LBS-Master_roads_gcj_clip","impedance_synthetic":true,"routable":true,"fallback_clip":true},"geometry":{"type":"LineString","coordinates":[[121.890176,30.949725],[121.890181,30.950033]]}},{"type":"Feature","properties":{"osm_id":1081185956,"name":"两港大道","ref":"","highway":"secondary","road_grade":"R3","maxspeed_raw":null,"speed_base_kmh":42,"speed_pm_kmh":27,"speed_pm_rain_kmh":24,"speed_source":"synthetic_grade_default","lanes":3,"lanes_source":"Synthetic_by_grade","oneway":false,"oneway_source":"default","bridge":false,"tunnel":false,"layer":0,"layer_source":"default_ground","access":"","surface":"","service":"","topology_source":"LBS-Master_roads_gcj_clip","impedance_synthetic":true,"routable":true,"fallback_clip":true},"geometry":{"type":"LineString","coordinates":[[121.890181,30.950033],[121.890197,30.95049],[121.890175,30.950723],[121.890171,30.951002],[121.890152,30.953633],[121.890157,30.954459]]}},{"type":"Feature","properties":{"osm_id":1081185957,"name":"两港大道","ref":"","highway":"secondary","road_grade":"R3","maxspeed_raw":null,"speed_base_kmh":42,"speed_pm_kmh":27,"speed_pm_rain_kmh":24,"speed_source":"synthetic_grade_default","lanes":3,"lanes_source":"Synthetic_by_grade","oneway":false,"oneway_source":"default","bridge":false,"tunnel":false,"layer":0,"layer_source":"default_ground","access":"","surface":"","service":"","topology_source":"LBS-Master_roads_gcj_clip","impedance_synthetic":true,"routable":true,"fallback_clip":true},"geometry":{"type":"LineString","coordinates":[[121.889697,30.95488],[121.889729,30.954526]]}},{"type":"Feature","properties":{"osm_id":1081185958,"name":"两港大道","ref":"","highway":"secondary","road_grade":"R3","maxspeed_raw":null,"speed_base_kmh":42,"speed_pm_kmh":27,"speed_pm_rain_kmh":24,"speed_source":"synthetic_grade_default","lanes":3,"lanes_source":"Synthetic_by_grade","oneway":false,"oneway_source":"default","bridge":false,"tunnel":false,"layer":0,"layer_source":"default_ground","access":"","surface":"","service":"","topology_source":"LBS-Master_roads_gcj_clip","impedance_synthetic":true,"routable":true,"fallback_clip":true},"geometry":{"type":"LineString","coordinates":[[121.889341,30.960319],[121.889451,30.959145],[121.889496,30.958123],[121.889584,30.956719],[121.889632,30.95561],[121.889683,30.955074]]}},{"type":"Feature","properties":{"osm_id":1081185959,"name":"两港大道","ref":"","highway":"secondary","road_grade":"R3","maxspeed_raw":null,"speed_base_kmh":42,"speed_pm_kmh":27,"speed_pm_rain_kmh":24,"speed_source":"synthetic_grade_default","lanes":3,"lanes_source":"Synthetic_by_grade","oneway":false,"oneway_source":"default","bridge":false,"tunnel":false,"layer":0,"layer_source":"default_ground","access":"","surface":"","service":"","topology_source":"LBS-Master_roads_gcj_clip","impedance_synthetic":true,"routable":true,"fallback_clip":true},"geometry":{"type":"LineString","coordinates":[[121.890157,30.954459],[121.890152,30.954779]]}},{"type":"Feature","properties":{"osm_id":1081185960,"name":"两港大道","ref":"","highway":"secondary","road_grade":"R3","maxspeed_raw":null,"speed_base_kmh":42,"speed_pm_kmh":27,"speed_pm_rain_kmh":24,"speed_source":"synthetic_grade_default","lanes":3,"lanes_source":"Synthetic_by_grade","oneway":false,"oneway_source":"default","bridge":false,"tunnel":false,"layer":0,"layer_source":"default_ground","access":"","surface":"","service":"","topology_source":"LBS-Master_roads_gcj_clip","impedance_synthetic":true,"routable":true,"fallback_clip":true},"geometry":{"type":"LineString","coordinates":[[121.89014,30.954938],[121.890083,30.955976],[121.889997,30.95763],[121.889933,30.958859],[121.889823,30.960263]]}},{"type":"Feature","properties":{"osm_id":1081185961,"name":"两港大道","ref":"S229","highway":"trunk","road_grade":"R1","maxspeed_raw":null,"speed_base_kmh":78,"speed_pm_kmh":56,"speed_pm_rain_kmh":49,"speed_source":"synthetic_grade_default","lanes":4,"lanes_source":"Synthetic_by_grade","oneway":false,"oneway_source":"default","bridge":false,"tunnel":false,"layer":0,"layer_source":"default_ground","access":"","surface":"","service":"","topology_source":"LBS-Master_roads_gcj_clip","impedance_synthetic":true,"routable":true,"fallback_clip":true},"geometry":{"type":"LineString","coordinates":[[121.889467,30.960301],[121.8897,30.957446]]}},{"type":"Feature","properties":{"osm_id":1081185962,"name":"两港大道","ref":"S229","highway":"trunk","road_grade":"R1","maxspeed_raw":null,"speed_base_kmh":78,"speed_pm_kmh":56,"speed_pm_rain_kmh":49,"speed_source":"synthetic_grade_default","lanes":4,"lanes_source":"Synthetic_by_grade","oneway":false,"oneway_source":"default","bridge":false,"tunnel":false,"layer":0,"layer_source":"default_ground","access":"","surface":"","service":"","topology_source":"LBS-Master_roads_gcj_clip","impedance_synthetic":true,"routable":true,"fallback_clip":true},"geometry":{"type":"LineString","coordinates":[[121.889903,30.957449],[121.88978,30.959115],[121.889686,30.960266]]}},{"type":"Feature","properties":{"osm_id":1081185963,"name":"两港大道","ref":"","highway":"secondary","road_grade":"R3","maxspeed_raw":null,"speed_base_kmh":42,"speed_pm_kmh":27,"speed_pm_rain_kmh":24,"speed_source":"synthetic_grade_default","lanes":3,"lanes_source":"Synthetic_by_grade","oneway":false,"oneway_source":"default","bridge":false,"tunnel":false,"layer":0,"layer_source":"default_ground","access":"","surface":"","service":"","topology_source":"LBS-Master_roads_gcj_clip","impedance_synthetic":true,"routable":true,"fallback_clip":true},"geometry":{"type":"LineString","coordinates":[[121.889823,30.960263],[121.889791,30.960616]]}},{"type":"Feature","properties":{"osm_id":1081185964,"name":"两港大道","ref":"","highway":"trunk","road_grade":"R1","maxspeed_raw":null,"speed_base_kmh":78,"speed_pm_kmh":56,"speed_pm_rain_kmh":49,"speed_source":"synthetic_grade_default","lanes":4,"lanes_source":"Synthetic_by_grade","oneway":false,"oneway_source":"default","bridge":false,"tunnel":false,"layer":0,"layer_source":"default_ground","access":"","surface":"","service":"","topology_source":"LBS-Master_roads_gcj_clip","impedance_synthetic":true,"routable":true,"fallback_clip":true},"geometry":{"type":"LineString","coordinates":[[121.889686,30.960266],[121.889657,30.960675]]}},{"type":"Feature","properties":{"osm_id":1081185965,"name":"两港大道","ref":"","highway":"trunk","road_grade":"R1","maxspeed_raw":null,"speed_base_kmh":78,"speed_pm_kmh":56,"speed_pm_rain_kmh":49,"speed_source":"synthetic_grade_default","lanes":4,"lanes_source":"Synthetic_by_grade","oneway":false,"oneway_source":"default","bridge":false,"tunnel":false,"layer":0,"layer_source":"default_ground","access":"","surface":"","service":"","topology_source":"LBS-Master_roads_gcj_clip","impedance_synthetic":true,"routable":true,"fallback_clip":true},"geometry":{"type":"LineString","coordinates":[[121.889434,30.96067],[121.889467,30.960301]]}},{"type":"Feature","properties":{"osm_id":1081185966,"name":"两港大道","ref":"","highway":"secondary","road_grade":"R3","maxspeed_raw":null,"speed_base_kmh":42,"speed_pm_kmh":27,"speed_pm_rain_kmh":24,"speed_source":"synthetic_grade_default","lanes":3,"lanes_source":"Synthetic_by_grade","oneway":false,"oneway_source":"default","bridge":false,"tunnel":false,"layer":0,"layer_source":"default_ground","access":"","surface":"","service":"","topology_source":"LBS-Master_roads_gcj_clip","impedance_synthetic":true,"routable":true,"fallback_clip":true},"geometry":{"type":"LineString","coordinates":[[121.889319,30.96071],[121.889341,30.960319]]}},{"type":"Feature","properties":{"osm_id":1081185967,"name":"两港大道","ref":"","highway":"secondary","road_grade":"R3","maxspeed_raw":null,"speed_base_kmh":42,"speed_pm_kmh":27,"speed_pm_rain_kmh":24,"speed_source":"synthetic_grade_default","lanes":3,"lanes_source":"Synthetic_by_grade","oneway":false,"oneway_source":"default","bridge":false,"tunnel":false,"layer":0,"layer_source":"default_ground","access":"","surface":"","service":"","topology_source":"LBS-Master_roads_gcj_clip","impedance_synthetic":true,"routable":true,"fallback_clip":true},"geometry":{"type":"LineString","coordinates":[[121.88906,30.963352],[121.889159,30.962254],[121.889263,30.961313],[121.889319,30.96071]]}},{"type":"Feature","properties":{"osm_id":1081185968,"name":"两港大道","ref":"","highway":"trunk","road_grade":"R1","maxspeed_raw":null,"speed_base_kmh":78,"speed_pm_kmh":56,"speed_pm_rain_kmh":49,"speed_source":"synthetic_grade_default","lanes":4,"lanes_source":"Synthetic_by_grade","oneway":false,"oneway_source":"default","bridge":false,"tunnel":false,"layer":0,"layer_source":"default_ground","access":"","surface":"","service":"","topology_source":"LBS-Master_roads_gcj_clip","impedance_synthetic":true,"routable":true,"fallback_clip":true},"geometry":{"type":"LineString","coordinates":[[121.889186,30.963336],[121.889434,30.96067]]}},{"type":"Feature","properties":{"osm_id":1081185969,"name":"两港大道","ref":"","highway":"trunk","road_grade":"R1","maxspeed_raw":null,"speed_base_kmh":78,"speed_pm_kmh":56,"speed_pm_rain_kmh":49,"speed_source":"synthetic_grade_default","lanes":4,"lanes_source":"Synthetic_by_grade","oneway":false,"oneway_source":"default","bridge":false,"tunnel":false,"layer":0,"layer_source":"default_ground","access":"","surface":"","service":"","topology_source":"LBS-Master_roads_gcj_clip","impedance_synthetic":true,"routable":true,"fallback_clip":true},"geometry":{"type":"LineString","coordinates":[[121.889657,30.960675],[121.889486,30.962374],[121.8894,30.963313]]}},{"type":"Feature","properties":{"osm_id":1081185970,"name":"两港大道","ref":"","highway":"secondary","road_grade":"R3","maxspeed_raw":null,"speed_base_kmh":42,"speed_pm_kmh":27,"speed_pm_rain_kmh":24,"speed_source":"synthetic_grade_default","lanes":3,"lanes_source":"Synthetic_by_grade","oneway":false,"oneway_source":"default","bridge":false,"tunnel":false,"layer":0,"layer_source":"default_ground","access":"","surface":"","service":"","topology_source":"LBS-Master_roads_gcj_clip","impedance_synthetic":true,"routable":true,"fallback_clip":true},"geometry":{"type":"LineString","coordinates":[[121.889791,30.960616],[121.889665,30.961844],[121.889518,30.963278]]}},{"type":"Feature","properties":{"osm_id":1082235097,"name":"环湖西三路","ref":"","highway":"primary","road_grade":"R2","maxspeed_raw":null,"speed_base_kmh":52,"speed_pm_kmh":30,"speed_pm_rain_kmh":26,"speed_source":"synthetic_grade_default","lanes":4,"lanes_source":"Synthetic_by_grade","oneway":false,"oneway_source":"default","bridge":false,"tunnel":false,"layer":0,"layer_source":"default_ground","access":"","surface":"","service":"","topology_source":"LBS-Master_roads_gcj_clip","impedance_synthetic":true,"routable":true,"fallback_clip":true},"geometry":{"type":"LineString","coordinates":[[121.91679,30.897893],[121.916841,30.899027],[121.916883,30.899444],[121.916938,30.899882],[121.917054,30.900624],[121.917193,30.901289],[121.91734,30.901878],[121.917506,30.902513],[121.917646,30.902908],[121.917947,30.903756],[121.91808,30.904118]]}},{"type":"Feature","properties":{"osm_id":1082235098,"name":"环湖西三路","ref":"","highway":"primary","road_grade":"R2","maxspeed_raw":null,"speed_base_kmh":52,"speed_pm_kmh":30,"speed_pm_rain_kmh":26,"speed_source":"synthetic_grade_default","lanes":4,"lanes_source":"Synthetic_by_grade","oneway":false,"oneway_source":"default","bridge":false,"tunnel":false,"layer":0,"layer_source":"default_ground","access":"","surface":"","service":"","topology_source":"LBS-Master_roads_gcj_clip","impedance_synthetic":true,"routable":true,"fallback_clip":true},"geometry":{"type":"LineString","coordinates":[[121.917868,30.904265],[121.917808,30.904094],[121.917717,30.903845],[121.917468,30.903176],[121.917304,30.902611],[121.917083,30.901816],[121.916957,30.901273],[121.916832,30.900676]]}},{"type":"Feature","properties":{"osm_id":1082865194,"name":"申港大道","ref":"","highway":"primary","road_grade":"R2","maxspeed_raw":null,"speed_base_kmh":52,"speed_pm_kmh":30,"speed_pm_rain_kmh":26,"speed_source":"synthetic_grade_default","lanes":4,"lanes_source":"Synthetic_by_grade","oneway":false,"oneway_source":"default","bridge":false,"tunnel":false,"layer":0,"layer_source":"default_ground","access":"","surface":"","service":"","topology_source":"LBS-Master_roads_gcj_clip","impedance_synthetic":true,"routable":true,"fallback_clip":true},"geometry":{"type":"LineString","coordinates":[[121.916175,30.897618],[121.915687,30.897622],[121.915197,30.897629]]}},{"type":"Feature","properties":{"osm_id":1083087993,"name":"申港大道","ref":"","highway":"primary","road_grade":"R2","maxspeed_raw":null,"speed_base_kmh":52,"speed_pm_kmh":30,"speed_pm_rain_kmh":26,"speed_source":"synthetic_grade_default","lanes":4,"lanes_source":"Synthetic_by_grade","oneway":false,"oneway_source":"default","bridge":false,"tunnel":false,"layer":0,"layer_source":"default_ground","access":"","surface":"","service":"","topology_source":"LBS-Master_roads_gcj_clip","impedance_synthetic":true,"routable":true,"fallback_clip":true},"geometry":{"type":"LineString","coordinates":[[121.916178,30.897291],[121.916481,30.897279]]}},{"type":"Feature","properties":{"osm_id":1083087994,"name":"环湖西三路","ref":"","highway":"primary","road_grade":"R2","maxspeed_raw":null,"speed_base_kmh":52,"speed_pm_kmh":30,"speed_pm_rain_kmh":26,"speed_source":"synthetic_grade_default","lanes":4,"lanes_source":"Synthetic_by_grade","oneway":false,"oneway_source":"default","bridge":false,"tunnel":false,"layer":0,"layer_source":"default_ground","access":"","surface":"","service":"","topology_source":"LBS-Master_roads_gcj_clip","impedance_synthetic":true,"routable":true,"fallback_clip":true},"geometry":{"type":"LineString","coordinates":[[121.916481,30.897633],[121.916481,30.897279]]}},{"type":"Feature","properties":{"osm_id":1083087995,"name":"申港大道","ref":"","highway":"primary","road_grade":"R2","maxspeed_raw":null,"speed_base_kmh":52,"speed_pm_kmh":30,"speed_pm_rain_kmh":26,"speed_source":"synthetic_grade_default","lanes":4,"lanes_source":"Synthetic_by_grade","oneway":false,"oneway_source":"default","bridge":false,"tunnel":false,"layer":0,"layer_source":"default_ground","access":"","surface":"","service":"","topology_source":"LBS-Master_roads_gcj_clip","impedance_synthetic":true,"routable":true,"fallback_clip":true},"geometry":{"type":"LineString","coordinates":[[121.916481,30.897633],[121.916175,30.897618]]}},{"type":"Feature","properties":{"osm_id":1083087996,"name":"环湖西三路","ref":"","highway":"primary","road_grade":"R2","maxspeed_raw":null,"speed_base_kmh":52,"speed_pm_kmh":30,"speed_pm_rain_kmh":26,"speed_source":"synthetic_grade_default","lanes":4,"lanes_source":"Synthetic_by_grade","oneway":false,"oneway_source":"default","bridge":false,"tunnel":false,"layer":0,"layer_source":"default_ground","access":"","surface":"","service":"","topology_source":"LBS-Master_roads_gcj_clip","impedance_synthetic":true,"routable":true,"fallback_clip":true},"geometry":{"type":"LineString","coordinates":[[121.91676,30.897274],[121.916782,30.897639]]}},{"type":"Feature","properties":{"osm_id":1083087997,"name":"环湖西三路","ref":"","highway":"primary","road_grade":"R2","maxspeed_raw":null,"speed_base_kmh":52,"speed_pm_kmh":30,"speed_pm_rain_kmh":26,"speed_source":"synthetic_grade_default","lanes":4,"lanes_source":"Synthetic_by_grade","oneway":false,"oneway_source":"default","bridge":false,"tunnel":false,"layer":0,"layer_source":"default_ground","access":"","surface":"","service":"","topology_source":"LBS-Master_roads_gcj_clip","impedance_synthetic":true,"routable":true,"fallback_clip":true},"geometry":{"type":"LineString","coordinates":[[121.916481,30.897279],[121.916492,30.89702]]}},{"type":"Feature","properties":{"osm_id":1083087998,"name":"申港大道","ref":"","highway":"primary","road_grade":"R2","maxspeed_raw":null,"speed_base_kmh":52,"speed_pm_kmh":30,"speed_pm_rain_kmh":26,"speed_source":"synthetic_grade_default","lanes":4,"lanes_source":"Synthetic_by_grade","oneway":false,"oneway_source":"default","bridge":false,"tunnel":false,"layer":0,"layer_source":"default_ground","access":"","surface":"","service":"","topology_source":"LBS-Master_roads_gcj_clip","impedance_synthetic":true,"routable":true,"fallback_clip":true},"geometry":{"type":"LineString","coordinates":[[121.916481,30.897279],[121.91676,30.897274]]}},{"type":"Feature","properties":{"osm_id":1083087999,"name":"申港大道","ref":"","highway":"primary","road_grade":"R2","maxspeed_raw":null,"speed_base_kmh":52,"speed_pm_kmh":30,"speed_pm_rain_kmh":26,"speed_source":"synthetic_grade_default","lanes":4,"lanes_source":"Synthetic_by_grade","oneway":false,"oneway_source":"default","bridge":false,"tunnel":false,"layer":0,"layer_source":"default_ground","access":"","surface":"","service":"","topology_source":"LBS-Master_roads_gcj_clip","impedance_synthetic":true,"routable":true,"fallback_clip":true},"geometry":{"type":"LineString","coordinates":[[121.916782,30.897639],[121.916481,30.897633]]}},{"type":"Feature","properties":{"osm_id":1083088003,"name":"申港大道","ref":"","highway":"primary","road_grade":"R2","maxspeed_raw":null,"speed_base_kmh":52,"speed_pm_kmh":30,"speed_pm_rain_kmh":26,"speed_source":"synthetic_grade_default","lanes":4,"lanes_source":"Synthetic_by_grade","oneway":false,"oneway_source":"default","bridge":false,"tunnel":false,"layer":0,"layer_source":"default_ground","access":"","surface":"","service":"","topology_source":"LBS-Master_roads_gcj_clip","impedance_synthetic":true,"routable":true,"fallback_clip":true},"geometry":{"type":"LineString","coordinates":[[121.918498,30.8973],[121.918659,30.89729],[121.919348,30.8973],[121.920473,30.897317],[121.921993,30.89731],[121.922239,30.897308]]}},{"type":"Feature","properties":{"osm_id":1083104067,"name":"环湖西三路","ref":"","highway":"primary","road_grade":"R2","maxspeed_raw":null,"speed_base_kmh":52,"speed_pm_kmh":30,"speed_pm_rain_kmh":26,"speed_source":"synthetic_grade_default","lanes":4,"lanes_source":"Synthetic_by_grade","oneway":false,"oneway_source":"default","bridge":false,"tunnel":false,"layer":0,"layer_source":"default_ground","access":"","surface":"","service":"","topology_source":"LBS-Master_roads_gcj_clip","impedance_synthetic":true,"routable":true,"fallback_clip":true},"geometry":{"type":"LineString","coordinates":[[121.916782,30.897639],[121.91679,30.897893]]}},{"type":"Feature","properties":{"osm_id":1083104070,"name":"环湖西三路","ref":"","highway":"primary","road_grade":"R2","maxspeed_raw":null,"speed_base_kmh":52,"speed_pm_kmh":30,"speed_pm_rain_kmh":26,"speed_source":"synthetic_grade_default","lanes":4,"lanes_source":"Synthetic_by_grade","oneway":false,"oneway_source":"default","bridge":false,"tunnel":false,"layer":0,"layer_source":"default_ground","access":"","surface":"","service":"","topology_source":"LBS-Master_roads_gcj_clip","impedance_synthetic":true,"routable":true,"fallback_clip":true},"geometry":{"type":"LineString","coordinates":[[121.916498,30.897896],[121.916481,30.897633]]}},{"type":"Feature","properties":{"osm_id":1083104071,"name":"环湖西三路","ref":"","highway":"primary","road_grade":"R2","maxspeed_raw":null,"speed_base_kmh":52,"speed_pm_kmh":30,"speed_pm_rain_kmh":26,"speed_source":"synthetic_grade_default","lanes":4,"lanes_source":"Synthetic_by_grade","oneway":false,"oneway_source":"default","bridge":false,"tunnel":false,"layer":0,"layer_source":"default_ground","access":"","surface":"","service":"","topology_source":"LBS-Master_roads_gcj_clip","impedance_synthetic":true,"routable":true,"fallback_clip":true},"geometry":{"type":"LineString","coordinates":[[121.916772,30.897022],[121.91676,30.897274]]}},{"type":"Feature","properties":{"osm_id":1083138792,"name":"申港大道","ref":"","highway":"primary","road_grade":"R2","maxspeed_raw":null,"speed_base_kmh":52,"speed_pm_kmh":30,"speed_pm_rain_kmh":26,"speed_source":"synthetic_grade_default","lanes":4,"lanes_source":"Synthetic_by_grade","oneway":false,"oneway_source":"default","bridge":false,"tunnel":false,"layer":0,"layer_source":"default_ground","access":"","surface":"","service":"","topology_source":"LBS-Master_roads_gcj_clip","impedance_synthetic":true,"routable":true,"fallback_clip":true},"geometry":{"type":"LineString","coordinates":[[121.917088,30.897641],[121.916782,30.897639]]}},{"type":"Feature","properties":{"osm_id":1101879708,"name":"临港大道","ref":"","highway":"primary","road_grade":"R2","maxspeed_raw":null,"speed_base_kmh":52,"speed_pm_kmh":30,"speed_pm_rain_kmh":26,"speed_source":"synthetic_grade_default","lanes":4,"lanes_source":"Synthetic_by_grade","oneway":false,"oneway_source":"default","bridge":false,"tunnel":false,"layer":0,"layer_source":"default_ground","access":"","surface":"","service":"","topology_source":"LBS-Master_roads_gcj_clip","impedance_synthetic":true,"routable":true,"fallback_clip":true},"geometry":{"type":"LineString","coordinates":[[121.889603,30.941504],[121.889651,30.941478],[121.890174,30.941132],[121.890669,30.940758],[121.891355,30.940205],[121.892096,30.93957],[121.892774,30.938988],[121.893411,30.93842]]}},{"type":"Feature","properties":{"osm_id":1101879709,"name":"两港大道","ref":"","highway":"secondary","road_grade":"R3","maxspeed_raw":null,"speed_base_kmh":42,"speed_pm_kmh":27,"speed_pm_rain_kmh":24,"speed_source":"synthetic_grade_default","lanes":3,"lanes_source":"Synthetic_by_grade","oneway":false,"oneway_source":"default","bridge":false,"tunnel":false,"layer":0,"layer_source":"default_ground","access":"","surface":"","service":"","topology_source":"LBS-Master_roads_gcj_clip","impedance_synthetic":true,"routable":true,"fallback_clip":true},"geometry":{"type":"LineString","coordinates":[[121.889627,30.941906],[121.889725,30.943015],[121.889752,30.943386],[121.889854,30.944627],[121.889854,30.945188],[121.889993,30.946868],[121.890179,30.9492],[121.890176,30.949725]]}},{"type":"Feature","properties":{"osm_id":1101879718,"name":"潮和路","ref":"","highway":"tertiary","road_grade":"R4","maxspeed_raw":null,"speed_base_kmh":32,"speed_pm_kmh":24,"speed_pm_rain_kmh":21,"speed_source":"synthetic_grade_default","lanes":2,"lanes_source":"Synthetic_by_grade","oneway":false,"oneway_source":"default","bridge":false,"tunnel":false,"layer":0,"layer_source":"default_ground","access":"","surface":"","service":"","topology_source":"LBS-Master_roads_gcj_clip","impedance_synthetic":true,"routable":true,"fallback_clip":true},"geometry":{"type":"LineString","coordinates":[[121.860595,30.872915],[121.860542,30.872792],[121.860349,30.872176],[121.860328,30.871984],[121.86024,30.8717],[121.860193,30.87154],[121.860151,30.871399],[121.860109,30.871258],[121.860071,30.871104]]}},{"type":"Feature","properties":{"osm_id":1101879721,"name":"两港大道","ref":"","highway":"secondary","road_grade":"R3","maxspeed_raw":null,"speed_base_kmh":42,"speed_pm_kmh":27,"speed_pm_rain_kmh":24,"speed_source":"synthetic_grade_default","lanes":3,"lanes_source":"Synthetic_by_grade","oneway":false,"oneway_source":"default","bridge":false,"tunnel":false,"layer":0,"layer_source":"default_ground","access":"","surface":"","service":"","topology_source":"LBS-Master_roads_gcj_clip","impedance_synthetic":true,"routable":true,"fallback_clip":true},"geometry":{"type":"LineString","coordinates":[[121.889732,30.949642],[121.889704,30.946747],[121.889538,30.944928],[121.889441,30.944496],[121.889372,30.943442],[121.889364,30.943168],[121.889332,30.942631],[121.889293,30.942129]]}},{"type":"Feature","properties":{"osm_id":1101879722,"name":"临港大道","ref":"","highway":"primary","road_grade":"R2","maxspeed_raw":null,"speed_base_kmh":52,"speed_pm_kmh":30,"speed_pm_rain_kmh":26,"speed_source":"synthetic_grade_default","lanes":4,"lanes_source":"Synthetic_by_grade","oneway":false,"oneway_source":"default","bridge":false,"tunnel":false,"layer":0,"layer_source":"default_ground","access":"","surface":"","service":"","topology_source":"LBS-Master_roads_gcj_clip","impedance_synthetic":true,"routable":true,"fallback_clip":true},"geometry":{"type":"LineString","coordinates":[[121.889293,30.942129],[121.889069,30.942259],[121.888353,30.942667],[121.888146,30.942787],[121.887561,30.943085],[121.886129,30.943746]]}},{"type":"Feature","properties":{"osm_id":1101879723,"name":"临港大道","ref":"","highway":"primary","road_grade":"R2","maxspeed_raw":null,"speed_base_kmh":52,"speed_pm_kmh":30,"speed_pm_rain_kmh":26,"speed_source":"synthetic_grade_default","lanes":4,"lanes_source":"Synthetic_by_grade","oneway":false,"oneway_source":"default","bridge":false,"tunnel":false,"layer":0,"layer_source":"default_ground","access":"","surface":"","service":"","topology_source":"LBS-Master_roads_gcj_clip","impedance_synthetic":true,"routable":true,"fallback_clip":true},"geometry":{"type":"LineString","coordinates":[[121.913374,30.921486],[121.912377,30.922357]]}},{"type":"Feature","properties":{"osm_id":1102556581,"name":"临港大道南路","ref":"","highway":"tertiary","road_grade":"R4","maxspeed_raw":null,"speed_base_kmh":32,"speed_pm_kmh":24,"speed_pm_rain_kmh":21,"speed_source":"synthetic_grade_default","lanes":2,"lanes_source":"Synthetic_by_grade","oneway":false,"oneway_source":"default","bridge":false,"tunnel":false,"layer":0,"layer_source":"default_ground","access":"","surface":"","service":"","topology_source":"LBS-Master_roads_gcj_clip","impedance_synthetic":true,"routable":true,"fallback_clip":true},"geometry":{"type":"LineString","coordinates":[[121.927442,30.90882],[121.927582,30.90864]]}},{"type":"Feature","properties":{"osm_id":1102556582,"name":"环湖西二路","ref":"","highway":"secondary","road_grade":"R3","maxspeed_raw":null,"speed_base_kmh":42,"speed_pm_kmh":27,"speed_pm_rain_kmh":24,"speed_source":"synthetic_grade_default","lanes":3,"lanes_source":"Synthetic_by_grade","oneway":false,"oneway_source":"default","bridge":false,"tunnel":false,"layer":0,"layer_source":"default_ground","access":"","surface":"","service":"","topology_source":"LBS-Master_roads_gcj_clip","impedance_synthetic":true,"routable":true,"fallback_clip":true},"geometry":{"type":"LineString","coordinates":[[121.927582,30.90864],[121.927931,30.908931]]}},{"type":"Feature","properties":{"osm_id":1102556583,"name":"环湖南二路","ref":"","highway":"secondary","road_grade":"R3","maxspeed_raw":null,"speed_base_kmh":42,"speed_pm_kmh":27,"speed_pm_rain_kmh":24,"speed_source":"synthetic_grade_default","lanes":3,"lanes_source":"Synthetic_by_grade","oneway":false,"oneway_source":"default","bridge":false,"tunnel":false,"layer":0,"layer_source":"default_ground","access":"","surface":"","service":"","topology_source":"LBS-Master_roads_gcj_clip","impedance_synthetic":true,"routable":true,"fallback_clip":true},"geometry":{"type":"LineString","coordinates":[[121.940606,30.881389],[121.939422,30.881432],[121.938371,30.881528],[121.937426,30.881653],[121.936487,30.881823],[121.935597,30.882022],[121.934724,30.882253],[121.933847,30.882531]]}},{"type":"Feature","properties":{"osm_id":1102556584,"name":"南港大道","ref":"","highway":"secondary","road_grade":"R3","maxspeed_raw":null,"speed_base_kmh":42,"speed_pm_kmh":27,"speed_pm_rain_kmh":24,"speed_source":"synthetic_grade_default","lanes":3,"lanes_source":"Synthetic_by_grade","oneway":false,"oneway_source":"default","bridge":false,"tunnel":false,"layer":0,"layer_source":"default_ground","access":"","surface":"","service":"","topology_source":"LBS-Master_roads_gcj_clip","impedance_synthetic":true,"routable":true,"fallback_clip":true},"geometry":{"type":"LineString","coordinates":[[121.940606,30.881389],[121.940618,30.881204]]}},{"type":"Feature","properties":{"osm_id":1102556585,"name":"","ref":"","highway":"secondary","road_grade":"R3","maxspeed_raw":null,"speed_base_kmh":42,"speed_pm_kmh":27,"speed_pm_rain_kmh":24,"speed_source":"synthetic_grade_default","lanes":3,"lanes_source":"Synthetic_by_grade","oneway":false,"oneway_source":"default","bridge":false,"tunnel":false,"layer":0,"layer_source":"default_ground","access":"","surface":"","service":"","topology_source":"LBS-Master_roads_gcj_clip","impedance_synthetic":true,"routable":true,"fallback_clip":true},"geometry":{"type":"LineString","coordinates":[[121.940681,30.885307],[121.940667,30.88521]]}},{"type":"Feature","properties":{"osm_id":1102556586,"name":"环湖南一路","ref":"","highway":"secondary","road_grade":"R3","maxspeed_raw":null,"speed_base_kmh":42,"speed_pm_kmh":27,"speed_pm_rain_kmh":24,"speed_source":"synthetic_grade_default","lanes":3,"lanes_source":"Synthetic_by_grade","oneway":false,"oneway_source":"default","bridge":false,"tunnel":false,"layer":0,"layer_source":"default_ground","access":"","surface":"","service":"","topology_source":"LBS-Master_roads_gcj_clip","impedance_synthetic":true,"routable":true,"fallback_clip":true},"geometry":{"type":"LineString","coordinates":[[121.940667,30.88521],[121.94058,30.885213],[121.940115,30.885223],[121.939977,30.885226],[121.93967,30.885238],[121.939486,30.885244],[121.938856,30.885309],[121.938633,30.885346],[121.938418,30.885395],[121.938188,30.885433],[121.937471,30.885564],[121.936853,30.885702],[121.936251,30.885866],[121.935568,30.886081]]}},{"type":"Feature","properties":{"osm_id":1102556587,"name":"","ref":"","highway":"secondary","road_grade":"R3","maxspeed_raw":null,"speed_base_kmh":42,"speed_pm_kmh":27,"speed_pm_rain_kmh":24,"speed_source":"synthetic_grade_default","lanes":3,"lanes_source":"Synthetic_by_grade","oneway":false,"oneway_source":"default","bridge":false,"tunnel":false,"layer":0,"layer_source":"default_ground","access":"","surface":"","service":"","topology_source":"LBS-Master_roads_gcj_clip","impedance_synthetic":true,"routable":true,"fallback_clip":true},"geometry":{"type":"LineString","coordinates":[[121.953875,30.892712],[121.953799,30.892548],[121.953504,30.892004],[121.953157,30.891443],[121.952766,30.890882],[121.952382,30.890391],[121.952026,30.889987],[121.951991,30.889949],[121.951657,30.889588]]}},{"type":"Feature","properties":{"osm_id":1102556588,"name":"","ref":"","highway":"tertiary","road_grade":"R4","maxspeed_raw":null,"speed_base_kmh":32,"speed_pm_kmh":24,"speed_pm_rain_kmh":21,"speed_source":"synthetic_grade_default","lanes":2,"lanes_source":"Synthetic_by_grade","oneway":false,"oneway_source":"default","bridge":false,"tunnel":false,"layer":0,"layer_source":"default_ground","access":"","surface":"","service":"","topology_source":"LBS-Master_roads_gcj_clip","impedance_synthetic":true,"routable":true,"fallback_clip":true},"geometry":{"type":"LineString","coordinates":[[121.953875,30.892712],[121.953875,30.892712]]}},{"type":"Feature","properties":{"osm_id":1102556589,"name":"","ref":"","highway":"tertiary","road_grade":"R4","maxspeed_raw":null,"speed_base_kmh":32,"speed_pm_kmh":24,"speed_pm_rain_kmh":21,"speed_source":"synthetic_grade_default","lanes":2,"lanes_source":"Synthetic_by_grade","oneway":false,"oneway_source":"default","bridge":false,"tunnel":false,"layer":0,"layer_source":"default_ground","access":"","surface":"","service":"","topology_source":"LBS-Master_roads_gcj_clip","impedance_synthetic":true,"routable":true,"fallback_clip":true},"geometry":{"type":"LineString","coordinates":[[121.954016,30.892659],[121.953875,30.892712]]}},{"type":"Feature","properties":{"osm_id":1102556590,"name":"","ref":"","highway":"secondary","road_grade":"R3","maxspeed_raw":null,"speed_base_kmh":42,"speed_pm_kmh":27,"speed_pm_rain_kmh":24,"speed_source":"synthetic_grade_default","lanes":3,"lanes_source":"Synthetic_by_grade","oneway":false,"oneway_source":"default","bridge":false,"tunnel":false,"layer":0,"layer_source":"default_ground","access":"","surface":"","service":"","topology_source":"LBS-Master_roads_gcj_clip","impedance_synthetic":true,"routable":true,"fallback_clip":true},"geometry":{"type":"LineString","coordinates":[[121.951767,30.889512],[121.952026,30.889776],[121.952266,30.890039],[121.952557,30.890383],[121.952624,30.890463],[121.952982,30.890931],[121.95327,30.891361],[121.953627,30.891927],[121.953934,30.892498],[121.954016,30.892659]]}},{"type":"Feature","properties":{"osm_id":1102556591,"name":"环湖南一路","ref":"","highway":"secondary","road_grade":"R3","maxspeed_raw":null,"speed_base_kmh":42,"speed_pm_kmh":27,"speed_pm_rain_kmh":24,"speed_source":"synthetic_grade_default","lanes":3,"lanes_source":"Synthetic_by_grade","oneway":false,"oneway_source":"default","bridge":false,"tunnel":false,"layer":0,"layer_source":"default_ground","access":"","surface":"","service":"","topology_source":"LBS-Master_roads_gcj_clip","impedance_synthetic":true,"routable":true,"fallback_clip":true},"geometry":{"type":"LineString","coordinates":[[121.935504,30.885967],[121.936069,30.885786],[121.936797,30.885588],[121.937578,30.885408],[121.938001,30.885331],[121.938839,30.885203],[121.939207,30.885167],[121.939476,30.88514],[121.940223,30.885109],[121.940651,30.885072],[121.940796,30.885075]]}},{"type":"Feature","properties":{"osm_id":1102556592,"name":"","ref":"","highway":"secondary","road_grade":"R3","maxspeed_raw":null,"speed_base_kmh":42,"speed_pm_kmh":27,"speed_pm_rain_kmh":24,"speed_source":"synthetic_grade_default","lanes":3,"lanes_source":"Synthetic_by_grade","oneway":false,"oneway_source":"default","bridge":false,"tunnel":false,"layer":0,"layer_source":"default_ground","access":"","surface":"","service":"","topology_source":"LBS-Master_roads_gcj_clip","impedance_synthetic":true,"routable":true,"fallback_clip":true},"geometry":{"type":"LineString","coordinates":[[121.940796,30.885075],[121.9408,30.88522],[121.940788,30.885309]]}},{"type":"Feature","properties":{"osm_id":1102556593,"name":"南港大道","ref":"","highway":"secondary","road_grade":"R3","maxspeed_raw":null,"speed_base_kmh":42,"speed_pm_kmh":27,"speed_pm_rain_kmh":24,"speed_source":"synthetic_grade_default","lanes":3,"lanes_source":"Synthetic_by_grade","oneway":false,"oneway_source":"default","bridge":false,"tunnel":false,"layer":0,"layer_source":"default_ground","access":"","surface":"","service":"","topology_source":"LBS-Master_roads_gcj_clip","impedance_synthetic":true,"routable":true,"fallback_clip":true},"geometry":{"type":"LineString","coordinates":[[121.940833,30.878746],[121.940781,30.881216]]}},{"type":"Feature","properties":{"osm_id":1102556594,"name":"环湖南二路","ref":"","highway":"secondary","road_grade":"R3","maxspeed_raw":null,"speed_base_kmh":42,"speed_pm_kmh":27,"speed_pm_rain_kmh":24,"speed_source":"synthetic_grade_default","lanes":3,"lanes_source":"Synthetic_by_grade","oneway":false,"oneway_source":"default","bridge":false,"tunnel":false,"layer":0,"layer_source":"default_ground","access":"","surface":"","service":"","topology_source":"LBS-Master_roads_gcj_clip","impedance_synthetic":true,"routable":true,"fallback_clip":true},"geometry":{"type":"LineString","coordinates":[[121.933774,30.882371],[121.934544,30.882134],[121.935514,30.881862],[121.93642,30.881656],[121.937427,30.881469],[121.938372,30.881349],[121.9393,30.881263],[121.940618,30.881204]]}},{"type":"Feature","properties":{"osm_id":1102556595,"name":"环湖西二路","ref":"","highway":"secondary","road_grade":"R3","maxspeed_raw":null,"speed_base_kmh":42,"speed_pm_kmh":27,"speed_pm_rain_kmh":24,"speed_source":"synthetic_grade_default","lanes":3,"lanes_source":"Synthetic_by_grade","oneway":false,"oneway_source":"default","bridge":false,"tunnel":false,"layer":0,"layer_source":"default_ground","access":"","surface":"","service":"","topology_source":"LBS-Master_roads_gcj_clip","impedance_synthetic":true,"routable":true,"fallback_clip":true},"geometry":{"type":"LineString","coordinates":[[121.927374,30.886039],[121.927508,30.885944]]}},{"type":"Feature","properties":{"osm_id":1102556596,"name":"海港大道","ref":"","highway":"secondary","road_grade":"R3","maxspeed_raw":null,"speed_base_kmh":42,"speed_pm_kmh":27,"speed_pm_rain_kmh":24,"speed_source":"synthetic_grade_default","lanes":3,"lanes_source":"Synthetic_by_grade","oneway":false,"oneway_source":"default","bridge":false,"tunnel":false,"layer":0,"layer_source":"default_ground","access":"","surface":"","service":"","topology_source":"LBS-Master_roads_gcj_clip","impedance_synthetic":true,"routable":true,"fallback_clip":true},"geometry":{"type":"LineString","coordinates":[[121.927374,30.886039],[121.926304,30.885163],[121.925845,30.884756]]}},{"type":"Feature","properties":{"osm_id":1102556597,"name":"环湖西二路","ref":"","highway":"secondary","road_grade":"R3","maxspeed_raw":null,"speed_base_kmh":42,"speed_pm_kmh":27,"speed_pm_rain_kmh":24,"speed_source":"synthetic_grade_default","lanes":3,"lanes_source":"Synthetic_by_grade","oneway":false,"oneway_source":"default","bridge":false,"tunnel":false,"layer":0,"layer_source":"default_ground","access":"","surface":"","service":"","topology_source":"LBS-Master_roads_gcj_clip","impedance_synthetic":true,"routable":true,"fallback_clip":true},"geometry":{"type":"LineString","coordinates":[[121.927698,30.909039],[121.927442,30.90882]]}},{"type":"Feature","properties":{"osm_id":1102556610,"name":"小桉路","ref":"","highway":"tertiary","road_grade":"R4","maxspeed_raw":null,"speed_base_kmh":32,"speed_pm_kmh":24,"speed_pm_rain_kmh":21,"speed_source":"synthetic_grade_default","lanes":2,"lanes_source":"Synthetic_by_grade","oneway":false,"oneway_source":"default","bridge":false,"tunnel":false,"layer":0,"layer_source":"default_ground","access":"","surface":"","service":"","topology_source":"LBS-Master_roads_gcj_clip","impedance_synthetic":true,"routable":true,"fallback_clip":true},"geometry":{"type":"LineString","coordinates":[[121.973798,30.885549],[121.973536,30.885644]]}},{"type":"Feature","properties":{"osm_id":1102556612,"name":"小桉路","ref":"","highway":"tertiary","road_grade":"R4","maxspeed_raw":null,"speed_base_kmh":32,"speed_pm_kmh":24,"speed_pm_rain_kmh":21,"speed_source":"synthetic_grade_default","lanes":2,"lanes_source":"Synthetic_by_grade","oneway":false,"oneway_source":"default","bridge":false,"tunnel":false,"layer":0,"layer_source":"default_ground","access":"","surface":"","service":"","topology_source":"LBS-Master_roads_gcj_clip","impedance_synthetic":true,"routable":true,"fallback_clip":true},"geometry":{"type":"LineString","coordinates":[[121.974721,30.885236],[121.974144,30.885423],[121.973798,30.885549]]}},{"type":"Feature","properties":{"osm_id":1102556614,"name":"临港大道北路","ref":"","highway":"tertiary","road_grade":"R4","maxspeed_raw":null,"speed_base_kmh":32,"speed_pm_kmh":24,"speed_pm_rain_kmh":21,"speed_source":"synthetic_grade_default","lanes":2,"lanes_source":"Synthetic_by_grade","oneway":false,"oneway_source":"default","bridge":false,"tunnel":false,"layer":0,"layer_source":"default_ground","access":"","surface":"","service":"","topology_source":"LBS-Master_roads_gcj_clip","impedance_synthetic":true,"routable":true,"fallback_clip":true},"geometry":{"type":"LineString","coordinates":[[121.929608,30.908216],[121.929366,30.908458],[121.929196,30.908607]]}},{"type":"Feature","properties":{"osm_id":1102556615,"name":"临港大道南路","ref":"","highway":"tertiary","road_grade":"R4","maxspeed_raw":null,"speed_base_kmh":32,"speed_pm_kmh":24,"speed_pm_rain_kmh":21,"speed_source":"synthetic_grade_default","lanes":2,"lanes_source":"Synthetic_by_grade","oneway":false,"oneway_source":"default","bridge":false,"tunnel":false,"layer":0,"layer_source":"default_ground","access":"","surface":"","service":"","topology_source":"LBS-Master_roads_gcj_clip","impedance_synthetic":true,"routable":true,"fallback_clip":true},"geometry":{"type":"LineString","coordinates":[[121.927939,30.907575],[121.928025,30.907464],[121.928367,30.907179]]}},{"type":"Feature","properties":{"osm_id":1106991627,"name":"临团公路","ref":"","highway":"tertiary","road_grade":"R4","maxspeed_raw":null,"speed_base_kmh":32,"speed_pm_kmh":24,"speed_pm_rain_kmh":21,"speed_source":"synthetic_grade_default","lanes":2,"lanes_source":"Synthetic_by_grade","oneway":false,"oneway_source":"default","bridge":false,"tunnel":false,"layer":0,"layer_source":"default_ground","access":"","surface":"","service":"","topology_source":"LBS-Master_roads_gcj_clip","impedance_synthetic":true,"routable":true,"fallback_clip":true},"geometry":{"type":"LineString","coordinates":[[121.891497,30.914289],[121.891755,30.914203],[121.891888,30.914158],[121.894798,30.913161],[121.896953,30.912423]]}},{"type":"Feature","properties":{"osm_id":1106991628,"name":"临团公路","ref":"","highway":"tertiary","road_grade":"R4","maxspeed_raw":null,"speed_base_kmh":32,"speed_pm_kmh":24,"speed_pm_rain_kmh":21,"speed_source":"synthetic_grade_default","lanes":2,"lanes_source":"Synthetic_by_grade","oneway":false,"oneway_source":"default","bridge":false,"tunnel":false,"layer":0,"layer_source":"default_ground","access":"","surface":"","service":"","topology_source":"LBS-Master_roads_gcj_clip","impedance_synthetic":true,"routable":true,"fallback_clip":true},"geometry":{"type":"LineString","coordinates":[[121.896996,30.912638],[121.89487,30.913366],[121.891821,30.914412],[121.891552,30.914504]]}},{"type":"Feature","properties":{"osm_id":1107715596,"name":"水芸路","ref":"","highway":"tertiary","road_grade":"R4","maxspeed_raw":null,"speed_base_kmh":32,"speed_pm_kmh":24,"speed_pm_rain_kmh":21,"speed_source":"synthetic_grade_default","lanes":2,"lanes_source":"Synthetic_by_grade","oneway":false,"oneway_source":"default","bridge":false,"tunnel":false,"layer":0,"layer_source":"default_ground","access":"","surface":"","service":"","topology_source":"LBS-Master_roads_gcj_clip","impedance_synthetic":true,"routable":true,"fallback_clip":true},"geometry":{"type":"LineString","coordinates":[[121.929658,30.888054],[121.929524,30.888177],[121.929319,30.888381],[121.928972,30.888724],[121.928645,30.889067],[121.928504,30.889216],[121.928424,30.8893],[121.928071,30.889718],[121.927738,30.890141],[121.927362,30.890675],[121.927331,30.890723],[121.927048,30.891168],[121.926687,30.891809],[121.92659,30.891987]]}},{"type":"Feature","properties":{"osm_id":1107715597,"name":"水芸路","ref":"","highway":"tertiary","road_grade":"R4","maxspeed_raw":null,"speed_base_kmh":32,"speed_pm_kmh":24,"speed_pm_rain_kmh":21,"speed_source":"synthetic_grade_default","lanes":2,"lanes_source":"Synthetic_by_grade","oneway":false,"oneway_source":"default","bridge":false,"tunnel":false,"layer":0,"layer_source":"default_ground","access":"","surface":"","service":"","topology_source":"LBS-Master_roads_gcj_clip","impedance_synthetic":true,"routable":true,"fallback_clip":true},"geometry":{"type":"LineString","coordinates":[[121.935132,30.884935],[121.934517,30.885159]]}},{"type":"Feature","properties":{"osm_id":1107715598,"name":"云鹃路","ref":"","highway":"tertiary","road_grade":"R4","maxspeed_raw":null,"speed_base_kmh":32,"speed_pm_kmh":24,"speed_pm_rain_kmh":21,"speed_source":"synthetic_grade_default","lanes":2,"lanes_source":"Synthetic_by_grade","oneway":false,"oneway_source":"default","bridge":false,"tunnel":false,"layer":0,"layer_source":"default_ground","access":"","surface":"","service":"","topology_source":"LBS-Master_roads_gcj_clip","impedance_synthetic":true,"routable":true,"fallback_clip":true},"geometry":{"type":"LineString","coordinates":[[121.94076,30.882396],[121.940651,30.882388],[121.939962,30.882395],[121.939161,30.882432],[121.939103,30.882435],[121.938294,30.882522],[121.937835,30.882594],[121.93715,30.882709],[121.936627,30.882809],[121.935966,30.88296],[121.935567,30.883078],[121.935103,30.883215],[121.934409,30.883452]]}},{"type":"Feature","properties":{"osm_id":1107715599,"name":"云鹃路","ref":"","highway":"tertiary","road_grade":"R4","maxspeed_raw":null,"speed_base_kmh":32,"speed_pm_kmh":24,"speed_pm_rain_kmh":21,"speed_source":"synthetic_grade_default","lanes":2,"lanes_source":"Synthetic_by_grade","oneway":false,"oneway_source":"default","bridge":false,"tunnel":false,"layer":0,"layer_source":"default_ground","access":"","surface":"","service":"","topology_source":"LBS-Master_roads_gcj_clip","impedance_synthetic":true,"routable":true,"fallback_clip":true},"geometry":{"type":"LineString","coordinates":[[121.934409,30.883452],[121.933816,30.883668]]}},{"type":"Feature","properties":{"osm_id":1107715609,"name":"美人蕉路","ref":"","highway":"secondary","road_grade":"R3","maxspeed_raw":null,"speed_base_kmh":42,"speed_pm_kmh":27,"speed_pm_rain_kmh":24,"speed_source":"synthetic_grade_default","lanes":3,"lanes_source":"Synthetic_by_grade","oneway":false,"oneway_source":"default","bridge":false,"tunnel":false,"layer":0,"layer_source":"default_ground","access":"","surface":"","service":"","topology_source":"LBS-Master_roads_gcj_clip","impedance_synthetic":true,"routable":true,"fallback_clip":true},"geometry":{"type":"LineString","coordinates":[[121.924904,30.872965],[121.923736,30.873984],[121.923468,30.874217],[121.922092,30.875412],[121.920882,30.876457],[121.920151,30.877089],[121.918676,30.878364]]}},{"type":"Feature","properties":{"osm_id":1107715610,"name":"美人蕉路","ref":"","highway":"tertiary","road_grade":"R4","maxspeed_raw":null,"speed_base_kmh":32,"speed_pm_kmh":24,"speed_pm_rain_kmh":21,"speed_source":"synthetic_grade_default","lanes":2,"lanes_source":"Synthetic_by_grade","oneway":false,"oneway_source":"default","bridge":false,"tunnel":false,"layer":0,"layer_source":"default_ground","access":"","surface":"","service":"","topology_source":"LBS-Master_roads_gcj_clip","impedance_synthetic":true,"routable":true,"fallback_clip":true},"geometry":{"type":"LineString","coordinates":[[121.915034,30.881387],[121.915124,30.881313],[121.915839,30.880692],[121.916601,30.880027],[121.91672,30.879908],[121.917403,30.87932],[121.917596,30.879113],[121.91843,30.878395]]}},{"type":"Feature","properties":{"osm_id":1107715613,"name":"海基一路","ref":"","highway":"tertiary","road_grade":"R4","maxspeed_raw":null,"speed_base_kmh":32,"speed_pm_kmh":24,"speed_pm_rain_kmh":21,"speed_source":"synthetic_grade_default","lanes":2,"lanes_source":"Synthetic_by_grade","oneway":false,"oneway_source":"default","bridge":false,"tunnel":false,"layer":0,"layer_source":"default_ground","access":"","surface":"","service":"","topology_source":"LBS-Master_roads_gcj_clip","impedance_synthetic":true,"routable":true,"fallback_clip":true},"geometry":{"type":"LineString","coordinates":[[121.917761,30.875014],[121.91874,30.874183],[121.919001,30.873961],[121.919683,30.873382],[121.921039,30.872165],[121.921959,30.871356],[121.922463,30.870914],[121.922557,30.870851],[121.922972,30.870573],[121.923354,30.870318],[121.924064,30.870049],[121.924712,30.869944],[121.925016,30.869895],[121.925624,30.869893],[121.926558,30.86989]]}},{"type":"Feature","properties":{"osm_id":1107715616,"name":"木荷路","ref":"","highway":"tertiary","road_grade":"R4","maxspeed_raw":null,"speed_base_kmh":32,"speed_pm_kmh":24,"speed_pm_rain_kmh":21,"speed_source":"synthetic_grade_default","lanes":2,"lanes_source":"Synthetic_by_grade","oneway":false,"oneway_source":"default","bridge":false,"tunnel":false,"layer":0,"layer_source":"default_ground","access":"","surface":"","service":"","topology_source":"LBS-Master_roads_gcj_clip","impedance_synthetic":true,"routable":true,"fallback_clip":true},"geometry":{"type":"LineString","coordinates":[[121.933275,30.869575],[121.933258,30.869072],[121.933231,30.868763],[121.933113,30.868487],[121.932904,30.868132],[121.932651,30.867809],[121.93232,30.867522]]}},{"type":"Feature","properties":{"osm_id":1107715652,"name":"美人蕉路","ref":"","highway":"secondary","road_grade":"R3","maxspeed_raw":null,"speed_base_kmh":42,"speed_pm_kmh":27,"speed_pm_rain_kmh":24,"speed_source":"synthetic_grade_default","lanes":3,"lanes_source":"Synthetic_by_grade","oneway":false,"oneway_source":"default","bridge":false,"tunnel":false,"layer":0,"layer_source":"default_ground","access":"","surface":"","service":"","topology_source":"LBS-Master_roads_gcj_clip","impedance_synthetic":true,"routable":true,"fallback_clip":true},"geometry":{"type":"LineString","coordinates":[[121.940824,30.870785],[121.940601,30.870738],[121.939541,30.870491],[121.937963,30.870116],[121.937394,30.86998],[121.935324,30.86969],[121.935173,30.869686],[121.935037,30.869683]]}},{"type":"Feature","properties":{"osm_id":1107715653,"name":"美人蕉路","ref":"","highway":"secondary","road_grade":"R3","maxspeed_raw":null,"speed_base_kmh":42,"speed_pm_kmh":27,"speed_pm_rain_kmh":24,"speed_source":"synthetic_grade_default","lanes":3,"lanes_source":"Synthetic_by_grade","oneway":false,"oneway_source":"default","bridge":false,"tunnel":false,"layer":0,"layer_source":"default_ground","access":"","surface":"","service":"","topology_source":"LBS-Master_roads_gcj_clip","impedance_synthetic":true,"routable":true,"fallback_clip":true},"geometry":{"type":"LineString","coordinates":[[121.92839,30.870836],[121.927838,30.87107]]}},{"type":"Feature","properties":{"osm_id":1107715654,"name":"海基一路","ref":"","highway":"tertiary","road_grade":"R4","maxspeed_raw":null,"speed_base_kmh":32,"speed_pm_kmh":24,"speed_pm_rain_kmh":21,"speed_source":"synthetic_grade_default","lanes":2,"lanes_source":"Synthetic_by_grade","oneway":false,"oneway_source":"default","bridge":false,"tunnel":false,"layer":0,"layer_source":"default_ground","access":"","surface":"","service":"","topology_source":"LBS-Master_roads_gcj_clip","impedance_synthetic":true,"routable":true,"fallback_clip":true},"geometry":{"type":"LineString","coordinates":[[121.92722,30.869825],[121.928195,30.869646],[121.929156,30.869378],[121.929416,30.86927],[121.929944,30.86905],[121.93018,30.868929],[121.931107,30.868454],[121.932055,30.867743],[121.93232,30.867522]]}},{"type":"Feature","properties":{"osm_id":1107715655,"name":"海基一路","ref":"","highway":"tertiary","road_grade":"R4","maxspeed_raw":null,"speed_base_kmh":32,"speed_pm_kmh":24,"speed_pm_rain_kmh":21,"speed_source":"synthetic_grade_default","lanes":2,"lanes_source":"Synthetic_by_grade","oneway":false,"oneway_source":"default","bridge":false,"tunnel":false,"layer":0,"layer_source":"default_ground","access":"","surface":"","service":"","topology_source":"LBS-Master_roads_gcj_clip","impedance_synthetic":true,"routable":true,"fallback_clip":true},"geometry":{"type":"LineString","coordinates":[[121.926558,30.86989],[121.92722,30.869825]]}},{"type":"Feature","properties":{"osm_id":1107715656,"name":"美人蕉路","ref":"","highway":"secondary","road_grade":"R3","maxspeed_raw":null,"speed_base_kmh":42,"speed_pm_kmh":27,"speed_pm_rain_kmh":24,"speed_source":"synthetic_grade_default","lanes":3,"lanes_source":"Synthetic_by_grade","oneway":false,"oneway_source":"default","bridge":false,"tunnel":false,"layer":0,"layer_source":"default_ground","access":"","surface":"","service":"","topology_source":"LBS-Master_roads_gcj_clip","impedance_synthetic":true,"routable":true,"fallback_clip":true},"geometry":{"type":"LineString","coordinates":[[121.935183,30.869582],[121.935337,30.869589],[121.93738,30.869825],[121.937984,30.869979],[121.939478,30.87036],[121.940601,30.870553],[121.940824,30.87061]]}},{"type":"Feature","properties":{"osm_id":1107715657,"name":"美人蕉路","ref":"","highway":"secondary","road_grade":"R3","maxspeed_raw":null,"speed_base_kmh":42,"speed_pm_kmh":27,"speed_pm_rain_kmh":24,"speed_source":"synthetic_grade_default","lanes":3,"lanes_source":"Synthetic_by_grade","oneway":false,"oneway_source":"default","bridge":false,"tunnel":false,"layer":0,"layer_source":"default_ground","access":"","surface":"","service":"","topology_source":"LBS-Master_roads_gcj_clip","impedance_synthetic":true,"routable":true,"fallback_clip":true},"geometry":{"type":"LineString","coordinates":[[121.927687,30.871015],[121.928265,30.870754]]}},{"type":"Feature","properties":{"osm_id":1107715664,"name":"科洲路","ref":"","highway":"tertiary","road_grade":"R4","maxspeed_raw":null,"speed_base_kmh":32,"speed_pm_kmh":24,"speed_pm_rain_kmh":21,"speed_source":"synthetic_grade_default","lanes":2,"lanes_source":"Synthetic_by_grade","oneway":false,"oneway_source":"default","bridge":false,"tunnel":false,"layer":0,"layer_source":"default_ground","access":"","surface":"","service":"","topology_source":"LBS-Master_roads_gcj_clip","impedance_synthetic":true,"routable":true,"fallback_clip":true},"geometry":{"type":"LineString","coordinates":[[121.926809,30.877856],[121.926656,30.877554],[121.926545,30.877136],[121.92653,30.875396],[121.926426,30.874685]]}},{"type":"Feature","properties":{"osm_id":1107715665,"name":"科洲路","ref":"","highway":"tertiary","road_grade":"R4","maxspeed_raw":null,"speed_base_kmh":32,"speed_pm_kmh":24,"speed_pm_rain_kmh":21,"speed_source":"synthetic_grade_default","lanes":2,"lanes_source":"Synthetic_by_grade","oneway":false,"oneway_source":"default","bridge":false,"tunnel":false,"layer":0,"layer_source":"default_ground","access":"","surface":"","service":"","topology_source":"LBS-Master_roads_gcj_clip","impedance_synthetic":true,"routable":true,"fallback_clip":true},"geometry":{"type":"LineString","coordinates":[[121.926544,30.874661],[121.926649,30.875456],[121.926654,30.875833],[121.92667,30.877124],[121.926788,30.877566],[121.926899,30.877785]]}},{"type":"Feature","properties":{"osm_id":1107715666,"name":"科洲路","ref":"","highway":"tertiary","road_grade":"R4","maxspeed_raw":null,"speed_base_kmh":32,"speed_pm_kmh":24,"speed_pm_rain_kmh":21,"speed_source":"synthetic_grade_default","lanes":2,"lanes_source":"Synthetic_by_grade","oneway":false,"oneway_source":"default","bridge":false,"tunnel":false,"layer":0,"layer_source":"default_ground","access":"","surface":"","service":"","topology_source":"LBS-Master_roads_gcj_clip","impedance_synthetic":true,"routable":true,"fallback_clip":true},"geometry":{"type":"LineString","coordinates":[[121.926349,30.874111],[121.926544,30.874661]]}},{"type":"Feature","properties":{"osm_id":1107715667,"name":"科洲路","ref":"","highway":"tertiary","road_grade":"R4","maxspeed_raw":null,"speed_base_kmh":32,"speed_pm_kmh":24,"speed_pm_rain_kmh":21,"speed_source":"synthetic_grade_default","lanes":2,"lanes_source":"Synthetic_by_grade","oneway":false,"oneway_source":"default","bridge":false,"tunnel":false,"layer":0,"layer_source":"default_ground","access":"","surface":"","service":"","topology_source":"LBS-Master_roads_gcj_clip","impedance_synthetic":true,"routable":true,"fallback_clip":true},"geometry":{"type":"LineString","coordinates":[[121.926426,30.874685],[121.92621,30.87414]]}},{"type":"Feature","properties":{"osm_id":1107727295,"name":"麦冬路","ref":"","highway":"tertiary","road_grade":"R4","maxspeed_raw":null,"speed_base_kmh":32,"speed_pm_kmh":24,"speed_pm_rain_kmh":21,"speed_source":"synthetic_grade_default","lanes":2,"lanes_source":"Synthetic_by_grade","oneway":false,"oneway_source":"default","bridge":false,"tunnel":false,"layer":0,"layer_source":"default_ground","access":"","surface":"","service":"","topology_source":"LBS-Master_roads_gcj_clip","impedance_synthetic":true,"routable":true,"fallback_clip":true},"geometry":{"type":"LineString","coordinates":[[121.917573,30.922259],[121.918119,30.922723],[121.918471,30.923022],[121.919875,30.922946],[121.920674,30.922277]]}},{"type":"Feature","properties":{"osm_id":1107727296,"name":"云皓路","ref":"","highway":"tertiary","road_grade":"R4","maxspeed_raw":null,"speed_base_kmh":32,"speed_pm_kmh":24,"speed_pm_rain_kmh":21,"speed_source":"synthetic_grade_default","lanes":2,"lanes_source":"Synthetic_by_grade","oneway":false,"oneway_source":"default","bridge":false,"tunnel":false,"layer":0,"layer_source":"default_ground","access":"","surface":"","service":"","topology_source":"LBS-Master_roads_gcj_clip","impedance_synthetic":true,"routable":true,"fallback_clip":true},"geometry":{"type":"LineString","coordinates":[[121.919088,30.92091],[121.918335,30.92158],[121.918067,30.921819],[121.917573,30.922259]]}},{"type":"Feature","properties":{"osm_id":1107727317,"name":"临团公路","ref":"","highway":"tertiary","road_grade":"R4","maxspeed_raw":null,"speed_base_kmh":32,"speed_pm_kmh":24,"speed_pm_rain_kmh":21,"speed_source":"synthetic_grade_default","lanes":2,"lanes_source":"Synthetic_by_grade","oneway":false,"oneway_source":"default","bridge":false,"tunnel":false,"layer":0,"layer_source":"default_ground","access":"","surface":"","service":"","topology_source":"LBS-Master_roads_gcj_clip","impedance_synthetic":true,"routable":true,"fallback_clip":true},"geometry":{"type":"LineString","coordinates":[[121.899208,30.911889],[121.898874,30.911994],[121.898768,30.912031],[121.897505,30.912463]]}},{"type":"Feature","properties":{"osm_id":1107727318,"name":"临团公路","ref":"","highway":"tertiary","road_grade":"R4","maxspeed_raw":null,"speed_base_kmh":32,"speed_pm_kmh":24,"speed_pm_rain_kmh":21,"speed_source":"synthetic_grade_default","lanes":2,"lanes_source":"Synthetic_by_grade","oneway":false,"oneway_source":"default","bridge":false,"tunnel":false,"layer":0,"layer_source":"default_ground","access":"","surface":"","service":"","topology_source":"LBS-Master_roads_gcj_clip","impedance_synthetic":true,"routable":true,"fallback_clip":true},"geometry":{"type":"LineString","coordinates":[[121.897505,30.912463],[121.896996,30.912638]]}},{"type":"Feature","properties":{"osm_id":1107727319,"name":"临团公路","ref":"","highway":"tertiary","road_grade":"R4","maxspeed_raw":null,"speed_base_kmh":32,"speed_pm_kmh":24,"speed_pm_rain_kmh":21,"speed_source":"synthetic_grade_default","lanes":2,"lanes_source":"Synthetic_by_grade","oneway":false,"oneway_source":"default","bridge":false,"tunnel":false,"layer":0,"layer_source":"default_ground","access":"","surface":"","service":"","topology_source":"LBS-Master_roads_gcj_clip","impedance_synthetic":true,"routable":true,"fallback_clip":true},"geometry":{"type":"LineString","coordinates":[[121.89743,30.91226],[121.898692,30.911828],[121.898799,30.911791],[121.899135,30.911683]]}},{"type":"Feature","properties":{"osm_id":1107727320,"name":"临团公路","ref":"","highway":"tertiary","road_grade":"R4","maxspeed_raw":null,"speed_base_kmh":32,"speed_pm_kmh":24,"speed_pm_rain_kmh":21,"speed_source":"synthetic_grade_default","lanes":2,"lanes_source":"Synthetic_by_grade","oneway":false,"oneway_source":"default","bridge":false,"tunnel":false,"layer":0,"layer_source":"default_ground","access":"","surface":"","service":"","topology_source":"LBS-Master_roads_gcj_clip","impedance_synthetic":true,"routable":true,"fallback_clip":true},"geometry":{"type":"LineString","coordinates":[[121.896953,30.912423],[121.89743,30.91226]]}},{"type":"Feature","properties":{"osm_id":1107727364,"name":"申港大道","ref":"","highway":"primary","road_grade":"R2","maxspeed_raw":null,"speed_base_kmh":52,"speed_pm_kmh":30,"speed_pm_rain_kmh":26,"speed_source":"synthetic_grade_default","lanes":4,"lanes_source":"Synthetic_by_grade","oneway":false,"oneway_source":"default","bridge":false,"tunnel":false,"layer":0,"layer_source":"default_ground","access":"","surface":"","service":"","topology_source":"LBS-Master_roads_gcj_clip","impedance_synthetic":true,"routable":true,"fallback_clip":true},"geometry":{"type":"LineString","coordinates":[[121.884286,30.897349],[121.885439,30.897355],[121.886538,30.897434],[121.887563,30.897432],[121.887756,30.897436],[121.890093,30.897406],[121.890564,30.897403],[121.891724,30.897401]]}},{"type":"Feature","properties":{"osm_id":1107727365,"name":"申港大道","ref":"","highway":"primary","road_grade":"R2","maxspeed_raw":null,"speed_base_kmh":52,"speed_pm_kmh":30,"speed_pm_rain_kmh":26,"speed_source":"synthetic_grade_default","lanes":4,"lanes_source":"Synthetic_by_grade","oneway":false,"oneway_source":"default","bridge":false,"tunnel":false,"layer":0,"layer_source":"default_ground","access":"","surface":"","service":"","topology_source":"LBS-Master_roads_gcj_clip","impedance_synthetic":true,"routable":true,"fallback_clip":true},"geometry":{"type":"LineString","coordinates":[[121.891886,30.897821],[121.891809,30.897822],[121.890647,30.897764],[121.890225,30.897767],[121.887815,30.897786],[121.887642,30.897786],[121.884527,30.897786]]}},{"type":"Feature","properties":{"osm_id":1107727367,"name":"申港大道","ref":"","highway":"primary","road_grade":"R2","maxspeed_raw":null,"speed_base_kmh":52,"speed_pm_kmh":30,"speed_pm_rain_kmh":26,"speed_source":"synthetic_grade_default","lanes":4,"lanes_source":"Synthetic_by_grade","oneway":false,"oneway_source":"default","bridge":false,"tunnel":false,"layer":0,"layer_source":"default_ground","access":"","surface":"","service":"","topology_source":"LBS-Master_roads_gcj_clip","impedance_synthetic":true,"routable":true,"fallback_clip":true},"geometry":{"type":"LineString","coordinates":[[121.897746,30.897702],[121.897343,30.897677],[121.896985,30.897658],[121.894907,30.897658]]}},{"type":"Feature","properties":{"osm_id":1107727368,"name":"","ref":"","highway":"motorway_link","road_grade":"R1","maxspeed_raw":null,"speed_base_kmh":78,"speed_pm_kmh":56,"speed_pm_rain_kmh":49,"speed_source":"synthetic_grade_default","lanes":4,"lanes_source":"Synthetic_by_grade","oneway":false,"oneway_source":"default","bridge":false,"tunnel":false,"layer":0,"layer_source":"default_ground","access":"","surface":"","service":"","topology_source":"LBS-Master_roads_gcj_clip","impedance_synthetic":true,"routable":true,"fallback_clip":true},"geometry":{"type":"LineString","coordinates":[[121.892258,30.89749],[121.893621,30.897494]]}},{"type":"Feature","properties":{"osm_id":1107742474,"name":"香柏路","ref":"","highway":"secondary","road_grade":"R3","maxspeed_raw":null,"speed_base_kmh":42,"speed_pm_kmh":27,"speed_pm_rain_kmh":24,"speed_source":"synthetic_grade_default","lanes":3,"lanes_source":"Synthetic_by_grade","oneway":false,"oneway_source":"default","bridge":false,"tunnel":false,"layer":0,"layer_source":"default_ground","access":"","surface":"","service":"","topology_source":"LBS-Master_roads_gcj_clip","impedance_synthetic":true,"routable":true,"fallback_clip":true},"geometry":{"type":"LineString","coordinates":[[121.938769,30.916136],[121.938768,30.915561]]}},{"type":"Feature","properties":{"osm_id":1107742475,"name":"乔柏路","ref":"","highway":"tertiary","road_grade":"R4","maxspeed_raw":null,"speed_base_kmh":32,"speed_pm_kmh":24,"speed_pm_rain_kmh":21,"speed_source":"synthetic_grade_default","lanes":2,"lanes_source":"Synthetic_by_grade","oneway":false,"oneway_source":"default","bridge":false,"tunnel":false,"layer":0,"layer_source":"default_ground","access":"","surface":"","service":"","topology_source":"LBS-Master_roads_gcj_clip","impedance_synthetic":true,"routable":true,"fallback_clip":true},"geometry":{"type":"LineString","coordinates":[[121.942993,30.913331],[121.942979,30.91234],[121.942973,30.911517],[121.942975,30.910697],[121.942912,30.909615],[121.94289,30.909516]]}},{"type":"Feature","properties":{"osm_id":1107742476,"name":"乔柏路","ref":"","highway":"tertiary","road_grade":"R4","maxspeed_raw":null,"speed_base_kmh":32,"speed_pm_kmh":24,"speed_pm_rain_kmh":21,"speed_source":"synthetic_grade_default","lanes":2,"lanes_source":"Synthetic_by_grade","oneway":false,"oneway_source":"default","bridge":false,"tunnel":false,"layer":0,"layer_source":"default_ground","access":"","surface":"","service":"","topology_source":"LBS-Master_roads_gcj_clip","impedance_synthetic":true,"routable":true,"fallback_clip":true},"geometry":{"type":"LineString","coordinates":[[121.942985,30.916463],[121.942974,30.915941]]}},{"type":"Feature","properties":{"osm_id":1107742510,"name":"小桉路","ref":"","highway":"tertiary","road_grade":"R4","maxspeed_raw":null,"speed_base_kmh":32,"speed_pm_kmh":24,"speed_pm_rain_kmh":21,"speed_source":"synthetic_grade_default","lanes":2,"lanes_source":"Synthetic_by_grade","oneway":false,"oneway_source":"default","bridge":false,"tunnel":false,"layer":0,"layer_source":"default_ground","access":"","surface":"","service":"","topology_source":"LBS-Master_roads_gcj_clip","impedance_synthetic":true,"routable":true,"fallback_clip":true},"geometry":{"type":"LineString","coordinates":[[121.958128,30.8912],[121.957953,30.891256],[121.954679,30.892422],[121.954612,30.892446],[121.954016,30.892659]]}},{"type":"Feature","properties":{"osm_id":1107742511,"name":"小桉路","ref":"","highway":"tertiary","road_grade":"R4","maxspeed_raw":null,"speed_base_kmh":32,"speed_pm_kmh":24,"speed_pm_rain_kmh":21,"speed_source":"synthetic_grade_default","lanes":2,"lanes_source":"Synthetic_by_grade","oneway":false,"oneway_source":"default","bridge":false,"tunnel":false,"layer":0,"layer_source":"default_ground","access":"","surface":"","service":"","topology_source":"LBS-Master_roads_gcj_clip","impedance_synthetic":true,"routable":true,"fallback_clip":true},"geometry":{"type":"LineString","coordinates":[[121.961523,30.889968],[121.960946,30.89019]]}},{"type":"Feature","properties":{"osm_id":1107746018,"name":"环湖南三路","ref":"","highway":"primary","road_grade":"R2","maxspeed_raw":null,"speed_base_kmh":52,"speed_pm_kmh":30,"speed_pm_rain_kmh":26,"speed_source":"synthetic_grade_default","lanes":4,"lanes_source":"Synthetic_by_grade","oneway":false,"oneway_source":"default","bridge":false,"tunnel":false,"layer":0,"layer_source":"default_ground","access":"","surface":"","service":"","topology_source":"LBS-Master_roads_gcj_clip","impedance_synthetic":true,"routable":true,"fallback_clip":true},"geometry":{"type":"LineString","coordinates":[[121.942856,30.876762],[121.940831,30.876654],[121.940651,30.876656],[121.93952,30.876669],[121.938109,30.876752],[121.936307,30.876963],[121.935233,30.87717]]}},{"type":"Feature","properties":{"osm_id":1107746019,"name":"","ref":"","highway":"primary","road_grade":"R2","maxspeed_raw":null,"speed_base_kmh":52,"speed_pm_kmh":30,"speed_pm_rain_kmh":26,"speed_source":"synthetic_grade_default","lanes":4,"lanes_source":"Synthetic_by_grade","oneway":false,"oneway_source":"default","bridge":false,"tunnel":false,"layer":0,"layer_source":"default_ground","access":"","surface":"","service":"","topology_source":"LBS-Master_roads_gcj_clip","impedance_synthetic":true,"routable":true,"fallback_clip":true},"geometry":{"type":"LineString","coordinates":[[121.943408,30.876805],[121.942856,30.876762]]}},{"type":"Feature","properties":{"osm_id":1107746020,"name":"环湖南三路","ref":"","highway":"primary","road_grade":"R2","maxspeed_raw":null,"speed_base_kmh":52,"speed_pm_kmh":30,"speed_pm_rain_kmh":26,"speed_source":"synthetic_grade_default","lanes":4,"lanes_source":"Synthetic_by_grade","oneway":false,"oneway_source":"default","bridge":false,"tunnel":false,"layer":0,"layer_source":"default_ground","access":"","surface":"","service":"","topology_source":"LBS-Master_roads_gcj_clip","impedance_synthetic":true,"routable":true,"fallback_clip":true},"geometry":{"type":"LineString","coordinates":[[121.935094,30.877049],[121.935232,30.877026],[121.936255,30.876868],[121.937114,30.876747],[121.93799,30.876624],[121.939394,30.876524],[121.940645,30.876471],[121.94083,30.87647],[121.942834,30.876552]]}},{"type":"Feature","properties":{"osm_id":1107746021,"name":"","ref":"","highway":"primary","road_grade":"R2","maxspeed_raw":null,"speed_base_kmh":52,"speed_pm_kmh":30,"speed_pm_rain_kmh":26,"speed_source":"synthetic_grade_default","lanes":4,"lanes_source":"Synthetic_by_grade","oneway":false,"oneway_source":"default","bridge":false,"tunnel":false,"layer":0,"layer_source":"default_ground","access":"","surface":"","service":"","topology_source":"LBS-Master_roads_gcj_clip","impedance_synthetic":true,"routable":true,"fallback_clip":true},"geometry":{"type":"LineString","coordinates":[[121.942834,30.876552],[121.943449,30.876601]]}},{"type":"Feature","properties":{"osm_id":1107758498,"name":"申港大道","ref":"","highway":"primary","road_grade":"R2","maxspeed_raw":null,"speed_base_kmh":52,"speed_pm_kmh":30,"speed_pm_rain_kmh":26,"speed_source":"synthetic_grade_default","lanes":4,"lanes_source":"Synthetic_by_grade","oneway":false,"oneway_source":"default","bridge":false,"tunnel":false,"layer":0,"layer_source":"default_ground","access":"","surface":"","service":"","topology_source":"LBS-Master_roads_gcj_clip","impedance_synthetic":true,"routable":true,"fallback_clip":true},"geometry":{"type":"LineString","coordinates":[[121.917866,30.897639],[121.917088,30.897641]]}},{"type":"Feature","properties":{"osm_id":1107758499,"name":"申港大道","ref":"","highway":"primary","road_grade":"R2","maxspeed_raw":null,"speed_base_kmh":52,"speed_pm_kmh":30,"speed_pm_rain_kmh":26,"speed_source":"synthetic_grade_default","lanes":4,"lanes_source":"Synthetic_by_grade","oneway":false,"oneway_source":"default","bridge":false,"tunnel":false,"layer":0,"layer_source":"default_ground","access":"","surface":"","service":"","topology_source":"LBS-Master_roads_gcj_clip","impedance_synthetic":true,"routable":true,"fallback_clip":true},"geometry":{"type":"LineString","coordinates":[[121.918527,30.897633],[121.917866,30.897639]]}},{"type":"Feature","properties":{"osm_id":1107758500,"name":"申港大道","ref":"","highway":"primary","road_grade":"R2","maxspeed_raw":null,"speed_base_kmh":52,"speed_pm_kmh":30,"speed_pm_rain_kmh":26,"speed_source":"synthetic_grade_default","lanes":4,"lanes_source":"Synthetic_by_grade","oneway":false,"oneway_source":"default","bridge":false,"tunnel":false,"layer":0,"layer_source":"default_ground","access":"","surface":"","service":"","topology_source":"LBS-Master_roads_gcj_clip","impedance_synthetic":true,"routable":true,"fallback_clip":true},"geometry":{"type":"LineString","coordinates":[[121.917084,30.897279],[121.917942,30.897304]]}},{"type":"Feature","properties":{"osm_id":1107758501,"name":"申港大道","ref":"","highway":"primary","road_grade":"R2","maxspeed_raw":null,"speed_base_kmh":52,"speed_pm_kmh":30,"speed_pm_rain_kmh":26,"speed_source":"synthetic_grade_default","lanes":4,"lanes_source":"Synthetic_by_grade","oneway":false,"oneway_source":"default","bridge":false,"tunnel":false,"layer":0,"layer_source":"default_ground","access":"","surface":"","service":"","topology_source":"LBS-Master_roads_gcj_clip","impedance_synthetic":true,"routable":true,"fallback_clip":true},"geometry":{"type":"LineString","coordinates":[[121.917942,30.897304],[121.918498,30.8973]]}},{"type":"Feature","properties":{"osm_id":1110490159,"name":"橄榄路","ref":"","highway":"secondary","road_grade":"R3","maxspeed_raw":null,"speed_base_kmh":42,"speed_pm_kmh":27,"speed_pm_rain_kmh":24,"speed_source":"synthetic_grade_default","lanes":3,"lanes_source":"Synthetic_by_grade","oneway":false,"oneway_source":"default","bridge":false,"tunnel":false,"layer":0,"layer_source":"default_ground","access":"","surface":"","service":"","topology_source":"LBS-Master_roads_gcj_clip","impedance_synthetic":true,"routable":true,"fallback_clip":true},"geometry":{"type":"LineString","coordinates":[[121.891606,30.886429],[121.891347,30.886237],[121.891119,30.886036],[121.891041,30.885968],[121.890799,30.885748],[121.890294,30.885304],[121.889292,30.88446],[121.887916,30.883285]]}},{"type":"Feature","properties":{"osm_id":1110490162,"name":"橄榄路","ref":"","highway":"secondary","road_grade":"R3","maxspeed_raw":null,"speed_base_kmh":42,"speed_pm_kmh":27,"speed_pm_rain_kmh":24,"speed_source":"synthetic_grade_default","lanes":3,"lanes_source":"Synthetic_by_grade","oneway":false,"oneway_source":"default","bridge":false,"tunnel":false,"layer":0,"layer_source":"default_ground","access":"","surface":"","service":"","topology_source":"LBS-Master_roads_gcj_clip","impedance_synthetic":true,"routable":true,"fallback_clip":true},"geometry":{"type":"LineString","coordinates":[[121.900056,30.889807],[121.899938,30.889801],[121.899721,30.88979]]}},{"type":"Feature","properties":{"osm_id":1110490163,"name":"沪城环路","ref":"","highway":"secondary","road_grade":"R3","maxspeed_raw":null,"speed_base_kmh":42,"speed_pm_kmh":27,"speed_pm_rain_kmh":24,"speed_source":"synthetic_grade_default","lanes":3,"lanes_source":"Synthetic_by_grade","oneway":false,"oneway_source":"default","bridge":false,"tunnel":false,"layer":0,"layer_source":"default_ground","access":"","surface":"","service":"","topology_source":"LBS-Master_roads_gcj_clip","impedance_synthetic":true,"routable":true,"fallback_clip":true},"geometry":{"type":"LineString","coordinates":[[121.900156,30.889568],[121.900056,30.889807]]}},{"type":"Feature","properties":{"osm_id":1110490164,"name":"沪城环路","ref":"","highway":"secondary","road_grade":"R3","maxspeed_raw":null,"speed_base_kmh":42,"speed_pm_kmh":27,"speed_pm_rain_kmh":24,"speed_source":"synthetic_grade_default","lanes":3,"lanes_source":"Synthetic_by_grade","oneway":false,"oneway_source":"default","bridge":false,"tunnel":false,"layer":0,"layer_source":"default_ground","access":"","surface":"","service":"","topology_source":"LBS-Master_roads_gcj_clip","impedance_synthetic":true,"routable":true,"fallback_clip":true},"geometry":{"type":"LineString","coordinates":[[121.914192,30.874506],[121.914047,30.874613]]}},{"type":"Feature","properties":{"osm_id":1110490165,"name":"海港大道","ref":"","highway":"primary","road_grade":"R2","maxspeed_raw":null,"speed_base_kmh":52,"speed_pm_kmh":30,"speed_pm_rain_kmh":26,"speed_source":"synthetic_grade_default","lanes":4,"lanes_source":"Synthetic_by_grade","oneway":false,"oneway_source":"default","bridge":false,"tunnel":false,"layer":0,"layer_source":"default_ground","access":"","surface":"","service":"","topology_source":"LBS-Master_roads_gcj_clip","impedance_synthetic":true,"routable":true,"fallback_clip":true},"geometry":{"type":"LineString","coordinates":[[121.913903,30.874481],[121.913663,30.874258],[121.910572,30.871606],[121.909605,30.870781],[121.909439,30.870637],[121.909203,30.870431],[121.90768,30.869142],[121.907172,30.868713],[121.904949,30.8668]]}},{"type":"Feature","properties":{"osm_id":1110490166,"name":"海港大道","ref":"","highway":"primary","road_grade":"R2","maxspeed_raw":null,"speed_base_kmh":52,"speed_pm_kmh":30,"speed_pm_rain_kmh":26,"speed_source":"synthetic_grade_default","lanes":4,"lanes_source":"Synthetic_by_grade","oneway":false,"oneway_source":"default","bridge":false,"tunnel":false,"layer":0,"layer_source":"default_ground","access":"","surface":"","service":"","topology_source":"LBS-Master_roads_gcj_clip","impedance_synthetic":true,"routable":true,"fallback_clip":true},"geometry":{"type":"LineString","coordinates":[[121.923664,30.882873],[121.923454,30.882712]]}},{"type":"Feature","properties":{"osm_id":1110490167,"name":"环湖西三路","ref":"","highway":"primary","road_grade":"R2","maxspeed_raw":null,"speed_base_kmh":52,"speed_pm_kmh":30,"speed_pm_rain_kmh":26,"speed_source":"synthetic_grade_default","lanes":4,"lanes_source":"Synthetic_by_grade","oneway":false,"oneway_source":"default","bridge":false,"tunnel":false,"layer":0,"layer_source":"default_ground","access":"","surface":"","service":"","topology_source":"LBS-Master_roads_gcj_clip","impedance_synthetic":true,"routable":true,"fallback_clip":true},"geometry":{"type":"LineString","coordinates":[[121.923454,30.882712],[121.923626,30.882574]]}},{"type":"Feature","properties":{"osm_id":1110490170,"name":"环湖西三路","ref":"","highway":"primary","road_grade":"R2","maxspeed_raw":null,"speed_base_kmh":52,"speed_pm_kmh":30,"speed_pm_rain_kmh":26,"speed_source":"synthetic_grade_default","lanes":4,"lanes_source":"Synthetic_by_grade","oneway":false,"oneway_source":"default","bridge":false,"tunnel":false,"layer":0,"layer_source":"default_ground","access":"","surface":"","service":"","topology_source":"LBS-Master_roads_gcj_clip","impedance_synthetic":true,"routable":true,"fallback_clip":true},"geometry":{"type":"LineString","coordinates":[[121.923758,30.91202],[121.924049,30.912255]]}},{"type":"Feature","properties":{"osm_id":1110490171,"name":"海港大道","ref":"","highway":"primary","road_grade":"R2","maxspeed_raw":null,"speed_base_kmh":52,"speed_pm_kmh":30,"speed_pm_rain_kmh":26,"speed_source":"synthetic_grade_default","lanes":4,"lanes_source":"Synthetic_by_grade","oneway":false,"oneway_source":"default","bridge":false,"tunnel":false,"layer":0,"layer_source":"default_ground","access":"","surface":"","service":"","topology_source":"LBS-Master_roads_gcj_clip","impedance_synthetic":true,"routable":true,"fallback_clip":true},"geometry":{"type":"LineString","coordinates":[[121.905065,30.866696],[121.907291,30.868615],[121.909548,30.870543],[121.910684,30.871508],[121.913808,30.874164],[121.914066,30.874389]]}},{"type":"Feature","properties":{"osm_id":1110490174,"name":"沪城环路","ref":"","highway":"secondary","road_grade":"R3","maxspeed_raw":null,"speed_base_kmh":42,"speed_pm_kmh":27,"speed_pm_rain_kmh":24,"speed_source":"synthetic_grade_default","lanes":3,"lanes_source":"Synthetic_by_grade","oneway":false,"oneway_source":"default","bridge":false,"tunnel":false,"layer":0,"layer_source":"default_ground","access":"","surface":"","service":"","topology_source":"LBS-Master_roads_gcj_clip","impedance_synthetic":true,"routable":true,"fallback_clip":true},"geometry":{"type":"LineString","coordinates":[[121.899721,30.88979],[121.89983,30.889611],[121.899891,30.889511]]}},{"type":"Feature","properties":{"osm_id":1110490175,"name":"橄榄路","ref":"","highway":"secondary","road_grade":"R3","maxspeed_raw":null,"speed_base_kmh":42,"speed_pm_kmh":27,"speed_pm_rain_kmh":24,"speed_source":"synthetic_grade_default","lanes":3,"lanes_source":"Synthetic_by_grade","oneway":false,"oneway_source":"default","bridge":false,"tunnel":false,"layer":0,"layer_source":"default_ground","access":"","surface":"","service":"","topology_source":"LBS-Master_roads_gcj_clip","impedance_synthetic":true,"routable":true,"fallback_clip":true},"geometry":{"type":"LineString","coordinates":[[121.899891,30.889511],[121.900156,30.889568]]}},{"type":"Feature","properties":{"osm_id":1110490176,"name":"橄榄路","ref":"","highway":"secondary","road_grade":"R3","maxspeed_raw":null,"speed_base_kmh":42,"speed_pm_kmh":27,"speed_pm_rain_kmh":24,"speed_source":"synthetic_grade_default","lanes":3,"lanes_source":"Synthetic_by_grade","oneway":false,"oneway_source":"default","bridge":false,"tunnel":false,"layer":0,"layer_source":"default_ground","access":"","surface":"","service":"","topology_source":"LBS-Master_roads_gcj_clip","impedance_synthetic":true,"routable":true,"fallback_clip":true},"geometry":{"type":"LineString","coordinates":[[121.891339,30.885767],[121.891609,30.886001],[121.891792,30.886145],[121.892345,30.886547],[121.892603,30.886749],[121.892728,30.886835]]}},{"type":"Feature","properties":{"osm_id":1117953288,"name":"","ref":"","highway":"primary","road_grade":"R2","maxspeed_raw":null,"speed_base_kmh":52,"speed_pm_kmh":30,"speed_pm_rain_kmh":26,"speed_source":"synthetic_grade_default","lanes":4,"lanes_source":"Synthetic_by_grade","oneway":false,"oneway_source":"default","bridge":false,"tunnel":false,"layer":0,"layer_source":"default_ground","access":"","surface":"","service":"","topology_source":"LBS-Master_roads_gcj_clip","impedance_synthetic":true,"routable":true,"fallback_clip":true},"geometry":{"type":"LineString","coordinates":[[121.957808,30.912102],[121.957996,30.911931],[121.959031,30.910934],[121.960356,30.909441],[121.961159,30.908456],[121.961493,30.907998],[121.96232,30.906737],[121.963049,30.905267],[121.963078,30.905201]]}},{"type":"Feature","properties":{"osm_id":1117953289,"name":"","ref":"","highway":"primary","road_grade":"R2","maxspeed_raw":null,"speed_base_kmh":52,"speed_pm_kmh":30,"speed_pm_rain_kmh":26,"speed_source":"synthetic_grade_default","lanes":4,"lanes_source":"Synthetic_by_grade","oneway":false,"oneway_source":"default","bridge":false,"tunnel":false,"layer":0,"layer_source":"default_ground","access":"","surface":"","service":"","topology_source":"LBS-Master_roads_gcj_clip","impedance_synthetic":true,"routable":true,"fallback_clip":true},"geometry":{"type":"LineString","coordinates":[[121.963078,30.905201],[121.963231,30.904843]]}},{"type":"Feature","properties":{"osm_id":1117953290,"name":"水芸北路","ref":"","highway":"tertiary","road_grade":"R4","maxspeed_raw":null,"speed_base_kmh":32,"speed_pm_kmh":24,"speed_pm_rain_kmh":21,"speed_source":"synthetic_grade_default","lanes":2,"lanes_source":"Synthetic_by_grade","oneway":false,"oneway_source":"default","bridge":false,"tunnel":false,"layer":0,"layer_source":"default_ground","access":"","surface":"","service":"","topology_source":"LBS-Master_roads_gcj_clip","impedance_synthetic":true,"routable":true,"fallback_clip":true},"geometry":{"type":"LineString","coordinates":[[121.934685,30.909732],[121.933255,30.90917]]}},{"type":"Feature","properties":{"osm_id":1117953291,"name":"水芸北路","ref":"","highway":"tertiary","road_grade":"R4","maxspeed_raw":null,"speed_base_kmh":32,"speed_pm_kmh":24,"speed_pm_rain_kmh":21,"speed_source":"synthetic_grade_default","lanes":2,"lanes_source":"Synthetic_by_grade","oneway":false,"oneway_source":"default","bridge":false,"tunnel":false,"layer":0,"layer_source":"default_ground","access":"","surface":"","service":"","topology_source":"LBS-Master_roads_gcj_clip","impedance_synthetic":true,"routable":true,"fallback_clip":true},"geometry":{"type":"LineString","coordinates":[[121.935206,30.909916],[121.934685,30.909732]]}},{"type":"Feature","properties":{"osm_id":1117953292,"name":"水芸北路","ref":"","highway":"tertiary","road_grade":"R4","maxspeed_raw":null,"speed_base_kmh":32,"speed_pm_kmh":24,"speed_pm_rain_kmh":21,"speed_source":"synthetic_grade_default","lanes":2,"lanes_source":"Synthetic_by_grade","oneway":false,"oneway_source":"default","bridge":false,"tunnel":false,"layer":0,"layer_source":"default_ground","access":"","surface":"","service":"","topology_source":"LBS-Master_roads_gcj_clip","impedance_synthetic":true,"routable":true,"fallback_clip":true},"geometry":{"type":"LineString","coordinates":[[121.951967,30.906841],[121.951835,30.90695],[121.950447,30.907994],[121.949805,30.908361],[121.948993,30.908812],[121.9484,30.909142],[121.948125,30.909279],[121.947086,30.909721]]}},{"type":"Feature","properties":{"osm_id":1117953293,"name":"水芸北路","ref":"","highway":"tertiary","road_grade":"R4","maxspeed_raw":null,"speed_base_kmh":32,"speed_pm_kmh":24,"speed_pm_rain_kmh":21,"speed_source":"synthetic_grade_default","lanes":2,"lanes_source":"Synthetic_by_grade","oneway":false,"oneway_source":"default","bridge":false,"tunnel":false,"layer":0,"layer_source":"default_ground","access":"","surface":"","service":"","topology_source":"LBS-Master_roads_gcj_clip","impedance_synthetic":true,"routable":true,"fallback_clip":true},"geometry":{"type":"LineString","coordinates":[[121.947086,30.909721],[121.946657,30.909883]]}},{"type":"Feature","properties":{"osm_id":1119359994,"name":"两港大道","ref":"S229","highway":"trunk","road_grade":"R1","maxspeed_raw":null,"speed_base_kmh":78,"speed_pm_kmh":56,"speed_pm_rain_kmh":49,"speed_source":"synthetic_grade_default","lanes":4,"lanes_source":"Synthetic_by_grade","oneway":false,"oneway_source":"default","bridge":false,"tunnel":false,"layer":0,"layer_source":"default_ground","access":"","surface":"","service":"","topology_source":"LBS-Master_roads_gcj_clip","impedance_synthetic":true,"routable":true,"fallback_clip":true},"geometry":{"type":"LineString","coordinates":[[121.889033,30.936179],[121.889227,30.938133]]}},{"type":"Feature","properties":{"osm_id":1119359995,"name":"两港大道","ref":"","highway":"secondary","road_grade":"R3","maxspeed_raw":null,"speed_base_kmh":42,"speed_pm_kmh":27,"speed_pm_rain_kmh":24,"speed_source":"synthetic_grade_default","lanes":3,"lanes_source":"Synthetic_by_grade","oneway":false,"oneway_source":"default","bridge":false,"tunnel":false,"layer":0,"layer_source":"default_ground","access":"","surface":"","service":"","topology_source":"LBS-Master_roads_gcj_clip","impedance_synthetic":true,"routable":true,"fallback_clip":true},"geometry":{"type":"LineString","coordinates":[[121.886542,30.91597],[121.886023,30.914403]]}},{"type":"Feature","properties":{"osm_id":1119359996,"name":"两港大道","ref":"","highway":"secondary","road_grade":"R3","maxspeed_raw":null,"speed_base_kmh":42,"speed_pm_kmh":27,"speed_pm_rain_kmh":24,"speed_source":"synthetic_grade_default","lanes":3,"lanes_source":"Synthetic_by_grade","oneway":false,"oneway_source":"default","bridge":false,"tunnel":false,"layer":0,"layer_source":"default_ground","access":"","surface":"","service":"","topology_source":"LBS-Master_roads_gcj_clip","impedance_synthetic":true,"routable":true,"fallback_clip":true},"geometry":{"type":"LineString","coordinates":[[121.88649,30.914218],[121.886543,30.914412],[121.886731,30.915008],[121.886881,30.915604],[121.886942,30.915816]]}},{"type":"Feature","properties":{"osm_id":1119359997,"name":"两港大道","ref":"","highway":"secondary","road_grade":"R3","maxspeed_raw":null,"speed_base_kmh":42,"speed_pm_kmh":27,"speed_pm_rain_kmh":24,"speed_source":"synthetic_grade_default","lanes":3,"lanes_source":"Synthetic_by_grade","oneway":false,"oneway_source":"default","bridge":false,"tunnel":false,"layer":0,"layer_source":"default_ground","access":"","surface":"","service":"","topology_source":"LBS-Master_roads_gcj_clip","impedance_synthetic":true,"routable":true,"fallback_clip":true},"geometry":{"type":"LineString","coordinates":[[121.889247,30.941712],[121.889103,30.940348],[121.888873,30.938203],[121.888792,30.937348]]}},{"type":"Feature","properties":{"osm_id":1119359998,"name":"两港大道","ref":"","highway":"secondary","road_grade":"R3","maxspeed_raw":null,"speed_base_kmh":42,"speed_pm_kmh":27,"speed_pm_rain_kmh":24,"speed_source":"synthetic_grade_default","lanes":3,"lanes_source":"Synthetic_by_grade","oneway":false,"oneway_source":"default","bridge":false,"tunnel":false,"layer":0,"layer_source":"default_ground","access":"","surface":"","service":"","topology_source":"LBS-Master_roads_gcj_clip","impedance_synthetic":true,"routable":true,"fallback_clip":true},"geometry":{"type":"LineString","coordinates":[[121.889235,30.937192],[121.889251,30.937459],[121.889353,30.938716],[121.889527,30.940691],[121.88957,30.941186],[121.889603,30.941504]]}},{"type":"Feature","properties":{"osm_id":1126610760,"name":"老芦公路","ref":"X353","highway":"tertiary","road_grade":"R4","maxspeed_raw":null,"speed_base_kmh":32,"speed_pm_kmh":24,"speed_pm_rain_kmh":21,"speed_source":"synthetic_grade_default","lanes":2,"lanes_source":"Synthetic_by_grade","oneway":false,"oneway_source":"default","bridge":false,"tunnel":false,"layer":0,"layer_source":"default_ground","access":"","surface":"","service":"","topology_source":"LBS-Master_roads_gcj_clip","impedance_synthetic":true,"routable":true,"fallback_clip":true},"geometry":{"type":"LineString","coordinates":[[121.862576,30.912248],[121.862543,30.912181]]}},{"type":"Feature","properties":{"osm_id":1126610761,"name":"老芦公路","ref":"X353","highway":"tertiary","road_grade":"R4","maxspeed_raw":null,"speed_base_kmh":32,"speed_pm_kmh":24,"speed_pm_rain_kmh":21,"speed_source":"synthetic_grade_default","lanes":2,"lanes_source":"Synthetic_by_grade","oneway":false,"oneway_source":"default","bridge":false,"tunnel":false,"layer":0,"layer_source":"default_ground","access":"","surface":"","service":"","topology_source":"LBS-Master_roads_gcj_clip","impedance_synthetic":true,"routable":true,"fallback_clip":true},"geometry":{"type":"LineString","coordinates":[[121.863547,30.91498],[121.863175,30.913618],[121.862946,30.913014],[121.862576,30.912248]]}},{"type":"Feature","properties":{"osm_id":1154894016,"name":"花柏路","ref":"","highway":"secondary","road_grade":"R3","maxspeed_raw":null,"speed_base_kmh":42,"speed_pm_kmh":27,"speed_pm_rain_kmh":24,"speed_source":"synthetic_grade_default","lanes":3,"lanes_source":"Synthetic_by_grade","oneway":false,"oneway_source":"default","bridge":false,"tunnel":false,"layer":0,"layer_source":"default_ground","access":"","surface":"","service":"","topology_source":"LBS-Master_roads_gcj_clip","impedance_synthetic":true,"routable":true,"fallback_clip":true},"geometry":{"type":"LineString","coordinates":[[121.916549,30.904478],[121.916766,30.904416],[121.917051,30.904312],[121.917808,30.904094],[121.91808,30.904118]]}},{"type":"Feature","properties":{"osm_id":1154894019,"name":"竹柏路","ref":"","highway":"tertiary","road_grade":"R4","maxspeed_raw":null,"speed_base_kmh":32,"speed_pm_kmh":24,"speed_pm_rain_kmh":21,"speed_source":"synthetic_grade_default","lanes":2,"lanes_source":"Synthetic_by_grade","oneway":false,"oneway_source":"default","bridge":false,"tunnel":false,"layer":0,"layer_source":"default_ground","access":"","surface":"","service":"","topology_source":"LBS-Master_roads_gcj_clip","impedance_synthetic":true,"routable":true,"fallback_clip":true},"geometry":{"type":"LineString","coordinates":[[121.915491,30.900698],[121.916599,30.900695],[121.916832,30.900676]]}},{"type":"Feature","properties":{"osm_id":1154894020,"name":"竹柏路","ref":"","highway":"tertiary","road_grade":"R4","maxspeed_raw":null,"speed_base_kmh":32,"speed_pm_kmh":24,"speed_pm_rain_kmh":21,"speed_source":"synthetic_grade_default","lanes":2,"lanes_source":"Synthetic_by_grade","oneway":false,"oneway_source":"default","bridge":false,"tunnel":false,"layer":0,"layer_source":"default_ground","access":"","surface":"","service":"","topology_source":"LBS-Master_roads_gcj_clip","impedance_synthetic":true,"routable":true,"fallback_clip":true},"geometry":{"type":"LineString","coordinates":[[121.906651,30.900732],[121.906791,30.900727]]}},{"type":"Feature","properties":{"osm_id":1154894021,"name":"茉莉路","ref":"","highway":"tertiary","road_grade":"R4","maxspeed_raw":null,"speed_base_kmh":32,"speed_pm_kmh":24,"speed_pm_rain_kmh":21,"speed_source":"synthetic_grade_default","lanes":2,"lanes_source":"Synthetic_by_grade","oneway":false,"oneway_source":"default","bridge":false,"tunnel":false,"layer":0,"layer_source":"default_ground","access":"","surface":"","service":"","topology_source":"LBS-Master_roads_gcj_clip","impedance_synthetic":true,"routable":true,"fallback_clip":true},"geometry":{"type":"LineString","coordinates":[[121.906791,30.900727],[121.90677,30.90168],[121.906786,30.902935],[121.906789,30.90343],[121.9068,30.903886],[121.906819,30.904286],[121.906834,30.905126]]}},{"type":"Feature","properties":{"osm_id":1154894022,"name":"茉莉路","ref":"","highway":"tertiary","road_grade":"R4","maxspeed_raw":null,"speed_base_kmh":32,"speed_pm_kmh":24,"speed_pm_rain_kmh":21,"speed_source":"synthetic_grade_default","lanes":2,"lanes_source":"Synthetic_by_grade","oneway":false,"oneway_source":"default","bridge":false,"tunnel":false,"layer":0,"layer_source":"default_ground","access":"","surface":"","service":"","topology_source":"LBS-Master_roads_gcj_clip","impedance_synthetic":true,"routable":true,"fallback_clip":true},"geometry":{"type":"LineString","coordinates":[[121.906736,30.889902],[121.906739,30.890162],[121.906745,30.890667],[121.906737,30.891086],[121.906735,30.891692],[121.906743,30.892827],[121.906748,30.893599],[121.906731,30.893795],[121.906735,30.894117],[121.906737,30.894317]]}},{"type":"Feature","properties":{"osm_id":1154894030,"name":"茉莉路","ref":"","highway":"tertiary","road_grade":"R4","maxspeed_raw":null,"speed_base_kmh":32,"speed_pm_kmh":24,"speed_pm_rain_kmh":21,"speed_source":"synthetic_grade_default","lanes":2,"lanes_source":"Synthetic_by_grade","oneway":false,"oneway_source":"default","bridge":false,"tunnel":false,"layer":0,"layer_source":"default_ground","access":"","surface":"","service":"","topology_source":"LBS-Master_roads_gcj_clip","impedance_synthetic":true,"routable":true,"fallback_clip":true},"geometry":{"type":"LineString","coordinates":[[121.906593,30.893403],[121.90659,30.892689],[121.906587,30.891241],[121.90656,30.890814],[121.906544,30.890164],[121.906533,30.889895]]}},{"type":"Feature","properties":{"osm_id":1154894031,"name":"茉莉路","ref":"","highway":"tertiary","road_grade":"R4","maxspeed_raw":null,"speed_base_kmh":32,"speed_pm_kmh":24,"speed_pm_rain_kmh":21,"speed_source":"synthetic_grade_default","lanes":2,"lanes_source":"Synthetic_by_grade","oneway":false,"oneway_source":"default","bridge":false,"tunnel":false,"layer":0,"layer_source":"default_ground","access":"","surface":"","service":"","topology_source":"LBS-Master_roads_gcj_clip","impedance_synthetic":true,"routable":true,"fallback_clip":true},"geometry":{"type":"LineString","coordinates":[[121.906671,30.905324],[121.906636,30.905126],[121.90662,30.904339],[121.906615,30.904146],[121.906639,30.901647],[121.906652,30.901353],[121.906651,30.900732]]}},{"type":"Feature","properties":{"osm_id":1154894032,"name":"竹柏路","ref":"","highway":"tertiary","road_grade":"R4","maxspeed_raw":null,"speed_base_kmh":32,"speed_pm_kmh":24,"speed_pm_rain_kmh":21,"speed_source":"synthetic_grade_default","lanes":2,"lanes_source":"Synthetic_by_grade","oneway":false,"oneway_source":"default","bridge":false,"tunnel":false,"layer":0,"layer_source":"default_ground","access":"","surface":"","service":"","topology_source":"LBS-Master_roads_gcj_clip","impedance_synthetic":true,"routable":true,"fallback_clip":true},"geometry":{"type":"LineString","coordinates":[[121.906791,30.900727],[121.907017,30.900719],[121.907561,30.900717],[121.908562,30.900717],[121.910608,30.900711],[121.911072,30.90071],[121.912251,30.900707]]}},{"type":"Feature","properties":{"osm_id":1154894033,"name":"环湖西三路","ref":"","highway":"primary","road_grade":"R2","maxspeed_raw":null,"speed_base_kmh":52,"speed_pm_kmh":30,"speed_pm_rain_kmh":26,"speed_source":"synthetic_grade_default","lanes":4,"lanes_source":"Synthetic_by_grade","oneway":false,"oneway_source":"default","bridge":false,"tunnel":false,"layer":0,"layer_source":"default_ground","access":"","surface":"","service":"","topology_source":"LBS-Master_roads_gcj_clip","impedance_synthetic":true,"routable":true,"fallback_clip":true},"geometry":{"type":"LineString","coordinates":[[121.916832,30.900676],[121.916691,30.899829],[121.916654,30.899465],[121.916578,30.898906],[121.916498,30.897896]]}},{"type":"Feature","properties":{"osm_id":1190965842,"name":"塘下公路","ref":"","highway":"secondary","road_grade":"R3","maxspeed_raw":null,"speed_base_kmh":42,"speed_pm_kmh":27,"speed_pm_rain_kmh":24,"speed_source":"synthetic_grade_default","lanes":3,"lanes_source":"Synthetic_by_grade","oneway":false,"oneway_source":"default","bridge":false,"tunnel":false,"layer":0,"layer_source":"default_ground","access":"","surface":"","service":"","topology_source":"LBS-Master_roads_gcj_clip","impedance_synthetic":true,"routable":true,"fallback_clip":true},"geometry":{"type":"LineString","coordinates":[[121.8684,30.87303],[121.868253,30.872943],[121.867482,30.87229],[121.865629,30.870635],[121.865145,30.870159],[121.864426,30.86884],[121.864002,30.867678],[121.862305,30.864504],[121.861924,30.863862]]}},{"type":"Feature","properties":{"osm_id":1206397263,"name":"古棕路","ref":"","highway":"tertiary","road_grade":"R4","maxspeed_raw":null,"speed_base_kmh":32,"speed_pm_kmh":24,"speed_pm_rain_kmh":21,"speed_source":"synthetic_grade_default","lanes":2,"lanes_source":"Synthetic_by_grade","oneway":false,"oneway_source":"default","bridge":false,"tunnel":false,"layer":0,"layer_source":"default_ground","access":"","surface":"","service":"","topology_source":"LBS-Master_roads_gcj_clip","impedance_synthetic":true,"routable":true,"fallback_clip":true},"geometry":{"type":"LineString","coordinates":[[121.916632,30.882624],[121.917295,30.88319]]}},{"type":"Feature","properties":{"osm_id":1206397264,"name":"古棕路","ref":"","highway":"tertiary","road_grade":"R4","maxspeed_raw":null,"speed_base_kmh":32,"speed_pm_kmh":24,"speed_pm_rain_kmh":21,"speed_source":"synthetic_grade_default","lanes":2,"lanes_source":"Synthetic_by_grade","oneway":false,"oneway_source":"default","bridge":false,"tunnel":false,"layer":0,"layer_source":"default_ground","access":"","surface":"","service":"","topology_source":"LBS-Master_roads_gcj_clip","impedance_synthetic":true,"routable":true,"fallback_clip":true},"geometry":{"type":"LineString","coordinates":[[121.917295,30.88319],[121.918082,30.883862],[121.918151,30.883918]]}},{"type":"Feature","properties":{"osm_id":1206397266,"name":"沪城环路","ref":"","highway":"secondary","road_grade":"R3","maxspeed_raw":null,"speed_base_kmh":42,"speed_pm_kmh":27,"speed_pm_rain_kmh":24,"speed_source":"synthetic_grade_default","lanes":3,"lanes_source":"Synthetic_by_grade","oneway":false,"oneway_source":"default","bridge":false,"tunnel":false,"layer":0,"layer_source":"default_ground","access":"","surface":"","service":"","topology_source":"LBS-Master_roads_gcj_clip","impedance_synthetic":true,"routable":true,"fallback_clip":true},"geometry":{"type":"LineString","coordinates":[[121.909469,30.877785],[121.908496,30.878602],[121.907734,30.879287],[121.906923,30.880062],[121.90624,30.880757],[121.905622,30.881403],[121.905156,30.881939],[121.904782,30.882346],[121.904535,30.88262],[121.904373,30.882805],[121.904208,30.883038]]}},{"type":"Feature","properties":{"osm_id":1206397267,"name":"环湖西三路","ref":"","highway":"primary","road_grade":"R2","maxspeed_raw":null,"speed_base_kmh":52,"speed_pm_kmh":30,"speed_pm_rain_kmh":26,"speed_source":"synthetic_grade_default","lanes":4,"lanes_source":"Synthetic_by_grade","oneway":false,"oneway_source":"default","bridge":false,"tunnel":false,"layer":0,"layer_source":"default_ground","access":"","surface":"","service":"","topology_source":"LBS-Master_roads_gcj_clip","impedance_synthetic":true,"routable":true,"fallback_clip":true},"geometry":{"type":"LineString","coordinates":[[121.920649,30.886092],[121.920462,30.886362],[121.92012,30.886842],[121.919626,30.887601],[121.919232,30.888267],[121.91894,30.888798],[121.918673,30.889334]]}},{"type":"Feature","properties":{"osm_id":1206397268,"name":"环湖西三路","ref":"","highway":"primary","road_grade":"R2","maxspeed_raw":null,"speed_base_kmh":52,"speed_pm_kmh":30,"speed_pm_rain_kmh":26,"speed_source":"synthetic_grade_default","lanes":4,"lanes_source":"Synthetic_by_grade","oneway":false,"oneway_source":"default","bridge":false,"tunnel":false,"layer":0,"layer_source":"default_ground","access":"","surface":"","service":"","topology_source":"LBS-Master_roads_gcj_clip","impedance_synthetic":true,"routable":true,"fallback_clip":true},"geometry":{"type":"LineString","coordinates":[[121.923819,30.88274],[121.923664,30.882873]]}},{"type":"Feature","properties":{"osm_id":1206397270,"name":"海港大道","ref":"","highway":"primary","road_grade":"R2","maxspeed_raw":null,"speed_base_kmh":52,"speed_pm_kmh":30,"speed_pm_rain_kmh":26,"speed_source":"synthetic_grade_default","lanes":4,"lanes_source":"Synthetic_by_grade","oneway":false,"oneway_source":"default","bridge":false,"tunnel":false,"layer":0,"layer_source":"default_ground","access":"","surface":"","service":"","topology_source":"LBS-Master_roads_gcj_clip","impedance_synthetic":true,"routable":true,"fallback_clip":true},"geometry":{"type":"LineString","coordinates":[[121.923626,30.882574],[121.923819,30.88274]]}},{"type":"Feature","properties":{"osm_id":1206397271,"name":"环湖西三路","ref":"","highway":"primary","road_grade":"R2","maxspeed_raw":null,"speed_base_kmh":52,"speed_pm_kmh":30,"speed_pm_rain_kmh":26,"speed_source":"synthetic_grade_default","lanes":4,"lanes_source":"Synthetic_by_grade","oneway":false,"oneway_source":"default","bridge":false,"tunnel":false,"layer":0,"layer_source":"default_ground","access":"","surface":"","service":"","topology_source":"LBS-Master_roads_gcj_clip","impedance_synthetic":true,"routable":true,"fallback_clip":true},"geometry":{"type":"LineString","coordinates":[[121.920505,30.885904],[121.92072,30.885642],[121.921104,30.885168],[121.92177,30.884399],[121.922282,30.883852],[121.922728,30.883404],[121.923454,30.882712]]}},{"type":"Feature","properties":{"osm_id":1206397272,"name":"古棕路","ref":"","highway":"tertiary","road_grade":"R4","maxspeed_raw":null,"speed_base_kmh":32,"speed_pm_kmh":24,"speed_pm_rain_kmh":21,"speed_source":"synthetic_grade_default","lanes":2,"lanes_source":"Synthetic_by_grade","oneway":false,"oneway_source":"default","bridge":false,"tunnel":false,"layer":0,"layer_source":"default_ground","access":"","surface":"","service":"","topology_source":"LBS-Master_roads_gcj_clip","impedance_synthetic":true,"routable":true,"fallback_clip":true},"geometry":{"type":"LineString","coordinates":[[121.920505,30.885904],[121.920649,30.886092]]}},{"type":"Feature","properties":{"osm_id":1206397273,"name":"沪城环路","ref":"","highway":"secondary","road_grade":"R3","maxspeed_raw":null,"speed_base_kmh":42,"speed_pm_kmh":27,"speed_pm_rain_kmh":24,"speed_source":"synthetic_grade_default","lanes":3,"lanes_source":"Synthetic_by_grade","oneway":false,"oneway_source":"default","bridge":false,"tunnel":false,"layer":0,"layer_source":"default_ground","access":"","surface":"","service":"","topology_source":"LBS-Master_roads_gcj_clip","impedance_synthetic":true,"routable":true,"fallback_clip":true},"geometry":{"type":"LineString","coordinates":[[121.904017,30.882931],[121.904194,30.882703],[121.904545,30.882293],[121.905249,30.881512],[121.905722,30.880995],[121.906052,30.880639],[121.906618,30.880059],[121.907139,30.879546],[121.908108,30.878667],[121.908854,30.878018],[121.909314,30.877625]]}},{"type":"Feature","properties":{"osm_id":1206789196,"name":"","ref":"","highway":"tertiary","road_grade":"R4","maxspeed_raw":null,"speed_base_kmh":32,"speed_pm_kmh":24,"speed_pm_rain_kmh":21,"speed_source":"synthetic_grade_default","lanes":2,"lanes_source":"Synthetic_by_grade","oneway":false,"oneway_source":"default","bridge":false,"tunnel":false,"layer":0,"layer_source":"default_ground","access":"","surface":"","service":"","topology_source":"LBS-Master_roads_gcj_clip","impedance_synthetic":true,"routable":true,"fallback_clip":true},"geometry":{"type":"LineString","coordinates":[[121.865369,30.921986],[121.865358,30.921943]]}},{"type":"Feature","properties":{"osm_id":1206789197,"name":"老芦公路","ref":"X353","highway":"tertiary","road_grade":"R4","maxspeed_raw":null,"speed_base_kmh":32,"speed_pm_kmh":24,"speed_pm_rain_kmh":21,"speed_source":"synthetic_grade_default","lanes":2,"lanes_source":"Synthetic_by_grade","oneway":false,"oneway_source":"default","bridge":false,"tunnel":false,"layer":0,"layer_source":"default_ground","access":"","surface":"","service":"","topology_source":"LBS-Master_roads_gcj_clip","impedance_synthetic":true,"routable":true,"fallback_clip":true},"geometry":{"type":"LineString","coordinates":[[121.865347,30.947706],[121.86536,30.947134],[121.865444,30.945859]]}},{"type":"Feature","properties":{"osm_id":1206873399,"name":"老芦公路","ref":"X353","highway":"tertiary","road_grade":"R4","maxspeed_raw":null,"speed_base_kmh":32,"speed_pm_kmh":24,"speed_pm_rain_kmh":21,"speed_source":"synthetic_grade_default","lanes":2,"lanes_source":"Synthetic_by_grade","oneway":false,"oneway_source":"default","bridge":false,"tunnel":false,"layer":0,"layer_source":"default_ground","access":"","surface":"","service":"","topology_source":"LBS-Master_roads_gcj_clip","impedance_synthetic":true,"routable":true,"fallback_clip":true},"geometry":{"type":"LineString","coordinates":[[121.866728,30.931883],[121.866851,30.930825],[121.866948,30.929504]]}},{"type":"Feature","properties":{"osm_id":1206873400,"name":"老芦公路","ref":"X353","highway":"tertiary","road_grade":"R4","maxspeed_raw":null,"speed_base_kmh":32,"speed_pm_kmh":24,"speed_pm_rain_kmh":21,"speed_source":"synthetic_grade_default","lanes":2,"lanes_source":"Synthetic_by_grade","oneway":false,"oneway_source":"default","bridge":false,"tunnel":false,"layer":0,"layer_source":"default_ground","access":"","surface":"","service":"","topology_source":"LBS-Master_roads_gcj_clip","impedance_synthetic":true,"routable":true,"fallback_clip":true},"geometry":{"type":"LineString","coordinates":[[121.865166,30.952648],[121.865168,30.952553]]}},{"type":"Feature","properties":{"osm_id":1206873401,"name":"老芦公路","ref":"X353","highway":"tertiary","road_grade":"R4","maxspeed_raw":null,"speed_base_kmh":32,"speed_pm_kmh":24,"speed_pm_rain_kmh":21,"speed_source":"synthetic_grade_default","lanes":2,"lanes_source":"Synthetic_by_grade","oneway":false,"oneway_source":"default","bridge":false,"tunnel":false,"layer":0,"layer_source":"default_ground","access":"","surface":"","service":"","topology_source":"LBS-Master_roads_gcj_clip","impedance_synthetic":true,"routable":true,"fallback_clip":true},"geometry":{"type":"LineString","coordinates":[[121.865159,30.952932],[121.865166,30.952648]]}},{"type":"Feature","properties":{"osm_id":1206873402,"name":"临港大道","ref":"","highway":"primary","road_grade":"R2","maxspeed_raw":null,"speed_base_kmh":52,"speed_pm_kmh":30,"speed_pm_rain_kmh":26,"speed_source":"synthetic_grade_default","lanes":4,"lanes_source":"Synthetic_by_grade","oneway":false,"oneway_source":"default","bridge":false,"tunnel":false,"layer":0,"layer_source":"default_ground","access":"","surface":"","service":"","topology_source":"LBS-Master_roads_gcj_clip","impedance_synthetic":true,"routable":true,"fallback_clip":true},"geometry":{"type":"LineString","coordinates":[[121.865159,30.952932],[121.864354,30.953295]]}},{"type":"Feature","properties":{"osm_id":1206873403,"name":"临港大道","ref":"","highway":"primary","road_grade":"R2","maxspeed_raw":null,"speed_base_kmh":52,"speed_pm_kmh":30,"speed_pm_rain_kmh":26,"speed_source":"synthetic_grade_default","lanes":4,"lanes_source":"Synthetic_by_grade","oneway":false,"oneway_source":"default","bridge":false,"tunnel":false,"layer":0,"layer_source":"default_ground","access":"","surface":"","service":"","topology_source":"LBS-Master_roads_gcj_clip","impedance_synthetic":true,"routable":true,"fallback_clip":true},"geometry":{"type":"LineString","coordinates":[[121.864241,30.953069],[121.865166,30.952648]]}},{"type":"Feature","properties":{"osm_id":1206873414,"name":"老芦公路","ref":"X353","highway":"tertiary","road_grade":"R4","maxspeed_raw":null,"speed_base_kmh":32,"speed_pm_kmh":24,"speed_pm_rain_kmh":21,"speed_source":"synthetic_grade_default","lanes":2,"lanes_source":"Synthetic_by_grade","oneway":false,"oneway_source":"default","bridge":false,"tunnel":false,"layer":0,"layer_source":"default_ground","access":"","surface":"","service":"","topology_source":"LBS-Master_roads_gcj_clip","impedance_synthetic":true,"routable":true,"fallback_clip":true},"geometry":{"type":"LineString","coordinates":[[121.866986,30.92918],[121.866962,30.9286],[121.866941,30.928351],[121.866889,30.927831]]}},{"type":"Feature","properties":{"osm_id":1206873418,"name":"","ref":"","highway":"tertiary","road_grade":"R4","maxspeed_raw":null,"speed_base_kmh":32,"speed_pm_kmh":24,"speed_pm_rain_kmh":21,"speed_source":"synthetic_grade_default","lanes":2,"lanes_source":"Synthetic_by_grade","oneway":false,"oneway_source":"default","bridge":false,"tunnel":false,"layer":0,"layer_source":"default_ground","access":"","surface":"","service":"","topology_source":"LBS-Master_roads_gcj_clip","impedance_synthetic":true,"routable":true,"fallback_clip":true},"geometry":{"type":"LineString","coordinates":[[121.889683,30.955074],[121.8897,30.955075],[121.88997,30.95503],[121.89014,30.954938]]}},{"type":"Feature","properties":{"osm_id":1206873419,"name":"两港大道","ref":"","highway":"secondary","road_grade":"R3","maxspeed_raw":null,"speed_base_kmh":42,"speed_pm_kmh":27,"speed_pm_rain_kmh":24,"speed_source":"synthetic_grade_default","lanes":3,"lanes_source":"Synthetic_by_grade","oneway":false,"oneway_source":"default","bridge":false,"tunnel":false,"layer":0,"layer_source":"default_ground","access":"","surface":"","service":"","topology_source":"LBS-Master_roads_gcj_clip","impedance_synthetic":true,"routable":true,"fallback_clip":true},"geometry":{"type":"LineString","coordinates":[[121.889683,30.955074],[121.889697,30.95488]]}},{"type":"Feature","properties":{"osm_id":1206873431,"name":"两港大道","ref":"","highway":"secondary","road_grade":"R3","maxspeed_raw":null,"speed_base_kmh":42,"speed_pm_kmh":27,"speed_pm_rain_kmh":24,"speed_source":"synthetic_grade_default","lanes":3,"lanes_source":"Synthetic_by_grade","oneway":false,"oneway_source":"default","bridge":false,"tunnel":false,"layer":0,"layer_source":"default_ground","access":"","surface":"","service":"","topology_source":"LBS-Master_roads_gcj_clip","impedance_synthetic":true,"routable":true,"fallback_clip":true},"geometry":{"type":"LineString","coordinates":[[121.890152,30.954779],[121.89014,30.954938]]}},{"type":"Feature","properties":{"osm_id":1206873432,"name":"","ref":"","highway":"tertiary","road_grade":"R4","maxspeed_raw":null,"speed_base_kmh":32,"speed_pm_kmh":24,"speed_pm_rain_kmh":21,"speed_source":"synthetic_grade_default","lanes":2,"lanes_source":"Synthetic_by_grade","oneway":false,"oneway_source":"default","bridge":false,"tunnel":false,"layer":0,"layer_source":"default_ground","access":"","surface":"","service":"","topology_source":"LBS-Master_roads_gcj_clip","impedance_synthetic":true,"routable":true,"fallback_clip":true},"geometry":{"type":"LineString","coordinates":[[121.89014,30.954938],[121.890234,30.954887],[121.890348,30.954825],[121.89108,30.954681],[121.891491,30.954601],[121.894709,30.953971]]}},{"type":"Feature","properties":{"osm_id":1213813499,"name":"三三公路","ref":"X368","highway":"tertiary","road_grade":"R4","maxspeed_raw":null,"speed_base_kmh":32,"speed_pm_kmh":24,"speed_pm_rain_kmh":21,"speed_source":"synthetic_grade_default","lanes":2,"lanes_source":"Synthetic_by_grade","oneway":false,"oneway_source":"default","bridge":false,"tunnel":false,"layer":0,"layer_source":"default_ground","access":"","surface":"","service":"","topology_source":"LBS-Master_roads_gcj_clip","impedance_synthetic":true,"routable":true,"fallback_clip":true},"geometry":{"type":"LineString","coordinates":[[121.908179,30.954258],[121.907807,30.954235]]}},{"type":"Feature","properties":{"osm_id":1213813500,"name":"三三公路","ref":"X368","highway":"tertiary","road_grade":"R4","maxspeed_raw":null,"speed_base_kmh":32,"speed_pm_kmh":24,"speed_pm_rain_kmh":21,"speed_source":"synthetic_grade_default","lanes":2,"lanes_source":"Synthetic_by_grade","oneway":false,"oneway_source":"default","bridge":false,"tunnel":false,"layer":0,"layer_source":"default_ground","access":"","surface":"","service":"","topology_source":"LBS-Master_roads_gcj_clip","impedance_synthetic":true,"routable":true,"fallback_clip":true},"geometry":{"type":"LineString","coordinates":[[121.90856,30.954281],[121.908179,30.954258]]}},{"type":"Feature","properties":{"osm_id":1216412484,"name":"铃兰路","ref":"","highway":"secondary","road_grade":"R3","maxspeed_raw":null,"speed_base_kmh":42,"speed_pm_kmh":27,"speed_pm_rain_kmh":24,"speed_source":"synthetic_grade_default","lanes":3,"lanes_source":"Synthetic_by_grade","oneway":false,"oneway_source":"default","bridge":false,"tunnel":false,"layer":0,"layer_source":"default_ground","access":"","surface":"","service":"","topology_source":"LBS-Master_roads_gcj_clip","impedance_synthetic":true,"routable":true,"fallback_clip":true},"geometry":{"type":"LineString","coordinates":[[121.916275,30.918511],[121.916129,30.918375],[121.915735,30.918028],[121.914443,30.916924],[121.914242,30.916729],[121.913746,30.916323]]}},{"type":"Feature","properties":{"osm_id":1216412485,"name":"","ref":"","highway":"secondary","road_grade":"R3","maxspeed_raw":null,"speed_base_kmh":42,"speed_pm_kmh":27,"speed_pm_rain_kmh":24,"speed_source":"synthetic_grade_default","lanes":3,"lanes_source":"Synthetic_by_grade","oneway":false,"oneway_source":"default","bridge":false,"tunnel":false,"layer":0,"layer_source":"default_ground","access":"","surface":"","service":"","topology_source":"LBS-Master_roads_gcj_clip","impedance_synthetic":true,"routable":true,"fallback_clip":true},"geometry":{"type":"LineString","coordinates":[[121.916543,30.918752],[121.916275,30.918511]]}},{"type":"Feature","properties":{"osm_id":1216412486,"name":"临港大道","ref":"","highway":"primary","road_grade":"R2","maxspeed_raw":null,"speed_base_kmh":52,"speed_pm_kmh":30,"speed_pm_rain_kmh":26,"speed_source":"synthetic_grade_default","lanes":4,"lanes_source":"Synthetic_by_grade","oneway":false,"oneway_source":"default","bridge":false,"tunnel":false,"layer":0,"layer_source":"default_ground","access":"","surface":"","service":"","topology_source":"LBS-Master_roads_gcj_clip","impedance_synthetic":true,"routable":true,"fallback_clip":true},"geometry":{"type":"LineString","coordinates":[[121.916671,30.918649],[121.916543,30.918752]]}},{"type":"Feature","properties":{"osm_id":1216412487,"name":"临港大道北路","ref":"","highway":"tertiary","road_grade":"R4","maxspeed_raw":null,"speed_base_kmh":32,"speed_pm_kmh":24,"speed_pm_rain_kmh":21,"speed_source":"synthetic_grade_default","lanes":2,"lanes_source":"Synthetic_by_grade","oneway":false,"oneway_source":"default","bridge":false,"tunnel":false,"layer":0,"layer_source":"default_ground","access":"","surface":"","service":"","topology_source":"LBS-Master_roads_gcj_clip","impedance_synthetic":true,"routable":true,"fallback_clip":true},"geometry":{"type":"LineString","coordinates":[[121.927931,30.908931],[121.927698,30.909039]]}},{"type":"Feature","properties":{"osm_id":1216412488,"name":"临港大道","ref":"","highway":"primary","road_grade":"R2","maxspeed_raw":null,"speed_base_kmh":52,"speed_pm_kmh":30,"speed_pm_rain_kmh":26,"speed_source":"synthetic_grade_default","lanes":4,"lanes_source":"Synthetic_by_grade","oneway":false,"oneway_source":"default","bridge":false,"tunnel":false,"layer":0,"layer_source":"default_ground","access":"","surface":"","service":"","topology_source":"LBS-Master_roads_gcj_clip","impedance_synthetic":true,"routable":true,"fallback_clip":true},"geometry":{"type":"LineString","coordinates":[[121.923581,30.912162],[121.923758,30.91202]]}},{"type":"Feature","properties":{"osm_id":1216412497,"name":"杞青路","ref":"","highway":"secondary","road_grade":"R3","maxspeed_raw":null,"speed_base_kmh":42,"speed_pm_kmh":27,"speed_pm_rain_kmh":24,"speed_source":"synthetic_grade_default","lanes":3,"lanes_source":"Synthetic_by_grade","oneway":false,"oneway_source":"default","bridge":false,"tunnel":false,"layer":0,"layer_source":"default_ground","access":"","surface":"","service":"","topology_source":"LBS-Master_roads_gcj_clip","impedance_synthetic":true,"routable":true,"fallback_clip":true},"geometry":{"type":"LineString","coordinates":[[121.910061,30.912993],[121.910222,30.912882],[121.913282,30.910217]]}},{"type":"Feature","properties":{"osm_id":1216412498,"name":"杞青路","ref":"","highway":"secondary","road_grade":"R3","maxspeed_raw":null,"speed_base_kmh":42,"speed_pm_kmh":27,"speed_pm_rain_kmh":24,"speed_source":"synthetic_grade_default","lanes":3,"lanes_source":"Synthetic_by_grade","oneway":false,"oneway_source":"default","bridge":false,"tunnel":false,"layer":0,"layer_source":"default_ground","access":"","surface":"","service":"","topology_source":"LBS-Master_roads_gcj_clip","impedance_synthetic":true,"routable":true,"fallback_clip":true},"geometry":{"type":"LineString","coordinates":[[121.905548,30.916945],[121.905658,30.91685],[121.905713,30.916802],[121.906009,30.916542],[121.906351,30.916241]]}},{"type":"Feature","properties":{"osm_id":1216412500,"name":"银飞路","ref":"","highway":"tertiary","road_grade":"R4","maxspeed_raw":null,"speed_base_kmh":32,"speed_pm_kmh":24,"speed_pm_rain_kmh":21,"speed_source":"synthetic_grade_default","lanes":2,"lanes_source":"Synthetic_by_grade","oneway":false,"oneway_source":"default","bridge":false,"tunnel":false,"layer":0,"layer_source":"default_ground","access":"","surface":"","service":"","topology_source":"LBS-Master_roads_gcj_clip","impedance_synthetic":true,"routable":true,"fallback_clip":true},"geometry":{"type":"LineString","coordinates":[[121.899789,30.914162],[121.900086,30.914016]]}},{"type":"Feature","properties":{"osm_id":1216412501,"name":"沪城环路","ref":"","highway":"secondary","road_grade":"R3","maxspeed_raw":null,"speed_base_kmh":42,"speed_pm_kmh":27,"speed_pm_rain_kmh":24,"speed_source":"synthetic_grade_default","lanes":3,"lanes_source":"Synthetic_by_grade","oneway":false,"oneway_source":"default","bridge":false,"tunnel":false,"layer":0,"layer_source":"default_ground","access":"","surface":"","service":"","topology_source":"LBS-Master_roads_gcj_clip","impedance_synthetic":true,"routable":true,"fallback_clip":true},"geometry":{"type":"LineString","coordinates":[[121.899454,30.912544],[121.899816,30.913431],[121.899849,30.913502],[121.899974,30.913775],[121.900086,30.914016]]}},{"type":"Feature","properties":{"osm_id":1216412503,"name":"沪城环路","ref":"","highway":"secondary","road_grade":"R3","maxspeed_raw":null,"speed_base_kmh":42,"speed_pm_kmh":27,"speed_pm_rain_kmh":24,"speed_source":"synthetic_grade_default","lanes":3,"lanes_source":"Synthetic_by_grade","oneway":false,"oneway_source":"default","bridge":false,"tunnel":false,"layer":0,"layer_source":"default_ground","access":"","surface":"","service":"","topology_source":"LBS-Master_roads_gcj_clip","impedance_synthetic":true,"routable":true,"fallback_clip":true},"geometry":{"type":"LineString","coordinates":[[121.898429,30.894331],[121.898354,30.894641],[121.898157,30.895459],[121.898058,30.896015],[121.897867,30.897031],[121.897798,30.897405]]}},{"type":"Feature","properties":{"osm_id":1216412518,"name":"沪城环路","ref":"","highway":"secondary","road_grade":"R3","maxspeed_raw":null,"speed_base_kmh":42,"speed_pm_kmh":27,"speed_pm_rain_kmh":24,"speed_source":"synthetic_grade_default","lanes":3,"lanes_source":"Synthetic_by_grade","oneway":false,"oneway_source":"default","bridge":false,"tunnel":false,"layer":0,"layer_source":"default_ground","access":"","surface":"","service":"","topology_source":"LBS-Master_roads_gcj_clip","impedance_synthetic":true,"routable":true,"fallback_clip":true},"geometry":{"type":"LineString","coordinates":[[121.897395,30.897418],[121.897486,30.896986],[121.897543,30.896689],[121.8976,30.89639],[121.89774,30.895693],[121.897881,30.895064],[121.898011,30.894577],[121.898084,30.894302]]}},{"type":"Feature","properties":{"osm_id":1216412520,"name":"沪城环路","ref":"","highway":"secondary","road_grade":"R3","maxspeed_raw":null,"speed_base_kmh":42,"speed_pm_kmh":27,"speed_pm_rain_kmh":24,"speed_source":"synthetic_grade_default","lanes":3,"lanes_source":"Synthetic_by_grade","oneway":false,"oneway_source":"default","bridge":false,"tunnel":false,"layer":0,"layer_source":"default_ground","access":"","surface":"","service":"","topology_source":"LBS-Master_roads_gcj_clip","impedance_synthetic":true,"routable":true,"fallback_clip":true},"geometry":{"type":"LineString","coordinates":[[121.897798,30.897405],[121.897746,30.897702],[121.897678,30.898068],[121.897626,30.898451],[121.897598,30.898781],[121.897533,30.899333],[121.897473,30.900011],[121.897426,30.900759]]}},{"type":"Feature","properties":{"osm_id":1216412521,"name":"沪城环路","ref":"","highway":"secondary","road_grade":"R3","maxspeed_raw":null,"speed_base_kmh":42,"speed_pm_kmh":27,"speed_pm_rain_kmh":24,"speed_source":"synthetic_grade_default","lanes":3,"lanes_source":"Synthetic_by_grade","oneway":false,"oneway_source":"default","bridge":false,"tunnel":false,"layer":0,"layer_source":"default_ground","access":"","surface":"","service":"","topology_source":"LBS-Master_roads_gcj_clip","impedance_synthetic":true,"routable":true,"fallback_clip":true},"geometry":{"type":"LineString","coordinates":[[121.900056,30.889807],[121.899919,30.890173],[121.89956,30.891019],[121.899081,30.892288],[121.898817,30.893072],[121.898615,30.893724],[121.898518,30.89404],[121.898429,30.894331]]}},{"type":"Feature","properties":{"osm_id":1216412522,"name":"申港大道","ref":"","highway":"primary","road_grade":"R2","maxspeed_raw":null,"speed_base_kmh":52,"speed_pm_kmh":30,"speed_pm_rain_kmh":26,"speed_source":"synthetic_grade_default","lanes":4,"lanes_source":"Synthetic_by_grade","oneway":false,"oneway_source":"default","bridge":false,"tunnel":false,"layer":0,"layer_source":"default_ground","access":"","surface":"","service":"","topology_source":"LBS-Master_roads_gcj_clip","impedance_synthetic":true,"routable":true,"fallback_clip":true},"geometry":{"type":"LineString","coordinates":[[121.897798,30.897405],[121.898165,30.897397],[121.901741,30.89738]]}},{"type":"Feature","properties":{"osm_id":1216412523,"name":"申港大道","ref":"","highway":"primary","road_grade":"R2","maxspeed_raw":null,"speed_base_kmh":52,"speed_pm_kmh":30,"speed_pm_rain_kmh":26,"speed_source":"synthetic_grade_default","lanes":4,"lanes_source":"Synthetic_by_grade","oneway":false,"oneway_source":"default","bridge":false,"tunnel":false,"layer":0,"layer_source":"default_ground","access":"","surface":"","service":"","topology_source":"LBS-Master_roads_gcj_clip","impedance_synthetic":true,"routable":true,"fallback_clip":true},"geometry":{"type":"LineString","coordinates":[[121.897395,30.897418],[121.897798,30.897405]]}},{"type":"Feature","properties":{"osm_id":1216412524,"name":"沪城环路","ref":"","highway":"secondary","road_grade":"R3","maxspeed_raw":null,"speed_base_kmh":42,"speed_pm_kmh":27,"speed_pm_rain_kmh":24,"speed_source":"synthetic_grade_default","lanes":3,"lanes_source":"Synthetic_by_grade","oneway":false,"oneway_source":"default","bridge":false,"tunnel":false,"layer":0,"layer_source":"default_ground","access":"","surface":"","service":"","topology_source":"LBS-Master_roads_gcj_clip","impedance_synthetic":true,"routable":true,"fallback_clip":true},"geometry":{"type":"LineString","coordinates":[[121.898084,30.894302],[121.898181,30.893973],[121.898327,30.893477],[121.89857,30.892702],[121.898763,30.892109],[121.89892,30.891705],[121.899136,30.891146],[121.899217,30.890879],[121.899548,30.890097],[121.899721,30.88979]]}},{"type":"Feature","properties":{"osm_id":1216412525,"name":"沪城环路","ref":"","highway":"secondary","road_grade":"R3","maxspeed_raw":null,"speed_base_kmh":42,"speed_pm_kmh":27,"speed_pm_rain_kmh":24,"speed_source":"synthetic_grade_default","lanes":3,"lanes_source":"Synthetic_by_grade","oneway":false,"oneway_source":"default","bridge":false,"tunnel":false,"layer":0,"layer_source":"default_ground","access":"","surface":"","service":"","topology_source":"LBS-Master_roads_gcj_clip","impedance_synthetic":true,"routable":true,"fallback_clip":true},"geometry":{"type":"LineString","coordinates":[[121.899789,30.914162],[121.899658,30.913867],[121.899592,30.91375],[121.899499,30.913544],[121.899129,30.912656]]}},{"type":"Feature","properties":{"osm_id":1216412526,"name":"杞青路","ref":"","highway":"secondary","road_grade":"R3","maxspeed_raw":null,"speed_base_kmh":42,"speed_pm_kmh":27,"speed_pm_rain_kmh":24,"speed_source":"synthetic_grade_default","lanes":3,"lanes_source":"Synthetic_by_grade","oneway":false,"oneway_source":"default","bridge":false,"tunnel":false,"layer":0,"layer_source":"default_ground","access":"","surface":"","service":"","topology_source":"LBS-Master_roads_gcj_clip","impedance_synthetic":true,"routable":true,"fallback_clip":true},"geometry":{"type":"LineString","coordinates":[[121.905844,30.916916],[121.905777,30.916969],[121.905676,30.91705]]}},{"type":"Feature","properties":{"osm_id":1216412528,"name":"杞青路","ref":"","highway":"secondary","road_grade":"R3","maxspeed_raw":null,"speed_base_kmh":42,"speed_pm_kmh":27,"speed_pm_rain_kmh":24,"speed_source":"synthetic_grade_default","lanes":3,"lanes_source":"Synthetic_by_grade","oneway":false,"oneway_source":"default","bridge":false,"tunnel":false,"layer":0,"layer_source":"default_ground","access":"","surface":"","service":"","topology_source":"LBS-Master_roads_gcj_clip","impedance_synthetic":true,"routable":true,"fallback_clip":true},"geometry":{"type":"LineString","coordinates":[[121.910098,30.913223],[121.91,30.913301],[121.909246,30.913971],[121.907758,30.915247],[121.906715,30.916151]]}},{"type":"Feature","properties":{"osm_id":1216412529,"name":"","ref":"","highway":"secondary","road_grade":"R3","maxspeed_raw":null,"speed_base_kmh":42,"speed_pm_kmh":27,"speed_pm_rain_kmh":24,"speed_source":"synthetic_grade_default","lanes":3,"lanes_source":"Synthetic_by_grade","oneway":false,"oneway_source":"default","bridge":false,"tunnel":false,"layer":0,"layer_source":"default_ground","access":"","surface":"","service":"","topology_source":"LBS-Master_roads_gcj_clip","impedance_synthetic":true,"routable":true,"fallback_clip":true},"geometry":{"type":"LineString","coordinates":[[121.910098,30.913223],[121.909962,30.913065]]}},{"type":"Feature","properties":{"osm_id":1216412530,"name":"铃兰路","ref":"","highway":"secondary","road_grade":"R3","maxspeed_raw":null,"speed_base_kmh":42,"speed_pm_kmh":27,"speed_pm_rain_kmh":24,"speed_source":"synthetic_grade_default","lanes":3,"lanes_source":"Synthetic_by_grade","oneway":false,"oneway_source":"default","bridge":false,"tunnel":false,"layer":0,"layer_source":"default_ground","access":"","surface":"","service":"","topology_source":"LBS-Master_roads_gcj_clip","impedance_synthetic":true,"routable":true,"fallback_clip":true},"geometry":{"type":"LineString","coordinates":[[121.913746,30.916323],[121.913591,30.916196],[121.912942,30.915648],[121.912165,30.914977],[121.911317,30.914252],[121.911034,30.914006],[121.910098,30.913223]]}},{"type":"Feature","properties":{"osm_id":1216412531,"name":"临港大道","ref":"","highway":"primary","road_grade":"R2","maxspeed_raw":null,"speed_base_kmh":52,"speed_pm_kmh":30,"speed_pm_rain_kmh":26,"speed_source":"synthetic_grade_default","lanes":4,"lanes_source":"Synthetic_by_grade","oneway":false,"oneway_source":"default","bridge":false,"tunnel":false,"layer":0,"layer_source":"default_ground","access":"","surface":"","service":"","topology_source":"LBS-Master_roads_gcj_clip","impedance_synthetic":true,"routable":true,"fallback_clip":true},"geometry":{"type":"LineString","coordinates":[[121.916275,30.918511],[121.916412,30.918405]]}},{"type":"Feature","properties":{"osm_id":1216412532,"name":"临港大道","ref":"","highway":"primary","road_grade":"R2","maxspeed_raw":null,"speed_base_kmh":52,"speed_pm_kmh":30,"speed_pm_rain_kmh":26,"speed_source":"synthetic_grade_default","lanes":4,"lanes_source":"Synthetic_by_grade","oneway":false,"oneway_source":"default","bridge":false,"tunnel":false,"layer":0,"layer_source":"default_ground","access":"","surface":"","service":"","topology_source":"LBS-Master_roads_gcj_clip","impedance_synthetic":true,"routable":true,"fallback_clip":true},"geometry":{"type":"LineString","coordinates":[[121.902653,30.930351],[121.903881,30.929283],[121.904295,30.928954],[121.905868,30.927591]]}},{"type":"Feature","properties":{"osm_id":1216412533,"name":"临港大道","ref":"","highway":"primary","road_grade":"R2","maxspeed_raw":null,"speed_base_kmh":52,"speed_pm_kmh":30,"speed_pm_rain_kmh":26,"speed_source":"synthetic_grade_default","lanes":4,"lanes_source":"Synthetic_by_grade","oneway":false,"oneway_source":"default","bridge":false,"tunnel":false,"layer":0,"layer_source":"default_ground","access":"","surface":"","service":"","topology_source":"LBS-Master_roads_gcj_clip","impedance_synthetic":true,"routable":true,"fallback_clip":true},"geometry":{"type":"LineString","coordinates":[[121.90293,30.930598],[121.902726,30.930765],[121.897697,30.935127],[121.89671,30.935982]]}},{"type":"Feature","properties":{"osm_id":1216412534,"name":"临港大道","ref":"","highway":"primary","road_grade":"R2","maxspeed_raw":null,"speed_base_kmh":52,"speed_pm_kmh":30,"speed_pm_rain_kmh":26,"speed_source":"synthetic_grade_default","lanes":4,"lanes_source":"Synthetic_by_grade","oneway":false,"oneway_source":"default","bridge":false,"tunnel":false,"layer":0,"layer_source":"default_ground","access":"","surface":"","service":"","topology_source":"LBS-Master_roads_gcj_clip","impedance_synthetic":true,"routable":true,"fallback_clip":true},"geometry":{"type":"LineString","coordinates":[[121.908338,30.925405],[121.908602,30.92517]]}},{"type":"Feature","properties":{"osm_id":1216412535,"name":"沪城环路","ref":"","highway":"secondary","road_grade":"R3","maxspeed_raw":null,"speed_base_kmh":42,"speed_pm_kmh":27,"speed_pm_rain_kmh":24,"speed_source":"synthetic_grade_default","lanes":3,"lanes_source":"Synthetic_by_grade","oneway":false,"oneway_source":"default","bridge":false,"tunnel":false,"layer":0,"layer_source":"default_ground","access":"","surface":"","service":"","topology_source":"LBS-Master_roads_gcj_clip","impedance_synthetic":true,"routable":true,"fallback_clip":true},"geometry":{"type":"LineString","coordinates":[[121.908601,30.925643],[121.908338,30.925405]]}},{"type":"Feature","properties":{"osm_id":1216795847,"name":"茉莉路","ref":"","highway":"tertiary","road_grade":"R4","maxspeed_raw":null,"speed_base_kmh":32,"speed_pm_kmh":24,"speed_pm_rain_kmh":21,"speed_source":"synthetic_grade_default","lanes":2,"lanes_source":"Synthetic_by_grade","oneway":false,"oneway_source":"default","bridge":false,"tunnel":false,"layer":0,"layer_source":"default_ground","access":"","surface":"","service":"","topology_source":"LBS-Master_roads_gcj_clip","impedance_synthetic":true,"routable":true,"fallback_clip":true},"geometry":{"type":"LineString","coordinates":[[121.906651,30.889711],[121.906736,30.889902]]}},{"type":"Feature","properties":{"osm_id":1216795848,"name":"橄榄路","ref":"","highway":"secondary","road_grade":"R3","maxspeed_raw":null,"speed_base_kmh":42,"speed_pm_kmh":27,"speed_pm_rain_kmh":24,"speed_source":"synthetic_grade_default","lanes":3,"lanes_source":"Synthetic_by_grade","oneway":false,"oneway_source":"default","bridge":false,"tunnel":false,"layer":0,"layer_source":"default_ground","access":"","surface":"","service":"","topology_source":"LBS-Master_roads_gcj_clip","impedance_synthetic":true,"routable":true,"fallback_clip":true},"geometry":{"type":"LineString","coordinates":[[121.91031,30.889865],[121.909484,30.88987],[121.908248,30.889878],[121.907771,30.889911],[121.907007,30.889911],[121.906736,30.889902]]}},{"type":"Feature","properties":{"osm_id":1216795849,"name":"环湖西三路","ref":"","highway":"primary","road_grade":"R2","maxspeed_raw":null,"speed_base_kmh":52,"speed_pm_kmh":30,"speed_pm_rain_kmh":26,"speed_source":"synthetic_grade_default","lanes":4,"lanes_source":"Synthetic_by_grade","oneway":false,"oneway_source":"default","bridge":false,"tunnel":false,"layer":0,"layer_source":"default_ground","access":"","surface":"","service":"","topology_source":"LBS-Master_roads_gcj_clip","impedance_synthetic":true,"routable":true,"fallback_clip":true},"geometry":{"type":"LineString","coordinates":[[121.918485,30.889742],[121.918151,30.890497],[121.918054,30.890722],[121.917999,30.890843]]}},{"type":"Feature","properties":{"osm_id":1216795850,"name":"海港大道","ref":"","highway":"primary","road_grade":"R2","maxspeed_raw":null,"speed_base_kmh":52,"speed_pm_kmh":30,"speed_pm_rain_kmh":26,"speed_source":"synthetic_grade_default","lanes":4,"lanes_source":"Synthetic_by_grade","oneway":false,"oneway_source":"default","bridge":false,"tunnel":false,"layer":0,"layer_source":"default_ground","access":"","surface":"","service":"","topology_source":"LBS-Master_roads_gcj_clip","impedance_synthetic":true,"routable":true,"fallback_clip":true},"geometry":{"type":"LineString","coordinates":[[121.918676,30.878364],[121.919688,30.879244],[121.91981,30.87935]]}},{"type":"Feature","properties":{"osm_id":1216795851,"name":"海港大道","ref":"","highway":"primary","road_grade":"R2","maxspeed_raw":null,"speed_base_kmh":52,"speed_pm_kmh":30,"speed_pm_rain_kmh":26,"speed_source":"synthetic_grade_default","lanes":4,"lanes_source":"Synthetic_by_grade","oneway":false,"oneway_source":"default","bridge":false,"tunnel":false,"layer":0,"layer_source":"default_ground","access":"","surface":"","service":"","topology_source":"LBS-Master_roads_gcj_clip","impedance_synthetic":true,"routable":true,"fallback_clip":true},"geometry":{"type":"LineString","coordinates":[[121.914066,30.874389],[121.914192,30.874506]]}},{"type":"Feature","properties":{"osm_id":1216795854,"name":"海基三路","ref":"","highway":"secondary","road_grade":"R3","maxspeed_raw":null,"speed_base_kmh":42,"speed_pm_kmh":27,"speed_pm_rain_kmh":24,"speed_source":"synthetic_grade_default","lanes":3,"lanes_source":"Synthetic_by_grade","oneway":false,"oneway_source":"default","bridge":false,"tunnel":false,"layer":0,"layer_source":"default_ground","access":"","surface":"","service":"","topology_source":"LBS-Master_roads_gcj_clip","impedance_synthetic":true,"routable":true,"fallback_clip":true},"geometry":{"type":"LineString","coordinates":[[121.915796,30.87333],[121.915605,30.873489],[121.914972,30.873971],[121.914411,30.874353],[121.914192,30.874506]]}},{"type":"Feature","properties":{"osm_id":1216795856,"name":"海洋七路","ref":"","highway":"tertiary","road_grade":"R4","maxspeed_raw":null,"speed_base_kmh":32,"speed_pm_kmh":24,"speed_pm_rain_kmh":21,"speed_source":"synthetic_grade_default","lanes":2,"lanes_source":"Synthetic_by_grade","oneway":false,"oneway_source":"default","bridge":false,"tunnel":false,"layer":0,"layer_source":"default_ground","access":"","surface":"","service":"","topology_source":"LBS-Master_roads_gcj_clip","impedance_synthetic":true,"routable":true,"fallback_clip":true},"geometry":{"type":"LineString","coordinates":[[121.924673,30.861973],[121.924947,30.862081]]}},{"type":"Feature","properties":{"osm_id":1216795857,"name":"海洋七路","ref":"","highway":"tertiary","road_grade":"R4","maxspeed_raw":null,"speed_base_kmh":32,"speed_pm_kmh":24,"speed_pm_rain_kmh":21,"speed_source":"synthetic_grade_default","lanes":2,"lanes_source":"Synthetic_by_grade","oneway":false,"oneway_source":"default","bridge":false,"tunnel":false,"layer":0,"layer_source":"default_ground","access":"","surface":"","service":"","topology_source":"LBS-Master_roads_gcj_clip","impedance_synthetic":true,"routable":true,"fallback_clip":true},"geometry":{"type":"LineString","coordinates":[[121.932506,30.865074],[121.933117,30.865313],[121.934045,30.865673],[121.934179,30.865725],[121.934274,30.865771],[121.934448,30.86583],[121.934567,30.865877],[121.936427,30.86651],[121.936541,30.866561],[121.937388,30.866885],[121.938172,30.867206],[121.938473,30.86733],[121.940602,30.868253]]}},{"type":"Feature","properties":{"osm_id":1216795858,"name":"海基六路","ref":"","highway":"tertiary","road_grade":"R4","maxspeed_raw":null,"speed_base_kmh":32,"speed_pm_kmh":24,"speed_pm_rain_kmh":21,"speed_source":"synthetic_grade_default","lanes":2,"lanes_source":"Synthetic_by_grade","oneway":false,"oneway_source":"default","bridge":false,"tunnel":false,"layer":0,"layer_source":"default_ground","access":"","surface":"","service":"","topology_source":"LBS-Master_roads_gcj_clip","impedance_synthetic":true,"routable":true,"fallback_clip":true},"geometry":{"type":"LineString","coordinates":[[121.910692,30.865648],[121.911163,30.865241],[121.912059,30.864455],[121.912185,30.864347],[121.913008,30.863641],[121.9133,30.863383],[121.913479,30.863209],[121.913585,30.863122],[121.913718,30.863005],[121.913954,30.862804]]}},{"type":"Feature","properties":{"osm_id":1216795859,"name":"海洋二路","ref":"","highway":"tertiary","road_grade":"R4","maxspeed_raw":null,"speed_base_kmh":32,"speed_pm_kmh":24,"speed_pm_rain_kmh":21,"speed_source":"synthetic_grade_default","lanes":2,"lanes_source":"Synthetic_by_grade","oneway":false,"oneway_source":"default","bridge":false,"tunnel":false,"layer":0,"layer_source":"default_ground","access":"","surface":"","service":"","topology_source":"LBS-Master_roads_gcj_clip","impedance_synthetic":true,"routable":true,"fallback_clip":true},"geometry":{"type":"LineString","coordinates":[[121.914068,30.868552],[121.913662,30.8682],[121.912958,30.867598],[121.912343,30.867061],[121.910692,30.865648]]}},{"type":"Feature","properties":{"osm_id":1216795860,"name":"海基五路","ref":"","highway":"tertiary","road_grade":"R4","maxspeed_raw":null,"speed_base_kmh":32,"speed_pm_kmh":24,"speed_pm_rain_kmh":21,"speed_source":"synthetic_grade_default","lanes":2,"lanes_source":"Synthetic_by_grade","oneway":false,"oneway_source":"default","bridge":false,"tunnel":false,"layer":0,"layer_source":"default_ground","access":"","surface":"","service":"","topology_source":"LBS-Master_roads_gcj_clip","impedance_synthetic":true,"routable":true,"fallback_clip":true},"geometry":{"type":"LineString","coordinates":[[121.912169,30.870211],[121.91362,30.868946],[121.914068,30.868552]]}},{"type":"Feature","properties":{"osm_id":1216795861,"name":"海洋一路","ref":"","highway":"tertiary","road_grade":"R4","maxspeed_raw":null,"speed_base_kmh":32,"speed_pm_kmh":24,"speed_pm_rain_kmh":21,"speed_source":"synthetic_grade_default","lanes":2,"lanes_source":"Synthetic_by_grade","oneway":false,"oneway_source":"default","bridge":false,"tunnel":false,"layer":0,"layer_source":"default_ground","access":"","surface":"","service":"","topology_source":"LBS-Master_roads_gcj_clip","impedance_synthetic":true,"routable":true,"fallback_clip":true},"geometry":{"type":"LineString","coordinates":[[121.912169,30.870211],[121.911623,30.869747],[121.911022,30.86927]]}},{"type":"Feature","properties":{"osm_id":1216795863,"name":"海基三路","ref":"","highway":"secondary","road_grade":"R3","maxspeed_raw":null,"speed_base_kmh":42,"speed_pm_kmh":27,"speed_pm_rain_kmh":24,"speed_source":"synthetic_grade_default","lanes":3,"lanes_source":"Synthetic_by_grade","oneway":false,"oneway_source":"default","bridge":false,"tunnel":false,"layer":0,"layer_source":"default_ground","access":"","surface":"","service":"","topology_source":"LBS-Master_roads_gcj_clip","impedance_synthetic":true,"routable":true,"fallback_clip":true},"geometry":{"type":"LineString","coordinates":[[121.914066,30.874389],[121.914301,30.874253],[121.914575,30.874069],[121.914895,30.873859],[121.915516,30.873391],[121.915708,30.873257]]}},{"type":"Feature","properties":{"osm_id":1216795864,"name":"沪城环路","ref":"","highway":"secondary","road_grade":"R3","maxspeed_raw":null,"speed_base_kmh":42,"speed_pm_kmh":27,"speed_pm_rain_kmh":24,"speed_source":"synthetic_grade_default","lanes":3,"lanes_source":"Synthetic_by_grade","oneway":false,"oneway_source":"default","bridge":false,"tunnel":false,"layer":0,"layer_source":"default_ground","access":"","surface":"","service":"","topology_source":"LBS-Master_roads_gcj_clip","impedance_synthetic":true,"routable":true,"fallback_clip":true},"geometry":{"type":"LineString","coordinates":[[121.913903,30.874481],[121.914066,30.874389]]}},{"type":"Feature","properties":{"osm_id":1216795865,"name":"海港大道","ref":"","highway":"primary","road_grade":"R2","maxspeed_raw":null,"speed_base_kmh":52,"speed_pm_kmh":30,"speed_pm_rain_kmh":26,"speed_source":"synthetic_grade_default","lanes":4,"lanes_source":"Synthetic_by_grade","oneway":false,"oneway_source":"default","bridge":false,"tunnel":false,"layer":0,"layer_source":"default_ground","access":"","surface":"","service":"","topology_source":"LBS-Master_roads_gcj_clip","impedance_synthetic":true,"routable":true,"fallback_clip":true},"geometry":{"type":"LineString","coordinates":[[121.914047,30.874613],[121.913903,30.874481]]}},{"type":"Feature","properties":{"osm_id":1216795866,"name":"海港大道","ref":"","highway":"primary","road_grade":"R2","maxspeed_raw":null,"speed_base_kmh":52,"speed_pm_kmh":30,"speed_pm_rain_kmh":26,"speed_source":"synthetic_grade_default","lanes":4,"lanes_source":"Synthetic_by_grade","oneway":false,"oneway_source":"default","bridge":false,"tunnel":false,"layer":0,"layer_source":"default_ground","access":"","surface":"","service":"","topology_source":"LBS-Master_roads_gcj_clip","impedance_synthetic":true,"routable":true,"fallback_clip":true},"geometry":{"type":"LineString","coordinates":[[121.919713,30.879447],[121.919289,30.879139],[121.918929,30.878831],[121.918532,30.878491],[121.91843,30.878395]]}},{"type":"Feature","properties":{"osm_id":1216795867,"name":"美人蕉路","ref":"","highway":"tertiary","road_grade":"R4","maxspeed_raw":null,"speed_base_kmh":32,"speed_pm_kmh":24,"speed_pm_rain_kmh":21,"speed_source":"synthetic_grade_default","lanes":2,"lanes_source":"Synthetic_by_grade","oneway":false,"oneway_source":"default","bridge":false,"tunnel":false,"layer":0,"layer_source":"default_ground","access":"","surface":"","service":"","topology_source":"LBS-Master_roads_gcj_clip","impedance_synthetic":true,"routable":true,"fallback_clip":true},"geometry":{"type":"LineString","coordinates":[[121.91843,30.878395],[121.91857,30.878266]]}},{"type":"Feature","properties":{"osm_id":1216795868,"name":"古棕路","ref":"","highway":"tertiary","road_grade":"R4","maxspeed_raw":null,"speed_base_kmh":32,"speed_pm_kmh":24,"speed_pm_rain_kmh":21,"speed_source":"synthetic_grade_default","lanes":2,"lanes_source":"Synthetic_by_grade","oneway":false,"oneway_source":"default","bridge":false,"tunnel":false,"layer":0,"layer_source":"default_ground","access":"","surface":"","service":"","topology_source":"LBS-Master_roads_gcj_clip","impedance_synthetic":true,"routable":true,"fallback_clip":true},"geometry":{"type":"LineString","coordinates":[[121.915125,30.881462],[121.915107,30.881446],[121.915034,30.881387]]}},{"type":"Feature","properties":{"osm_id":1216795869,"name":"古棕路","ref":"","highway":"tertiary","road_grade":"R4","maxspeed_raw":null,"speed_base_kmh":32,"speed_pm_kmh":24,"speed_pm_rain_kmh":21,"speed_source":"synthetic_grade_default","lanes":2,"lanes_source":"Synthetic_by_grade","oneway":false,"oneway_source":"default","bridge":false,"tunnel":false,"layer":0,"layer_source":"default_ground","access":"","surface":"","service":"","topology_source":"LBS-Master_roads_gcj_clip","impedance_synthetic":true,"routable":true,"fallback_clip":true},"geometry":{"type":"LineString","coordinates":[[121.920649,30.886092],[121.920419,30.886012]]}},{"type":"Feature","properties":{"osm_id":1216795870,"name":"环湖西三路","ref":"","highway":"primary","road_grade":"R2","maxspeed_raw":null,"speed_base_kmh":52,"speed_pm_kmh":30,"speed_pm_rain_kmh":26,"speed_source":"synthetic_grade_default","lanes":4,"lanes_source":"Synthetic_by_grade","oneway":false,"oneway_source":"default","bridge":false,"tunnel":false,"layer":0,"layer_source":"default_ground","access":"","surface":"","service":"","topology_source":"LBS-Master_roads_gcj_clip","impedance_synthetic":true,"routable":true,"fallback_clip":true},"geometry":{"type":"LineString","coordinates":[[121.920419,30.886012],[121.920505,30.885904]]}},{"type":"Feature","properties":{"osm_id":1216795871,"name":"环湖西三路","ref":"","highway":"primary","road_grade":"R2","maxspeed_raw":null,"speed_base_kmh":52,"speed_pm_kmh":30,"speed_pm_rain_kmh":26,"speed_source":"synthetic_grade_default","lanes":4,"lanes_source":"Synthetic_by_grade","oneway":false,"oneway_source":"default","bridge":false,"tunnel":false,"layer":0,"layer_source":"default_ground","access":"","surface":"","service":"","topology_source":"LBS-Master_roads_gcj_clip","impedance_synthetic":true,"routable":true,"fallback_clip":true},"geometry":{"type":"LineString","coordinates":[[121.917803,30.890679],[121.917922,30.890431],[121.918069,30.8901],[121.918255,30.889666]]}},{"type":"Feature","properties":{"osm_id":1216795872,"name":"橄榄路","ref":"","highway":"secondary","road_grade":"R3","maxspeed_raw":null,"speed_base_kmh":42,"speed_pm_kmh":27,"speed_pm_rain_kmh":24,"speed_source":"synthetic_grade_default","lanes":3,"lanes_source":"Synthetic_by_grade","oneway":false,"oneway_source":"default","bridge":false,"tunnel":false,"layer":0,"layer_source":"default_ground","access":"","surface":"","service":"","topology_source":"LBS-Master_roads_gcj_clip","impedance_synthetic":true,"routable":true,"fallback_clip":true},"geometry":{"type":"LineString","coordinates":[[121.917803,30.890679],[121.917999,30.890843]]}},{"type":"Feature","properties":{"osm_id":1216795873,"name":"橄榄路","ref":"","highway":"secondary","road_grade":"R3","maxspeed_raw":null,"speed_base_kmh":42,"speed_pm_kmh":27,"speed_pm_rain_kmh":24,"speed_source":"synthetic_grade_default","lanes":3,"lanes_source":"Synthetic_by_grade","oneway":false,"oneway_source":"default","bridge":false,"tunnel":false,"layer":0,"layer_source":"default_ground","access":"","surface":"","service":"","topology_source":"LBS-Master_roads_gcj_clip","impedance_synthetic":true,"routable":true,"fallback_clip":true},"geometry":{"type":"LineString","coordinates":[[121.906651,30.889711],[121.906996,30.889718],[121.908078,30.889709],[121.909471,30.889712],[121.910297,30.88971]]}},{"type":"Feature","properties":{"osm_id":1217107018,"name":"橄榄路","ref":"","highway":"secondary","road_grade":"R3","maxspeed_raw":null,"speed_base_kmh":42,"speed_pm_kmh":27,"speed_pm_rain_kmh":24,"speed_source":"synthetic_grade_default","lanes":3,"lanes_source":"Synthetic_by_grade","oneway":false,"oneway_source":"default","bridge":false,"tunnel":false,"layer":0,"layer_source":"default_ground","access":"","surface":"","service":"","topology_source":"LBS-Master_roads_gcj_clip","impedance_synthetic":true,"routable":true,"fallback_clip":true},"geometry":{"type":"LineString","coordinates":[[121.889551,30.884217],[121.891072,30.885532],[121.891339,30.885767]]}},{"type":"Feature","properties":{"osm_id":1217107019,"name":"橄榄路","ref":"","highway":"secondary","road_grade":"R3","maxspeed_raw":null,"speed_base_kmh":42,"speed_pm_kmh":27,"speed_pm_rain_kmh":24,"speed_source":"synthetic_grade_default","lanes":3,"lanes_source":"Synthetic_by_grade","oneway":false,"oneway_source":"default","bridge":false,"tunnel":false,"layer":0,"layer_source":"default_ground","access":"","surface":"","service":"","topology_source":"LBS-Master_roads_gcj_clip","impedance_synthetic":true,"routable":true,"fallback_clip":true},"geometry":{"type":"LineString","coordinates":[[121.888165,30.883049],[121.888915,30.883704],[121.889102,30.883828],[121.889551,30.884217]]}},{"type":"Feature","properties":{"osm_id":1217107022,"name":"沪城环路","ref":"","highway":"secondary","road_grade":"R3","maxspeed_raw":null,"speed_base_kmh":42,"speed_pm_kmh":27,"speed_pm_rain_kmh":24,"speed_source":"synthetic_grade_default","lanes":3,"lanes_source":"Synthetic_by_grade","oneway":false,"oneway_source":"default","bridge":false,"tunnel":false,"layer":0,"layer_source":"default_ground","access":"","surface":"","service":"","topology_source":"LBS-Master_roads_gcj_clip","impedance_synthetic":true,"routable":true,"fallback_clip":true},"geometry":{"type":"LineString","coordinates":[[121.897166,30.89915],[121.897177,30.898948],[121.897295,30.898027],[121.897343,30.897677],[121.897395,30.897418]]}},{"type":"Feature","properties":{"osm_id":1217107024,"name":"环湖北三路","ref":"","highway":"primary","road_grade":"R2","maxspeed_raw":null,"speed_base_kmh":52,"speed_pm_kmh":30,"speed_pm_rain_kmh":26,"speed_source":"synthetic_grade_default","lanes":4,"lanes_source":"Synthetic_by_grade","oneway":false,"oneway_source":"default","bridge":false,"tunnel":false,"layer":0,"layer_source":"default_ground","access":"","surface":"","service":"","topology_source":"LBS-Master_roads_gcj_clip","impedance_synthetic":true,"routable":true,"fallback_clip":true},"geometry":{"type":"LineString","coordinates":[[121.930302,30.91602],[121.930545,30.916127]]}},{"type":"Feature","properties":{"osm_id":1217107025,"name":"申港大道","ref":"","highway":"primary","road_grade":"R2","maxspeed_raw":null,"speed_base_kmh":52,"speed_pm_kmh":30,"speed_pm_rain_kmh":26,"speed_source":"synthetic_grade_default","lanes":4,"lanes_source":"Synthetic_by_grade","oneway":false,"oneway_source":"default","bridge":false,"tunnel":false,"layer":0,"layer_source":"default_ground","access":"","surface":"","service":"","topology_source":"LBS-Master_roads_gcj_clip","impedance_synthetic":true,"routable":true,"fallback_clip":true},"geometry":{"type":"LineString","coordinates":[[121.906604,30.897354],[121.906789,30.897366],[121.907513,30.897353],[121.912217,30.897345]]}},{"type":"Feature","properties":{"osm_id":1217107026,"name":"茉莉路","ref":"","highway":"tertiary","road_grade":"R4","maxspeed_raw":null,"speed_base_kmh":32,"speed_pm_kmh":24,"speed_pm_rain_kmh":21,"speed_source":"synthetic_grade_default","lanes":2,"lanes_source":"Synthetic_by_grade","oneway":false,"oneway_source":"default","bridge":false,"tunnel":false,"layer":0,"layer_source":"default_ground","access":"","surface":"","service":"","topology_source":"LBS-Master_roads_gcj_clip","impedance_synthetic":true,"routable":true,"fallback_clip":true},"geometry":{"type":"LineString","coordinates":[[121.906651,30.900732],[121.906637,30.899784],[121.906625,30.899054],[121.906607,30.898585],[121.906599,30.897686],[121.906604,30.897354]]}},{"type":"Feature","properties":{"osm_id":1217107027,"name":"杞青路","ref":"","highway":"secondary","road_grade":"R3","maxspeed_raw":null,"speed_base_kmh":42,"speed_pm_kmh":27,"speed_pm_rain_kmh":24,"speed_source":"synthetic_grade_default","lanes":3,"lanes_source":"Synthetic_by_grade","oneway":false,"oneway_source":"default","bridge":false,"tunnel":false,"layer":0,"layer_source":"default_ground","access":"","surface":"","service":"","topology_source":"LBS-Master_roads_gcj_clip","impedance_synthetic":true,"routable":true,"fallback_clip":true},"geometry":{"type":"LineString","coordinates":[[121.909962,30.913065],[121.910061,30.912993]]}},{"type":"Feature","properties":{"osm_id":1217107028,"name":"沪城环路","ref":"","highway":"secondary","road_grade":"R3","maxspeed_raw":null,"speed_base_kmh":42,"speed_pm_kmh":27,"speed_pm_rain_kmh":24,"speed_source":"synthetic_grade_default","lanes":3,"lanes_source":"Synthetic_by_grade","oneway":false,"oneway_source":"default","bridge":false,"tunnel":false,"layer":0,"layer_source":"default_ground","access":"","surface":"","service":"","topology_source":"LBS-Master_roads_gcj_clip","impedance_synthetic":true,"routable":true,"fallback_clip":true},"geometry":{"type":"LineString","coordinates":[[121.902764,30.919338],[121.902501,30.918954],[121.90231,30.918671],[121.902038,30.918253],[121.901685,30.917715],[121.901252,30.917002],[121.900774,30.916157],[121.900364,30.915376],[121.899948,30.914538],[121.899789,30.914162]]}},{"type":"Feature","properties":{"osm_id":1217107029,"name":"沪城环路","ref":"","highway":"secondary","road_grade":"R3","maxspeed_raw":null,"speed_base_kmh":42,"speed_pm_kmh":27,"speed_pm_rain_kmh":24,"speed_source":"synthetic_grade_default","lanes":3,"lanes_source":"Synthetic_by_grade","oneway":false,"oneway_source":"default","bridge":false,"tunnel":false,"layer":0,"layer_source":"default_ground","access":"","surface":"","service":"","topology_source":"LBS-Master_roads_gcj_clip","impedance_synthetic":true,"routable":true,"fallback_clip":true},"geometry":{"type":"LineString","coordinates":[[121.900131,30.914116],[121.900188,30.914238],[121.900684,30.915244],[121.901069,30.915982],[121.901308,30.916417],[121.901541,30.91682],[121.901996,30.917553],[121.902146,30.91777],[121.902311,30.918017],[121.902832,30.918785],[121.903027,30.919089]]}},{"type":"Feature","properties":{"osm_id":1217107030,"name":"杞青路","ref":"","highway":"secondary","road_grade":"R3","maxspeed_raw":null,"speed_base_kmh":42,"speed_pm_kmh":27,"speed_pm_rain_kmh":24,"speed_source":"synthetic_grade_default","lanes":3,"lanes_source":"Synthetic_by_grade","oneway":false,"oneway_source":"default","bridge":false,"tunnel":false,"layer":0,"layer_source":"default_ground","access":"","surface":"","service":"","topology_source":"LBS-Master_roads_gcj_clip","impedance_synthetic":true,"routable":true,"fallback_clip":true},"geometry":{"type":"LineString","coordinates":[[121.903139,30.919255],[121.902764,30.919338]]}},{"type":"Feature","properties":{"osm_id":1217107031,"name":"杞青路","ref":"","highway":"secondary","road_grade":"R3","maxspeed_raw":null,"speed_base_kmh":42,"speed_pm_kmh":27,"speed_pm_rain_kmh":24,"speed_source":"synthetic_grade_default","lanes":3,"lanes_source":"Synthetic_by_grade","oneway":false,"oneway_source":"default","bridge":false,"tunnel":false,"layer":0,"layer_source":"default_ground","access":"","surface":"","service":"","topology_source":"LBS-Master_roads_gcj_clip","impedance_synthetic":true,"routable":true,"fallback_clip":true},"geometry":{"type":"LineString","coordinates":[[121.910248,30.913103],[121.910098,30.913223]]}},{"type":"Feature","properties":{"osm_id":1217107032,"name":"","ref":"","highway":"secondary","road_grade":"R3","maxspeed_raw":null,"speed_base_kmh":42,"speed_pm_kmh":27,"speed_pm_rain_kmh":24,"speed_source":"synthetic_grade_default","lanes":3,"lanes_source":"Synthetic_by_grade","oneway":false,"oneway_source":"default","bridge":false,"tunnel":false,"layer":0,"layer_source":"default_ground","access":"","surface":"","service":"","topology_source":"LBS-Master_roads_gcj_clip","impedance_synthetic":true,"routable":true,"fallback_clip":true},"geometry":{"type":"LineString","coordinates":[[121.910061,30.912993],[121.910248,30.913103]]}},{"type":"Feature","properties":{"osm_id":1217107033,"name":"茉莉路","ref":"","highway":"tertiary","road_grade":"R4","maxspeed_raw":null,"speed_base_kmh":32,"speed_pm_kmh":24,"speed_pm_rain_kmh":21,"speed_source":"synthetic_grade_default","lanes":2,"lanes_source":"Synthetic_by_grade","oneway":false,"oneway_source":"default","bridge":false,"tunnel":false,"layer":0,"layer_source":"default_ground","access":"","surface":"","service":"","topology_source":"LBS-Master_roads_gcj_clip","impedance_synthetic":true,"routable":true,"fallback_clip":true},"geometry":{"type":"LineString","coordinates":[[121.906787,30.897693],[121.906789,30.897937],[121.906791,30.898509],[121.906776,30.899034],[121.906781,30.899345],[121.906772,30.900024],[121.906778,30.900169],[121.906791,30.900727]]}},{"type":"Feature","properties":{"osm_id":1217107034,"name":"申港大道","ref":"","highway":"primary","road_grade":"R2","maxspeed_raw":null,"speed_base_kmh":52,"speed_pm_kmh":30,"speed_pm_rain_kmh":26,"speed_source":"synthetic_grade_default","lanes":4,"lanes_source":"Synthetic_by_grade","oneway":false,"oneway_source":"default","bridge":false,"tunnel":false,"layer":0,"layer_source":"default_ground","access":"","surface":"","service":"","topology_source":"LBS-Master_roads_gcj_clip","impedance_synthetic":true,"routable":true,"fallback_clip":true},"geometry":{"type":"LineString","coordinates":[[121.906599,30.897686],[121.906362,30.897675],[121.902058,30.897688]]}},{"type":"Feature","properties":{"osm_id":1217107035,"name":"环湖北三路","ref":"","highway":"primary","road_grade":"R2","maxspeed_raw":null,"speed_base_kmh":52,"speed_pm_kmh":30,"speed_pm_rain_kmh":26,"speed_source":"synthetic_grade_default","lanes":4,"lanes_source":"Synthetic_by_grade","oneway":false,"oneway_source":"default","bridge":false,"tunnel":false,"layer":0,"layer_source":"default_ground","access":"","surface":"","service":"","topology_source":"LBS-Master_roads_gcj_clip","impedance_synthetic":true,"routable":true,"fallback_clip":true},"geometry":{"type":"LineString","coordinates":[[121.930154,30.916258],[121.930005,30.916201]]}},{"type":"Feature","properties":{"osm_id":1217107036,"name":"","ref":"","highway":"secondary","road_grade":"R3","maxspeed_raw":null,"speed_base_kmh":42,"speed_pm_kmh":27,"speed_pm_rain_kmh":24,"speed_source":"synthetic_grade_default","lanes":3,"lanes_source":"Synthetic_by_grade","oneway":false,"oneway_source":"default","bridge":false,"tunnel":false,"layer":0,"layer_source":"default_ground","access":"","surface":"","service":"","topology_source":"LBS-Master_roads_gcj_clip","impedance_synthetic":true,"routable":true,"fallback_clip":true},"geometry":{"type":"LineString","coordinates":[[121.930005,30.916201],[121.930154,30.915943]]}},{"type":"Feature","properties":{"osm_id":1217107037,"name":"","ref":"","highway":"secondary","road_grade":"R3","maxspeed_raw":null,"speed_base_kmh":42,"speed_pm_kmh":27,"speed_pm_rain_kmh":24,"speed_source":"synthetic_grade_default","lanes":3,"lanes_source":"Synthetic_by_grade","oneway":false,"oneway_source":"default","bridge":false,"tunnel":false,"layer":0,"layer_source":"default_ground","access":"","surface":"","service":"","topology_source":"LBS-Master_roads_gcj_clip","impedance_synthetic":true,"routable":true,"fallback_clip":true},"geometry":{"type":"LineString","coordinates":[[121.922719,30.92404],[121.922859,30.92394]]}},{"type":"Feature","properties":{"osm_id":1217107038,"name":"铃兰路","ref":"","highway":"secondary","road_grade":"R3","maxspeed_raw":null,"speed_base_kmh":42,"speed_pm_kmh":27,"speed_pm_rain_kmh":24,"speed_source":"synthetic_grade_default","lanes":3,"lanes_source":"Synthetic_by_grade","oneway":false,"oneway_source":"default","bridge":false,"tunnel":false,"layer":0,"layer_source":"default_ground","access":"","surface":"","service":"","topology_source":"LBS-Master_roads_gcj_clip","impedance_synthetic":true,"routable":true,"fallback_clip":true},"geometry":{"type":"LineString","coordinates":[[121.922859,30.92394],[121.922965,30.924029]]}},{"type":"Feature","properties":{"osm_id":1217245083,"name":"老芦公路","ref":"X353","highway":"tertiary","road_grade":"R4","maxspeed_raw":null,"speed_base_kmh":32,"speed_pm_kmh":24,"speed_pm_rain_kmh":21,"speed_source":"synthetic_grade_default","lanes":2,"lanes_source":"Synthetic_by_grade","oneway":false,"oneway_source":"default","bridge":false,"tunnel":false,"layer":0,"layer_source":"default_ground","access":"","surface":"","service":"","topology_source":"LBS-Master_roads_gcj_clip","impedance_synthetic":true,"routable":true,"fallback_clip":true},"geometry":{"type":"LineString","coordinates":[[121.866889,30.927831],[121.866796,30.927471]]}},{"type":"Feature","properties":{"osm_id":1219577019,"name":"三三公路","ref":"X368","highway":"tertiary","road_grade":"R4","maxspeed_raw":null,"speed_base_kmh":32,"speed_pm_kmh":24,"speed_pm_rain_kmh":21,"speed_source":"synthetic_grade_default","lanes":2,"lanes_source":"Synthetic_by_grade","oneway":false,"oneway_source":"default","bridge":false,"tunnel":false,"layer":0,"layer_source":"default_ground","access":"","surface":"","service":"","topology_source":"LBS-Master_roads_gcj_clip","impedance_synthetic":true,"routable":true,"fallback_clip":true},"geometry":{"type":"LineString","coordinates":[[121.906772,30.954166],[121.904482,30.954006],[121.904329,30.953993]]}},{"type":"Feature","properties":{"osm_id":1219577020,"name":"","ref":"","highway":"tertiary","road_grade":"R4","maxspeed_raw":null,"speed_base_kmh":32,"speed_pm_kmh":24,"speed_pm_rain_kmh":21,"speed_source":"synthetic_grade_default","lanes":2,"lanes_source":"Synthetic_by_grade","oneway":false,"oneway_source":"default","bridge":false,"tunnel":false,"layer":0,"layer_source":"default_ground","access":"","surface":"","service":"","topology_source":"LBS-Master_roads_gcj_clip","impedance_synthetic":true,"routable":true,"fallback_clip":true},"geometry":{"type":"LineString","coordinates":[[121.904329,30.953993],[121.904308,30.954095],[121.903671,30.956853]]}},{"type":"Feature","properties":{"osm_id":1219577021,"name":"临港大道","ref":"","highway":"primary","road_grade":"R2","maxspeed_raw":null,"speed_base_kmh":52,"speed_pm_kmh":30,"speed_pm_rain_kmh":26,"speed_source":"synthetic_grade_default","lanes":4,"lanes_source":"Synthetic_by_grade","oneway":false,"oneway_source":"default","bridge":false,"tunnel":false,"layer":0,"layer_source":"default_ground","access":"","surface":"","service":"","topology_source":"LBS-Master_roads_gcj_clip","impedance_synthetic":true,"routable":true,"fallback_clip":true},"geometry":{"type":"LineString","coordinates":[[121.906504,30.927472],[121.906271,30.927675]]}},{"type":"Feature","properties":{"osm_id":1219937551,"name":"环湖西三路","ref":"","highway":"primary","road_grade":"R2","maxspeed_raw":null,"speed_base_kmh":52,"speed_pm_kmh":30,"speed_pm_rain_kmh":26,"speed_source":"synthetic_grade_default","lanes":4,"lanes_source":"Synthetic_by_grade","oneway":false,"oneway_source":"default","bridge":false,"tunnel":false,"layer":0,"layer_source":"default_ground","access":"","surface":"","service":"","topology_source":"LBS-Master_roads_gcj_clip","impedance_synthetic":true,"routable":true,"fallback_clip":true},"geometry":{"type":"LineString","coordinates":[[121.916492,30.89702],[121.916497,30.896933],[121.916517,30.896445],[121.916652,30.895366],[121.91671,30.894884],[121.916781,30.894444],[121.916793,30.894302]]}},{"type":"Feature","properties":{"osm_id":1219937552,"name":"申港大道","ref":"","highway":"primary","road_grade":"R2","maxspeed_raw":null,"speed_base_kmh":52,"speed_pm_kmh":30,"speed_pm_rain_kmh":26,"speed_source":"synthetic_grade_default","lanes":4,"lanes_source":"Synthetic_by_grade","oneway":false,"oneway_source":"default","bridge":false,"tunnel":false,"layer":0,"layer_source":"default_ground","access":"","surface":"","service":"","topology_source":"LBS-Master_roads_gcj_clip","impedance_synthetic":true,"routable":true,"fallback_clip":true},"geometry":{"type":"LineString","coordinates":[[121.921993,30.897629],[121.919118,30.897638],[121.918527,30.897633]]}},{"type":"Feature","properties":{"osm_id":1219937553,"name":"环湖西二路","ref":"","highway":"secondary","road_grade":"R3","maxspeed_raw":null,"speed_base_kmh":42,"speed_pm_kmh":27,"speed_pm_rain_kmh":24,"speed_source":"synthetic_grade_default","lanes":3,"lanes_source":"Synthetic_by_grade","oneway":false,"oneway_source":"default","bridge":false,"tunnel":false,"layer":0,"layer_source":"default_ground","access":"","surface":"","service":"","topology_source":"LBS-Master_roads_gcj_clip","impedance_synthetic":true,"routable":true,"fallback_clip":true},"geometry":{"type":"LineString","coordinates":[[121.921993,30.897629],[121.921993,30.89731],[121.922056,30.896847],[121.922107,30.896189],[121.922187,30.89545],[121.922233,30.895023],[121.922294,30.894702],[121.922447,30.893905],[121.922497,30.893734],[121.922679,30.893108],[121.922904,30.892482],[121.923065,30.892058],[121.923247,30.891653],[121.923331,30.891447]]}},{"type":"Feature","properties":{"osm_id":1219937554,"name":"环湖西二路","ref":"","highway":"secondary","road_grade":"R3","maxspeed_raw":null,"speed_base_kmh":42,"speed_pm_kmh":27,"speed_pm_rain_kmh":24,"speed_source":"synthetic_grade_default","lanes":3,"lanes_source":"Synthetic_by_grade","oneway":false,"oneway_source":"default","bridge":false,"tunnel":false,"layer":0,"layer_source":"default_ground","access":"","surface":"","service":"","topology_source":"LBS-Master_roads_gcj_clip","impedance_synthetic":true,"routable":true,"fallback_clip":true},"geometry":{"type":"LineString","coordinates":[[121.923497,30.891527],[121.923439,30.891676],[121.9231,30.892607],[121.922957,30.893035],[121.922841,30.893385],[121.922675,30.893955],[121.922525,30.894573],[121.922398,30.895304],[121.922367,30.895587],[121.922332,30.896059],[121.922303,30.896534],[121.922278,30.897032],[121.922239,30.897308]]}},{"type":"Feature","properties":{"osm_id":1219937555,"name":"申港大道","ref":"","highway":"primary","road_grade":"R2","maxspeed_raw":null,"speed_base_kmh":52,"speed_pm_kmh":30,"speed_pm_rain_kmh":26,"speed_source":"synthetic_grade_default","lanes":4,"lanes_source":"Synthetic_by_grade","oneway":false,"oneway_source":"default","bridge":false,"tunnel":false,"layer":0,"layer_source":"default_ground","access":"","surface":"","service":"","topology_source":"LBS-Master_roads_gcj_clip","impedance_synthetic":true,"routable":true,"fallback_clip":true},"geometry":{"type":"LineString","coordinates":[[121.91252,30.897343],[121.915207,30.897312]]}},{"type":"Feature","properties":{"osm_id":1223728942,"name":"","ref":"","highway":"secondary","road_grade":"R3","maxspeed_raw":null,"speed_base_kmh":42,"speed_pm_kmh":27,"speed_pm_rain_kmh":24,"speed_source":"synthetic_grade_default","lanes":3,"lanes_source":"Synthetic_by_grade","oneway":false,"oneway_source":"default","bridge":false,"tunnel":false,"layer":0,"layer_source":"default_ground","access":"","surface":"","service":"","topology_source":"LBS-Master_roads_gcj_clip","impedance_synthetic":true,"routable":true,"fallback_clip":true},"geometry":{"type":"LineString","coordinates":[[121.919342,30.906737],[121.919155,30.906914],[121.918859,30.907041],[121.918465,30.907212],[121.917988,30.907408]]}},{"type":"Feature","properties":{"osm_id":1223728943,"name":"环湖西三路","ref":"","highway":"primary","road_grade":"R2","maxspeed_raw":null,"speed_base_kmh":52,"speed_pm_kmh":30,"speed_pm_rain_kmh":26,"speed_source":"synthetic_grade_default","lanes":4,"lanes_source":"Synthetic_by_grade","oneway":false,"oneway_source":"default","bridge":false,"tunnel":false,"layer":0,"layer_source":"default_ground","access":"","surface":"","service":"","topology_source":"LBS-Master_roads_gcj_clip","impedance_synthetic":true,"routable":true,"fallback_clip":true},"geometry":{"type":"LineString","coordinates":[[121.921269,30.909833],[121.921076,30.909601],[121.920524,30.908897],[121.919986,30.908203],[121.919568,30.907579],[121.919315,30.907156],[121.919155,30.906914],[121.919055,30.906743]]}},{"type":"Feature","properties":{"osm_id":1223728944,"name":"银飞路","ref":"","highway":"tertiary","road_grade":"R4","maxspeed_raw":null,"speed_base_kmh":32,"speed_pm_kmh":24,"speed_pm_rain_kmh":21,"speed_source":"synthetic_grade_default","lanes":2,"lanes_source":"Synthetic_by_grade","oneway":false,"oneway_source":"default","bridge":false,"tunnel":false,"layer":0,"layer_source":"default_ground","access":"","surface":"","service":"","topology_source":"LBS-Master_roads_gcj_clip","impedance_synthetic":true,"routable":true,"fallback_clip":true},"geometry":{"type":"LineString","coordinates":[[121.902509,30.914138],[121.902587,30.914184],[121.902758,30.914326],[121.902804,30.914365],[121.903046,30.914568]]}},{"type":"Feature","properties":{"osm_id":1223728999,"name":"银飞路","ref":"","highway":"tertiary","road_grade":"R4","maxspeed_raw":null,"speed_base_kmh":32,"speed_pm_kmh":24,"speed_pm_rain_kmh":21,"speed_source":"synthetic_grade_default","lanes":2,"lanes_source":"Synthetic_by_grade","oneway":false,"oneway_source":"default","bridge":false,"tunnel":false,"layer":0,"layer_source":"default_ground","access":"","surface":"","service":"","topology_source":"LBS-Master_roads_gcj_clip","impedance_synthetic":true,"routable":true,"fallback_clip":true},"geometry":{"type":"LineString","coordinates":[[121.900086,30.914016],[121.90018,30.913976],[121.900287,30.91393],[121.900568,30.913855],[121.90071,30.913818],[121.901141,30.913769],[121.901514,30.913783],[121.90186,30.913852],[121.902238,30.913978],[121.902278,30.914002],[121.902509,30.914138]]}},{"type":"Feature","properties":{"osm_id":1225236915,"name":"","ref":"","highway":"secondary","road_grade":"R3","maxspeed_raw":null,"speed_base_kmh":42,"speed_pm_kmh":27,"speed_pm_rain_kmh":24,"speed_source":"synthetic_grade_default","lanes":3,"lanes_source":"Synthetic_by_grade","oneway":false,"oneway_source":"default","bridge":false,"tunnel":false,"layer":0,"layer_source":"default_ground","access":"","surface":"","service":"","topology_source":"LBS-Master_roads_gcj_clip","impedance_synthetic":true,"routable":true,"fallback_clip":true},"geometry":{"type":"LineString","coordinates":[[121.877439,30.873839],[121.87767,30.874041]]}},{"type":"Feature","properties":{"osm_id":1225236916,"name":"同顺大道","ref":"","highway":"secondary","road_grade":"R3","maxspeed_raw":null,"speed_base_kmh":42,"speed_pm_kmh":27,"speed_pm_rain_kmh":24,"speed_source":"synthetic_grade_default","lanes":3,"lanes_source":"Synthetic_by_grade","oneway":false,"oneway_source":"default","bridge":false,"tunnel":false,"layer":0,"layer_source":"default_ground","access":"","surface":"","service":"","topology_source":"LBS-Master_roads_gcj_clip","impedance_synthetic":true,"routable":true,"fallback_clip":true},"geometry":{"type":"LineString","coordinates":[[121.87767,30.874041],[121.877396,30.874304]]}},{"type":"Feature","properties":{"osm_id":1225236917,"name":"同顺大道","ref":"","highway":"secondary","road_grade":"R3","maxspeed_raw":null,"speed_base_kmh":42,"speed_pm_kmh":27,"speed_pm_rain_kmh":24,"speed_source":"synthetic_grade_default","lanes":3,"lanes_source":"Synthetic_by_grade","oneway":false,"oneway_source":"default","bridge":false,"tunnel":false,"layer":0,"layer_source":"default_ground","access":"","surface":"","service":"","topology_source":"LBS-Master_roads_gcj_clip","impedance_synthetic":true,"routable":true,"fallback_clip":true},"geometry":{"type":"LineString","coordinates":[[121.895527,30.858488],[121.895341,30.858641]]}},{"type":"Feature","properties":{"osm_id":1225236918,"name":"","ref":"","highway":"secondary","road_grade":"R3","maxspeed_raw":null,"speed_base_kmh":42,"speed_pm_kmh":27,"speed_pm_rain_kmh":24,"speed_source":"synthetic_grade_default","lanes":3,"lanes_source":"Synthetic_by_grade","oneway":false,"oneway_source":"default","bridge":false,"tunnel":false,"layer":0,"layer_source":"default_ground","access":"","surface":"","service":"","topology_source":"LBS-Master_roads_gcj_clip","impedance_synthetic":true,"routable":true,"fallback_clip":true},"geometry":{"type":"LineString","coordinates":[[121.897834,30.860718],[121.896577,30.859645],[121.896355,30.859493],[121.895514,30.858798],[121.895341,30.858641]]}},{"type":"Feature","properties":{"osm_id":1225236919,"name":"东海大桥","ref":"","highway":"motorway","road_grade":"R1","maxspeed_raw":null,"speed_base_kmh":78,"speed_pm_kmh":56,"speed_pm_rain_kmh":49,"speed_source":"synthetic_grade_default","lanes":4,"lanes_source":"Synthetic_by_grade","oneway":false,"oneway_source":"default","bridge":false,"tunnel":false,"layer":0,"layer_source":"default_ground","access":"","surface":"","service":"","topology_source":"LBS-Master_roads_gcj_clip","impedance_synthetic":true,"routable":true,"fallback_clip":true},"geometry":{"type":"LineString","coordinates":[[121.907285,30.860957],[121.894348,30.872243]]}},{"type":"Feature","properties":{"osm_id":1225236935,"name":"东海大桥","ref":"","highway":"motorway","road_grade":"R1","maxspeed_raw":null,"speed_base_kmh":78,"speed_pm_kmh":56,"speed_pm_rain_kmh":49,"speed_source":"synthetic_grade_default","lanes":4,"lanes_source":"Synthetic_by_grade","oneway":false,"oneway_source":"default","bridge":false,"tunnel":false,"layer":0,"layer_source":"default_ground","access":"","surface":"","service":"","topology_source":"LBS-Master_roads_gcj_clip","impedance_synthetic":true,"routable":true,"fallback_clip":true},"geometry":{"type":"LineString","coordinates":[[121.894234,30.872158],[121.907217,30.860841],[121.911777,30.856855]]}},{"type":"Feature","properties":{"osm_id":1225236939,"name":"","ref":"","highway":"secondary","road_grade":"R3","maxspeed_raw":null,"speed_base_kmh":42,"speed_pm_kmh":27,"speed_pm_rain_kmh":24,"speed_source":"synthetic_grade_default","lanes":3,"lanes_source":"Synthetic_by_grade","oneway":false,"oneway_source":"default","bridge":false,"tunnel":false,"layer":0,"layer_source":"default_ground","access":"","surface":"","service":"","topology_source":"LBS-Master_roads_gcj_clip","impedance_synthetic":true,"routable":true,"fallback_clip":true},"geometry":{"type":"LineString","coordinates":[[121.895527,30.858488],[121.895702,30.858635],[121.896342,30.859171],[121.896477,30.859308],[121.898042,30.860566]]}},{"type":"Feature","properties":{"osm_id":1225236940,"name":"同顺大道","ref":"","highway":"secondary","road_grade":"R3","maxspeed_raw":null,"speed_base_kmh":42,"speed_pm_kmh":27,"speed_pm_rain_kmh":24,"speed_source":"synthetic_grade_default","lanes":3,"lanes_source":"Synthetic_by_grade","oneway":false,"oneway_source":"default","bridge":false,"tunnel":false,"layer":0,"layer_source":"default_ground","access":"","surface":"","service":"","topology_source":"LBS-Master_roads_gcj_clip","impedance_synthetic":true,"routable":true,"fallback_clip":true},"geometry":{"type":"LineString","coordinates":[[121.877206,30.874127],[121.877439,30.873839]]}},{"type":"Feature","properties":{"osm_id":1225236941,"name":"","ref":"","highway":"secondary","road_grade":"R3","maxspeed_raw":null,"speed_base_kmh":42,"speed_pm_kmh":27,"speed_pm_rain_kmh":24,"speed_source":"synthetic_grade_default","lanes":3,"lanes_source":"Synthetic_by_grade","oneway":false,"oneway_source":"default","bridge":false,"tunnel":false,"layer":0,"layer_source":"default_ground","access":"","surface":"","service":"","topology_source":"LBS-Master_roads_gcj_clip","impedance_synthetic":true,"routable":true,"fallback_clip":true},"geometry":{"type":"LineString","coordinates":[[121.877396,30.874304],[121.877206,30.874127]]}},{"type":"Feature","properties":{"osm_id":1225236942,"name":"橄榄路","ref":"","highway":"secondary","road_grade":"R3","maxspeed_raw":null,"speed_base_kmh":42,"speed_pm_kmh":27,"speed_pm_rain_kmh":24,"speed_source":"synthetic_grade_default","lanes":3,"lanes_source":"Synthetic_by_grade","oneway":false,"oneway_source":"default","bridge":false,"tunnel":false,"layer":0,"layer_source":"default_ground","access":"","surface":"","service":"","topology_source":"LBS-Master_roads_gcj_clip","impedance_synthetic":true,"routable":true,"fallback_clip":true},"geometry":{"type":"LineString","coordinates":[[121.917999,30.890843],[121.917729,30.89087]]}},{"type":"Feature","properties":{"osm_id":1225236943,"name":"环湖西三路","ref":"","highway":"primary","road_grade":"R2","maxspeed_raw":null,"speed_base_kmh":52,"speed_pm_kmh":30,"speed_pm_rain_kmh":26,"speed_source":"synthetic_grade_default","lanes":4,"lanes_source":"Synthetic_by_grade","oneway":false,"oneway_source":"default","bridge":false,"tunnel":false,"layer":0,"layer_source":"default_ground","access":"","surface":"","service":"","topology_source":"LBS-Master_roads_gcj_clip","impedance_synthetic":true,"routable":true,"fallback_clip":true},"geometry":{"type":"LineString","coordinates":[[121.917729,30.89087],[121.917803,30.890679]]}},{"type":"Feature","properties":{"osm_id":1225236944,"name":"申港大道","ref":"","highway":"primary","road_grade":"R2","maxspeed_raw":null,"speed_base_kmh":52,"speed_pm_kmh":30,"speed_pm_rain_kmh":26,"speed_source":"synthetic_grade_default","lanes":4,"lanes_source":"Synthetic_by_grade","oneway":false,"oneway_source":"default","bridge":false,"tunnel":false,"layer":0,"layer_source":"default_ground","access":"","surface":"","service":"","topology_source":"LBS-Master_roads_gcj_clip","impedance_synthetic":true,"routable":true,"fallback_clip":true},"geometry":{"type":"LineString","coordinates":[[121.906787,30.897693],[121.906599,30.897686]]}},{"type":"Feature","properties":{"osm_id":1258274951,"name":"老芦公路","ref":"X353","highway":"tertiary","road_grade":"R4","maxspeed_raw":null,"speed_base_kmh":32,"speed_pm_kmh":24,"speed_pm_rain_kmh":21,"speed_source":"synthetic_grade_default","lanes":2,"lanes_source":"Synthetic_by_grade","oneway":false,"oneway_source":"default","bridge":false,"tunnel":false,"layer":0,"layer_source":"default_ground","access":"","surface":"","service":"","topology_source":"LBS-Master_roads_gcj_clip","impedance_synthetic":true,"routable":true,"fallback_clip":true},"geometry":{"type":"LineString","coordinates":[[121.866053,30.939008],[121.866061,30.938884],[121.866173,30.938065],[121.866217,30.937582],[121.866221,30.93753]]}},{"type":"Feature","properties":{"osm_id":1258274952,"name":"老芦公路","ref":"X353","highway":"tertiary","road_grade":"R4","maxspeed_raw":null,"speed_base_kmh":32,"speed_pm_kmh":24,"speed_pm_rain_kmh":21,"speed_source":"synthetic_grade_default","lanes":2,"lanes_source":"Synthetic_by_grade","oneway":false,"oneway_source":"default","bridge":false,"tunnel":false,"layer":0,"layer_source":"default_ground","access":"","surface":"","service":"","topology_source":"LBS-Master_roads_gcj_clip","impedance_synthetic":true,"routable":true,"fallback_clip":true},"geometry":{"type":"LineString","coordinates":[[121.86604,30.939144],[121.866053,30.939008]]}},{"type":"Feature","properties":{"osm_id":1258743837,"name":"环湖北三路","ref":"","highway":"primary","road_grade":"R2","maxspeed_raw":null,"speed_base_kmh":52,"speed_pm_kmh":30,"speed_pm_rain_kmh":26,"speed_source":"synthetic_grade_default","lanes":4,"lanes_source":"Synthetic_by_grade","oneway":false,"oneway_source":"default","bridge":false,"tunnel":false,"layer":0,"layer_source":"default_ground","access":"","surface":"","service":"","topology_source":"LBS-Master_roads_gcj_clip","impedance_synthetic":true,"routable":true,"fallback_clip":true},"geometry":{"type":"LineString","coordinates":[[121.930005,30.916201],[121.928934,30.915675],[121.927801,30.915114],[121.926546,30.914394]]}},{"type":"Feature","properties":{"osm_id":1258743838,"name":"云皓路","ref":"","highway":"tertiary","road_grade":"R4","maxspeed_raw":null,"speed_base_kmh":32,"speed_pm_kmh":24,"speed_pm_rain_kmh":21,"speed_source":"synthetic_grade_default","lanes":2,"lanes_source":"Synthetic_by_grade","oneway":false,"oneway_source":"default","bridge":false,"tunnel":false,"layer":0,"layer_source":"default_ground","access":"","surface":"","service":"","topology_source":"LBS-Master_roads_gcj_clip","impedance_synthetic":true,"routable":true,"fallback_clip":true},"geometry":{"type":"LineString","coordinates":[[121.919088,30.92091],[121.919184,30.92081]]}},{"type":"Feature","properties":{"osm_id":1258743839,"name":"铃兰路","ref":"","highway":"secondary","road_grade":"R3","maxspeed_raw":null,"speed_base_kmh":42,"speed_pm_kmh":27,"speed_pm_rain_kmh":24,"speed_source":"synthetic_grade_default","lanes":3,"lanes_source":"Synthetic_by_grade","oneway":false,"oneway_source":"default","bridge":false,"tunnel":false,"layer":0,"layer_source":"default_ground","access":"","surface":"","service":"","topology_source":"LBS-Master_roads_gcj_clip","impedance_synthetic":true,"routable":true,"fallback_clip":true},"geometry":{"type":"LineString","coordinates":[[121.919184,30.92081],[121.920649,30.922071],[121.922859,30.92394]]}},{"type":"Feature","properties":{"osm_id":1258743840,"name":"铃兰路","ref":"","highway":"secondary","road_grade":"R3","maxspeed_raw":null,"speed_base_kmh":42,"speed_pm_kmh":27,"speed_pm_rain_kmh":24,"speed_source":"synthetic_grade_default","lanes":3,"lanes_source":"Synthetic_by_grade","oneway":false,"oneway_source":"default","bridge":false,"tunnel":false,"layer":0,"layer_source":"default_ground","access":"","surface":"","service":"","topology_source":"LBS-Master_roads_gcj_clip","impedance_synthetic":true,"routable":true,"fallback_clip":true},"geometry":{"type":"LineString","coordinates":[[121.913843,30.916235],[121.913994,30.916353],[121.915079,30.917292],[121.91552,30.917673],[121.915791,30.917883],[121.91613,30.918168],[121.916412,30.918405]]}},{"type":"Feature","properties":{"osm_id":1258743842,"name":"橄榄路","ref":"","highway":"secondary","road_grade":"R3","maxspeed_raw":null,"speed_base_kmh":42,"speed_pm_kmh":27,"speed_pm_rain_kmh":24,"speed_source":"synthetic_grade_default","lanes":3,"lanes_source":"Synthetic_by_grade","oneway":false,"oneway_source":"default","bridge":false,"tunnel":false,"layer":0,"layer_source":"default_ground","access":"","surface":"","service":"","topology_source":"LBS-Master_roads_gcj_clip","impedance_synthetic":true,"routable":true,"fallback_clip":true},"geometry":{"type":"LineString","coordinates":[[121.917729,30.89087],[121.917488,30.890799],[121.917082,30.89068],[121.916965,30.890646],[121.916629,30.890539],[121.916476,30.890495]]}},{"type":"Feature","properties":{"osm_id":1258743843,"name":"铃兰路","ref":"","highway":"secondary","road_grade":"R3","maxspeed_raw":null,"speed_base_kmh":42,"speed_pm_kmh":27,"speed_pm_rain_kmh":24,"speed_source":"synthetic_grade_default","lanes":3,"lanes_source":"Synthetic_by_grade","oneway":false,"oneway_source":"default","bridge":false,"tunnel":false,"layer":0,"layer_source":"default_ground","access":"","surface":"","service":"","topology_source":"LBS-Master_roads_gcj_clip","impedance_synthetic":true,"routable":true,"fallback_clip":true},"geometry":{"type":"LineString","coordinates":[[121.919088,30.92091],[121.91896,30.920799],[121.91892,30.920765],[121.917371,30.91944],[121.917204,30.91932],[121.916658,30.918854],[121.916543,30.918752]]}},{"type":"Feature","properties":{"osm_id":1258743844,"name":"","ref":"","highway":"tertiary","road_grade":"R4","maxspeed_raw":null,"speed_base_kmh":32,"speed_pm_kmh":24,"speed_pm_rain_kmh":21,"speed_source":"synthetic_grade_default","lanes":2,"lanes_source":"Synthetic_by_grade","oneway":false,"oneway_source":"default","bridge":false,"tunnel":false,"layer":0,"layer_source":"default_ground","access":"","surface":"","service":"","topology_source":"LBS-Master_roads_gcj_clip","impedance_synthetic":true,"routable":true,"fallback_clip":true},"geometry":{"type":"LineString","coordinates":[[121.926546,30.914394],[121.925673,30.915186]]}},{"type":"Feature","properties":{"osm_id":1258743845,"name":"雪绒花路","ref":"","highway":"tertiary","road_grade":"R4","maxspeed_raw":null,"speed_base_kmh":32,"speed_pm_kmh":24,"speed_pm_rain_kmh":21,"speed_source":"synthetic_grade_default","lanes":2,"lanes_source":"Synthetic_by_grade","oneway":false,"oneway_source":"default","bridge":false,"tunnel":false,"layer":0,"layer_source":"default_ground","access":"","surface":"","service":"","topology_source":"LBS-Master_roads_gcj_clip","impedance_synthetic":true,"routable":true,"fallback_clip":true},"geometry":{"type":"LineString","coordinates":[[121.925673,30.915186],[121.9249,30.914698],[121.923382,30.913618],[121.922929,30.913192]]}},{"type":"Feature","properties":{"osm_id":1258743846,"name":"临港大道","ref":"","highway":"primary","road_grade":"R2","maxspeed_raw":null,"speed_base_kmh":52,"speed_pm_kmh":30,"speed_pm_rain_kmh":26,"speed_source":"synthetic_grade_default","lanes":4,"lanes_source":"Synthetic_by_grade","oneway":false,"oneway_source":"default","bridge":false,"tunnel":false,"layer":0,"layer_source":"default_ground","access":"","surface":"","service":"","topology_source":"LBS-Master_roads_gcj_clip","impedance_synthetic":true,"routable":true,"fallback_clip":true},"geometry":{"type":"LineString","coordinates":[[121.922929,30.913192],[121.922513,30.913551],[121.919543,30.916112]]}},{"type":"Feature","properties":{"osm_id":1258958536,"name":"","ref":"","highway":"secondary","road_grade":"R3","maxspeed_raw":null,"speed_base_kmh":42,"speed_pm_kmh":27,"speed_pm_rain_kmh":24,"speed_source":"synthetic_grade_default","lanes":3,"lanes_source":"Synthetic_by_grade","oneway":false,"oneway_source":"default","bridge":false,"tunnel":false,"layer":0,"layer_source":"default_ground","access":"","surface":"","service":"","topology_source":"LBS-Master_roads_gcj_clip","impedance_synthetic":true,"routable":true,"fallback_clip":true},"geometry":{"type":"LineString","coordinates":[[121.870569,30.867954],[121.874387,30.871233],[121.874637,30.871459]]}},{"type":"Feature","properties":{"osm_id":1258958537,"name":"","ref":"","highway":"tertiary","road_grade":"R4","maxspeed_raw":null,"speed_base_kmh":32,"speed_pm_kmh":24,"speed_pm_rain_kmh":21,"speed_source":"synthetic_grade_default","lanes":2,"lanes_source":"Synthetic_by_grade","oneway":false,"oneway_source":"default","bridge":false,"tunnel":false,"layer":0,"layer_source":"default_ground","access":"","surface":"","service":"","topology_source":"LBS-Master_roads_gcj_clip","impedance_synthetic":true,"routable":true,"fallback_clip":true},"geometry":{"type":"LineString","coordinates":[[121.869393,30.87591],[121.869576,30.875734],[121.870142,30.875243]]}},{"type":"Feature","properties":{"osm_id":1258958538,"name":"江山路","ref":"","highway":"secondary","road_grade":"R3","maxspeed_raw":null,"speed_base_kmh":42,"speed_pm_kmh":27,"speed_pm_rain_kmh":24,"speed_source":"synthetic_grade_default","lanes":3,"lanes_source":"Synthetic_by_grade","oneway":false,"oneway_source":"default","bridge":false,"tunnel":false,"layer":0,"layer_source":"default_ground","access":"","surface":"","service":"","topology_source":"LBS-Master_roads_gcj_clip","impedance_synthetic":true,"routable":true,"fallback_clip":true},"geometry":{"type":"LineString","coordinates":[[121.864592,30.871766],[121.865922,30.872933],[121.869203,30.875747],[121.869393,30.87591]]}},{"type":"Feature","properties":{"osm_id":1258958539,"name":"江山路","ref":"","highway":"secondary","road_grade":"R3","maxspeed_raw":null,"speed_base_kmh":42,"speed_pm_kmh":27,"speed_pm_rain_kmh":24,"speed_source":"synthetic_grade_default","lanes":3,"lanes_source":"Synthetic_by_grade","oneway":false,"oneway_source":"default","bridge":false,"tunnel":false,"layer":0,"layer_source":"default_ground","access":"","surface":"","service":"","topology_source":"LBS-Master_roads_gcj_clip","impedance_synthetic":true,"routable":true,"fallback_clip":true},"geometry":{"type":"LineString","coordinates":[[121.86011,30.869766],[121.86045,30.869814],[121.861107,30.869945]]}},{"type":"Feature","properties":{"osm_id":1258958548,"name":"江山路","ref":"","highway":"secondary","road_grade":"R3","maxspeed_raw":null,"speed_base_kmh":42,"speed_pm_kmh":27,"speed_pm_rain_kmh":24,"speed_source":"synthetic_grade_default","lanes":3,"lanes_source":"Synthetic_by_grade","oneway":false,"oneway_source":"default","bridge":false,"tunnel":false,"layer":0,"layer_source":"default_ground","access":"","surface":"","service":"","topology_source":"LBS-Master_roads_gcj_clip","impedance_synthetic":true,"routable":true,"fallback_clip":true},"geometry":{"type":"LineString","coordinates":[[121.861085,30.870151],[121.860407,30.869999],[121.860079,30.869952]]}},{"type":"Feature","properties":{"osm_id":1258958549,"name":"江山路","ref":"","highway":"secondary","road_grade":"R3","maxspeed_raw":null,"speed_base_kmh":42,"speed_pm_kmh":27,"speed_pm_rain_kmh":24,"speed_source":"synthetic_grade_default","lanes":3,"lanes_source":"Synthetic_by_grade","oneway":false,"oneway_source":"default","bridge":false,"tunnel":false,"layer":0,"layer_source":"default_ground","access":"","surface":"","service":"","topology_source":"LBS-Master_roads_gcj_clip","impedance_synthetic":true,"routable":true,"fallback_clip":true},"geometry":{"type":"LineString","coordinates":[[121.87174,30.879236],[121.87158,30.879045],[121.871501,30.878949],[121.871424,30.878855],[121.869522,30.876383],[121.869342,30.876155]]}},{"type":"Feature","properties":{"osm_id":1258958550,"name":"","ref":"","highway":"tertiary","road_grade":"R4","maxspeed_raw":null,"speed_base_kmh":32,"speed_pm_kmh":24,"speed_pm_rain_kmh":21,"speed_source":"synthetic_grade_default","lanes":2,"lanes_source":"Synthetic_by_grade","oneway":false,"oneway_source":"default","bridge":false,"tunnel":false,"layer":0,"layer_source":"default_ground","access":"","surface":"","service":"","topology_source":"LBS-Master_roads_gcj_clip","impedance_synthetic":true,"routable":true,"fallback_clip":true},"geometry":{"type":"LineString","coordinates":[[121.87024,30.875325],[121.870085,30.875443],[121.869681,30.875805],[121.869495,30.876013],[121.869342,30.876155]]}},{"type":"Feature","properties":{"osm_id":1258958551,"name":"","ref":"","highway":"secondary","road_grade":"R3","maxspeed_raw":null,"speed_base_kmh":42,"speed_pm_kmh":27,"speed_pm_rain_kmh":24,"speed_source":"synthetic_grade_default","lanes":3,"lanes_source":"Synthetic_by_grade","oneway":false,"oneway_source":"default","bridge":false,"tunnel":false,"layer":0,"layer_source":"default_ground","access":"","surface":"","service":"","topology_source":"LBS-Master_roads_gcj_clip","impedance_synthetic":true,"routable":true,"fallback_clip":true},"geometry":{"type":"LineString","coordinates":[[121.87437,30.871691],[121.874114,30.871467],[121.873225,30.870682],[121.871107,30.868868],[121.870866,30.868709],[121.870267,30.868184]]}},{"type":"Feature","properties":{"osm_id":1259058710,"name":"老芦公路","ref":"X353","highway":"tertiary","road_grade":"R4","maxspeed_raw":null,"speed_base_kmh":32,"speed_pm_kmh":24,"speed_pm_rain_kmh":21,"speed_source":"synthetic_grade_default","lanes":2,"lanes_source":"Synthetic_by_grade","oneway":false,"oneway_source":"default","bridge":false,"tunnel":false,"layer":0,"layer_source":"default_ground","access":"","surface":"","service":"","topology_source":"LBS-Master_roads_gcj_clip","impedance_synthetic":true,"routable":true,"fallback_clip":true},"geometry":{"type":"LineString","coordinates":[[121.859209,30.905132],[121.859171,30.905048],[121.858826,30.904306],[121.857919,30.902432],[121.857164,30.900765],[121.856942,30.900332],[121.856859,30.900173]]}},{"type":"Feature","properties":{"osm_id":1259058711,"name":"老芦公路","ref":"X353","highway":"tertiary","road_grade":"R4","maxspeed_raw":null,"speed_base_kmh":32,"speed_pm_kmh":24,"speed_pm_rain_kmh":21,"speed_source":"synthetic_grade_default","lanes":2,"lanes_source":"Synthetic_by_grade","oneway":false,"oneway_source":"default","bridge":false,"tunnel":false,"layer":0,"layer_source":"default_ground","access":"","surface":"","service":"","topology_source":"LBS-Master_roads_gcj_clip","impedance_synthetic":true,"routable":true,"fallback_clip":true},"geometry":{"type":"LineString","coordinates":[[121.85927,30.905254],[121.859209,30.905132]]}},{"type":"Feature","properties":{"osm_id":1259058717,"name":"","ref":"","highway":"motorway_link","road_grade":"R1","maxspeed_raw":null,"speed_base_kmh":78,"speed_pm_kmh":56,"speed_pm_rain_kmh":49,"speed_source":"synthetic_grade_default","lanes":4,"lanes_source":"Synthetic_by_grade","oneway":false,"oneway_source":"default","bridge":false,"tunnel":false,"layer":0,"layer_source":"default_ground","access":"","surface":"","service":"","topology_source":"LBS-Master_roads_gcj_clip","impedance_synthetic":true,"routable":true,"fallback_clip":true},"geometry":{"type":"LineString","coordinates":[[121.880937,30.897518],[121.883094,30.897342],[121.883476,30.897342]]}},{"type":"Feature","properties":{"osm_id":1259058718,"name":"","ref":"","highway":"motorway_link","road_grade":"R1","maxspeed_raw":null,"speed_base_kmh":78,"speed_pm_kmh":56,"speed_pm_rain_kmh":49,"speed_source":"synthetic_grade_default","lanes":4,"lanes_source":"Synthetic_by_grade","oneway":false,"oneway_source":"default","bridge":false,"tunnel":false,"layer":0,"layer_source":"default_ground","access":"","surface":"","service":"","topology_source":"LBS-Master_roads_gcj_clip","impedance_synthetic":true,"routable":true,"fallback_clip":true},"geometry":{"type":"LineString","coordinates":[[121.883476,30.897342],[121.884195,30.897346]]}},{"type":"Feature","properties":{"osm_id":1259058719,"name":"","ref":"","highway":"motorway_link","road_grade":"R1","maxspeed_raw":null,"speed_base_kmh":78,"speed_pm_kmh":56,"speed_pm_rain_kmh":49,"speed_source":"synthetic_grade_default","lanes":4,"lanes_source":"Synthetic_by_grade","oneway":false,"oneway_source":"default","bridge":false,"tunnel":false,"layer":0,"layer_source":"default_ground","access":"","surface":"","service":"","topology_source":"LBS-Master_roads_gcj_clip","impedance_synthetic":true,"routable":true,"fallback_clip":true},"geometry":{"type":"LineString","coordinates":[[121.883721,30.897792],[121.881778,30.897786],[121.881671,30.897783],[121.880715,30.897714]]}},{"type":"Feature","properties":{"osm_id":1259058720,"name":"","ref":"","highway":"motorway_link","road_grade":"R1","maxspeed_raw":null,"speed_base_kmh":78,"speed_pm_kmh":56,"speed_pm_rain_kmh":49,"speed_source":"synthetic_grade_default","lanes":4,"lanes_source":"Synthetic_by_grade","oneway":false,"oneway_source":"default","bridge":false,"tunnel":false,"layer":0,"layer_source":"default_ground","access":"","surface":"","service":"","topology_source":"LBS-Master_roads_gcj_clip","impedance_synthetic":true,"routable":true,"fallback_clip":true},"geometry":{"type":"LineString","coordinates":[[121.884428,30.897788],[121.883721,30.897792]]}},{"type":"Feature","properties":{"osm_id":1259058721,"name":"申港大道","ref":"","highway":"primary","road_grade":"R2","maxspeed_raw":null,"speed_base_kmh":52,"speed_pm_kmh":30,"speed_pm_rain_kmh":26,"speed_source":"synthetic_grade_default","lanes":4,"lanes_source":"Synthetic_by_grade","oneway":false,"oneway_source":"default","bridge":false,"tunnel":false,"layer":0,"layer_source":"default_ground","access":"","surface":"","service":"","topology_source":"LBS-Master_roads_gcj_clip","impedance_synthetic":true,"routable":true,"fallback_clip":true},"geometry":{"type":"LineString","coordinates":[[121.894907,30.897658],[121.893947,30.897733],[121.892941,30.897811],[121.892415,30.897812],[121.892199,30.897815]]}},{"type":"Feature","properties":{"osm_id":1259058722,"name":"申港大道","ref":"","highway":"primary","road_grade":"R2","maxspeed_raw":null,"speed_base_kmh":52,"speed_pm_kmh":30,"speed_pm_rain_kmh":26,"speed_source":"synthetic_grade_default","lanes":4,"lanes_source":"Synthetic_by_grade","oneway":false,"oneway_source":"default","bridge":false,"tunnel":false,"layer":0,"layer_source":"default_ground","access":"","surface":"","service":"","topology_source":"LBS-Master_roads_gcj_clip","impedance_synthetic":true,"routable":true,"fallback_clip":true},"geometry":{"type":"LineString","coordinates":[[121.892199,30.897815],[121.891886,30.897821]]}},{"type":"Feature","properties":{"osm_id":1259058723,"name":"申港大道","ref":"","highway":"primary","road_grade":"R2","maxspeed_raw":null,"speed_base_kmh":52,"speed_pm_kmh":30,"speed_pm_rain_kmh":26,"speed_source":"synthetic_grade_default","lanes":4,"lanes_source":"Synthetic_by_grade","oneway":false,"oneway_source":"default","bridge":false,"tunnel":false,"layer":0,"layer_source":"default_ground","access":"","surface":"","service":"","topology_source":"LBS-Master_roads_gcj_clip","impedance_synthetic":true,"routable":true,"fallback_clip":true},"geometry":{"type":"LineString","coordinates":[[121.89205,30.897396],[121.892482,30.897409],[121.892857,30.897406],[121.893621,30.897494]]}},{"type":"Feature","properties":{"osm_id":1259058724,"name":"申港大道","ref":"","highway":"primary","road_grade":"R2","maxspeed_raw":null,"speed_base_kmh":52,"speed_pm_kmh":30,"speed_pm_rain_kmh":26,"speed_source":"synthetic_grade_default","lanes":4,"lanes_source":"Synthetic_by_grade","oneway":false,"oneway_source":"default","bridge":false,"tunnel":false,"layer":0,"layer_source":"default_ground","access":"","surface":"","service":"","topology_source":"LBS-Master_roads_gcj_clip","impedance_synthetic":true,"routable":true,"fallback_clip":true},"geometry":{"type":"LineString","coordinates":[[121.891724,30.897401],[121.89205,30.897396]]}},{"type":"Feature","properties":{"osm_id":1262223039,"name":"两港大道","ref":"S229","highway":"trunk","road_grade":"R1","maxspeed_raw":null,"speed_base_kmh":78,"speed_pm_kmh":56,"speed_pm_rain_kmh":49,"speed_source":"synthetic_grade_default","lanes":4,"lanes_source":"Synthetic_by_grade","oneway":false,"oneway_source":"default","bridge":false,"tunnel":false,"layer":0,"layer_source":"default_ground","access":"","surface":"","service":"","topology_source":"LBS-Master_roads_gcj_clip","impedance_synthetic":true,"routable":true,"fallback_clip":true},"geometry":{"type":"LineString","coordinates":[[121.888688,30.931988],[121.88883,30.933574],[121.888918,30.935116],[121.889033,30.936179]]}},{"type":"Feature","properties":{"osm_id":1262223040,"name":"两港大道","ref":"S229","highway":"trunk","road_grade":"R1","maxspeed_raw":null,"speed_base_kmh":78,"speed_pm_kmh":56,"speed_pm_rain_kmh":49,"speed_source":"synthetic_grade_default","lanes":4,"lanes_source":"Synthetic_by_grade","oneway":false,"oneway_source":"default","bridge":false,"tunnel":false,"layer":0,"layer_source":"default_ground","access":"","surface":"","service":"","topology_source":"LBS-Master_roads_gcj_clip","impedance_synthetic":true,"routable":true,"fallback_clip":true},"geometry":{"type":"LineString","coordinates":[[121.888653,30.931652],[121.888688,30.931988]]}},{"type":"Feature","properties":{"osm_id":1262223041,"name":"两港大道","ref":"S229","highway":"trunk","road_grade":"R1","maxspeed_raw":null,"speed_base_kmh":78,"speed_pm_kmh":56,"speed_pm_rain_kmh":49,"speed_source":"synthetic_grade_default","lanes":4,"lanes_source":"Synthetic_by_grade","oneway":false,"oneway_source":"default","bridge":false,"tunnel":false,"layer":0,"layer_source":"default_ground","access":"","surface":"","service":"","topology_source":"LBS-Master_roads_gcj_clip","impedance_synthetic":true,"routable":true,"fallback_clip":true},"geometry":{"type":"LineString","coordinates":[[121.888449,30.931702],[121.888328,30.930358],[121.888176,30.928753]]}},{"type":"Feature","properties":{"osm_id":1262223042,"name":"两港大道","ref":"S229","highway":"trunk","road_grade":"R1","maxspeed_raw":null,"speed_base_kmh":78,"speed_pm_kmh":56,"speed_pm_rain_kmh":49,"speed_source":"synthetic_grade_default","lanes":4,"lanes_source":"Synthetic_by_grade","oneway":false,"oneway_source":"default","bridge":false,"tunnel":false,"layer":0,"layer_source":"default_ground","access":"","surface":"","service":"","topology_source":"LBS-Master_roads_gcj_clip","impedance_synthetic":true,"routable":true,"fallback_clip":true},"geometry":{"type":"LineString","coordinates":[[121.888471,30.932029],[121.888449,30.931702]]}},{"type":"Feature","properties":{"osm_id":1262223043,"name":"两港大道","ref":"S229","highway":"trunk","road_grade":"R1","maxspeed_raw":null,"speed_base_kmh":78,"speed_pm_kmh":56,"speed_pm_rain_kmh":49,"speed_source":"synthetic_grade_default","lanes":4,"lanes_source":"Synthetic_by_grade","oneway":false,"oneway_source":"default","bridge":false,"tunnel":false,"layer":0,"layer_source":"default_ground","access":"","surface":"","service":"","topology_source":"LBS-Master_roads_gcj_clip","impedance_synthetic":true,"routable":true,"fallback_clip":true},"geometry":{"type":"LineString","coordinates":[[121.888176,30.928753],[121.888154,30.928493]]}},{"type":"Feature","properties":{"osm_id":1262223044,"name":"两港大道","ref":"S229","highway":"trunk","road_grade":"R1","maxspeed_raw":null,"speed_base_kmh":78,"speed_pm_kmh":56,"speed_pm_rain_kmh":49,"speed_source":"synthetic_grade_default","lanes":4,"lanes_source":"Synthetic_by_grade","oneway":false,"oneway_source":"default","bridge":false,"tunnel":false,"layer":0,"layer_source":"default_ground","access":"","surface":"","service":"","topology_source":"LBS-Master_roads_gcj_clip","impedance_synthetic":true,"routable":true,"fallback_clip":true},"geometry":{"type":"LineString","coordinates":[[121.888376,30.928751],[121.888441,30.929386],[121.888653,30.931652]]}},{"type":"Feature","properties":{"osm_id":1262223045,"name":"两港大道","ref":"S229","highway":"trunk","road_grade":"R1","maxspeed_raw":null,"speed_base_kmh":78,"speed_pm_kmh":56,"speed_pm_rain_kmh":49,"speed_source":"synthetic_grade_default","lanes":4,"lanes_source":"Synthetic_by_grade","oneway":false,"oneway_source":"default","bridge":false,"tunnel":false,"layer":0,"layer_source":"default_ground","access":"","surface":"","service":"","topology_source":"LBS-Master_roads_gcj_clip","impedance_synthetic":true,"routable":true,"fallback_clip":true},"geometry":{"type":"LineString","coordinates":[[121.88836,30.928468],[121.888376,30.928751]]}},{"type":"Feature","properties":{"osm_id":1262223046,"name":"两港大道","ref":"S229","highway":"trunk","road_grade":"R1","maxspeed_raw":null,"speed_base_kmh":78,"speed_pm_kmh":56,"speed_pm_rain_kmh":49,"speed_source":"synthetic_grade_default","lanes":4,"lanes_source":"Synthetic_by_grade","oneway":false,"oneway_source":"default","bridge":false,"tunnel":false,"layer":0,"layer_source":"default_ground","access":"","surface":"","service":"","topology_source":"LBS-Master_roads_gcj_clip","impedance_synthetic":true,"routable":true,"fallback_clip":true},"geometry":{"type":"LineString","coordinates":[[121.887755,30.923638],[121.887591,30.92185],[121.887538,30.921354]]}},{"type":"Feature","properties":{"osm_id":1262223047,"name":"两港大道","ref":"S229","highway":"trunk","road_grade":"R1","maxspeed_raw":null,"speed_base_kmh":78,"speed_pm_kmh":56,"speed_pm_rain_kmh":49,"speed_source":"synthetic_grade_default","lanes":4,"lanes_source":"Synthetic_by_grade","oneway":false,"oneway_source":"default","bridge":false,"tunnel":false,"layer":0,"layer_source":"default_ground","access":"","surface":"","service":"","topology_source":"LBS-Master_roads_gcj_clip","impedance_synthetic":true,"routable":true,"fallback_clip":true},"geometry":{"type":"LineString","coordinates":[[121.887806,30.924166],[121.887755,30.923638]]}},{"type":"Feature","properties":{"osm_id":1262223048,"name":"两港大道","ref":"S229","highway":"trunk","road_grade":"R1","maxspeed_raw":null,"speed_base_kmh":78,"speed_pm_kmh":56,"speed_pm_rain_kmh":49,"speed_source":"synthetic_grade_default","lanes":4,"lanes_source":"Synthetic_by_grade","oneway":false,"oneway_source":"default","bridge":false,"tunnel":false,"layer":0,"layer_source":"default_ground","access":"","surface":"","service":"","topology_source":"LBS-Master_roads_gcj_clip","impedance_synthetic":true,"routable":true,"fallback_clip":true},"geometry":{"type":"LineString","coordinates":[[121.887762,30.921338],[121.887775,30.921477],[121.887972,30.923604]]}},{"type":"Feature","properties":{"osm_id":1262223049,"name":"两港大道","ref":"S229","highway":"trunk","road_grade":"R1","maxspeed_raw":null,"speed_base_kmh":78,"speed_pm_kmh":56,"speed_pm_rain_kmh":49,"speed_source":"synthetic_grade_default","lanes":4,"lanes_source":"Synthetic_by_grade","oneway":false,"oneway_source":"default","bridge":false,"tunnel":false,"layer":0,"layer_source":"default_ground","access":"","surface":"","service":"","topology_source":"LBS-Master_roads_gcj_clip","impedance_synthetic":true,"routable":true,"fallback_clip":true},"geometry":{"type":"LineString","coordinates":[[121.887972,30.923604],[121.888009,30.924152]]}},{"type":"Feature","properties":{"osm_id":1288467713,"name":"","ref":"","highway":"motorway_link","road_grade":"R1","maxspeed_raw":null,"speed_base_kmh":78,"speed_pm_kmh":56,"speed_pm_rain_kmh":49,"speed_source":"synthetic_grade_default","lanes":4,"lanes_source":"Synthetic_by_grade","oneway":false,"oneway_source":"default","bridge":false,"tunnel":false,"layer":0,"layer_source":"default_ground","access":"","surface":"","service":"","topology_source":"LBS-Master_roads_gcj_clip","impedance_synthetic":true,"routable":true,"fallback_clip":true},"geometry":{"type":"LineString","coordinates":[[121.884195,30.897346],[121.884286,30.897349]]}},{"type":"Feature","properties":{"osm_id":1288467714,"name":"","ref":"","highway":"motorway_link","road_grade":"R1","maxspeed_raw":null,"speed_base_kmh":78,"speed_pm_kmh":56,"speed_pm_rain_kmh":49,"speed_source":"synthetic_grade_default","lanes":4,"lanes_source":"Synthetic_by_grade","oneway":false,"oneway_source":"default","bridge":false,"tunnel":false,"layer":0,"layer_source":"default_ground","access":"","surface":"","service":"","topology_source":"LBS-Master_roads_gcj_clip","impedance_synthetic":true,"routable":true,"fallback_clip":true},"geometry":{"type":"LineString","coordinates":[[121.884527,30.897786],[121.884428,30.897788]]}},{"type":"Feature","properties":{"osm_id":1288467715,"name":"","ref":"","highway":"motorway_link","road_grade":"R1","maxspeed_raw":null,"speed_base_kmh":78,"speed_pm_kmh":56,"speed_pm_rain_kmh":49,"speed_source":"synthetic_grade_default","lanes":4,"lanes_source":"Synthetic_by_grade","oneway":false,"oneway_source":"default","bridge":false,"tunnel":false,"layer":0,"layer_source":"default_ground","access":"","surface":"","service":"","topology_source":"LBS-Master_roads_gcj_clip","impedance_synthetic":true,"routable":true,"fallback_clip":true},"geometry":{"type":"LineString","coordinates":[[121.862515,30.898925],[121.862818,30.898577],[121.862988,30.898366],[121.863106,30.898182],[121.863197,30.898001],[121.863259,30.897819],[121.863308,30.897633],[121.863341,30.897438],[121.863346,30.897254],[121.863325,30.897021],[121.863279,30.89679],[121.863213,30.896547],[121.863145,30.896311],[121.863056,30.896061]]}},{"type":"Feature","properties":{"osm_id":1315963887,"name":"","ref":"","highway":"tertiary","road_grade":"R4","maxspeed_raw":null,"speed_base_kmh":32,"speed_pm_kmh":24,"speed_pm_rain_kmh":21,"speed_source":"synthetic_grade_default","lanes":2,"lanes_source":"Synthetic_by_grade","oneway":false,"oneway_source":"default","bridge":false,"tunnel":false,"layer":0,"layer_source":"default_ground","access":"","surface":"","service":"","topology_source":"LBS-Master_roads_gcj_clip","impedance_synthetic":true,"routable":true,"fallback_clip":true},"geometry":{"type":"LineString","coordinates":[[121.93082,30.878502],[121.930701,30.878303],[121.930021,30.877057],[121.92986,30.876624],[121.929742,30.876089],[121.929731,30.875852]]}},{"type":"Feature","properties":{"osm_id":1315963888,"name":"","ref":"","highway":"tertiary","road_grade":"R4","maxspeed_raw":null,"speed_base_kmh":32,"speed_pm_kmh":24,"speed_pm_rain_kmh":21,"speed_source":"synthetic_grade_default","lanes":2,"lanes_source":"Synthetic_by_grade","oneway":false,"oneway_source":"default","bridge":false,"tunnel":false,"layer":0,"layer_source":"default_ground","access":"","surface":"","service":"","topology_source":"LBS-Master_roads_gcj_clip","impedance_synthetic":true,"routable":true,"fallback_clip":true},"geometry":{"type":"LineString","coordinates":[[121.926899,30.877785],[121.927337,30.87757],[121.927702,30.877441],[121.928196,30.87735],[121.928484,30.877312],[121.930021,30.877057]]}},{"type":"Feature","properties":{"osm_id":1315963890,"name":"","ref":"","highway":"tertiary","road_grade":"R4","maxspeed_raw":null,"speed_base_kmh":32,"speed_pm_kmh":24,"speed_pm_rain_kmh":21,"speed_source":"synthetic_grade_default","lanes":2,"lanes_source":"Synthetic_by_grade","oneway":false,"oneway_source":"default","bridge":false,"tunnel":false,"layer":0,"layer_source":"default_ground","access":"","surface":"","service":"","topology_source":"LBS-Master_roads_gcj_clip","impedance_synthetic":true,"routable":true,"fallback_clip":true},"geometry":{"type":"LineString","coordinates":[[121.933251,30.866694],[121.935711,30.867862],[121.935825,30.867906],[121.938237,30.868609],[121.940602,30.869276]]}},{"type":"Feature","properties":{"osm_id":1315963891,"name":"","ref":"","highway":"tertiary","road_grade":"R4","maxspeed_raw":null,"speed_base_kmh":32,"speed_pm_kmh":24,"speed_pm_rain_kmh":21,"speed_source":"synthetic_grade_default","lanes":2,"lanes_source":"Synthetic_by_grade","oneway":false,"oneway_source":"default","bridge":false,"tunnel":false,"layer":0,"layer_source":"default_ground","access":"","surface":"","service":"","topology_source":"LBS-Master_roads_gcj_clip","impedance_synthetic":true,"routable":true,"fallback_clip":true},"geometry":{"type":"LineString","coordinates":[[121.937114,30.876747],[121.937077,30.87584],[121.93705,30.875508],[121.937018,30.875209],[121.937039,30.874799],[121.937093,30.874494],[121.937297,30.873952],[121.937501,30.873468],[121.93763,30.87313],[121.937763,30.872505],[121.937815,30.871769]]}},{"type":"Feature","properties":{"osm_id":1315963892,"name":"","ref":"","highway":"tertiary","road_grade":"R4","maxspeed_raw":null,"speed_base_kmh":32,"speed_pm_kmh":24,"speed_pm_rain_kmh":21,"speed_source":"synthetic_grade_default","lanes":2,"lanes_source":"Synthetic_by_grade","oneway":false,"oneway_source":"default","bridge":false,"tunnel":false,"layer":0,"layer_source":"default_ground","access":"","surface":"","service":"","topology_source":"LBS-Master_roads_gcj_clip","impedance_synthetic":true,"routable":true,"fallback_clip":true},"geometry":{"type":"LineString","coordinates":[[121.937077,30.87584],[121.935222,30.87581],[121.935086,30.87581],[121.933301,30.875826],[121.931395,30.875851],[121.930984,30.875869]]}},{"type":"Feature","properties":{"osm_id":1315963893,"name":"","ref":"","highway":"tertiary","road_grade":"R4","maxspeed_raw":null,"speed_base_kmh":32,"speed_pm_kmh":24,"speed_pm_rain_kmh":21,"speed_source":"synthetic_grade_default","lanes":2,"lanes_source":"Synthetic_by_grade","oneway":false,"oneway_source":"default","bridge":false,"tunnel":false,"layer":0,"layer_source":"default_ground","access":"","surface":"","service":"","topology_source":"LBS-Master_roads_gcj_clip","impedance_synthetic":true,"routable":true,"fallback_clip":true},"geometry":{"type":"LineString","coordinates":[[121.931244,30.874516],[121.933283,30.874499],[121.935075,30.874492],[121.935211,30.874502],[121.937093,30.874494],[121.94063,30.874482]]}},{"type":"Feature","properties":{"osm_id":1315963894,"name":"","ref":"","highway":"tertiary","road_grade":"R4","maxspeed_raw":null,"speed_base_kmh":32,"speed_pm_kmh":24,"speed_pm_rain_kmh":21,"speed_source":"synthetic_grade_default","lanes":2,"lanes_source":"Synthetic_by_grade","oneway":false,"oneway_source":"default","bridge":false,"tunnel":false,"layer":0,"layer_source":"default_ground","access":"","surface":"","service":"","topology_source":"LBS-Master_roads_gcj_clip","impedance_synthetic":true,"routable":true,"fallback_clip":true},"geometry":{"type":"LineString","coordinates":[[121.93084,30.873109],[121.933263,30.873099],[121.935064,30.87311],[121.9352,30.87311],[121.93763,30.87313],[121.94062,30.873155]]}},{"type":"Feature","properties":{"osm_id":1315963895,"name":"","ref":"","highway":"tertiary","road_grade":"R4","maxspeed_raw":null,"speed_base_kmh":32,"speed_pm_kmh":24,"speed_pm_rain_kmh":21,"speed_source":"synthetic_grade_default","lanes":2,"lanes_source":"Synthetic_by_grade","oneway":false,"oneway_source":"default","bridge":false,"tunnel":false,"layer":0,"layer_source":"default_ground","access":"","surface":"","service":"","topology_source":"LBS-Master_roads_gcj_clip","impedance_synthetic":true,"routable":true,"fallback_clip":true},"geometry":{"type":"LineString","coordinates":[[121.93189,30.877864],[121.931444,30.876971],[121.93139,30.876713],[121.931395,30.875851],[121.931379,30.875308],[121.931347,30.874902],[121.931293,30.874635],[121.931244,30.874516],[121.931095,30.874156],[121.93095,30.873856],[121.930891,30.873529],[121.93084,30.873109],[121.930815,30.872902],[121.930815,30.872446],[121.930831,30.871972],[121.931057,30.871829],[121.931277,30.871682],[121.931894,30.871443],[121.932308,30.871319],[121.932925,30.871288],[121.933237,30.871265],[121.935049,30.871207]]}},{"type":"Feature","properties":{"osm_id":1315963896,"name":"","ref":"","highway":"tertiary","road_grade":"R4","maxspeed_raw":null,"speed_base_kmh":32,"speed_pm_kmh":24,"speed_pm_rain_kmh":21,"speed_source":"synthetic_grade_default","lanes":2,"lanes_source":"Synthetic_by_grade","oneway":false,"oneway_source":"default","bridge":false,"tunnel":false,"layer":0,"layer_source":"default_ground","access":"","surface":"","service":"","topology_source":"LBS-Master_roads_gcj_clip","impedance_synthetic":true,"routable":true,"fallback_clip":true},"geometry":{"type":"LineString","coordinates":[[121.933324,30.87742],[121.933301,30.875826],[121.933283,30.874499],[121.933263,30.873099],[121.933237,30.871265]]}},{"type":"Feature","properties":{"osm_id":1315963897,"name":"","ref":"","highway":"secondary","road_grade":"R3","maxspeed_raw":null,"speed_base_kmh":42,"speed_pm_kmh":27,"speed_pm_rain_kmh":24,"speed_source":"synthetic_grade_default","lanes":3,"lanes_source":"Synthetic_by_grade","oneway":false,"oneway_source":"default","bridge":false,"tunnel":false,"layer":0,"layer_source":"default_ground","access":"","surface":"","service":"","topology_source":"LBS-Master_roads_gcj_clip","impedance_synthetic":true,"routable":true,"fallback_clip":true},"geometry":{"type":"LineString","coordinates":[[121.935184,30.871037],[121.935197,30.872636],[121.9352,30.87311],[121.935211,30.874502],[121.935222,30.87581],[121.935232,30.877026],[121.935233,30.87717]]}},{"type":"Feature","properties":{"osm_id":1315963898,"name":"","ref":"","highway":"secondary","road_grade":"R3","maxspeed_raw":null,"speed_base_kmh":42,"speed_pm_kmh":27,"speed_pm_rain_kmh":24,"speed_source":"synthetic_grade_default","lanes":3,"lanes_source":"Synthetic_by_grade","oneway":false,"oneway_source":"default","bridge":false,"tunnel":false,"layer":0,"layer_source":"default_ground","access":"","surface":"","service":"","topology_source":"LBS-Master_roads_gcj_clip","impedance_synthetic":true,"routable":true,"fallback_clip":true},"geometry":{"type":"LineString","coordinates":[[121.935179,30.870425],[121.935184,30.871037]]}},{"type":"Feature","properties":{"osm_id":1315963899,"name":"","ref":"","highway":"secondary","road_grade":"R3","maxspeed_raw":null,"speed_base_kmh":42,"speed_pm_kmh":27,"speed_pm_rain_kmh":24,"speed_source":"synthetic_grade_default","lanes":3,"lanes_source":"Synthetic_by_grade","oneway":false,"oneway_source":"default","bridge":false,"tunnel":false,"layer":0,"layer_source":"default_ground","access":"","surface":"","service":"","topology_source":"LBS-Master_roads_gcj_clip","impedance_synthetic":true,"routable":true,"fallback_clip":true},"geometry":{"type":"LineString","coordinates":[[121.935048,30.871037],[121.935043,30.87042]]}},{"type":"Feature","properties":{"osm_id":1315963900,"name":"","ref":"","highway":"secondary","road_grade":"R3","maxspeed_raw":null,"speed_base_kmh":42,"speed_pm_kmh":27,"speed_pm_rain_kmh":24,"speed_source":"synthetic_grade_default","lanes":3,"lanes_source":"Synthetic_by_grade","oneway":false,"oneway_source":"default","bridge":false,"tunnel":false,"layer":0,"layer_source":"default_ground","access":"","surface":"","service":"","topology_source":"LBS-Master_roads_gcj_clip","impedance_synthetic":true,"routable":true,"fallback_clip":true},"geometry":{"type":"LineString","coordinates":[[121.935094,30.877049],[121.935086,30.87581],[121.935075,30.874492],[121.935067,30.873506],[121.935064,30.87311],[121.935049,30.871207],[121.935048,30.871037]]}},{"type":"Feature","properties":{"osm_id":1315963901,"name":"","ref":"","highway":"secondary","road_grade":"R3","maxspeed_raw":null,"speed_base_kmh":42,"speed_pm_kmh":27,"speed_pm_rain_kmh":24,"speed_source":"synthetic_grade_default","lanes":3,"lanes_source":"Synthetic_by_grade","oneway":false,"oneway_source":"default","bridge":false,"tunnel":false,"layer":0,"layer_source":"default_ground","access":"","surface":"","service":"","topology_source":"LBS-Master_roads_gcj_clip","impedance_synthetic":true,"routable":true,"fallback_clip":true},"geometry":{"type":"LineString","coordinates":[[121.936541,30.866561],[121.935825,30.867906],[121.935473,30.868568],[121.935269,30.869103],[121.935183,30.869582]]}},{"type":"Feature","properties":{"osm_id":1315963902,"name":"","ref":"","highway":"secondary","road_grade":"R3","maxspeed_raw":null,"speed_base_kmh":42,"speed_pm_kmh":27,"speed_pm_rain_kmh":24,"speed_source":"synthetic_grade_default","lanes":3,"lanes_source":"Synthetic_by_grade","oneway":false,"oneway_source":"default","bridge":false,"tunnel":false,"layer":0,"layer_source":"default_ground","access":"","surface":"","service":"","topology_source":"LBS-Master_roads_gcj_clip","impedance_synthetic":true,"routable":true,"fallback_clip":true},"geometry":{"type":"LineString","coordinates":[[121.935037,30.869683],[121.935047,30.869576],[121.935132,30.869102],[121.935336,30.868568],[121.935711,30.867862],[121.936427,30.86651]]}},{"type":"Feature","properties":{"osm_id":1315963904,"name":"南港大道","ref":"","highway":"secondary","road_grade":"R3","maxspeed_raw":null,"speed_base_kmh":42,"speed_pm_kmh":27,"speed_pm_rain_kmh":24,"speed_source":"synthetic_grade_default","lanes":3,"lanes_source":"Synthetic_by_grade","oneway":false,"oneway_source":"default","bridge":false,"tunnel":false,"layer":0,"layer_source":"default_ground","access":"","surface":"","service":"","topology_source":"LBS-Master_roads_gcj_clip","impedance_synthetic":true,"routable":true,"fallback_clip":true},"geometry":{"type":"LineString","coordinates":[[121.940622,30.872252],[121.940601,30.870738],[121.940601,30.870553],[121.940602,30.869276],[121.940602,30.868253],[121.940604,30.86628]]}},{"type":"Feature","properties":{"osm_id":1315963905,"name":"南港大道","ref":"","highway":"secondary","road_grade":"R3","maxspeed_raw":null,"speed_base_kmh":42,"speed_pm_kmh":27,"speed_pm_rain_kmh":24,"speed_source":"synthetic_grade_default","lanes":3,"lanes_source":"Synthetic_by_grade","oneway":false,"oneway_source":"default","bridge":false,"tunnel":false,"layer":0,"layer_source":"default_ground","access":"","surface":"","service":"","topology_source":"LBS-Master_roads_gcj_clip","impedance_synthetic":true,"routable":true,"fallback_clip":true},"geometry":{"type":"LineString","coordinates":[[121.940617,30.872722],[121.940622,30.872252]]}},{"type":"Feature","properties":{"osm_id":1315963931,"name":"环湖北一路","ref":"","highway":"secondary","road_grade":"R3","maxspeed_raw":null,"speed_base_kmh":42,"speed_pm_kmh":27,"speed_pm_rain_kmh":24,"speed_source":"synthetic_grade_default","lanes":3,"lanes_source":"Synthetic_by_grade","oneway":false,"oneway_source":"default","bridge":false,"tunnel":false,"layer":0,"layer_source":"default_ground","access":"","surface":"","service":"","topology_source":"LBS-Master_roads_gcj_clip","impedance_synthetic":true,"routable":true,"fallback_clip":true},"geometry":{"type":"LineString","coordinates":[[121.946529,30.908605],[121.94719,30.908344],[121.947837,30.908047],[121.948425,30.907744],[121.948976,30.90743],[121.949584,30.907031],[121.950099,30.906669],[121.950613,30.906273],[121.950835,30.906099]]}},{"type":"Feature","properties":{"osm_id":1315963932,"name":"环湖东一路","ref":"","highway":"secondary","road_grade":"R3","maxspeed_raw":null,"speed_base_kmh":42,"speed_pm_kmh":27,"speed_pm_rain_kmh":24,"speed_source":"synthetic_grade_default","lanes":3,"lanes_source":"Synthetic_by_grade","oneway":false,"oneway_source":"default","bridge":false,"tunnel":false,"layer":0,"layer_source":"default_ground","access":"","surface":"","service":"","topology_source":"LBS-Master_roads_gcj_clip","impedance_synthetic":true,"routable":true,"fallback_clip":true},"geometry":{"type":"LineString","coordinates":[[121.953947,30.902333],[121.953671,30.902866],[121.953379,30.903368],[121.952997,30.903943],[121.952568,30.904496],[121.952074,30.905063],[121.951691,30.905472],[121.951265,30.905884],[121.951069,30.906059],[121.950931,30.906176]]}},{"type":"Feature","properties":{"osm_id":1315963933,"name":"环湖北二路","ref":"","highway":"secondary","road_grade":"R3","maxspeed_raw":null,"speed_base_kmh":42,"speed_pm_kmh":27,"speed_pm_rain_kmh":24,"speed_source":"synthetic_grade_default","lanes":3,"lanes_source":"Synthetic_by_grade","oneway":false,"oneway_source":"default","bridge":false,"tunnel":false,"layer":0,"layer_source":"default_ground","access":"","surface":"","service":"","topology_source":"LBS-Master_roads_gcj_clip","impedance_synthetic":true,"routable":true,"fallback_clip":true},"geometry":{"type":"LineString","coordinates":[[121.948249,30.912108],[121.949137,30.911756],[121.94983,30.911445],[121.949885,30.91142],[121.950615,30.91105],[121.950703,30.910999],[121.951085,30.910787],[121.951572,30.910517],[121.952009,30.910226],[121.953077,30.909504],[121.953953,30.908793]]}},{"type":"Feature","properties":{"osm_id":1315963934,"name":"环湖北二路","ref":"","highway":"secondary","road_grade":"R3","maxspeed_raw":null,"speed_base_kmh":42,"speed_pm_kmh":27,"speed_pm_rain_kmh":24,"speed_source":"synthetic_grade_default","lanes":3,"lanes_source":"Synthetic_by_grade","oneway":false,"oneway_source":"default","bridge":false,"tunnel":false,"layer":0,"layer_source":"default_ground","access":"","surface":"","service":"","topology_source":"LBS-Master_roads_gcj_clip","impedance_synthetic":true,"routable":true,"fallback_clip":true},"geometry":{"type":"LineString","coordinates":[[121.954073,30.908909],[121.953123,30.909651],[121.952342,30.910216],[121.951578,30.910713],[121.95096,30.911058],[121.95036,30.911365],[121.949969,30.911564],[121.949931,30.911581],[121.94928,30.91187],[121.94895,30.912003],[121.948334,30.912252]]}},{"type":"Feature","properties":{"osm_id":1315963935,"name":"香柏路","ref":"","highway":"secondary","road_grade":"R3","maxspeed_raw":null,"speed_base_kmh":42,"speed_pm_kmh":27,"speed_pm_rain_kmh":24,"speed_source":"synthetic_grade_default","lanes":3,"lanes_source":"Synthetic_by_grade","oneway":false,"oneway_source":"default","bridge":false,"tunnel":false,"layer":0,"layer_source":"default_ground","access":"","surface":"","service":"","topology_source":"LBS-Master_roads_gcj_clip","impedance_synthetic":true,"routable":true,"fallback_clip":true},"geometry":{"type":"LineString","coordinates":[[121.93889,30.915561],[121.938907,30.916149]]}},{"type":"Feature","properties":{"osm_id":1315963936,"name":"香柏路","ref":"","highway":"secondary","road_grade":"R3","maxspeed_raw":null,"speed_base_kmh":42,"speed_pm_kmh":27,"speed_pm_rain_kmh":24,"speed_source":"synthetic_grade_default","lanes":3,"lanes_source":"Synthetic_by_grade","oneway":false,"oneway_source":"default","bridge":false,"tunnel":false,"layer":0,"layer_source":"default_ground","access":"","surface":"","service":"","topology_source":"LBS-Master_roads_gcj_clip","impedance_synthetic":true,"routable":true,"fallback_clip":true},"geometry":{"type":"LineString","coordinates":[[121.938768,30.915561],[121.938749,30.91353],[121.938742,30.91338],[121.938745,30.912388],[121.938751,30.910725],[121.938742,30.909633],[121.938736,30.909494]]}},{"type":"Feature","properties":{"osm_id":1315963937,"name":"香柏路","ref":"","highway":"secondary","road_grade":"R3","maxspeed_raw":null,"speed_base_kmh":42,"speed_pm_kmh":27,"speed_pm_rain_kmh":24,"speed_source":"synthetic_grade_default","lanes":3,"lanes_source":"Synthetic_by_grade","oneway":false,"oneway_source":"default","bridge":false,"tunnel":false,"layer":0,"layer_source":"default_ground","access":"","surface":"","service":"","topology_source":"LBS-Master_roads_gcj_clip","impedance_synthetic":true,"routable":true,"fallback_clip":true},"geometry":{"type":"LineString","coordinates":[[121.938889,30.909515],[121.938888,30.909645],[121.938907,30.910732],[121.938917,30.912397],[121.938886,30.91339],[121.938887,30.913538],[121.93889,30.915561]]}},{"type":"Feature","properties":{"osm_id":1315963938,"name":"香柏路","ref":"","highway":"secondary","road_grade":"R3","maxspeed_raw":null,"speed_base_kmh":42,"speed_pm_kmh":27,"speed_pm_rain_kmh":24,"speed_source":"synthetic_grade_default","lanes":3,"lanes_source":"Synthetic_by_grade","oneway":false,"oneway_source":"default","bridge":false,"tunnel":false,"layer":0,"layer_source":"default_ground","access":"","surface":"","service":"","topology_source":"LBS-Master_roads_gcj_clip","impedance_synthetic":true,"routable":true,"fallback_clip":true},"geometry":{"type":"LineString","coordinates":[[121.938956,30.923324],[121.938958,30.923668],[121.938972,30.926377],[121.938985,30.92914],[121.938987,30.9295]]}},{"type":"Feature","properties":{"osm_id":1315965997,"name":"","ref":"","highway":"primary","road_grade":"R2","maxspeed_raw":null,"speed_base_kmh":52,"speed_pm_kmh":30,"speed_pm_rain_kmh":26,"speed_source":"synthetic_grade_default","lanes":4,"lanes_source":"Synthetic_by_grade","oneway":false,"oneway_source":"default","bridge":false,"tunnel":false,"layer":0,"layer_source":"default_ground","access":"","surface":"","service":"","topology_source":"LBS-Master_roads_gcj_clip","impedance_synthetic":true,"routable":true,"fallback_clip":true},"geometry":{"type":"LineString","coordinates":[[121.963405,30.905295],[121.963371,30.905351],[121.962538,30.906952],[121.961704,30.908219],[121.960626,30.909592],[121.959242,30.911135],[121.958234,30.912135]]}},{"type":"Feature","properties":{"osm_id":1315965998,"name":"","ref":"","highway":"primary","road_grade":"R2","maxspeed_raw":null,"speed_base_kmh":52,"speed_pm_kmh":30,"speed_pm_rain_kmh":26,"speed_source":"synthetic_grade_default","lanes":4,"lanes_source":"Synthetic_by_grade","oneway":false,"oneway_source":"default","bridge":false,"tunnel":false,"layer":0,"layer_source":"default_ground","access":"","surface":"","service":"","topology_source":"LBS-Master_roads_gcj_clip","impedance_synthetic":true,"routable":true,"fallback_clip":true},"geometry":{"type":"LineString","coordinates":[[121.96356,30.904913],[121.963405,30.905295]]}},{"type":"Feature","properties":{"osm_id":1315965999,"name":"香柏路","ref":"","highway":"secondary","road_grade":"R3","maxspeed_raw":null,"speed_base_kmh":42,"speed_pm_kmh":27,"speed_pm_rain_kmh":24,"speed_source":"synthetic_grade_default","lanes":3,"lanes_source":"Synthetic_by_grade","oneway":false,"oneway_source":"default","bridge":false,"tunnel":false,"layer":0,"layer_source":"default_ground","access":"","surface":"","service":"","topology_source":"LBS-Master_roads_gcj_clip","impedance_synthetic":true,"routable":true,"fallback_clip":true},"geometry":{"type":"LineString","coordinates":[[121.938933,30.918335],[121.938933,30.918814],[121.938933,30.91949],[121.938941,30.921172]]}},{"type":"Feature","properties":{"osm_id":1315966000,"name":"香柏路","ref":"","highway":"secondary","road_grade":"R3","maxspeed_raw":null,"speed_base_kmh":42,"speed_pm_kmh":27,"speed_pm_rain_kmh":24,"speed_source":"synthetic_grade_default","lanes":3,"lanes_source":"Synthetic_by_grade","oneway":false,"oneway_source":"default","bridge":false,"tunnel":false,"layer":0,"layer_source":"default_ground","access":"","surface":"","service":"","topology_source":"LBS-Master_roads_gcj_clip","impedance_synthetic":true,"routable":true,"fallback_clip":true},"geometry":{"type":"LineString","coordinates":[[121.938954,30.923002],[121.938956,30.923324]]}},{"type":"Feature","properties":{"osm_id":1315966001,"name":"香柏路","ref":"","highway":"secondary","road_grade":"R3","maxspeed_raw":null,"speed_base_kmh":42,"speed_pm_kmh":27,"speed_pm_rain_kmh":24,"speed_source":"synthetic_grade_default","lanes":3,"lanes_source":"Synthetic_by_grade","oneway":false,"oneway_source":"default","bridge":false,"tunnel":false,"layer":0,"layer_source":"default_ground","access":"","surface":"","service":"","topology_source":"LBS-Master_roads_gcj_clip","impedance_synthetic":true,"routable":true,"fallback_clip":true},"geometry":{"type":"LineString","coordinates":[[121.938776,30.921172],[121.938768,30.91949],[121.938762,30.918326]]}},{"type":"Feature","properties":{"osm_id":1315966002,"name":"香柏路","ref":"","highway":"secondary","road_grade":"R3","maxspeed_raw":null,"speed_base_kmh":42,"speed_pm_kmh":27,"speed_pm_rain_kmh":24,"speed_source":"synthetic_grade_default","lanes":3,"lanes_source":"Synthetic_by_grade","oneway":false,"oneway_source":"default","bridge":false,"tunnel":false,"layer":0,"layer_source":"default_ground","access":"","surface":"","service":"","topology_source":"LBS-Master_roads_gcj_clip","impedance_synthetic":true,"routable":true,"fallback_clip":true},"geometry":{"type":"LineString","coordinates":[[121.938786,30.923325],[121.938787,30.922997]]}},{"type":"Feature","properties":{"osm_id":1315966003,"name":"香柏路","ref":"","highway":"secondary","road_grade":"R3","maxspeed_raw":null,"speed_base_kmh":42,"speed_pm_kmh":27,"speed_pm_rain_kmh":24,"speed_source":"synthetic_grade_default","lanes":3,"lanes_source":"Synthetic_by_grade","oneway":false,"oneway_source":"default","bridge":false,"tunnel":false,"layer":0,"layer_source":"default_ground","access":"","surface":"","service":"","topology_source":"LBS-Master_roads_gcj_clip","impedance_synthetic":true,"routable":true,"fallback_clip":true},"geometry":{"type":"LineString","coordinates":[[121.9388,30.935034],[121.938835,30.933185],[121.938826,30.93145],[121.938818,30.929763]]}},{"type":"Feature","properties":{"osm_id":1315966004,"name":"香柏路","ref":"","highway":"secondary","road_grade":"R3","maxspeed_raw":null,"speed_base_kmh":42,"speed_pm_kmh":27,"speed_pm_rain_kmh":24,"speed_source":"synthetic_grade_default","lanes":3,"lanes_source":"Synthetic_by_grade","oneway":false,"oneway_source":"default","bridge":false,"tunnel":false,"layer":0,"layer_source":"default_ground","access":"","surface":"","service":"","topology_source":"LBS-Master_roads_gcj_clip","impedance_synthetic":true,"routable":true,"fallback_clip":true},"geometry":{"type":"LineString","coordinates":[[121.938818,30.929763],[121.938817,30.929501]]}},{"type":"Feature","properties":{"osm_id":1315966005,"name":"香柏路","ref":"","highway":"secondary","road_grade":"R3","maxspeed_raw":null,"speed_base_kmh":42,"speed_pm_kmh":27,"speed_pm_rain_kmh":24,"speed_source":"synthetic_grade_default","lanes":3,"lanes_source":"Synthetic_by_grade","oneway":false,"oneway_source":"default","bridge":false,"tunnel":false,"layer":0,"layer_source":"default_ground","access":"","surface":"","service":"","topology_source":"LBS-Master_roads_gcj_clip","impedance_synthetic":true,"routable":true,"fallback_clip":true},"geometry":{"type":"LineString","coordinates":[[121.938988,30.929762],[121.938997,30.931504],[121.939005,30.93324],[121.938979,30.935034]]}},{"type":"Feature","properties":{"osm_id":1315966006,"name":"香柏路","ref":"","highway":"secondary","road_grade":"R3","maxspeed_raw":null,"speed_base_kmh":42,"speed_pm_kmh":27,"speed_pm_rain_kmh":24,"speed_source":"synthetic_grade_default","lanes":3,"lanes_source":"Synthetic_by_grade","oneway":false,"oneway_source":"default","bridge":false,"tunnel":false,"layer":0,"layer_source":"default_ground","access":"","surface":"","service":"","topology_source":"LBS-Master_roads_gcj_clip","impedance_synthetic":true,"routable":true,"fallback_clip":true},"geometry":{"type":"LineString","coordinates":[[121.938987,30.9295],[121.938988,30.929762]]}},{"type":"Feature","properties":{"osm_id":1315966007,"name":"杉青路","ref":"","highway":"secondary","road_grade":"R3","maxspeed_raw":null,"speed_base_kmh":42,"speed_pm_kmh":27,"speed_pm_rain_kmh":24,"speed_source":"synthetic_grade_default","lanes":3,"lanes_source":"Synthetic_by_grade","oneway":false,"oneway_source":"default","bridge":false,"tunnel":false,"layer":0,"layer_source":"default_ground","access":"","surface":"","service":"","topology_source":"LBS-Master_roads_gcj_clip","impedance_synthetic":true,"routable":true,"fallback_clip":true},"geometry":{"type":"LineString","coordinates":[[121.933458,30.917096],[121.933368,30.917379],[121.933263,30.917652],[121.932555,30.919492],[121.932409,30.919871],[121.932324,30.920143],[121.932221,30.920644],[121.9322,30.921077],[121.932195,30.92118]]}},{"type":"Feature","properties":{"osm_id":1315966008,"name":"杉青路","ref":"","highway":"secondary","road_grade":"R3","maxspeed_raw":null,"speed_base_kmh":42,"speed_pm_kmh":27,"speed_pm_rain_kmh":24,"speed_source":"synthetic_grade_default","lanes":3,"lanes_source":"Synthetic_by_grade","oneway":false,"oneway_source":"default","bridge":false,"tunnel":false,"layer":0,"layer_source":"default_ground","access":"","surface":"","service":"","topology_source":"LBS-Master_roads_gcj_clip","impedance_synthetic":true,"routable":true,"fallback_clip":true},"geometry":{"type":"LineString","coordinates":[[121.932184,30.923019],[121.932187,30.923358]]}},{"type":"Feature","properties":{"osm_id":1315966009,"name":"杉青路","ref":"","highway":"secondary","road_grade":"R3","maxspeed_raw":null,"speed_base_kmh":42,"speed_pm_kmh":27,"speed_pm_rain_kmh":24,"speed_source":"synthetic_grade_default","lanes":3,"lanes_source":"Synthetic_by_grade","oneway":false,"oneway_source":"default","bridge":false,"tunnel":false,"layer":0,"layer_source":"default_ground","access":"","surface":"","service":"","topology_source":"LBS-Master_roads_gcj_clip","impedance_synthetic":true,"routable":true,"fallback_clip":true},"geometry":{"type":"LineString","coordinates":[[121.931941,30.921172],[121.931983,30.920509],[121.932176,30.919685],[121.93245,30.918985],[121.933054,30.917276],[121.933182,30.917008]]}},{"type":"Feature","properties":{"osm_id":1315966010,"name":"杉青路","ref":"","highway":"secondary","road_grade":"R3","maxspeed_raw":null,"speed_base_kmh":42,"speed_pm_kmh":27,"speed_pm_rain_kmh":24,"speed_source":"synthetic_grade_default","lanes":3,"lanes_source":"Synthetic_by_grade","oneway":false,"oneway_source":"default","bridge":false,"tunnel":false,"layer":0,"layer_source":"default_ground","access":"","surface":"","service":"","topology_source":"LBS-Master_roads_gcj_clip","impedance_synthetic":true,"routable":true,"fallback_clip":true},"geometry":{"type":"LineString","coordinates":[[121.931935,30.923375],[121.931929,30.923053]]}},{"type":"Feature","properties":{"osm_id":1315966011,"name":"杉青路","ref":"","highway":"secondary","road_grade":"R3","maxspeed_raw":null,"speed_base_kmh":42,"speed_pm_kmh":27,"speed_pm_rain_kmh":24,"speed_source":"synthetic_grade_default","lanes":3,"lanes_source":"Synthetic_by_grade","oneway":false,"oneway_source":"default","bridge":false,"tunnel":false,"layer":0,"layer_source":"default_ground","access":"","surface":"","service":"","topology_source":"LBS-Master_roads_gcj_clip","impedance_synthetic":true,"routable":true,"fallback_clip":true},"geometry":{"type":"LineString","coordinates":[[121.932187,30.923358],[121.932189,30.923721],[121.932195,30.925129],[121.932201,30.926381],[121.932215,30.929151],[121.932222,30.930576],[121.932223,30.930734]]}},{"type":"Feature","properties":{"osm_id":1315966012,"name":"杉青路","ref":"","highway":"secondary","road_grade":"R3","maxspeed_raw":null,"speed_base_kmh":42,"speed_pm_kmh":27,"speed_pm_rain_kmh":24,"speed_source":"synthetic_grade_default","lanes":3,"lanes_source":"Synthetic_by_grade","oneway":false,"oneway_source":"default","bridge":false,"tunnel":false,"layer":0,"layer_source":"default_ground","access":"","surface":"","service":"","topology_source":"LBS-Master_roads_gcj_clip","impedance_synthetic":true,"routable":true,"fallback_clip":true},"geometry":{"type":"LineString","coordinates":[[121.932223,30.930734],[121.932229,30.931041]]}},{"type":"Feature","properties":{"osm_id":1315966013,"name":"杉青路","ref":"","highway":"secondary","road_grade":"R3","maxspeed_raw":null,"speed_base_kmh":42,"speed_pm_kmh":27,"speed_pm_rain_kmh":24,"speed_source":"synthetic_grade_default","lanes":3,"lanes_source":"Synthetic_by_grade","oneway":false,"oneway_source":"default","bridge":false,"tunnel":false,"layer":0,"layer_source":"default_ground","access":"","surface":"","service":"","topology_source":"LBS-Master_roads_gcj_clip","impedance_synthetic":true,"routable":true,"fallback_clip":true},"geometry":{"type":"LineString","coordinates":[[121.931977,30.930733],[121.93197,30.929151],[121.931937,30.923721],[121.931935,30.923375]]}},{"type":"Feature","properties":{"osm_id":1315966014,"name":"杉青路","ref":"","highway":"secondary","road_grade":"R3","maxspeed_raw":null,"speed_base_kmh":42,"speed_pm_kmh":27,"speed_pm_rain_kmh":24,"speed_source":"synthetic_grade_default","lanes":3,"lanes_source":"Synthetic_by_grade","oneway":false,"oneway_source":"default","bridge":false,"tunnel":false,"layer":0,"layer_source":"default_ground","access":"","surface":"","service":"","topology_source":"LBS-Master_roads_gcj_clip","impedance_synthetic":true,"routable":true,"fallback_clip":true},"geometry":{"type":"LineString","coordinates":[[121.931981,30.931052],[121.931977,30.930733]]}},{"type":"Feature","properties":{"osm_id":1315966015,"name":"","ref":"","highway":"tertiary","road_grade":"R4","maxspeed_raw":null,"speed_base_kmh":32,"speed_pm_kmh":24,"speed_pm_rain_kmh":21,"speed_source":"synthetic_grade_default","lanes":2,"lanes_source":"Synthetic_by_grade","oneway":false,"oneway_source":"default","bridge":false,"tunnel":false,"layer":0,"layer_source":"default_ground","access":"","surface":"","service":"","topology_source":"LBS-Master_roads_gcj_clip","impedance_synthetic":true,"routable":true,"fallback_clip":true},"geometry":{"type":"LineString","coordinates":[[121.930183,30.875853],[121.930028,30.875854]]}},{"type":"Feature","properties":{"osm_id":1315966016,"name":"","ref":"","highway":"tertiary","road_grade":"R4","maxspeed_raw":null,"speed_base_kmh":32,"speed_pm_kmh":24,"speed_pm_rain_kmh":21,"speed_source":"synthetic_grade_default","lanes":2,"lanes_source":"Synthetic_by_grade","oneway":false,"oneway_source":"default","bridge":false,"tunnel":false,"layer":0,"layer_source":"default_ground","access":"","surface":"","service":"","topology_source":"LBS-Master_roads_gcj_clip","impedance_synthetic":true,"routable":true,"fallback_clip":true},"geometry":{"type":"LineString","coordinates":[[121.930984,30.875869],[121.930183,30.875853]]}},{"type":"Feature","properties":{"osm_id":1315966017,"name":"海洋六路","ref":"","highway":"tertiary","road_grade":"R4","maxspeed_raw":null,"speed_base_kmh":32,"speed_pm_kmh":24,"speed_pm_rain_kmh":21,"speed_source":"synthetic_grade_default","lanes":2,"lanes_source":"Synthetic_by_grade","oneway":false,"oneway_source":"default","bridge":false,"tunnel":false,"layer":0,"layer_source":"default_ground","access":"","surface":"","service":"","topology_source":"LBS-Master_roads_gcj_clip","impedance_synthetic":true,"routable":true,"fallback_clip":true},"geometry":{"type":"LineString","coordinates":[[121.930831,30.871972],[121.930831,30.871779]]}},{"type":"Feature","properties":{"osm_id":1315966018,"name":"海洋六路","ref":"","highway":"tertiary","road_grade":"R4","maxspeed_raw":null,"speed_base_kmh":32,"speed_pm_kmh":24,"speed_pm_rain_kmh":21,"speed_source":"synthetic_grade_default","lanes":2,"lanes_source":"Synthetic_by_grade","oneway":false,"oneway_source":"default","bridge":false,"tunnel":false,"layer":0,"layer_source":"default_ground","access":"","surface":"","service":"","topology_source":"LBS-Master_roads_gcj_clip","impedance_synthetic":true,"routable":true,"fallback_clip":true},"geometry":{"type":"LineString","coordinates":[[121.930831,30.871779],[121.930857,30.871144]]}},{"type":"Feature","properties":{"osm_id":1315966019,"name":"","ref":"","highway":"tertiary","road_grade":"R4","maxspeed_raw":null,"speed_base_kmh":32,"speed_pm_kmh":24,"speed_pm_rain_kmh":21,"speed_source":"synthetic_grade_default","lanes":2,"lanes_source":"Synthetic_by_grade","oneway":false,"oneway_source":"default","bridge":false,"tunnel":false,"layer":0,"layer_source":"default_ground","access":"","surface":"","service":"","topology_source":"LBS-Master_roads_gcj_clip","impedance_synthetic":true,"routable":true,"fallback_clip":true},"geometry":{"type":"LineString","coordinates":[[121.937861,30.871138],[121.937963,30.870116],[121.937984,30.869979],[121.938237,30.868609],[121.938473,30.86733]]}},{"type":"Feature","properties":{"osm_id":1315966020,"name":"","ref":"","highway":"tertiary","road_grade":"R4","maxspeed_raw":null,"speed_base_kmh":32,"speed_pm_kmh":24,"speed_pm_rain_kmh":21,"speed_source":"synthetic_grade_default","lanes":2,"lanes_source":"Synthetic_by_grade","oneway":false,"oneway_source":"default","bridge":false,"tunnel":false,"layer":0,"layer_source":"default_ground","access":"","surface":"","service":"","topology_source":"LBS-Master_roads_gcj_clip","impedance_synthetic":true,"routable":true,"fallback_clip":true},"geometry":{"type":"LineString","coordinates":[[121.937815,30.871769],[121.937861,30.871138]]}},{"type":"Feature","properties":{"osm_id":1334973817,"name":"同顺大道","ref":"","highway":"secondary","road_grade":"R3","maxspeed_raw":null,"speed_base_kmh":42,"speed_pm_kmh":27,"speed_pm_rain_kmh":24,"speed_source":"synthetic_grade_default","lanes":3,"lanes_source":"Synthetic_by_grade","oneway":false,"oneway_source":"default","bridge":false,"tunnel":false,"layer":0,"layer_source":"default_ground","access":"","surface":"","service":"","topology_source":"LBS-Master_roads_gcj_clip","impedance_synthetic":true,"routable":true,"fallback_clip":true},"geometry":{"type":"LineString","coordinates":[[121.859424,30.888377],[121.859298,30.888422],[121.859072,30.888502],[121.856159,30.88956],[121.854381,30.890205],[121.853102,30.890668],[121.852912,30.890737]]}},{"type":"Feature","properties":{"osm_id":1334973818,"name":"","ref":"","highway":"tertiary","road_grade":"R4","maxspeed_raw":null,"speed_base_kmh":32,"speed_pm_kmh":24,"speed_pm_rain_kmh":21,"speed_source":"synthetic_grade_default","lanes":2,"lanes_source":"Synthetic_by_grade","oneway":false,"oneway_source":"default","bridge":false,"tunnel":false,"layer":0,"layer_source":"default_ground","access":"","surface":"","service":"","topology_source":"LBS-Master_roads_gcj_clip","impedance_synthetic":true,"routable":true,"fallback_clip":true},"geometry":{"type":"LineString","coordinates":[[121.857969,30.885448],[121.858113,30.885655],[121.858823,30.887112],[121.858914,30.887314],[121.859235,30.887966],[121.859333,30.888176],[121.859424,30.888377]]}},{"type":"Feature","properties":{"osm_id":1334973819,"name":"","ref":"","highway":"tertiary","road_grade":"R4","maxspeed_raw":null,"speed_base_kmh":32,"speed_pm_kmh":24,"speed_pm_rain_kmh":21,"speed_source":"synthetic_grade_default","lanes":2,"lanes_source":"Synthetic_by_grade","oneway":false,"oneway_source":"default","bridge":false,"tunnel":false,"layer":0,"layer_source":"default_ground","access":"","surface":"","service":"","topology_source":"LBS-Master_roads_gcj_clip","impedance_synthetic":true,"routable":true,"fallback_clip":true},"geometry":{"type":"LineString","coordinates":[[121.860232,30.88398],[121.859307,30.884785],[121.859066,30.884976],[121.858836,30.885122],[121.85859,30.885242],[121.858397,30.885321],[121.858225,30.88538],[121.857969,30.885448]]}},{"type":"Feature","properties":{"osm_id":1335110402,"name":"","ref":"","highway":"tertiary","road_grade":"R4","maxspeed_raw":null,"speed_base_kmh":32,"speed_pm_kmh":24,"speed_pm_rain_kmh":21,"speed_source":"synthetic_grade_default","lanes":2,"lanes_source":"Synthetic_by_grade","oneway":false,"oneway_source":"default","bridge":false,"tunnel":false,"layer":0,"layer_source":"default_ground","access":"","surface":"","service":"","topology_source":"LBS-Master_roads_gcj_clip","impedance_synthetic":true,"routable":true,"fallback_clip":true},"geometry":{"type":"LineString","coordinates":[[121.859201,30.888225],[121.8591,30.888018],[121.858566,30.886907],[121.858513,30.886798],[121.857985,30.885699],[121.857969,30.885448]]}},{"type":"Feature","properties":{"osm_id":1335110403,"name":"同顺大道","ref":"","highway":"secondary","road_grade":"R3","maxspeed_raw":null,"speed_base_kmh":42,"speed_pm_kmh":27,"speed_pm_rain_kmh":24,"speed_source":"synthetic_grade_default","lanes":3,"lanes_source":"Synthetic_by_grade","oneway":false,"oneway_source":"default","bridge":false,"tunnel":false,"layer":0,"layer_source":"default_ground","access":"","surface":"","service":"","topology_source":"LBS-Master_roads_gcj_clip","impedance_synthetic":true,"routable":true,"fallback_clip":true},"geometry":{"type":"LineString","coordinates":[[121.852818,30.890541],[121.853067,30.890452],[121.853613,30.890251],[121.854266,30.890012],[121.855052,30.889727],[121.856059,30.889363],[121.857921,30.888689],[121.858321,30.888552],[121.858975,30.888309],[121.859201,30.888225]]}},{"type":"Feature","properties":{"osm_id":1337777238,"name":"云鹃路","ref":"","highway":"tertiary","road_grade":"R4","maxspeed_raw":null,"speed_base_kmh":32,"speed_pm_kmh":24,"speed_pm_rain_kmh":21,"speed_source":"synthetic_grade_default","lanes":2,"lanes_source":"Synthetic_by_grade","oneway":false,"oneway_source":"default","bridge":false,"tunnel":false,"layer":0,"layer_source":"default_ground","access":"","surface":"","service":"","topology_source":"LBS-Master_roads_gcj_clip","impedance_synthetic":true,"routable":true,"fallback_clip":true},"geometry":{"type":"LineString","coordinates":[[121.927939,30.907575],[121.929196,30.908607]]}},{"type":"Feature","properties":{"osm_id":1337777239,"name":"小桉路","ref":"","highway":"tertiary","road_grade":"R4","maxspeed_raw":null,"speed_base_kmh":32,"speed_pm_kmh":24,"speed_pm_rain_kmh":21,"speed_source":"synthetic_grade_default","lanes":2,"lanes_source":"Synthetic_by_grade","oneway":false,"oneway_source":"default","bridge":false,"tunnel":false,"layer":0,"layer_source":"default_ground","access":"","surface":"","service":"","topology_source":"LBS-Master_roads_gcj_clip","impedance_synthetic":true,"routable":true,"fallback_clip":true},"geometry":{"type":"LineString","coordinates":[[121.960946,30.89019],[121.958128,30.8912]]}},{"type":"Feature","properties":{"osm_id":1337777240,"name":"环湖东二路","ref":"","highway":"secondary","road_grade":"R3","maxspeed_raw":null,"speed_base_kmh":42,"speed_pm_kmh":27,"speed_pm_rain_kmh":24,"speed_source":"synthetic_grade_default","lanes":3,"lanes_source":"Synthetic_by_grade","oneway":false,"oneway_source":"default","bridge":false,"tunnel":false,"layer":0,"layer_source":"default_ground","access":"","surface":"","service":"","topology_source":"LBS-Master_roads_gcj_clip","impedance_synthetic":true,"routable":true,"fallback_clip":true},"geometry":{"type":"LineString","coordinates":[[121.955158,30.887021],[121.955669,30.887569],[121.956161,30.888148],[121.956587,30.888693],[121.956984,30.889246],[121.957326,30.889777],[121.95767,30.890332],[121.958128,30.8912]]}},{"type":"Feature","properties":{"osm_id":1337777241,"name":"环湖南二路","ref":"","highway":"secondary","road_grade":"R3","maxspeed_raw":null,"speed_base_kmh":42,"speed_pm_kmh":27,"speed_pm_rain_kmh":24,"speed_source":"synthetic_grade_default","lanes":3,"lanes_source":"Synthetic_by_grade","oneway":false,"oneway_source":"default","bridge":false,"tunnel":false,"layer":0,"layer_source":"default_ground","access":"","surface":"","service":"","topology_source":"LBS-Master_roads_gcj_clip","impedance_synthetic":true,"routable":true,"fallback_clip":true},"geometry":{"type":"LineString","coordinates":[[121.940618,30.881204],[121.940781,30.881216]]}},{"type":"Feature","properties":{"osm_id":1337777242,"name":"南港大道","ref":"","highway":"secondary","road_grade":"R3","maxspeed_raw":null,"speed_base_kmh":42,"speed_pm_kmh":27,"speed_pm_rain_kmh":24,"speed_source":"synthetic_grade_default","lanes":3,"lanes_source":"Synthetic_by_grade","oneway":false,"oneway_source":"default","bridge":false,"tunnel":false,"layer":0,"layer_source":"default_ground","access":"","surface":"","service":"","topology_source":"LBS-Master_roads_gcj_clip","impedance_synthetic":true,"routable":true,"fallback_clip":true},"geometry":{"type":"LineString","coordinates":[[121.940618,30.881204],[121.940657,30.878735]]}},{"type":"Feature","properties":{"osm_id":1338068666,"name":"临港大道","ref":"","highway":"primary","road_grade":"R2","maxspeed_raw":null,"speed_base_kmh":52,"speed_pm_kmh":30,"speed_pm_rain_kmh":26,"speed_source":"synthetic_grade_default","lanes":4,"lanes_source":"Synthetic_by_grade","oneway":false,"oneway_source":"default","bridge":false,"tunnel":false,"layer":0,"layer_source":"default_ground","access":"","surface":"","service":"","topology_source":"LBS-Master_roads_gcj_clip","impedance_synthetic":true,"routable":true,"fallback_clip":true},"geometry":{"type":"LineString","coordinates":[[121.911895,30.922321],[121.913109,30.921267]]}},{"type":"Feature","properties":{"osm_id":1338068667,"name":"临港大道","ref":"","highway":"primary","road_grade":"R2","maxspeed_raw":null,"speed_base_kmh":52,"speed_pm_kmh":30,"speed_pm_rain_kmh":26,"speed_source":"synthetic_grade_default","lanes":4,"lanes_source":"Synthetic_by_grade","oneway":false,"oneway_source":"default","bridge":false,"tunnel":false,"layer":0,"layer_source":"default_ground","access":"","surface":"","service":"","topology_source":"LBS-Master_roads_gcj_clip","impedance_synthetic":true,"routable":true,"fallback_clip":true},"geometry":{"type":"LineString","coordinates":[[121.912377,30.922357],[121.912163,30.922542]]}},{"type":"Feature","properties":{"osm_id":1338068673,"name":"环湖北二路","ref":"","highway":"secondary","road_grade":"R3","maxspeed_raw":null,"speed_base_kmh":42,"speed_pm_kmh":27,"speed_pm_rain_kmh":24,"speed_source":"synthetic_grade_default","lanes":3,"lanes_source":"Synthetic_by_grade","oneway":false,"oneway_source":"default","bridge":false,"tunnel":false,"layer":0,"layer_source":"default_ground","access":"","surface":"","service":"","topology_source":"LBS-Master_roads_gcj_clip","impedance_synthetic":true,"routable":true,"fallback_clip":true},"geometry":{"type":"LineString","coordinates":[[121.935724,30.913004],[121.934956,30.912809],[121.933987,30.912514]]}},{"type":"Feature","properties":{"osm_id":1338068674,"name":"滨港大道","ref":"","highway":"secondary","road_grade":"R3","maxspeed_raw":null,"speed_base_kmh":42,"speed_pm_kmh":27,"speed_pm_rain_kmh":24,"speed_source":"synthetic_grade_default","lanes":3,"lanes_source":"Synthetic_by_grade","oneway":false,"oneway_source":"default","bridge":false,"tunnel":false,"layer":0,"layer_source":"default_ground","access":"","surface":"","service":"","topology_source":"LBS-Master_roads_gcj_clip","impedance_synthetic":true,"routable":true,"fallback_clip":true},"geometry":{"type":"LineString","coordinates":[[121.956295,30.910753],[121.956234,30.910699],[121.954073,30.908909]]}},{"type":"Feature","properties":{"osm_id":1338068675,"name":"滨港大道","ref":"","highway":"secondary","road_grade":"R3","maxspeed_raw":null,"speed_base_kmh":42,"speed_pm_kmh":27,"speed_pm_rain_kmh":24,"speed_source":"synthetic_grade_default","lanes":3,"lanes_source":"Synthetic_by_grade","oneway":false,"oneway_source":"default","bridge":false,"tunnel":false,"layer":0,"layer_source":"default_ground","access":"","surface":"","service":"","topology_source":"LBS-Master_roads_gcj_clip","impedance_synthetic":true,"routable":true,"fallback_clip":true},"geometry":{"type":"LineString","coordinates":[[121.958047,30.912292],[121.957808,30.912102]]}},{"type":"Feature","properties":{"osm_id":1338068676,"name":"","ref":"","highway":"primary","road_grade":"R2","maxspeed_raw":null,"speed_base_kmh":52,"speed_pm_kmh":30,"speed_pm_rain_kmh":26,"speed_source":"synthetic_grade_default","lanes":4,"lanes_source":"Synthetic_by_grade","oneway":false,"oneway_source":"default","bridge":false,"tunnel":false,"layer":0,"layer_source":"default_ground","access":"","surface":"","service":"","topology_source":"LBS-Master_roads_gcj_clip","impedance_synthetic":true,"routable":true,"fallback_clip":true},"geometry":{"type":"LineString","coordinates":[[121.957488,30.912393],[121.957808,30.912102]]}},{"type":"Feature","properties":{"osm_id":1338068677,"name":"","ref":"","highway":"primary","road_grade":"R2","maxspeed_raw":null,"speed_base_kmh":52,"speed_pm_kmh":30,"speed_pm_rain_kmh":26,"speed_source":"synthetic_grade_default","lanes":4,"lanes_source":"Synthetic_by_grade","oneway":false,"oneway_source":"default","bridge":false,"tunnel":false,"layer":0,"layer_source":"default_ground","access":"","surface":"","service":"","topology_source":"LBS-Master_roads_gcj_clip","impedance_synthetic":true,"routable":true,"fallback_clip":true},"geometry":{"type":"LineString","coordinates":[[121.932372,30.916751],[121.932545,30.916806],[121.933182,30.917008],[121.933458,30.917096],[121.933792,30.917202],[121.93441,30.917366],[121.935038,30.917531],[121.935598,30.917634],[121.936222,30.917749],[121.93658,30.917818],[121.938072,30.91798],[121.93876,30.918039]]}},{"type":"Feature","properties":{"osm_id":1338068678,"name":"香柏路","ref":"","highway":"secondary","road_grade":"R3","maxspeed_raw":null,"speed_base_kmh":42,"speed_pm_kmh":27,"speed_pm_rain_kmh":24,"speed_source":"synthetic_grade_default","lanes":3,"lanes_source":"Synthetic_by_grade","oneway":false,"oneway_source":"default","bridge":false,"tunnel":false,"layer":0,"layer_source":"default_ground","access":"","surface":"","service":"","topology_source":"LBS-Master_roads_gcj_clip","impedance_synthetic":true,"routable":true,"fallback_clip":true},"geometry":{"type":"LineString","coordinates":[[121.93876,30.918039],[121.938769,30.916136]]}},{"type":"Feature","properties":{"osm_id":1338068679,"name":"洛神花路","ref":"","highway":"tertiary","road_grade":"R4","maxspeed_raw":null,"speed_base_kmh":32,"speed_pm_kmh":24,"speed_pm_rain_kmh":21,"speed_source":"synthetic_grade_default","lanes":2,"lanes_source":"Synthetic_by_grade","oneway":false,"oneway_source":"default","bridge":false,"tunnel":false,"layer":0,"layer_source":"default_ground","access":"","surface":"","service":"","topology_source":"LBS-Master_roads_gcj_clip","impedance_synthetic":true,"routable":true,"fallback_clip":true},"geometry":{"type":"LineString","coordinates":[[121.938776,30.921172],[121.938941,30.921172]]}},{"type":"Feature","properties":{"osm_id":1338068680,"name":"香柏路","ref":"","highway":"secondary","road_grade":"R3","maxspeed_raw":null,"speed_base_kmh":42,"speed_pm_kmh":27,"speed_pm_rain_kmh":24,"speed_source":"synthetic_grade_default","lanes":3,"lanes_source":"Synthetic_by_grade","oneway":false,"oneway_source":"default","bridge":false,"tunnel":false,"layer":0,"layer_source":"default_ground","access":"","surface":"","service":"","topology_source":"LBS-Master_roads_gcj_clip","impedance_synthetic":true,"routable":true,"fallback_clip":true},"geometry":{"type":"LineString","coordinates":[[121.938787,30.922997],[121.938776,30.921172]]}},{"type":"Feature","properties":{"osm_id":1338068681,"name":"杉云路","ref":"","highway":"tertiary","road_grade":"R4","maxspeed_raw":null,"speed_base_kmh":32,"speed_pm_kmh":24,"speed_pm_rain_kmh":21,"speed_source":"synthetic_grade_default","lanes":2,"lanes_source":"Synthetic_by_grade","oneway":false,"oneway_source":"default","bridge":false,"tunnel":false,"layer":0,"layer_source":"default_ground","access":"","surface":"","service":"","topology_source":"LBS-Master_roads_gcj_clip","impedance_synthetic":true,"routable":true,"fallback_clip":true},"geometry":{"type":"LineString","coordinates":[[121.936349,30.933006],[121.936345,30.932513]]}},{"type":"Feature","properties":{"osm_id":1338068682,"name":"杉云路","ref":"","highway":"tertiary","road_grade":"R4","maxspeed_raw":null,"speed_base_kmh":32,"speed_pm_kmh":24,"speed_pm_rain_kmh":21,"speed_source":"synthetic_grade_default","lanes":2,"lanes_source":"Synthetic_by_grade","oneway":false,"oneway_source":"default","bridge":false,"tunnel":false,"layer":0,"layer_source":"default_ground","access":"","surface":"","service":"","topology_source":"LBS-Master_roads_gcj_clip","impedance_synthetic":true,"routable":true,"fallback_clip":true},"geometry":{"type":"LineString","coordinates":[[121.936348,30.935025],[121.936351,30.933219],[121.936349,30.933006]]}},{"type":"Feature","properties":{"osm_id":1338068683,"name":"杉云路","ref":"","highway":"tertiary","road_grade":"R4","maxspeed_raw":null,"speed_base_kmh":32,"speed_pm_kmh":24,"speed_pm_rain_kmh":21,"speed_source":"synthetic_grade_default","lanes":2,"lanes_source":"Synthetic_by_grade","oneway":false,"oneway_source":"default","bridge":false,"tunnel":false,"layer":0,"layer_source":"default_ground","access":"","surface":"","service":"","topology_source":"LBS-Master_roads_gcj_clip","impedance_synthetic":true,"routable":true,"fallback_clip":true},"geometry":{"type":"LineString","coordinates":[[121.93625,30.921175],[121.936236,30.919491],[121.936224,30.917993]]}},{"type":"Feature","properties":{"osm_id":1338068684,"name":"洛神花路","ref":"","highway":"tertiary","road_grade":"R4","maxspeed_raw":null,"speed_base_kmh":32,"speed_pm_kmh":24,"speed_pm_rain_kmh":21,"speed_source":"synthetic_grade_default","lanes":2,"lanes_source":"Synthetic_by_grade","oneway":false,"oneway_source":"default","bridge":false,"tunnel":false,"layer":0,"layer_source":"default_ground","access":"","surface":"","service":"","topology_source":"LBS-Master_roads_gcj_clip","impedance_synthetic":true,"routable":true,"fallback_clip":true},"geometry":{"type":"LineString","coordinates":[[121.93625,30.921175],[121.937011,30.921174],[121.937355,30.921174],[121.938776,30.921172]]}},{"type":"Feature","properties":{"osm_id":1338068685,"name":"洛神花路","ref":"","highway":"tertiary","road_grade":"R4","maxspeed_raw":null,"speed_base_kmh":32,"speed_pm_kmh":24,"speed_pm_rain_kmh":21,"speed_source":"synthetic_grade_default","lanes":2,"lanes_source":"Synthetic_by_grade","oneway":false,"oneway_source":"default","bridge":false,"tunnel":false,"layer":0,"layer_source":"default_ground","access":"","surface":"","service":"","topology_source":"LBS-Master_roads_gcj_clip","impedance_synthetic":true,"routable":true,"fallback_clip":true},"geometry":{"type":"LineString","coordinates":[[121.938941,30.921172],[121.942995,30.921167],[121.943091,30.921167],[121.949862,30.921135]]}},{"type":"Feature","properties":{"osm_id":1338068686,"name":"香柏路","ref":"","highway":"secondary","road_grade":"R3","maxspeed_raw":null,"speed_base_kmh":42,"speed_pm_kmh":27,"speed_pm_rain_kmh":24,"speed_source":"synthetic_grade_default","lanes":3,"lanes_source":"Synthetic_by_grade","oneway":false,"oneway_source":"default","bridge":false,"tunnel":false,"layer":0,"layer_source":"default_ground","access":"","surface":"","service":"","topology_source":"LBS-Master_roads_gcj_clip","impedance_synthetic":true,"routable":true,"fallback_clip":true},"geometry":{"type":"LineString","coordinates":[[121.938941,30.921172],[121.938954,30.923002]]}},{"type":"Feature","properties":{"osm_id":1338068687,"name":"香柏路","ref":"","highway":"secondary","road_grade":"R3","maxspeed_raw":null,"speed_base_kmh":42,"speed_pm_kmh":27,"speed_pm_rain_kmh":24,"speed_source":"synthetic_grade_default","lanes":3,"lanes_source":"Synthetic_by_grade","oneway":false,"oneway_source":"default","bridge":false,"tunnel":false,"layer":0,"layer_source":"default_ground","access":"","surface":"","service":"","topology_source":"LBS-Master_roads_gcj_clip","impedance_synthetic":true,"routable":true,"fallback_clip":true},"geometry":{"type":"LineString","coordinates":[[121.938907,30.916149],[121.938936,30.918054]]}},{"type":"Feature","properties":{"osm_id":1338068688,"name":"","ref":"","highway":"primary","road_grade":"R2","maxspeed_raw":null,"speed_base_kmh":52,"speed_pm_kmh":30,"speed_pm_rain_kmh":26,"speed_source":"synthetic_grade_default","lanes":4,"lanes_source":"Synthetic_by_grade","oneway":false,"oneway_source":"default","bridge":false,"tunnel":false,"layer":0,"layer_source":"default_ground","access":"","surface":"","service":"","topology_source":"LBS-Master_roads_gcj_clip","impedance_synthetic":true,"routable":true,"fallback_clip":true},"geometry":{"type":"LineString","coordinates":[[121.938762,30.918326],[121.938303,30.918302],[121.93756,30.918198],[121.936969,30.918115],[121.936224,30.917993],[121.935586,30.917884],[121.934383,30.917667],[121.933583,30.917449],[121.933368,30.917379],[121.933054,30.917276],[121.932288,30.917021]]}},{"type":"Feature","properties":{"osm_id":1338068689,"name":"","ref":"","highway":"primary","road_grade":"R2","maxspeed_raw":null,"speed_base_kmh":52,"speed_pm_kmh":30,"speed_pm_rain_kmh":26,"speed_source":"synthetic_grade_default","lanes":4,"lanes_source":"Synthetic_by_grade","oneway":false,"oneway_source":"default","bridge":false,"tunnel":false,"layer":0,"layer_source":"default_ground","access":"","surface":"","service":"","topology_source":"LBS-Master_roads_gcj_clip","impedance_synthetic":true,"routable":true,"fallback_clip":true},"geometry":{"type":"LineString","coordinates":[[121.958234,30.912135],[121.958138,30.912215],[121.958047,30.912292],[121.957737,30.912554]]}},{"type":"Feature","properties":{"osm_id":1338068690,"name":"滨港大道","ref":"","highway":"secondary","road_grade":"R3","maxspeed_raw":null,"speed_base_kmh":42,"speed_pm_kmh":27,"speed_pm_rain_kmh":24,"speed_source":"synthetic_grade_default","lanes":3,"lanes_source":"Synthetic_by_grade","oneway":false,"oneway_source":"default","bridge":false,"tunnel":false,"layer":0,"layer_source":"default_ground","access":"","surface":"","service":"","topology_source":"LBS-Master_roads_gcj_clip","impedance_synthetic":true,"routable":true,"fallback_clip":true},"geometry":{"type":"LineString","coordinates":[[121.954045,30.908715],[121.954173,30.908826]]}},{"type":"Feature","properties":{"osm_id":1338068691,"name":"环湖东二路","ref":"","highway":"secondary","road_grade":"R3","maxspeed_raw":null,"speed_base_kmh":42,"speed_pm_kmh":27,"speed_pm_rain_kmh":24,"speed_source":"synthetic_grade_default","lanes":3,"lanes_source":"Synthetic_by_grade","oneway":false,"oneway_source":"default","bridge":false,"tunnel":false,"layer":0,"layer_source":"default_ground","access":"","surface":"","service":"","topology_source":"LBS-Master_roads_gcj_clip","impedance_synthetic":true,"routable":true,"fallback_clip":true},"geometry":{"type":"LineString","coordinates":[[121.953953,30.908793],[121.954045,30.908715]]}},{"type":"Feature","properties":{"osm_id":1338068692,"name":"环湖北二路","ref":"","highway":"secondary","road_grade":"R3","maxspeed_raw":null,"speed_base_kmh":42,"speed_pm_kmh":27,"speed_pm_rain_kmh":24,"speed_source":"synthetic_grade_default","lanes":3,"lanes_source":"Synthetic_by_grade","oneway":false,"oneway_source":"default","bridge":false,"tunnel":false,"layer":0,"layer_source":"default_ground","access":"","surface":"","service":"","topology_source":"LBS-Master_roads_gcj_clip","impedance_synthetic":true,"routable":true,"fallback_clip":true},"geometry":{"type":"LineString","coordinates":[[121.934045,30.912346],[121.935015,30.912654],[121.93577,30.912853]]}},{"type":"Feature","properties":{"osm_id":1338068693,"name":"紫檀路","ref":"","highway":"tertiary","road_grade":"R4","maxspeed_raw":null,"speed_base_kmh":32,"speed_pm_kmh":24,"speed_pm_rain_kmh":21,"speed_source":"synthetic_grade_default","lanes":2,"lanes_source":"Synthetic_by_grade","oneway":false,"oneway_source":"default","bridge":false,"tunnel":false,"layer":0,"layer_source":"default_ground","access":"","surface":"","service":"","topology_source":"LBS-Master_roads_gcj_clip","impedance_synthetic":true,"routable":true,"fallback_clip":true},"geometry":{"type":"LineString","coordinates":[[121.93577,30.912853],[121.936123,30.911899]]}},{"type":"Feature","properties":{"osm_id":1338068694,"name":"紫檀路","ref":"","highway":"tertiary","road_grade":"R4","maxspeed_raw":null,"speed_base_kmh":32,"speed_pm_kmh":24,"speed_pm_rain_kmh":21,"speed_source":"synthetic_grade_default","lanes":2,"lanes_source":"Synthetic_by_grade","oneway":false,"oneway_source":"default","bridge":false,"tunnel":false,"layer":0,"layer_source":"default_ground","access":"","surface":"","service":"","topology_source":"LBS-Master_roads_gcj_clip","impedance_synthetic":true,"routable":true,"fallback_clip":true},"geometry":{"type":"LineString","coordinates":[[121.936123,30.911899],[121.936556,30.910325],[121.936918,30.909278]]}},{"type":"Feature","properties":{"osm_id":1338068695,"name":"云鹃北路","ref":"","highway":"tertiary","road_grade":"R4","maxspeed_raw":null,"speed_base_kmh":32,"speed_pm_kmh":24,"speed_pm_rain_kmh":21,"speed_source":"synthetic_grade_default","lanes":2,"lanes_source":"Synthetic_by_grade","oneway":false,"oneway_source":"default","bridge":false,"tunnel":false,"layer":0,"layer_source":"default_ground","access":"","surface":"","service":"","topology_source":"LBS-Master_roads_gcj_clip","impedance_synthetic":true,"routable":true,"fallback_clip":true},"geometry":{"type":"LineString","coordinates":[[121.933993,30.911231],[121.933687,30.91112],[121.93343,30.911019],[121.932815,30.91076],[121.932499,30.910614],[121.931803,30.91026]]}},{"type":"Feature","properties":{"osm_id":1338068696,"name":"云鹃北路","ref":"","highway":"tertiary","road_grade":"R4","maxspeed_raw":null,"speed_base_kmh":32,"speed_pm_kmh":24,"speed_pm_rain_kmh":21,"speed_source":"synthetic_grade_default","lanes":2,"lanes_source":"Synthetic_by_grade","oneway":false,"oneway_source":"default","bridge":false,"tunnel":false,"layer":0,"layer_source":"default_ground","access":"","surface":"","service":"","topology_source":"LBS-Master_roads_gcj_clip","impedance_synthetic":true,"routable":true,"fallback_clip":true},"geometry":{"type":"LineString","coordinates":[[121.931803,30.91026],[121.931038,30.909857],[121.930248,30.909348]]}},{"type":"Feature","properties":{"osm_id":1338068699,"name":"水芸路","ref":"","highway":"tertiary","road_grade":"R4","maxspeed_raw":null,"speed_base_kmh":32,"speed_pm_kmh":24,"speed_pm_rain_kmh":21,"speed_source":"synthetic_grade_default","lanes":2,"lanes_source":"Synthetic_by_grade","oneway":false,"oneway_source":"default","bridge":false,"tunnel":false,"layer":0,"layer_source":"default_ground","access":"","surface":"","service":"","topology_source":"LBS-Master_roads_gcj_clip","impedance_synthetic":true,"routable":true,"fallback_clip":true},"geometry":{"type":"LineString","coordinates":[[121.931022,30.907807],[121.93095,30.907745]]}},{"type":"Feature","properties":{"osm_id":1338068700,"name":"水芸路","ref":"","highway":"tertiary","road_grade":"R4","maxspeed_raw":null,"speed_base_kmh":32,"speed_pm_kmh":24,"speed_pm_rain_kmh":21,"speed_source":"synthetic_grade_default","lanes":2,"lanes_source":"Synthetic_by_grade","oneway":false,"oneway_source":"default","bridge":false,"tunnel":false,"layer":0,"layer_source":"default_ground","access":"","surface":"","service":"","topology_source":"LBS-Master_roads_gcj_clip","impedance_synthetic":true,"routable":true,"fallback_clip":true},"geometry":{"type":"LineString","coordinates":[[121.93095,30.907745],[121.930673,30.90755],[121.93054,30.90745]]}},{"type":"Feature","properties":{"osm_id":1338068722,"name":"海港大道","ref":"","highway":"primary","road_grade":"R2","maxspeed_raw":null,"speed_base_kmh":52,"speed_pm_kmh":30,"speed_pm_rain_kmh":26,"speed_source":"synthetic_grade_default","lanes":4,"lanes_source":"Synthetic_by_grade","oneway":false,"oneway_source":"default","bridge":false,"tunnel":false,"layer":0,"layer_source":"default_ground","access":"","surface":"","service":"","topology_source":"LBS-Master_roads_gcj_clip","impedance_synthetic":true,"routable":true,"fallback_clip":true},"geometry":{"type":"LineString","coordinates":[[121.91843,30.878395],[121.918242,30.878199],[121.91736,30.87744]]}},{"type":"Feature","properties":{"osm_id":1338279325,"name":"橄榄路","ref":"","highway":"secondary","road_grade":"R3","maxspeed_raw":null,"speed_base_kmh":42,"speed_pm_kmh":27,"speed_pm_rain_kmh":24,"speed_source":"synthetic_grade_default","lanes":3,"lanes_source":"Synthetic_by_grade","oneway":false,"oneway_source":"default","bridge":false,"tunnel":false,"layer":0,"layer_source":"default_ground","access":"","surface":"","service":"","topology_source":"LBS-Master_roads_gcj_clip","impedance_synthetic":true,"routable":true,"fallback_clip":true},"geometry":{"type":"LineString","coordinates":[[121.906736,30.889902],[121.906533,30.889895]]}},{"type":"Feature","properties":{"osm_id":1338279326,"name":"茉莉路","ref":"","highway":"tertiary","road_grade":"R4","maxspeed_raw":null,"speed_base_kmh":32,"speed_pm_kmh":24,"speed_pm_rain_kmh":21,"speed_source":"synthetic_grade_default","lanes":2,"lanes_source":"Synthetic_by_grade","oneway":false,"oneway_source":"default","bridge":false,"tunnel":false,"layer":0,"layer_source":"default_ground","access":"","surface":"","service":"","topology_source":"LBS-Master_roads_gcj_clip","impedance_synthetic":true,"routable":true,"fallback_clip":true},"geometry":{"type":"LineString","coordinates":[[121.906533,30.889895],[121.906651,30.889711]]}},{"type":"Feature","properties":{"osm_id":1338279327,"name":"香蔓路","ref":"","highway":"tertiary","road_grade":"R4","maxspeed_raw":null,"speed_base_kmh":32,"speed_pm_kmh":24,"speed_pm_rain_kmh":21,"speed_source":"synthetic_grade_default","lanes":2,"lanes_source":"Synthetic_by_grade","oneway":false,"oneway_source":"default","bridge":false,"tunnel":false,"layer":0,"layer_source":"default_ground","access":"","surface":"","service":"","topology_source":"LBS-Master_roads_gcj_clip","impedance_synthetic":true,"routable":true,"fallback_clip":true},"geometry":{"type":"LineString","coordinates":[[121.924636,30.922407],[121.92341,30.921355],[121.923277,30.921241],[121.920959,30.919251]]}},{"type":"Feature","properties":{"osm_id":1338279328,"name":"白荆路","ref":"","highway":"secondary","road_grade":"R3","maxspeed_raw":null,"speed_base_kmh":42,"speed_pm_kmh":27,"speed_pm_rain_kmh":24,"speed_source":"synthetic_grade_default","lanes":3,"lanes_source":"Synthetic_by_grade","oneway":false,"oneway_source":"default","bridge":false,"tunnel":false,"layer":0,"layer_source":"default_ground","access":"","surface":"","service":"","topology_source":"LBS-Master_roads_gcj_clip","impedance_synthetic":true,"routable":true,"fallback_clip":true},"geometry":{"type":"LineString","coordinates":[[121.923634,30.923263],[121.924291,30.922712],[121.924636,30.922407]]}},{"type":"Feature","properties":{"osm_id":1338279329,"name":"白荆路","ref":"","highway":"secondary","road_grade":"R3","maxspeed_raw":null,"speed_base_kmh":42,"speed_pm_kmh":27,"speed_pm_rain_kmh":24,"speed_source":"synthetic_grade_default","lanes":3,"lanes_source":"Synthetic_by_grade","oneway":false,"oneway_source":"default","bridge":false,"tunnel":false,"layer":0,"layer_source":"default_ground","access":"","surface":"","service":"","topology_source":"LBS-Master_roads_gcj_clip","impedance_synthetic":true,"routable":true,"fallback_clip":true},"geometry":{"type":"LineString","coordinates":[[121.922859,30.92394],[121.923634,30.923263]]}},{"type":"Feature","properties":{"osm_id":1338279330,"name":"铃兰路","ref":"","highway":"secondary","road_grade":"R3","maxspeed_raw":null,"speed_base_kmh":42,"speed_pm_kmh":27,"speed_pm_rain_kmh":24,"speed_source":"synthetic_grade_default","lanes":3,"lanes_source":"Synthetic_by_grade","oneway":false,"oneway_source":"default","bridge":false,"tunnel":false,"layer":0,"layer_source":"default_ground","access":"","surface":"","service":"","topology_source":"LBS-Master_roads_gcj_clip","impedance_synthetic":true,"routable":true,"fallback_clip":true},"geometry":{"type":"LineString","coordinates":[[121.922826,30.924123],[121.922719,30.92404]]}},{"type":"Feature","properties":{"osm_id":1338279331,"name":"白荆路","ref":"","highway":"secondary","road_grade":"R3","maxspeed_raw":null,"speed_base_kmh":42,"speed_pm_kmh":27,"speed_pm_rain_kmh":24,"speed_source":"synthetic_grade_default","lanes":3,"lanes_source":"Synthetic_by_grade","oneway":false,"oneway_source":"default","bridge":false,"tunnel":false,"layer":0,"layer_source":"default_ground","access":"","surface":"","service":"","topology_source":"LBS-Master_roads_gcj_clip","impedance_synthetic":true,"routable":true,"fallback_clip":true},"geometry":{"type":"LineString","coordinates":[[121.924764,30.922478],[121.9243,30.922909],[121.923482,30.923591],[121.922965,30.924029],[121.922826,30.924123]]}},{"type":"Feature","properties":{"osm_id":1338279332,"name":"云皓路","ref":"","highway":"tertiary","road_grade":"R4","maxspeed_raw":null,"speed_base_kmh":32,"speed_pm_kmh":24,"speed_pm_rain_kmh":21,"speed_source":"synthetic_grade_default","lanes":2,"lanes_source":"Synthetic_by_grade","oneway":false,"oneway_source":"default","bridge":false,"tunnel":false,"layer":0,"layer_source":"default_ground","access":"","surface":"","service":"","topology_source":"LBS-Master_roads_gcj_clip","impedance_synthetic":true,"routable":true,"fallback_clip":true},"geometry":{"type":"LineString","coordinates":[[121.919184,30.92081],[121.920959,30.919251]]}},{"type":"Feature","properties":{"osm_id":1338279333,"name":"杞青路","ref":"","highway":"secondary","road_grade":"R3","maxspeed_raw":null,"speed_base_kmh":42,"speed_pm_kmh":27,"speed_pm_rain_kmh":24,"speed_source":"synthetic_grade_default","lanes":3,"lanes_source":"Synthetic_by_grade","oneway":false,"oneway_source":"default","bridge":false,"tunnel":false,"layer":0,"layer_source":"default_ground","access":"","surface":"","service":"","topology_source":"LBS-Master_roads_gcj_clip","impedance_synthetic":true,"routable":true,"fallback_clip":true},"geometry":{"type":"LineString","coordinates":[[121.902764,30.919338],[121.903027,30.919089]]}},{"type":"Feature","properties":{"osm_id":1338279334,"name":"沪城环路","ref":"","highway":"secondary","road_grade":"R3","maxspeed_raw":null,"speed_base_kmh":42,"speed_pm_kmh":27,"speed_pm_rain_kmh":24,"speed_source":"synthetic_grade_default","lanes":3,"lanes_source":"Synthetic_by_grade","oneway":false,"oneway_source":"default","bridge":false,"tunnel":false,"layer":0,"layer_source":"default_ground","access":"","surface":"","service":"","topology_source":"LBS-Master_roads_gcj_clip","impedance_synthetic":true,"routable":true,"fallback_clip":true},"geometry":{"type":"LineString","coordinates":[[121.903027,30.919089],[121.903139,30.919255]]}},{"type":"Feature","properties":{"osm_id":1338279335,"name":"沪城环路","ref":"","highway":"secondary","road_grade":"R3","maxspeed_raw":null,"speed_base_kmh":42,"speed_pm_kmh":27,"speed_pm_rain_kmh":24,"speed_source":"synthetic_grade_default","lanes":3,"lanes_source":"Synthetic_by_grade","oneway":false,"oneway_source":"default","bridge":false,"tunnel":false,"layer":0,"layer_source":"default_ground","access":"","surface":"","service":"","topology_source":"LBS-Master_roads_gcj_clip","impedance_synthetic":true,"routable":true,"fallback_clip":true},"geometry":{"type":"LineString","coordinates":[[121.897426,30.900759],[121.897416,30.901094],[121.897421,30.902446],[121.897431,30.902988],[121.897456,30.90339],[121.897513,30.903925],[121.897608,30.904936],[121.897628,30.905207],[121.897638,30.905383]]}},{"type":"Feature","properties":{"osm_id":1338279336,"name":"花柏路","ref":"","highway":"secondary","road_grade":"R3","maxspeed_raw":null,"speed_base_kmh":42,"speed_pm_kmh":27,"speed_pm_rain_kmh":24,"speed_source":"synthetic_grade_default","lanes":3,"lanes_source":"Synthetic_by_grade","oneway":false,"oneway_source":"default","bridge":false,"tunnel":false,"layer":0,"layer_source":"default_ground","access":"","surface":"","service":"","topology_source":"LBS-Master_roads_gcj_clip","impedance_synthetic":true,"routable":true,"fallback_clip":true},"geometry":{"type":"LineString","coordinates":[[121.897638,30.905383],[121.897247,30.905298]]}},{"type":"Feature","properties":{"osm_id":1338279337,"name":"花柏路","ref":"","highway":"secondary","road_grade":"R3","maxspeed_raw":null,"speed_base_kmh":42,"speed_pm_kmh":27,"speed_pm_rain_kmh":24,"speed_source":"synthetic_grade_default","lanes":3,"lanes_source":"Synthetic_by_grade","oneway":false,"oneway_source":"default","bridge":false,"tunnel":false,"layer":0,"layer_source":"default_ground","access":"","surface":"","service":"","topology_source":"LBS-Master_roads_gcj_clip","impedance_synthetic":true,"routable":true,"fallback_clip":true},"geometry":{"type":"LineString","coordinates":[[121.906787,30.905331],[121.906671,30.905324]]}},{"type":"Feature","properties":{"osm_id":1338279338,"name":"松萝路","ref":"","highway":"tertiary","road_grade":"R4","maxspeed_raw":null,"speed_base_kmh":32,"speed_pm_kmh":24,"speed_pm_rain_kmh":21,"speed_source":"synthetic_grade_default","lanes":2,"lanes_source":"Synthetic_by_grade","oneway":false,"oneway_source":"default","bridge":false,"tunnel":false,"layer":0,"layer_source":"default_ground","access":"","surface":"","service":"","topology_source":"LBS-Master_roads_gcj_clip","impedance_synthetic":true,"routable":true,"fallback_clip":true},"geometry":{"type":"LineString","coordinates":[[121.906834,30.905126],[121.906787,30.905331]]}},{"type":"Feature","properties":{"osm_id":1338279340,"name":"橄榄路","ref":"","highway":"secondary","road_grade":"R3","maxspeed_raw":null,"speed_base_kmh":42,"speed_pm_kmh":27,"speed_pm_rain_kmh":24,"speed_source":"synthetic_grade_default","lanes":3,"lanes_source":"Synthetic_by_grade","oneway":false,"oneway_source":"default","bridge":false,"tunnel":false,"layer":0,"layer_source":"default_ground","access":"","surface":"","service":"","topology_source":"LBS-Master_roads_gcj_clip","impedance_synthetic":true,"routable":true,"fallback_clip":true},"geometry":{"type":"LineString","coordinates":[[121.905068,30.889892],[121.903238,30.889875]]}},{"type":"Feature","properties":{"osm_id":1338279341,"name":"橄榄路","ref":"","highway":"secondary","road_grade":"R3","maxspeed_raw":null,"speed_base_kmh":42,"speed_pm_kmh":27,"speed_pm_rain_kmh":24,"speed_source":"synthetic_grade_default","lanes":3,"lanes_source":"Synthetic_by_grade","oneway":false,"oneway_source":"default","bridge":false,"tunnel":false,"layer":0,"layer_source":"default_ground","access":"","surface":"","service":"","topology_source":"LBS-Master_roads_gcj_clip","impedance_synthetic":true,"routable":true,"fallback_clip":true},"geometry":{"type":"LineString","coordinates":[[121.906533,30.889895],[121.906286,30.889884],[121.905068,30.889892]]}},{"type":"Feature","properties":{"osm_id":1338279342,"name":"两港大道","ref":"","highway":"secondary","road_grade":"R3","maxspeed_raw":null,"speed_base_kmh":42,"speed_pm_kmh":27,"speed_pm_rain_kmh":24,"speed_source":"synthetic_grade_default","lanes":3,"lanes_source":"Synthetic_by_grade","oneway":false,"oneway_source":"default","bridge":false,"tunnel":false,"layer":0,"layer_source":"default_ground","access":"","surface":"","service":"","topology_source":"LBS-Master_roads_gcj_clip","impedance_synthetic":true,"routable":true,"fallback_clip":true},"geometry":{"type":"LineString","coordinates":[[121.889293,30.942129],[121.889247,30.941712]]}},{"type":"Feature","properties":{"osm_id":1338279343,"name":"茉莉路","ref":"","highway":"tertiary","road_grade":"R4","maxspeed_raw":null,"speed_base_kmh":32,"speed_pm_kmh":24,"speed_pm_rain_kmh":21,"speed_source":"synthetic_grade_default","lanes":2,"lanes_source":"Synthetic_by_grade","oneway":false,"oneway_source":"default","bridge":false,"tunnel":false,"layer":0,"layer_source":"default_ground","access":"","surface":"","service":"","topology_source":"LBS-Master_roads_gcj_clip","impedance_synthetic":true,"routable":true,"fallback_clip":true},"geometry":{"type":"LineString","coordinates":[[121.906737,30.894317],[121.906746,30.894514],[121.90675,30.895233]]}},{"type":"Feature","properties":{"osm_id":1338279344,"name":"茉莉路","ref":"","highway":"tertiary","road_grade":"R4","maxspeed_raw":null,"speed_base_kmh":32,"speed_pm_kmh":24,"speed_pm_rain_kmh":21,"speed_source":"synthetic_grade_default","lanes":2,"lanes_source":"Synthetic_by_grade","oneway":false,"oneway_source":"default","bridge":false,"tunnel":false,"layer":0,"layer_source":"default_ground","access":"","surface":"","service":"","topology_source":"LBS-Master_roads_gcj_clip","impedance_synthetic":true,"routable":true,"fallback_clip":true},"geometry":{"type":"LineString","coordinates":[[121.906608,30.894318],[121.906599,30.894119],[121.906593,30.893403]]}},{"type":"Feature","properties":{"osm_id":1338279345,"name":"洲德路","ref":"","highway":"secondary","road_grade":"R3","maxspeed_raw":null,"speed_base_kmh":42,"speed_pm_kmh":27,"speed_pm_rain_kmh":24,"speed_source":"synthetic_grade_default","lanes":3,"lanes_source":"Synthetic_by_grade","oneway":false,"oneway_source":"default","bridge":false,"tunnel":false,"layer":0,"layer_source":"default_ground","access":"","surface":"","service":"","topology_source":"LBS-Master_roads_gcj_clip","impedance_synthetic":true,"routable":true,"fallback_clip":true},"geometry":{"type":"LineString","coordinates":[[121.909261,30.948571],[121.906048,30.948423],[121.905619,30.948392]]}},{"type":"Feature","properties":{"osm_id":1338279346,"name":"","ref":"","highway":"tertiary","road_grade":"R4","maxspeed_raw":null,"speed_base_kmh":32,"speed_pm_kmh":24,"speed_pm_rain_kmh":21,"speed_source":"synthetic_grade_default","lanes":2,"lanes_source":"Synthetic_by_grade","oneway":false,"oneway_source":"default","bridge":false,"tunnel":false,"layer":0,"layer_source":"default_ground","access":"","surface":"","service":"","topology_source":"LBS-Master_roads_gcj_clip","impedance_synthetic":true,"routable":true,"fallback_clip":true},"geometry":{"type":"LineString","coordinates":[[121.90565,30.948244],[121.905619,30.948392]]}},{"type":"Feature","properties":{"osm_id":1338279347,"name":"洲德路","ref":"","highway":"secondary","road_grade":"R3","maxspeed_raw":null,"speed_base_kmh":42,"speed_pm_kmh":27,"speed_pm_rain_kmh":24,"speed_source":"synthetic_grade_default","lanes":3,"lanes_source":"Synthetic_by_grade","oneway":false,"oneway_source":"default","bridge":false,"tunnel":false,"layer":0,"layer_source":"default_ground","access":"","surface":"","service":"","topology_source":"LBS-Master_roads_gcj_clip","impedance_synthetic":true,"routable":true,"fallback_clip":true},"geometry":{"type":"LineString","coordinates":[[121.922985,30.949033],[121.920978,30.94904],[121.919779,30.949047],[121.918445,30.94902],[121.917189,30.948951],[121.916673,30.948925],[121.916401,30.948912]]}},{"type":"Feature","properties":{"osm_id":1338279351,"name":"","ref":"","highway":"tertiary","road_grade":"R4","maxspeed_raw":null,"speed_base_kmh":32,"speed_pm_kmh":24,"speed_pm_rain_kmh":21,"speed_source":"synthetic_grade_default","lanes":2,"lanes_source":"Synthetic_by_grade","oneway":false,"oneway_source":"default","bridge":false,"tunnel":false,"layer":0,"layer_source":"default_ground","access":"","surface":"","service":"","topology_source":"LBS-Master_roads_gcj_clip","impedance_synthetic":true,"routable":true,"fallback_clip":true},"geometry":{"type":"LineString","coordinates":[[121.920206,30.945715],[121.920103,30.946433],[121.920019,30.947193],[121.920004,30.947297],[121.919867,30.948325],[121.919794,30.948892]]}},{"type":"Feature","properties":{"osm_id":1338279352,"name":"","ref":"","highway":"tertiary","road_grade":"R4","maxspeed_raw":null,"speed_base_kmh":32,"speed_pm_kmh":24,"speed_pm_rain_kmh":21,"speed_source":"synthetic_grade_default","lanes":2,"lanes_source":"Synthetic_by_grade","oneway":false,"oneway_source":"default","bridge":false,"tunnel":false,"layer":0,"layer_source":"default_ground","access":"","surface":"","service":"","topology_source":"LBS-Master_roads_gcj_clip","impedance_synthetic":true,"routable":true,"fallback_clip":true},"geometry":{"type":"LineString","coordinates":[[121.919794,30.948892],[121.919779,30.949047],[121.91952,30.951218],[121.919126,30.954209]]}},{"type":"Feature","properties":{"osm_id":1338279353,"name":"洲德路","ref":"","highway":"secondary","road_grade":"R3","maxspeed_raw":null,"speed_base_kmh":42,"speed_pm_kmh":27,"speed_pm_rain_kmh":24,"speed_source":"synthetic_grade_default","lanes":3,"lanes_source":"Synthetic_by_grade","oneway":false,"oneway_source":"default","bridge":false,"tunnel":false,"layer":0,"layer_source":"default_ground","access":"","surface":"","service":"","topology_source":"LBS-Master_roads_gcj_clip","impedance_synthetic":true,"routable":true,"fallback_clip":true},"geometry":{"type":"LineString","coordinates":[[121.909726,30.948449],[121.910135,30.948469],[121.913286,30.948615],[121.913388,30.948619],[121.916057,30.948743],[121.916131,30.948747]]}},{"type":"Feature","properties":{"osm_id":1338279354,"name":"","ref":"","highway":"secondary","road_grade":"R3","maxspeed_raw":null,"speed_base_kmh":42,"speed_pm_kmh":27,"speed_pm_rain_kmh":24,"speed_source":"synthetic_grade_default","lanes":3,"lanes_source":"Synthetic_by_grade","oneway":false,"oneway_source":"default","bridge":false,"tunnel":false,"layer":0,"layer_source":"default_ground","access":"","surface":"","service":"","topology_source":"LBS-Master_roads_gcj_clip","impedance_synthetic":true,"routable":true,"fallback_clip":true},"geometry":{"type":"LineString","coordinates":[[121.901622,30.948046],[121.902102,30.948087],[121.90565,30.948244]]}},{"type":"Feature","properties":{"osm_id":1338279355,"name":"","ref":"","highway":"tertiary","road_grade":"R4","maxspeed_raw":null,"speed_base_kmh":32,"speed_pm_kmh":24,"speed_pm_rain_kmh":21,"speed_source":"synthetic_grade_default","lanes":2,"lanes_source":"Synthetic_by_grade","oneway":false,"oneway_source":"default","bridge":false,"tunnel":false,"layer":0,"layer_source":"default_ground","access":"","surface":"","service":"","topology_source":"LBS-Master_roads_gcj_clip","impedance_synthetic":true,"routable":true,"fallback_clip":true},"geometry":{"type":"LineString","coordinates":[[121.905836,30.947395],[121.905804,30.947497],[121.90565,30.948244]]}},{"type":"Feature","properties":{"osm_id":1338279356,"name":"两港大道","ref":"","highway":"secondary","road_grade":"R3","maxspeed_raw":null,"speed_base_kmh":42,"speed_pm_kmh":27,"speed_pm_rain_kmh":24,"speed_source":"synthetic_grade_default","lanes":3,"lanes_source":"Synthetic_by_grade","oneway":false,"oneway_source":"default","bridge":false,"tunnel":false,"layer":0,"layer_source":"default_ground","access":"","surface":"","service":"","topology_source":"LBS-Master_roads_gcj_clip","impedance_synthetic":true,"routable":true,"fallback_clip":true},"geometry":{"type":"LineString","coordinates":[[121.889603,30.941504],[121.889627,30.941906]]}},{"type":"Feature","properties":{"osm_id":1338279357,"name":"临港大道","ref":"","highway":"primary","road_grade":"R2","maxspeed_raw":null,"speed_base_kmh":52,"speed_pm_kmh":30,"speed_pm_rain_kmh":26,"speed_source":"synthetic_grade_default","lanes":4,"lanes_source":"Synthetic_by_grade","oneway":false,"oneway_source":"default","bridge":false,"tunnel":false,"layer":0,"layer_source":"default_ground","access":"","surface":"","service":"","topology_source":"LBS-Master_roads_gcj_clip","impedance_synthetic":true,"routable":true,"fallback_clip":true},"geometry":{"type":"LineString","coordinates":[[121.889627,30.941906],[121.889541,30.941964],[121.889293,30.942129]]}},{"type":"Feature","properties":{"osm_id":1338279359,"name":"申港大道","ref":"","highway":"primary","road_grade":"R2","maxspeed_raw":null,"speed_base_kmh":52,"speed_pm_kmh":30,"speed_pm_rain_kmh":26,"speed_source":"synthetic_grade_default","lanes":4,"lanes_source":"Synthetic_by_grade","oneway":false,"oneway_source":"default","bridge":false,"tunnel":false,"layer":0,"layer_source":"default_ground","access":"","surface":"","service":"","topology_source":"LBS-Master_roads_gcj_clip","impedance_synthetic":true,"routable":true,"fallback_clip":true},"geometry":{"type":"LineString","coordinates":[[121.915197,30.897629],[121.912517,30.897654]]}},{"type":"Feature","properties":{"osm_id":1338279360,"name":"同顺大道","ref":"","highway":"secondary","road_grade":"R3","maxspeed_raw":null,"speed_base_kmh":42,"speed_pm_kmh":27,"speed_pm_rain_kmh":24,"speed_source":"synthetic_grade_default","lanes":3,"lanes_source":"Synthetic_by_grade","oneway":false,"oneway_source":"default","bridge":false,"tunnel":false,"layer":0,"layer_source":"default_ground","access":"","surface":"","service":"","topology_source":"LBS-Master_roads_gcj_clip","impedance_synthetic":true,"routable":true,"fallback_clip":true},"geometry":{"type":"LineString","coordinates":[[121.893961,30.859835],[121.893775,30.859998],[121.89131,30.862142],[121.891116,30.862316]]}},{"type":"Feature","properties":{"osm_id":1338279361,"name":"","ref":"","highway":"tertiary","road_grade":"R4","maxspeed_raw":null,"speed_base_kmh":32,"speed_pm_kmh":24,"speed_pm_rain_kmh":21,"speed_source":"synthetic_grade_default","lanes":2,"lanes_source":"Synthetic_by_grade","oneway":false,"oneway_source":"default","bridge":false,"tunnel":false,"layer":0,"layer_source":"default_ground","access":"","surface":"","service":"","topology_source":"LBS-Master_roads_gcj_clip","impedance_synthetic":true,"routable":true,"fallback_clip":true},"geometry":{"type":"LineString","coordinates":[[121.897773,30.868],[121.897637,30.867884],[121.896571,30.866974],[121.896169,30.866631],[121.895893,30.866396],[121.894413,30.865132],[121.894265,30.865003],[121.894121,30.864884],[121.89184,30.86293],[121.891267,30.862439],[121.891116,30.862316]]}},{"type":"Feature","properties":{"osm_id":1338279363,"name":"同顺大道","ref":"","highway":"secondary","road_grade":"R3","maxspeed_raw":null,"speed_base_kmh":42,"speed_pm_kmh":27,"speed_pm_rain_kmh":24,"speed_source":"synthetic_grade_default","lanes":3,"lanes_source":"Synthetic_by_grade","oneway":false,"oneway_source":"default","bridge":false,"tunnel":false,"layer":0,"layer_source":"default_ground","access":"","surface":"","service":"","topology_source":"LBS-Master_roads_gcj_clip","impedance_synthetic":true,"routable":true,"fallback_clip":true},"geometry":{"type":"LineString","coordinates":[[121.895341,30.858641],[121.895158,30.8588],[121.89414,30.859678],[121.893961,30.859835]]}},{"type":"Feature","properties":{"osm_id":1338279364,"name":"","ref":"","highway":"secondary","road_grade":"R3","maxspeed_raw":null,"speed_base_kmh":42,"speed_pm_kmh":27,"speed_pm_rain_kmh":24,"speed_source":"synthetic_grade_default","lanes":3,"lanes_source":"Synthetic_by_grade","oneway":false,"oneway_source":"default","bridge":false,"tunnel":false,"layer":0,"layer_source":"default_ground","access":"","surface":"","service":"","topology_source":"LBS-Master_roads_gcj_clip","impedance_synthetic":true,"routable":true,"fallback_clip":true},"geometry":{"type":"LineString","coordinates":[[121.895342,30.858329],[121.895527,30.858488]]}},{"type":"Feature","properties":{"osm_id":1338279365,"name":"","ref":"","highway":"secondary","road_grade":"R3","maxspeed_raw":null,"speed_base_kmh":42,"speed_pm_kmh":27,"speed_pm_rain_kmh":24,"speed_source":"synthetic_grade_default","lanes":3,"lanes_source":"Synthetic_by_grade","oneway":false,"oneway_source":"default","bridge":false,"tunnel":false,"layer":0,"layer_source":"default_ground","access":"","surface":"","service":"","topology_source":"LBS-Master_roads_gcj_clip","impedance_synthetic":true,"routable":true,"fallback_clip":true},"geometry":{"type":"LineString","coordinates":[[121.887958,30.852162],[121.888203,30.85224],[121.889865,30.853654],[121.892261,30.855674],[121.892464,30.855867]]}},{"type":"Feature","properties":{"osm_id":1338279366,"name":"","ref":"","highway":"tertiary","road_grade":"R4","maxspeed_raw":null,"speed_base_kmh":32,"speed_pm_kmh":24,"speed_pm_rain_kmh":21,"speed_source":"synthetic_grade_default","lanes":2,"lanes_source":"Synthetic_by_grade","oneway":false,"oneway_source":"default","bridge":false,"tunnel":false,"layer":0,"layer_source":"default_ground","access":"","surface":"","service":"","topology_source":"LBS-Master_roads_gcj_clip","impedance_synthetic":true,"routable":true,"fallback_clip":true},"geometry":{"type":"LineString","coordinates":[[121.895642,30.853005],[121.895541,30.853162],[121.893859,30.85464],[121.892464,30.855867]]}},{"type":"Feature","properties":{"osm_id":1338279367,"name":"","ref":"","highway":"tertiary","road_grade":"R4","maxspeed_raw":null,"speed_base_kmh":32,"speed_pm_kmh":24,"speed_pm_rain_kmh":21,"speed_source":"synthetic_grade_default","lanes":2,"lanes_source":"Synthetic_by_grade","oneway":false,"oneway_source":"default","bridge":false,"tunnel":false,"layer":0,"layer_source":"default_ground","access":"","surface":"","service":"","topology_source":"LBS-Master_roads_gcj_clip","impedance_synthetic":true,"routable":true,"fallback_clip":true},"geometry":{"type":"LineString","coordinates":[[121.890917,30.857213],[121.890766,30.857344],[121.888202,30.859573],[121.888068,30.85969],[121.887916,30.859827],[121.886705,30.860886],[121.885566,30.861878]]}},{"type":"Feature","properties":{"osm_id":1338279373,"name":"","ref":"","highway":"tertiary","road_grade":"R4","maxspeed_raw":null,"speed_base_kmh":32,"speed_pm_kmh":24,"speed_pm_rain_kmh":21,"speed_source":"synthetic_grade_default","lanes":2,"lanes_source":"Synthetic_by_grade","oneway":false,"oneway_source":"default","bridge":false,"tunnel":false,"layer":0,"layer_source":"default_ground","access":"","surface":"","service":"","topology_source":"LBS-Master_roads_gcj_clip","impedance_synthetic":true,"routable":true,"fallback_clip":true},"geometry":{"type":"LineString","coordinates":[[121.876656,30.869648],[121.876513,30.869776],[121.874965,30.871116],[121.874869,30.871201]]}},{"type":"Feature","properties":{"osm_id":1338279374,"name":"","ref":"","highway":"tertiary","road_grade":"R4","maxspeed_raw":null,"speed_base_kmh":32,"speed_pm_kmh":24,"speed_pm_rain_kmh":21,"speed_source":"synthetic_grade_default","lanes":2,"lanes_source":"Synthetic_by_grade","oneway":false,"oneway_source":"default","bridge":false,"tunnel":false,"layer":0,"layer_source":"default_ground","access":"","surface":"","service":"","topology_source":"LBS-Master_roads_gcj_clip","impedance_synthetic":true,"routable":true,"fallback_clip":true},"geometry":{"type":"LineString","coordinates":[[121.88521,30.862188],[121.884812,30.862532],[121.884699,30.862639]]}},{"type":"Feature","properties":{"osm_id":1338279375,"name":"","ref":"","highway":"secondary","road_grade":"R3","maxspeed_raw":null,"speed_base_kmh":42,"speed_pm_kmh":27,"speed_pm_rain_kmh":24,"speed_source":"synthetic_grade_default","lanes":3,"lanes_source":"Synthetic_by_grade","oneway":false,"oneway_source":"default","bridge":false,"tunnel":false,"layer":0,"layer_source":"default_ground","access":"","surface":"","service":"","topology_source":"LBS-Master_roads_gcj_clip","impedance_synthetic":true,"routable":true,"fallback_clip":true},"geometry":{"type":"LineString","coordinates":[[121.887582,30.865092],[121.887383,30.864958],[121.886515,30.864228],[121.886338,30.864065],[121.886081,30.863828],[121.885875,30.863652],[121.885532,30.863358],[121.885409,30.863229],[121.884857,30.862762],[121.884699,30.862639]]}},{"type":"Feature","properties":{"osm_id":1338279376,"name":"","ref":"","highway":"secondary","road_grade":"R3","maxspeed_raw":null,"speed_base_kmh":42,"speed_pm_kmh":27,"speed_pm_rain_kmh":24,"speed_source":"synthetic_grade_default","lanes":3,"lanes_source":"Synthetic_by_grade","oneway":false,"oneway_source":"default","bridge":false,"tunnel":false,"layer":0,"layer_source":"default_ground","access":"","surface":"","service":"","topology_source":"LBS-Master_roads_gcj_clip","impedance_synthetic":true,"routable":true,"fallback_clip":true},"geometry":{"type":"LineString","coordinates":[[121.887778,30.865216],[121.887582,30.865092]]}},{"type":"Feature","properties":{"osm_id":1338279377,"name":"同顺大道","ref":"","highway":"secondary","road_grade":"R3","maxspeed_raw":null,"speed_base_kmh":42,"speed_pm_kmh":27,"speed_pm_rain_kmh":24,"speed_source":"synthetic_grade_default","lanes":3,"lanes_source":"Synthetic_by_grade","oneway":false,"oneway_source":"default","bridge":false,"tunnel":false,"layer":0,"layer_source":"default_ground","access":"","surface":"","service":"","topology_source":"LBS-Master_roads_gcj_clip","impedance_synthetic":true,"routable":true,"fallback_clip":true},"geometry":{"type":"LineString","coordinates":[[121.887582,30.865092],[121.887648,30.865033],[121.887788,30.864911],[121.888083,30.864654]]}},{"type":"Feature","properties":{"osm_id":1343814958,"name":"滨港大道","ref":"","highway":"secondary","road_grade":"R3","maxspeed_raw":null,"speed_base_kmh":42,"speed_pm_kmh":27,"speed_pm_rain_kmh":24,"speed_source":"synthetic_grade_default","lanes":3,"lanes_source":"Synthetic_by_grade","oneway":false,"oneway_source":"default","bridge":false,"tunnel":false,"layer":0,"layer_source":"default_ground","access":"","surface":"","service":"","topology_source":"LBS-Master_roads_gcj_clip","impedance_synthetic":true,"routable":true,"fallback_clip":true},"geometry":{"type":"LineString","coordinates":[[121.956814,30.910978],[121.957996,30.911931],[121.958234,30.912135]]}},{"type":"Feature","properties":{"osm_id":1343814959,"name":"滨港大道","ref":"","highway":"secondary","road_grade":"R3","maxspeed_raw":null,"speed_base_kmh":42,"speed_pm_kmh":27,"speed_pm_rain_kmh":24,"speed_source":"synthetic_grade_default","lanes":3,"lanes_source":"Synthetic_by_grade","oneway":false,"oneway_source":"default","bridge":false,"tunnel":false,"layer":0,"layer_source":"default_ground","access":"","surface":"","service":"","topology_source":"LBS-Master_roads_gcj_clip","impedance_synthetic":true,"routable":true,"fallback_clip":true},"geometry":{"type":"LineString","coordinates":[[121.956405,30.91065],[121.956814,30.910978]]}},{"type":"Feature","properties":{"osm_id":1343814960,"name":"滨港大道","ref":"","highway":"secondary","road_grade":"R3","maxspeed_raw":null,"speed_base_kmh":42,"speed_pm_kmh":27,"speed_pm_rain_kmh":24,"speed_source":"synthetic_grade_default","lanes":3,"lanes_source":"Synthetic_by_grade","oneway":false,"oneway_source":"default","bridge":false,"tunnel":false,"layer":0,"layer_source":"default_ground","access":"","surface":"","service":"","topology_source":"LBS-Master_roads_gcj_clip","impedance_synthetic":true,"routable":true,"fallback_clip":true},"geometry":{"type":"LineString","coordinates":[[121.957808,30.912102],[121.95723,30.911586],[121.956678,30.911086]]}},{"type":"Feature","properties":{"osm_id":1343814961,"name":"滨港大道","ref":"","highway":"secondary","road_grade":"R3","maxspeed_raw":null,"speed_base_kmh":42,"speed_pm_kmh":27,"speed_pm_rain_kmh":24,"speed_source":"synthetic_grade_default","lanes":3,"lanes_source":"Synthetic_by_grade","oneway":false,"oneway_source":"default","bridge":false,"tunnel":false,"layer":0,"layer_source":"default_ground","access":"","surface":"","service":"","topology_source":"LBS-Master_roads_gcj_clip","impedance_synthetic":true,"routable":true,"fallback_clip":true},"geometry":{"type":"LineString","coordinates":[[121.956678,30.911086],[121.956295,30.910753]]}},{"type":"Feature","properties":{"osm_id":1343814962,"name":"","ref":"","highway":"secondary","road_grade":"R3","maxspeed_raw":null,"speed_base_kmh":42,"speed_pm_kmh":27,"speed_pm_rain_kmh":24,"speed_source":"synthetic_grade_default","lanes":3,"lanes_source":"Synthetic_by_grade","oneway":false,"oneway_source":"default","bridge":false,"tunnel":false,"layer":0,"layer_source":"default_ground","access":"","surface":"","service":"","topology_source":"LBS-Master_roads_gcj_clip","impedance_synthetic":true,"routable":true,"fallback_clip":true},"geometry":{"type":"LineString","coordinates":[[121.954858,30.897307],[121.955002,30.897309],[121.95514,30.897318],[121.959403,30.897333],[121.959579,30.897333],[121.962756,30.897318]]}},{"type":"Feature","properties":{"osm_id":1343814963,"name":"","ref":"","highway":"secondary","road_grade":"R3","maxspeed_raw":null,"speed_base_kmh":42,"speed_pm_kmh":27,"speed_pm_rain_kmh":24,"speed_source":"synthetic_grade_default","lanes":3,"lanes_source":"Synthetic_by_grade","oneway":false,"oneway_source":"default","bridge":false,"tunnel":false,"layer":0,"layer_source":"default_ground","access":"","surface":"","service":"","topology_source":"LBS-Master_roads_gcj_clip","impedance_synthetic":true,"routable":true,"fallback_clip":true},"geometry":{"type":"LineString","coordinates":[[121.962756,30.897318],[121.963314,30.897309]]}},{"type":"Feature","properties":{"osm_id":1343814964,"name":"","ref":"","highway":"secondary","road_grade":"R3","maxspeed_raw":null,"speed_base_kmh":42,"speed_pm_kmh":27,"speed_pm_rain_kmh":24,"speed_source":"synthetic_grade_default","lanes":3,"lanes_source":"Synthetic_by_grade","oneway":false,"oneway_source":"default","bridge":false,"tunnel":false,"layer":0,"layer_source":"default_ground","access":"","surface":"","service":"","topology_source":"LBS-Master_roads_gcj_clip","impedance_synthetic":true,"routable":true,"fallback_clip":true},"geometry":{"type":"LineString","coordinates":[[121.962756,30.897472],[121.95958,30.897456],[121.959409,30.897453],[121.955139,30.897477],[121.954999,30.897477],[121.954867,30.897522]]}},{"type":"Feature","properties":{"osm_id":1343814965,"name":"","ref":"","highway":"secondary","road_grade":"R3","maxspeed_raw":null,"speed_base_kmh":42,"speed_pm_kmh":27,"speed_pm_rain_kmh":24,"speed_source":"synthetic_grade_default","lanes":3,"lanes_source":"Synthetic_by_grade","oneway":false,"oneway_source":"default","bridge":false,"tunnel":false,"layer":0,"layer_source":"default_ground","access":"","surface":"","service":"","topology_source":"LBS-Master_roads_gcj_clip","impedance_synthetic":true,"routable":true,"fallback_clip":true},"geometry":{"type":"LineString","coordinates":[[121.963311,30.897465],[121.962756,30.897472]]}},{"type":"Feature","properties":{"osm_id":1343814966,"name":"","ref":"","highway":"primary","road_grade":"R2","maxspeed_raw":null,"speed_base_kmh":52,"speed_pm_kmh":30,"speed_pm_rain_kmh":26,"speed_source":"synthetic_grade_default","lanes":4,"lanes_source":"Synthetic_by_grade","oneway":false,"oneway_source":"default","bridge":false,"tunnel":false,"layer":0,"layer_source":"default_ground","access":"","surface":"","service":"","topology_source":"LBS-Master_roads_gcj_clip","impedance_synthetic":true,"routable":true,"fallback_clip":true},"geometry":{"type":"LineString","coordinates":[[121.931746,30.916847],[121.930939,30.916581],[121.930154,30.916258]]}},{"type":"Feature","properties":{"osm_id":1343814967,"name":"","ref":"","highway":"primary","road_grade":"R2","maxspeed_raw":null,"speed_base_kmh":52,"speed_pm_kmh":30,"speed_pm_rain_kmh":26,"speed_source":"synthetic_grade_default","lanes":4,"lanes_source":"Synthetic_by_grade","oneway":false,"oneway_source":"default","bridge":false,"tunnel":false,"layer":0,"layer_source":"default_ground","access":"","surface":"","service":"","topology_source":"LBS-Master_roads_gcj_clip","impedance_synthetic":true,"routable":true,"fallback_clip":true},"geometry":{"type":"LineString","coordinates":[[121.932288,30.917021],[121.931746,30.916847]]}},{"type":"Feature","properties":{"osm_id":1343814968,"name":"","ref":"","highway":"primary","road_grade":"R2","maxspeed_raw":null,"speed_base_kmh":52,"speed_pm_kmh":30,"speed_pm_rain_kmh":26,"speed_source":"synthetic_grade_default","lanes":4,"lanes_source":"Synthetic_by_grade","oneway":false,"oneway_source":"default","bridge":false,"tunnel":false,"layer":0,"layer_source":"default_ground","access":"","surface":"","service":"","topology_source":"LBS-Master_roads_gcj_clip","impedance_synthetic":true,"routable":true,"fallback_clip":true},"geometry":{"type":"LineString","coordinates":[[121.930545,30.916127],[121.931858,30.91657]]}},{"type":"Feature","properties":{"osm_id":1343814969,"name":"","ref":"","highway":"primary","road_grade":"R2","maxspeed_raw":null,"speed_base_kmh":52,"speed_pm_kmh":30,"speed_pm_rain_kmh":26,"speed_source":"synthetic_grade_default","lanes":4,"lanes_source":"Synthetic_by_grade","oneway":false,"oneway_source":"default","bridge":false,"tunnel":false,"layer":0,"layer_source":"default_ground","access":"","surface":"","service":"","topology_source":"LBS-Master_roads_gcj_clip","impedance_synthetic":true,"routable":true,"fallback_clip":true},"geometry":{"type":"LineString","coordinates":[[121.931858,30.91657],[121.932372,30.916751]]}},{"type":"Feature","properties":{"osm_id":1343814974,"name":"云鹃北路","ref":"","highway":"tertiary","road_grade":"R4","maxspeed_raw":null,"speed_base_kmh":32,"speed_pm_kmh":24,"speed_pm_rain_kmh":21,"speed_source":"synthetic_grade_default","lanes":2,"lanes_source":"Synthetic_by_grade","oneway":false,"oneway_source":"default","bridge":false,"tunnel":false,"layer":0,"layer_source":"default_ground","access":"","surface":"","service":"","topology_source":"LBS-Master_roads_gcj_clip","impedance_synthetic":true,"routable":true,"fallback_clip":true},"geometry":{"type":"LineString","coordinates":[[121.936123,30.911899],[121.935383,30.91168],[121.934636,30.911454],[121.934494,30.911408]]}},{"type":"Feature","properties":{"osm_id":1343814975,"name":"云鹃北路","ref":"","highway":"tertiary","road_grade":"R4","maxspeed_raw":null,"speed_base_kmh":32,"speed_pm_kmh":24,"speed_pm_rain_kmh":21,"speed_source":"synthetic_grade_default","lanes":2,"lanes_source":"Synthetic_by_grade","oneway":false,"oneway_source":"default","bridge":false,"tunnel":false,"layer":0,"layer_source":"default_ground","access":"","surface":"","service":"","topology_source":"LBS-Master_roads_gcj_clip","impedance_synthetic":true,"routable":true,"fallback_clip":true},"geometry":{"type":"LineString","coordinates":[[121.934494,30.911408],[121.933993,30.911231]]}},{"type":"Feature","properties":{"osm_id":1343814976,"name":"松萝路","ref":"","highway":"tertiary","road_grade":"R4","maxspeed_raw":null,"speed_base_kmh":32,"speed_pm_kmh":24,"speed_pm_rain_kmh":21,"speed_source":"synthetic_grade_default","lanes":2,"lanes_source":"Synthetic_by_grade","oneway":false,"oneway_source":"default","bridge":false,"tunnel":false,"layer":0,"layer_source":"default_ground","access":"","surface":"","service":"","topology_source":"LBS-Master_roads_gcj_clip","impedance_synthetic":true,"routable":true,"fallback_clip":true},"geometry":{"type":"LineString","coordinates":[[121.910086,30.90868],[121.909849,30.908231]]}},{"type":"Feature","properties":{"osm_id":1343814981,"name":"云皓路","ref":"","highway":"tertiary","road_grade":"R4","maxspeed_raw":null,"speed_base_kmh":32,"speed_pm_kmh":24,"speed_pm_rain_kmh":21,"speed_source":"synthetic_grade_default","lanes":2,"lanes_source":"Synthetic_by_grade","oneway":false,"oneway_source":"default","bridge":false,"tunnel":false,"layer":0,"layer_source":"default_ground","access":"","surface":"","service":"","topology_source":"LBS-Master_roads_gcj_clip","impedance_synthetic":true,"routable":true,"fallback_clip":true},"geometry":{"type":"LineString","coordinates":[[121.920959,30.919251],[121.921717,30.918589]]}},{"type":"Feature","properties":{"osm_id":1343814982,"name":"云皓路","ref":"","highway":"tertiary","road_grade":"R4","maxspeed_raw":null,"speed_base_kmh":32,"speed_pm_kmh":24,"speed_pm_rain_kmh":21,"speed_source":"synthetic_grade_default","lanes":2,"lanes_source":"Synthetic_by_grade","oneway":false,"oneway_source":"default","bridge":false,"tunnel":false,"layer":0,"layer_source":"default_ground","access":"","surface":"","service":"","topology_source":"LBS-Master_roads_gcj_clip","impedance_synthetic":true,"routable":true,"fallback_clip":true},"geometry":{"type":"LineString","coordinates":[[121.921717,30.918589],[121.921984,30.918364]]}},{"type":"Feature","properties":{"osm_id":1343814983,"name":"白荆路","ref":"","highway":"secondary","road_grade":"R3","maxspeed_raw":null,"speed_base_kmh":42,"speed_pm_kmh":27,"speed_pm_rain_kmh":24,"speed_source":"synthetic_grade_default","lanes":3,"lanes_source":"Synthetic_by_grade","oneway":false,"oneway_source":"default","bridge":false,"tunnel":false,"layer":0,"layer_source":"default_ground","access":"","surface":"","service":"","topology_source":"LBS-Master_roads_gcj_clip","impedance_synthetic":true,"routable":true,"fallback_clip":true},"geometry":{"type":"LineString","coordinates":[[121.924636,30.922407],[121.926061,30.921144]]}},{"type":"Feature","properties":{"osm_id":1343814984,"name":"白荆路","ref":"","highway":"secondary","road_grade":"R3","maxspeed_raw":null,"speed_base_kmh":42,"speed_pm_kmh":27,"speed_pm_rain_kmh":24,"speed_source":"synthetic_grade_default","lanes":3,"lanes_source":"Synthetic_by_grade","oneway":false,"oneway_source":"default","bridge":false,"tunnel":false,"layer":0,"layer_source":"default_ground","access":"","surface":"","service":"","topology_source":"LBS-Master_roads_gcj_clip","impedance_synthetic":true,"routable":true,"fallback_clip":true},"geometry":{"type":"LineString","coordinates":[[121.926061,30.921144],[121.926331,30.920911]]}},{"type":"Feature","properties":{"osm_id":1343814985,"name":"白荆路","ref":"","highway":"secondary","road_grade":"R3","maxspeed_raw":null,"speed_base_kmh":42,"speed_pm_kmh":27,"speed_pm_rain_kmh":24,"speed_source":"synthetic_grade_default","lanes":3,"lanes_source":"Synthetic_by_grade","oneway":false,"oneway_source":"default","bridge":false,"tunnel":false,"layer":0,"layer_source":"default_ground","access":"","surface":"","service":"","topology_source":"LBS-Master_roads_gcj_clip","impedance_synthetic":true,"routable":true,"fallback_clip":true},"geometry":{"type":"LineString","coordinates":[[121.926181,30.921263],[121.924764,30.922478]]}},{"type":"Feature","properties":{"osm_id":1343814986,"name":"白荆路","ref":"","highway":"secondary","road_grade":"R3","maxspeed_raw":null,"speed_base_kmh":42,"speed_pm_kmh":27,"speed_pm_rain_kmh":24,"speed_source":"synthetic_grade_default","lanes":3,"lanes_source":"Synthetic_by_grade","oneway":false,"oneway_source":"default","bridge":false,"tunnel":false,"layer":0,"layer_source":"default_ground","access":"","surface":"","service":"","topology_source":"LBS-Master_roads_gcj_clip","impedance_synthetic":true,"routable":true,"fallback_clip":true},"geometry":{"type":"LineString","coordinates":[[121.926453,30.921033],[121.926181,30.921263]]}},{"type":"Feature","properties":{"osm_id":1343814987,"name":"杉云路","ref":"","highway":"tertiary","road_grade":"R4","maxspeed_raw":null,"speed_base_kmh":32,"speed_pm_kmh":24,"speed_pm_rain_kmh":21,"speed_source":"synthetic_grade_default","lanes":2,"lanes_source":"Synthetic_by_grade","oneway":false,"oneway_source":"default","bridge":false,"tunnel":false,"layer":0,"layer_source":"default_ground","access":"","surface":"","service":"","topology_source":"LBS-Master_roads_gcj_clip","impedance_synthetic":true,"routable":true,"fallback_clip":true},"geometry":{"type":"LineString","coordinates":[[121.936264,30.923003],[121.936256,30.92187],[121.936255,30.921769],[121.93625,30.921175]]}},{"type":"Feature","properties":{"osm_id":1343814988,"name":"杉云路","ref":"","highway":"tertiary","road_grade":"R4","maxspeed_raw":null,"speed_base_kmh":32,"speed_pm_kmh":24,"speed_pm_rain_kmh":21,"speed_source":"synthetic_grade_default","lanes":2,"lanes_source":"Synthetic_by_grade","oneway":false,"oneway_source":"default","bridge":false,"tunnel":false,"layer":0,"layer_source":"default_ground","access":"","surface":"","service":"","topology_source":"LBS-Master_roads_gcj_clip","impedance_synthetic":true,"routable":true,"fallback_clip":true},"geometry":{"type":"LineString","coordinates":[[121.936268,30.923328],[121.936264,30.923003]]}},{"type":"Feature","properties":{"osm_id":1343814989,"name":"乔柏路","ref":"","highway":"tertiary","road_grade":"R4","maxspeed_raw":null,"speed_base_kmh":32,"speed_pm_kmh":24,"speed_pm_rain_kmh":21,"speed_source":"synthetic_grade_default","lanes":2,"lanes_source":"Synthetic_by_grade","oneway":false,"oneway_source":"default","bridge":false,"tunnel":false,"layer":0,"layer_source":"default_ground","access":"","surface":"","service":"","topology_source":"LBS-Master_roads_gcj_clip","impedance_synthetic":true,"routable":true,"fallback_clip":true},"geometry":{"type":"LineString","coordinates":[[121.942999,30.922949],[121.942995,30.921167],[121.942991,30.91949],[121.942988,30.918321],[121.942987,30.918039],[121.942985,30.916463]]}},{"type":"Feature","properties":{"osm_id":1343814990,"name":"乔柏路","ref":"","highway":"tertiary","road_grade":"R4","maxspeed_raw":null,"speed_base_kmh":32,"speed_pm_kmh":24,"speed_pm_rain_kmh":21,"speed_source":"synthetic_grade_default","lanes":2,"lanes_source":"Synthetic_by_grade","oneway":false,"oneway_source":"default","bridge":false,"tunnel":false,"layer":0,"layer_source":"default_ground","access":"","surface":"","service":"","topology_source":"LBS-Master_roads_gcj_clip","impedance_synthetic":true,"routable":true,"fallback_clip":true},"geometry":{"type":"LineString","coordinates":[[121.943,30.923307],[121.942999,30.922949]]}},{"type":"Feature","properties":{"osm_id":1343814999,"name":"云鹃北路","ref":"","highway":"tertiary","road_grade":"R4","maxspeed_raw":null,"speed_base_kmh":32,"speed_pm_kmh":24,"speed_pm_rain_kmh":21,"speed_source":"synthetic_grade_default","lanes":2,"lanes_source":"Synthetic_by_grade","oneway":false,"oneway_source":"default","bridge":false,"tunnel":false,"layer":0,"layer_source":"default_ground","access":"","surface":"","service":"","topology_source":"LBS-Master_roads_gcj_clip","impedance_synthetic":true,"routable":true,"fallback_clip":true},"geometry":{"type":"LineString","coordinates":[[121.956848,30.903407],[121.956572,30.903971],[121.956228,30.904554],[121.955791,30.905261],[121.955415,30.905738],[121.954968,30.906316],[121.9545,30.906868],[121.953976,30.907329],[121.953239,30.907995],[121.95313,30.908085],[121.951214,30.909557],[121.950299,30.910046],[121.950133,30.910135],[121.949295,30.910553],[121.94927,30.910565],[121.94847,30.910964],[121.947931,30.911165]]}},{"type":"Feature","properties":{"osm_id":1343815000,"name":"云鹃北路","ref":"","highway":"tertiary","road_grade":"R4","maxspeed_raw":null,"speed_base_kmh":32,"speed_pm_kmh":24,"speed_pm_rain_kmh":21,"speed_source":"synthetic_grade_default","lanes":2,"lanes_source":"Synthetic_by_grade","oneway":false,"oneway_source":"default","bridge":false,"tunnel":false,"layer":0,"layer_source":"default_ground","access":"","surface":"","service":"","topology_source":"LBS-Master_roads_gcj_clip","impedance_synthetic":true,"routable":true,"fallback_clip":true},"geometry":{"type":"LineString","coordinates":[[121.947931,30.911165],[121.947353,30.911386]]}},{"type":"Feature","properties":{"osm_id":1351219378,"name":"洲德路","ref":"","highway":"secondary","road_grade":"R3","maxspeed_raw":null,"speed_base_kmh":42,"speed_pm_kmh":27,"speed_pm_rain_kmh":24,"speed_source":"synthetic_grade_default","lanes":3,"lanes_source":"Synthetic_by_grade","oneway":false,"oneway_source":"default","bridge":false,"tunnel":false,"layer":0,"layer_source":"default_ground","access":"","surface":"","service":"","topology_source":"LBS-Master_roads_gcj_clip","impedance_synthetic":true,"routable":true,"fallback_clip":true},"geometry":{"type":"LineString","coordinates":[[121.9485,30.948936],[121.945469,30.948967],[121.94315,30.948991],[121.941078,30.949006],[121.938991,30.949009],[121.936445,30.949005],[121.933829,30.949021]]}},{"type":"Feature","properties":{"osm_id":1351219379,"name":"洲德路","ref":"","highway":"secondary","road_grade":"R3","maxspeed_raw":null,"speed_base_kmh":42,"speed_pm_kmh":27,"speed_pm_rain_kmh":24,"speed_source":"synthetic_grade_default","lanes":3,"lanes_source":"Synthetic_by_grade","oneway":false,"oneway_source":"default","bridge":false,"tunnel":false,"layer":0,"layer_source":"default_ground","access":"","surface":"","service":"","topology_source":"LBS-Master_roads_gcj_clip","impedance_synthetic":true,"routable":true,"fallback_clip":true},"geometry":{"type":"LineString","coordinates":[[121.933829,30.949021],[121.933106,30.949025]]}},{"type":"Feature","properties":{"osm_id":1351219387,"name":"三三公路","ref":"X368","highway":"tertiary","road_grade":"R4","maxspeed_raw":null,"speed_base_kmh":32,"speed_pm_kmh":24,"speed_pm_rain_kmh":21,"speed_source":"synthetic_grade_default","lanes":2,"lanes_source":"Synthetic_by_grade","oneway":false,"oneway_source":"default","bridge":false,"tunnel":false,"layer":0,"layer_source":"default_ground","access":"","surface":"","service":"","topology_source":"LBS-Master_roads_gcj_clip","impedance_synthetic":true,"routable":true,"fallback_clip":true},"geometry":{"type":"LineString","coordinates":[[121.95074,30.956447],[121.950516,30.956564],[121.934672,30.955952],[121.934584,30.955949],[121.933813,30.955917]]}},{"type":"Feature","properties":{"osm_id":1351219388,"name":"三三公路","ref":"X368","highway":"tertiary","road_grade":"R4","maxspeed_raw":null,"speed_base_kmh":32,"speed_pm_kmh":24,"speed_pm_rain_kmh":21,"speed_source":"synthetic_grade_default","lanes":2,"lanes_source":"Synthetic_by_grade","oneway":false,"oneway_source":"default","bridge":false,"tunnel":false,"layer":0,"layer_source":"default_ground","access":"","surface":"","service":"","topology_source":"LBS-Master_roads_gcj_clip","impedance_synthetic":true,"routable":true,"fallback_clip":true},"geometry":{"type":"LineString","coordinates":[[121.933813,30.955917],[121.933243,30.955893]]}},{"type":"Feature","properties":{"osm_id":1351219390,"name":"丹漪路","ref":"","highway":"tertiary","road_grade":"R4","maxspeed_raw":null,"speed_base_kmh":32,"speed_pm_kmh":24,"speed_pm_rain_kmh":21,"speed_source":"synthetic_grade_default","lanes":2,"lanes_source":"Synthetic_by_grade","oneway":false,"oneway_source":"default","bridge":false,"tunnel":false,"layer":0,"layer_source":"default_ground","access":"","surface":"","service":"","topology_source":"LBS-Master_roads_gcj_clip","impedance_synthetic":true,"routable":true,"fallback_clip":true},"geometry":{"type":"LineString","coordinates":[[121.91952,30.951218],[121.921363,30.95121],[121.922985,30.951203],[121.923367,30.9512]]}},{"type":"Feature","properties":{"osm_id":1351219391,"name":"丹漪路","ref":"","highway":"tertiary","road_grade":"R4","maxspeed_raw":null,"speed_base_kmh":32,"speed_pm_kmh":24,"speed_pm_rain_kmh":21,"speed_source":"synthetic_grade_default","lanes":2,"lanes_source":"Synthetic_by_grade","oneway":false,"oneway_source":"default","bridge":false,"tunnel":false,"layer":0,"layer_source":"default_ground","access":"","surface":"","service":"","topology_source":"LBS-Master_roads_gcj_clip","impedance_synthetic":true,"routable":true,"fallback_clip":true},"geometry":{"type":"LineString","coordinates":[[121.923367,30.9512],[121.923895,30.951196]]}},{"type":"Feature","properties":{"osm_id":1351219392,"name":"洲德路","ref":"","highway":"secondary","road_grade":"R3","maxspeed_raw":null,"speed_base_kmh":42,"speed_pm_kmh":27,"speed_pm_rain_kmh":24,"speed_source":"synthetic_grade_default","lanes":3,"lanes_source":"Synthetic_by_grade","oneway":false,"oneway_source":"default","bridge":false,"tunnel":false,"layer":0,"layer_source":"default_ground","access":"","surface":"","service":"","topology_source":"LBS-Master_roads_gcj_clip","impedance_synthetic":true,"routable":true,"fallback_clip":true},"geometry":{"type":"LineString","coordinates":[[121.932321,30.94903],[121.93206,30.949032],[121.929776,30.949028],[121.927447,30.949024],[121.926211,30.949021],[121.924955,30.949049],[121.923854,30.94904]]}},{"type":"Feature","properties":{"osm_id":1351219393,"name":"洲德路","ref":"","highway":"secondary","road_grade":"R3","maxspeed_raw":null,"speed_base_kmh":42,"speed_pm_kmh":27,"speed_pm_rain_kmh":24,"speed_source":"synthetic_grade_default","lanes":3,"lanes_source":"Synthetic_by_grade","oneway":false,"oneway_source":"default","bridge":false,"tunnel":false,"layer":0,"layer_source":"default_ground","access":"","surface":"","service":"","topology_source":"LBS-Master_roads_gcj_clip","impedance_synthetic":true,"routable":true,"fallback_clip":true},"geometry":{"type":"LineString","coordinates":[[121.923854,30.94904],[121.923337,30.949036]]}},{"type":"Feature","properties":{"osm_id":1351219394,"name":"洲德路","ref":"","highway":"secondary","road_grade":"R3","maxspeed_raw":null,"speed_base_kmh":42,"speed_pm_kmh":27,"speed_pm_rain_kmh":24,"speed_source":"synthetic_grade_default","lanes":3,"lanes_source":"Synthetic_by_grade","oneway":false,"oneway_source":"default","bridge":false,"tunnel":false,"layer":0,"layer_source":"default_ground","access":"","surface":"","service":"","topology_source":"LBS-Master_roads_gcj_clip","impedance_synthetic":true,"routable":true,"fallback_clip":true},"geometry":{"type":"LineString","coordinates":[[121.919794,30.948892],[121.921324,30.948899],[121.922985,30.948892]]}},{"type":"Feature","properties":{"osm_id":1351219395,"name":"洲德路","ref":"","highway":"secondary","road_grade":"R3","maxspeed_raw":null,"speed_base_kmh":42,"speed_pm_kmh":27,"speed_pm_rain_kmh":24,"speed_source":"synthetic_grade_default","lanes":3,"lanes_source":"Synthetic_by_grade","oneway":false,"oneway_source":"default","bridge":false,"tunnel":false,"layer":0,"layer_source":"default_ground","access":"","surface":"","service":"","topology_source":"LBS-Master_roads_gcj_clip","impedance_synthetic":true,"routable":true,"fallback_clip":true},"geometry":{"type":"LineString","coordinates":[[121.923337,30.94889],[121.923864,30.948888]]}},{"type":"Feature","properties":{"osm_id":1360150790,"name":"云鹃路","ref":"","highway":"tertiary","road_grade":"R4","maxspeed_raw":null,"speed_base_kmh":32,"speed_pm_kmh":24,"speed_pm_rain_kmh":21,"speed_source":"synthetic_grade_default","lanes":2,"lanes_source":"Synthetic_by_grade","oneway":false,"oneway_source":"default","bridge":false,"tunnel":false,"layer":0,"layer_source":"default_ground","access":"","surface":"","service":"","topology_source":"LBS-Master_roads_gcj_clip","impedance_synthetic":true,"routable":true,"fallback_clip":true},"geometry":{"type":"LineString","coordinates":[[121.923418,30.897759],[121.923419,30.897192]]}},{"type":"Feature","properties":{"osm_id":1360150791,"name":"申港大道","ref":"","highway":"tertiary","road_grade":"R4","maxspeed_raw":null,"speed_base_kmh":32,"speed_pm_kmh":24,"speed_pm_rain_kmh":21,"speed_source":"synthetic_grade_default","lanes":2,"lanes_source":"Synthetic_by_grade","oneway":false,"oneway_source":"default","bridge":false,"tunnel":false,"layer":0,"layer_source":"default_ground","access":"","surface":"","service":"","topology_source":"LBS-Master_roads_gcj_clip","impedance_synthetic":true,"routable":true,"fallback_clip":true},"geometry":{"type":"LineString","coordinates":[[121.925288,30.898034],[121.925123,30.897881],[121.92481,30.897766],[121.923747,30.897774],[121.923418,30.897759]]}},{"type":"Feature","properties":{"osm_id":1360150793,"name":"水芸路","ref":"","highway":"tertiary","road_grade":"R4","maxspeed_raw":null,"speed_base_kmh":32,"speed_pm_kmh":24,"speed_pm_rain_kmh":21,"speed_source":"synthetic_grade_default","lanes":2,"lanes_source":"Synthetic_by_grade","oneway":false,"oneway_source":"default","bridge":false,"tunnel":false,"layer":0,"layer_source":"default_ground","access":"","surface":"","service":"","topology_source":"LBS-Master_roads_gcj_clip","impedance_synthetic":true,"routable":true,"fallback_clip":true},"geometry":{"type":"LineString","coordinates":[[121.929872,30.887857],[121.929658,30.888054]]}},{"type":"Feature","properties":{"osm_id":1360150794,"name":"海港大道","ref":"","highway":"tertiary","road_grade":"R4","maxspeed_raw":null,"speed_base_kmh":32,"speed_pm_kmh":24,"speed_pm_rain_kmh":21,"speed_source":"synthetic_grade_default","lanes":2,"lanes_source":"Synthetic_by_grade","oneway":false,"oneway_source":"default","bridge":false,"tunnel":false,"layer":0,"layer_source":"default_ground","access":"","surface":"","service":"","topology_source":"LBS-Master_roads_gcj_clip","impedance_synthetic":true,"routable":true,"fallback_clip":true},"geometry":{"type":"LineString","coordinates":[[121.929872,30.887857],[121.929901,30.887921],[121.930014,30.888087],[121.930694,30.888666],[121.930752,30.888813]]}},{"type":"Feature","properties":{"osm_id":1360150795,"name":"环湖西二路","ref":"","highway":"secondary","road_grade":"R3","maxspeed_raw":null,"speed_base_kmh":42,"speed_pm_kmh":27,"speed_pm_rain_kmh":24,"speed_source":"synthetic_grade_default","lanes":3,"lanes_source":"Synthetic_by_grade","oneway":false,"oneway_source":"default","bridge":false,"tunnel":false,"layer":0,"layer_source":"default_ground","access":"","surface":"","service":"","topology_source":"LBS-Master_roads_gcj_clip","impedance_synthetic":true,"routable":true,"fallback_clip":true},"geometry":{"type":"LineString","coordinates":[[121.926136,30.907209],[121.926728,30.907806],[121.927211,30.908295],[121.927348,30.908423],[121.927544,30.908608],[121.927582,30.90864]]}},{"type":"Feature","properties":{"osm_id":1360150797,"name":"云鹃路","ref":"","highway":"tertiary","road_grade":"R4","maxspeed_raw":null,"speed_base_kmh":32,"speed_pm_kmh":24,"speed_pm_rain_kmh":21,"speed_source":"synthetic_grade_default","lanes":2,"lanes_source":"Synthetic_by_grade","oneway":false,"oneway_source":"default","bridge":false,"tunnel":false,"layer":0,"layer_source":"default_ground","access":"","surface":"","service":"","topology_source":"LBS-Master_roads_gcj_clip","impedance_synthetic":true,"routable":true,"fallback_clip":true},"geometry":{"type":"LineString","coordinates":[[121.927037,30.906608],[121.927105,30.906679],[121.9278,30.907401],[121.927939,30.907575]]}},{"type":"Feature","properties":{"osm_id":1360150798,"name":"海港大道","ref":"","highway":"tertiary","road_grade":"R4","maxspeed_raw":null,"speed_base_kmh":32,"speed_pm_kmh":24,"speed_pm_rain_kmh":21,"speed_source":"synthetic_grade_default","lanes":2,"lanes_source":"Synthetic_by_grade","oneway":false,"oneway_source":"default","bridge":false,"tunnel":false,"layer":0,"layer_source":"default_ground","access":"","surface":"","service":"","topology_source":"LBS-Master_roads_gcj_clip","impedance_synthetic":true,"routable":true,"fallback_clip":true},"geometry":{"type":"LineString","coordinates":[[121.93058,30.888759],[121.930414,30.888605],[121.929947,30.8882],[121.929786,30.888093],[121.929658,30.888054]]}},{"type":"Feature","properties":{"osm_id":1360150799,"name":"水芸路","ref":"","highway":"tertiary","road_grade":"R4","maxspeed_raw":null,"speed_base_kmh":32,"speed_pm_kmh":24,"speed_pm_rain_kmh":21,"speed_source":"synthetic_grade_default","lanes":2,"lanes_source":"Synthetic_by_grade","oneway":false,"oneway_source":"default","bridge":false,"tunnel":false,"layer":0,"layer_source":"default_ground","access":"","surface":"","service":"","topology_source":"LBS-Master_roads_gcj_clip","impedance_synthetic":true,"routable":true,"fallback_clip":true},"geometry":{"type":"LineString","coordinates":[[121.934517,30.885159],[121.933431,30.885592],[121.933345,30.885635],[121.932309,30.886162],[121.931964,30.886372],[121.93145,30.886686],[121.930591,30.887302],[121.929872,30.887857]]}},{"type":"Feature","properties":{"osm_id":1360150801,"name":"申港大道","ref":"","highway":"tertiary","road_grade":"R4","maxspeed_raw":null,"speed_base_kmh":32,"speed_pm_kmh":24,"speed_pm_rain_kmh":21,"speed_source":"synthetic_grade_default","lanes":2,"lanes_source":"Synthetic_by_grade","oneway":false,"oneway_source":"default","bridge":false,"tunnel":false,"layer":0,"layer_source":"default_ground","access":"","surface":"","service":"","topology_source":"LBS-Master_roads_gcj_clip","impedance_synthetic":true,"routable":true,"fallback_clip":true},"geometry":{"type":"LineString","coordinates":[[121.922239,30.897308],[121.922525,30.897296],[121.922909,30.897257],[121.923419,30.897192]]}},{"type":"Feature","properties":{"osm_id":1360363324,"name":"海洋七路","ref":"","highway":"tertiary","road_grade":"R4","maxspeed_raw":null,"speed_base_kmh":32,"speed_pm_kmh":24,"speed_pm_rain_kmh":21,"speed_source":"synthetic_grade_default","lanes":2,"lanes_source":"Synthetic_by_grade","oneway":false,"oneway_source":"default","bridge":false,"tunnel":false,"layer":0,"layer_source":"default_ground","access":"","surface":"","service":"","topology_source":"LBS-Master_roads_gcj_clip","impedance_synthetic":true,"routable":true,"fallback_clip":true},"geometry":{"type":"LineString","coordinates":[[121.927535,30.863132],[121.927739,30.863208],[121.930844,30.86443]]}},{"type":"Feature","properties":{"osm_id":1360363325,"name":"海洋七路","ref":"","highway":"tertiary","road_grade":"R4","maxspeed_raw":null,"speed_base_kmh":32,"speed_pm_kmh":24,"speed_pm_rain_kmh":21,"speed_source":"synthetic_grade_default","lanes":2,"lanes_source":"Synthetic_by_grade","oneway":false,"oneway_source":"default","bridge":false,"tunnel":false,"layer":0,"layer_source":"default_ground","access":"","surface":"","service":"","topology_source":"LBS-Master_roads_gcj_clip","impedance_synthetic":true,"routable":true,"fallback_clip":true},"geometry":{"type":"LineString","coordinates":[[121.930844,30.86443],[121.932506,30.865074]]}},{"type":"Feature","properties":{"osm_id":1360363326,"name":"海基三路","ref":"","highway":"secondary","road_grade":"R3","maxspeed_raw":null,"speed_base_kmh":42,"speed_pm_kmh":27,"speed_pm_rain_kmh":24,"speed_source":"synthetic_grade_default","lanes":3,"lanes_source":"Synthetic_by_grade","oneway":false,"oneway_source":"default","bridge":false,"tunnel":false,"layer":0,"layer_source":"default_ground","access":"","surface":"","service":"","topology_source":"LBS-Master_roads_gcj_clip","impedance_synthetic":true,"routable":true,"fallback_clip":true},"geometry":{"type":"LineString","coordinates":[[121.927005,30.863647],[121.926576,30.864019],[121.926304,30.864255]]}},{"type":"Feature","properties":{"osm_id":1360363327,"name":"海基三路","ref":"","highway":"secondary","road_grade":"R3","maxspeed_raw":null,"speed_base_kmh":42,"speed_pm_kmh":27,"speed_pm_rain_kmh":24,"speed_source":"synthetic_grade_default","lanes":3,"lanes_source":"Synthetic_by_grade","oneway":false,"oneway_source":"default","bridge":false,"tunnel":false,"layer":0,"layer_source":"default_ground","access":"","surface":"","service":"","topology_source":"LBS-Master_roads_gcj_clip","impedance_synthetic":true,"routable":true,"fallback_clip":true},"geometry":{"type":"LineString","coordinates":[[121.927535,30.863132],[121.927387,30.863316],[121.927005,30.863647]]}},{"type":"Feature","properties":{"osm_id":1360363328,"name":"海基二路","ref":"","highway":"tertiary","road_grade":"R4","maxspeed_raw":null,"speed_base_kmh":32,"speed_pm_kmh":24,"speed_pm_rain_kmh":21,"speed_source":"synthetic_grade_default","lanes":2,"lanes_source":"Synthetic_by_grade","oneway":false,"oneway_source":"default","bridge":false,"tunnel":false,"layer":0,"layer_source":"default_ground","access":"","surface":"","service":"","topology_source":"LBS-Master_roads_gcj_clip","impedance_synthetic":true,"routable":true,"fallback_clip":true},"geometry":{"type":"LineString","coordinates":[[121.92931,30.865713],[121.930844,30.86443]]}},{"type":"Feature","properties":{"osm_id":1360363329,"name":"海基二路","ref":"","highway":"tertiary","road_grade":"R4","maxspeed_raw":null,"speed_base_kmh":32,"speed_pm_kmh":24,"speed_pm_rain_kmh":21,"speed_source":"synthetic_grade_default","lanes":2,"lanes_source":"Synthetic_by_grade","oneway":false,"oneway_source":"default","bridge":false,"tunnel":false,"layer":0,"layer_source":"default_ground","access":"","surface":"","service":"","topology_source":"LBS-Master_roads_gcj_clip","impedance_synthetic":true,"routable":true,"fallback_clip":true},"geometry":{"type":"LineString","coordinates":[[121.930844,30.86443],[121.931415,30.863888],[121.931456,30.863849]]}},{"type":"Feature","properties":{"osm_id":1360363330,"name":"木荷路","ref":"","highway":"tertiary","road_grade":"R4","maxspeed_raw":null,"speed_base_kmh":32,"speed_pm_kmh":24,"speed_pm_rain_kmh":21,"speed_source":"synthetic_grade_default","lanes":2,"lanes_source":"Synthetic_by_grade","oneway":false,"oneway_source":"default","bridge":false,"tunnel":false,"layer":0,"layer_source":"default_ground","access":"","surface":"","service":"","topology_source":"LBS-Master_roads_gcj_clip","impedance_synthetic":true,"routable":true,"fallback_clip":true},"geometry":{"type":"LineString","coordinates":[[121.92931,30.865713],[121.927951,30.864863],[121.926304,30.864255]]}},{"type":"Feature","properties":{"osm_id":1360363331,"name":"木荷路","ref":"","highway":"tertiary","road_grade":"R4","maxspeed_raw":null,"speed_base_kmh":32,"speed_pm_kmh":24,"speed_pm_rain_kmh":21,"speed_source":"synthetic_grade_default","lanes":2,"lanes_source":"Synthetic_by_grade","oneway":false,"oneway_source":"default","bridge":false,"tunnel":false,"layer":0,"layer_source":"default_ground","access":"","surface":"","service":"","topology_source":"LBS-Master_roads_gcj_clip","impedance_synthetic":true,"routable":true,"fallback_clip":true},"geometry":{"type":"LineString","coordinates":[[121.930766,30.866606],[121.930115,30.866207],[121.929887,30.866067],[121.92931,30.865713]]}},{"type":"Feature","properties":{"osm_id":1360363333,"name":"海洋七路","ref":"","highway":"tertiary","road_grade":"R4","maxspeed_raw":null,"speed_base_kmh":32,"speed_pm_kmh":24,"speed_pm_rain_kmh":21,"speed_source":"synthetic_grade_default","lanes":2,"lanes_source":"Synthetic_by_grade","oneway":false,"oneway_source":"default","bridge":false,"tunnel":false,"layer":0,"layer_source":"default_ground","access":"","surface":"","service":"","topology_source":"LBS-Master_roads_gcj_clip","impedance_synthetic":true,"routable":true,"fallback_clip":true},"geometry":{"type":"LineString","coordinates":[[121.924947,30.862081],[121.927106,30.862973],[121.927535,30.863132]]}},{"type":"Feature","properties":{"osm_id":1363007306,"name":"海洋四路","ref":"","highway":"tertiary","road_grade":"R4","maxspeed_raw":null,"speed_base_kmh":32,"speed_pm_kmh":24,"speed_pm_rain_kmh":21,"speed_source":"synthetic_grade_default","lanes":2,"lanes_source":"Synthetic_by_grade","oneway":false,"oneway_source":"default","bridge":false,"tunnel":false,"layer":0,"layer_source":"default_ground","access":"","surface":"","service":"","topology_source":"LBS-Master_roads_gcj_clip","impedance_synthetic":true,"routable":true,"fallback_clip":true},"geometry":{"type":"LineString","coordinates":[[121.924897,30.872785],[121.925012,30.872872],[121.926025,30.87381],[121.926349,30.874111]]}},{"type":"Feature","properties":{"osm_id":1363007307,"name":"美人蕉路","ref":"","highway":"secondary","road_grade":"R3","maxspeed_raw":null,"speed_base_kmh":42,"speed_pm_kmh":27,"speed_pm_rain_kmh":24,"speed_source":"synthetic_grade_default","lanes":3,"lanes_source":"Synthetic_by_grade","oneway":false,"oneway_source":"default","bridge":false,"tunnel":false,"layer":0,"layer_source":"default_ground","access":"","surface":"","service":"","topology_source":"LBS-Master_roads_gcj_clip","impedance_synthetic":true,"routable":true,"fallback_clip":true},"geometry":{"type":"LineString","coordinates":[[121.924897,30.872785],[121.925033,30.872668],[121.926154,30.87185],[121.927687,30.871015]]}},{"type":"Feature","properties":{"osm_id":1363007308,"name":"美人蕉路","ref":"","highway":"secondary","road_grade":"R3","maxspeed_raw":null,"speed_base_kmh":42,"speed_pm_kmh":27,"speed_pm_rain_kmh":24,"speed_source":"synthetic_grade_default","lanes":3,"lanes_source":"Synthetic_by_grade","oneway":false,"oneway_source":"default","bridge":false,"tunnel":false,"layer":0,"layer_source":"default_ground","access":"","surface":"","service":"","topology_source":"LBS-Master_roads_gcj_clip","impedance_synthetic":true,"routable":true,"fallback_clip":true},"geometry":{"type":"LineString","coordinates":[[121.927838,30.87107],[121.926252,30.871958],[121.925012,30.872872],[121.924904,30.872965]]}},{"type":"Feature","properties":{"osm_id":1363007309,"name":"海洋四路","ref":"","highway":"tertiary","road_grade":"R4","maxspeed_raw":null,"speed_base_kmh":32,"speed_pm_kmh":24,"speed_pm_rain_kmh":21,"speed_source":"synthetic_grade_default","lanes":2,"lanes_source":"Synthetic_by_grade","oneway":false,"oneway_source":"default","bridge":false,"tunnel":false,"layer":0,"layer_source":"default_ground","access":"","surface":"","service":"","topology_source":"LBS-Master_roads_gcj_clip","impedance_synthetic":true,"routable":true,"fallback_clip":true},"geometry":{"type":"LineString","coordinates":[[121.92621,30.87414],[121.925936,30.873894],[121.924904,30.872965]]}},{"type":"Feature","properties":{"osm_id":1363007310,"name":"","ref":"","highway":"tertiary","road_grade":"R4","maxspeed_raw":null,"speed_base_kmh":32,"speed_pm_kmh":24,"speed_pm_rain_kmh":21,"speed_source":"synthetic_grade_default","lanes":2,"lanes_source":"Synthetic_by_grade","oneway":false,"oneway_source":"default","bridge":false,"tunnel":false,"layer":0,"layer_source":"default_ground","access":"","surface":"","service":"","topology_source":"LBS-Master_roads_gcj_clip","impedance_synthetic":true,"routable":true,"fallback_clip":true},"geometry":{"type":"LineString","coordinates":[[121.926809,30.877856],[121.926899,30.877785]]}},{"type":"Feature","properties":{"osm_id":1363007311,"name":"科洲路","ref":"","highway":"tertiary","road_grade":"R4","maxspeed_raw":null,"speed_base_kmh":32,"speed_pm_kmh":24,"speed_pm_rain_kmh":21,"speed_source":"synthetic_grade_default","lanes":2,"lanes_source":"Synthetic_by_grade","oneway":false,"oneway_source":"default","bridge":false,"tunnel":false,"layer":0,"layer_source":"default_ground","access":"","surface":"","service":"","topology_source":"LBS-Master_roads_gcj_clip","impedance_synthetic":true,"routable":true,"fallback_clip":true},"geometry":{"type":"LineString","coordinates":[[121.926899,30.877785],[121.92699,30.877967],[121.928132,30.879545],[121.928234,30.879689]]}},{"type":"Feature","properties":{"osm_id":1363007312,"name":"","ref":"","highway":"tertiary","road_grade":"R4","maxspeed_raw":null,"speed_base_kmh":32,"speed_pm_kmh":24,"speed_pm_rain_kmh":21,"speed_source":"synthetic_grade_default","lanes":2,"lanes_source":"Synthetic_by_grade","oneway":false,"oneway_source":"default","bridge":false,"tunnel":false,"layer":0,"layer_source":"default_ground","access":"","surface":"","service":"","topology_source":"LBS-Master_roads_gcj_clip","impedance_synthetic":true,"routable":true,"fallback_clip":true},"geometry":{"type":"LineString","coordinates":[[121.925273,30.879308],[121.925759,30.878831],[121.926413,30.878269],[121.926809,30.877856]]}},{"type":"Feature","properties":{"osm_id":1363007313,"name":"科洲路","ref":"","highway":"tertiary","road_grade":"R4","maxspeed_raw":null,"speed_base_kmh":32,"speed_pm_kmh":24,"speed_pm_rain_kmh":21,"speed_source":"synthetic_grade_default","lanes":2,"lanes_source":"Synthetic_by_grade","oneway":false,"oneway_source":"default","bridge":false,"tunnel":false,"layer":0,"layer_source":"default_ground","access":"","surface":"","service":"","topology_source":"LBS-Master_roads_gcj_clip","impedance_synthetic":true,"routable":true,"fallback_clip":true},"geometry":{"type":"LineString","coordinates":[[121.928085,30.879765],[121.927971,30.879625],[121.926935,30.878105],[121.926809,30.877856]]}},{"type":"Feature","properties":{"osm_id":1367624339,"name":"洲德路","ref":"","highway":"secondary","road_grade":"R3","maxspeed_raw":null,"speed_base_kmh":42,"speed_pm_kmh":27,"speed_pm_rain_kmh":24,"speed_source":"synthetic_grade_default","lanes":3,"lanes_source":"Synthetic_by_grade","oneway":false,"oneway_source":"default","bridge":false,"tunnel":false,"layer":0,"layer_source":"default_ground","access":"","surface":"","service":"","topology_source":"LBS-Master_roads_gcj_clip","impedance_synthetic":true,"routable":true,"fallback_clip":true},"geometry":{"type":"LineString","coordinates":[[121.923337,30.949036],[121.922985,30.949033]]}},{"type":"Feature","properties":{"osm_id":1367624340,"name":"洲德路","ref":"","highway":"secondary","road_grade":"R3","maxspeed_raw":null,"speed_base_kmh":42,"speed_pm_kmh":27,"speed_pm_rain_kmh":24,"speed_source":"synthetic_grade_default","lanes":3,"lanes_source":"Synthetic_by_grade","oneway":false,"oneway_source":"default","bridge":false,"tunnel":false,"layer":0,"layer_source":"default_ground","access":"","surface":"","service":"","topology_source":"LBS-Master_roads_gcj_clip","impedance_synthetic":true,"routable":true,"fallback_clip":true},"geometry":{"type":"LineString","coordinates":[[121.933106,30.949025],[121.932321,30.94903]]}},{"type":"Feature","properties":{"osm_id":1367624341,"name":"","ref":"","highway":"secondary","road_grade":"R3","maxspeed_raw":null,"speed_base_kmh":42,"speed_pm_kmh":27,"speed_pm_rain_kmh":24,"speed_source":"synthetic_grade_default","lanes":3,"lanes_source":"Synthetic_by_grade","oneway":false,"oneway_source":"default","bridge":false,"tunnel":false,"layer":0,"layer_source":"default_ground","access":"","surface":"","service":"","topology_source":"LBS-Master_roads_gcj_clip","impedance_synthetic":true,"routable":true,"fallback_clip":true},"geometry":{"type":"LineString","coordinates":[[121.932326,30.948848],[121.93232,30.948949],[121.932321,30.94903]]}},{"type":"Feature","properties":{"osm_id":1367624342,"name":"","ref":"","highway":"secondary","road_grade":"R3","maxspeed_raw":null,"speed_base_kmh":42,"speed_pm_kmh":27,"speed_pm_rain_kmh":24,"speed_source":"synthetic_grade_default","lanes":3,"lanes_source":"Synthetic_by_grade","oneway":false,"oneway_source":"default","bridge":false,"tunnel":false,"layer":0,"layer_source":"default_ground","access":"","surface":"","service":"","topology_source":"LBS-Master_roads_gcj_clip","impedance_synthetic":true,"routable":true,"fallback_clip":true},"geometry":{"type":"LineString","coordinates":[[121.932298,30.945627],[121.932308,30.947192],[121.932326,30.948848]]}},{"type":"Feature","properties":{"osm_id":1367624343,"name":"洲德路","ref":"","highway":"secondary","road_grade":"R3","maxspeed_raw":null,"speed_base_kmh":42,"speed_pm_kmh":27,"speed_pm_rain_kmh":24,"speed_source":"synthetic_grade_default","lanes":3,"lanes_source":"Synthetic_by_grade","oneway":false,"oneway_source":"default","bridge":false,"tunnel":false,"layer":0,"layer_source":"default_ground","access":"","surface":"","service":"","topology_source":"LBS-Master_roads_gcj_clip","impedance_synthetic":true,"routable":true,"fallback_clip":true},"geometry":{"type":"LineString","coordinates":[[121.929697,30.948863],[121.929848,30.948863]]}},{"type":"Feature","properties":{"osm_id":1367624345,"name":"银涛路","ref":"","highway":"tertiary","road_grade":"R4","maxspeed_raw":null,"speed_base_kmh":32,"speed_pm_kmh":24,"speed_pm_rain_kmh":21,"speed_source":"synthetic_grade_default","lanes":2,"lanes_source":"Synthetic_by_grade","oneway":false,"oneway_source":"default","bridge":false,"tunnel":false,"layer":0,"layer_source":"default_ground","access":"","surface":"","service":"","topology_source":"LBS-Master_roads_gcj_clip","impedance_synthetic":true,"routable":true,"fallback_clip":true},"geometry":{"type":"LineString","coordinates":[[121.932298,30.945627],[121.932048,30.945675],[121.931036,30.945678],[121.929817,30.945682]]}},{"type":"Feature","properties":{"osm_id":1367624346,"name":"","ref":"","highway":"secondary","road_grade":"R3","maxspeed_raw":null,"speed_base_kmh":42,"speed_pm_kmh":27,"speed_pm_rain_kmh":24,"speed_source":"synthetic_grade_default","lanes":3,"lanes_source":"Synthetic_by_grade","oneway":false,"oneway_source":"default","bridge":false,"tunnel":false,"layer":0,"layer_source":"default_ground","access":"","surface":"","service":"","topology_source":"LBS-Master_roads_gcj_clip","impedance_synthetic":true,"routable":true,"fallback_clip":true},"geometry":{"type":"LineString","coordinates":[[121.932294,30.945013],[121.932298,30.945627]]}},{"type":"Feature","properties":{"osm_id":1367624347,"name":"杉青路","ref":"","highway":"secondary","road_grade":"R3","maxspeed_raw":null,"speed_base_kmh":42,"speed_pm_kmh":27,"speed_pm_rain_kmh":24,"speed_source":"synthetic_grade_default","lanes":3,"lanes_source":"Synthetic_by_grade","oneway":false,"oneway_source":"default","bridge":false,"tunnel":false,"layer":0,"layer_source":"default_ground","access":"","surface":"","service":"","topology_source":"LBS-Master_roads_gcj_clip","impedance_synthetic":true,"routable":true,"fallback_clip":true},"geometry":{"type":"LineString","coordinates":[[121.932195,30.92118],[121.932179,30.921491],[121.932184,30.923019]]}},{"type":"Feature","properties":{"osm_id":1367624348,"name":"洛神花路","ref":"","highway":"tertiary","road_grade":"R4","maxspeed_raw":null,"speed_base_kmh":32,"speed_pm_kmh":24,"speed_pm_rain_kmh":21,"speed_source":"synthetic_grade_default","lanes":2,"lanes_source":"Synthetic_by_grade","oneway":false,"oneway_source":"default","bridge":false,"tunnel":false,"layer":0,"layer_source":"default_ground","access":"","surface":"","service":"","topology_source":"LBS-Master_roads_gcj_clip","impedance_synthetic":true,"routable":true,"fallback_clip":true},"geometry":{"type":"LineString","coordinates":[[121.932195,30.92118],[121.93381,30.921178],[121.934304,30.921177],[121.93625,30.921175]]}},{"type":"Feature","properties":{"osm_id":1367624349,"name":"香柏路","ref":"","highway":"secondary","road_grade":"R3","maxspeed_raw":null,"speed_base_kmh":42,"speed_pm_kmh":27,"speed_pm_rain_kmh":24,"speed_source":"synthetic_grade_default","lanes":3,"lanes_source":"Synthetic_by_grade","oneway":false,"oneway_source":"default","bridge":false,"tunnel":false,"layer":0,"layer_source":"default_ground","access":"","surface":"","service":"","topology_source":"LBS-Master_roads_gcj_clip","impedance_synthetic":true,"routable":true,"fallback_clip":true},"geometry":{"type":"LineString","coordinates":[[121.938936,30.918054],[121.938933,30.918335]]}},{"type":"Feature","properties":{"osm_id":1367624350,"name":"","ref":"","highway":"primary","road_grade":"R2","maxspeed_raw":null,"speed_base_kmh":52,"speed_pm_kmh":30,"speed_pm_rain_kmh":26,"speed_source":"synthetic_grade_default","lanes":4,"lanes_source":"Synthetic_by_grade","oneway":false,"oneway_source":"default","bridge":false,"tunnel":false,"layer":0,"layer_source":"default_ground","access":"","surface":"","service":"","topology_source":"LBS-Master_roads_gcj_clip","impedance_synthetic":true,"routable":true,"fallback_clip":true},"geometry":{"type":"LineString","coordinates":[[121.93876,30.918039],[121.938936,30.918054]]}},{"type":"Feature","properties":{"osm_id":1367624351,"name":"环湖北三路","ref":"","highway":"primary","road_grade":"R2","maxspeed_raw":null,"speed_base_kmh":52,"speed_pm_kmh":30,"speed_pm_rain_kmh":26,"speed_source":"synthetic_grade_default","lanes":4,"lanes_source":"Synthetic_by_grade","oneway":false,"oneway_source":"default","bridge":false,"tunnel":false,"layer":0,"layer_source":"default_ground","access":"","surface":"","service":"","topology_source":"LBS-Master_roads_gcj_clip","impedance_synthetic":true,"routable":true,"fallback_clip":true},"geometry":{"type":"LineString","coordinates":[[121.930154,30.915943],[121.930209,30.915972],[121.930302,30.91602]]}},{"type":"Feature","properties":{"osm_id":1367624352,"name":"临港大道","ref":"","highway":"primary","road_grade":"R2","maxspeed_raw":null,"speed_base_kmh":52,"speed_pm_kmh":30,"speed_pm_rain_kmh":26,"speed_source":"synthetic_grade_default","lanes":4,"lanes_source":"Synthetic_by_grade","oneway":false,"oneway_source":"default","bridge":false,"tunnel":false,"layer":0,"layer_source":"default_ground","access":"","surface":"","service":"","topology_source":"LBS-Master_roads_gcj_clip","impedance_synthetic":true,"routable":true,"fallback_clip":true},"geometry":{"type":"LineString","coordinates":[[121.913343,30.921065],[121.914734,30.919873]]}},{"type":"Feature","properties":{"osm_id":1367624353,"name":"临港大道","ref":"","highway":"primary","road_grade":"R2","maxspeed_raw":null,"speed_base_kmh":52,"speed_pm_kmh":30,"speed_pm_rain_kmh":26,"speed_source":"synthetic_grade_default","lanes":4,"lanes_source":"Synthetic_by_grade","oneway":false,"oneway_source":"default","bridge":false,"tunnel":false,"layer":0,"layer_source":"default_ground","access":"","surface":"","service":"","topology_source":"LBS-Master_roads_gcj_clip","impedance_synthetic":true,"routable":true,"fallback_clip":true},"geometry":{"type":"LineString","coordinates":[[121.914996,30.920069],[121.913607,30.921283]]}},{"type":"Feature","properties":{"osm_id":1367624354,"name":"麦冬路","ref":"","highway":"tertiary","road_grade":"R4","maxspeed_raw":null,"speed_base_kmh":32,"speed_pm_kmh":24,"speed_pm_rain_kmh":21,"speed_source":"synthetic_grade_default","lanes":2,"lanes_source":"Synthetic_by_grade","oneway":false,"oneway_source":"default","bridge":false,"tunnel":false,"layer":0,"layer_source":"default_ground","access":"","surface":"","service":"","topology_source":"LBS-Master_roads_gcj_clip","impedance_synthetic":true,"routable":true,"fallback_clip":true},"geometry":{"type":"LineString","coordinates":[[121.914734,30.919873],[121.914996,30.920069]]}},{"type":"Feature","properties":{"osm_id":1367624355,"name":"麦冬路","ref":"","highway":"tertiary","road_grade":"R4","maxspeed_raw":null,"speed_base_kmh":32,"speed_pm_kmh":24,"speed_pm_rain_kmh":21,"speed_source":"synthetic_grade_default","lanes":2,"lanes_source":"Synthetic_by_grade","oneway":false,"oneway_source":"default","bridge":false,"tunnel":false,"layer":0,"layer_source":"default_ground","access":"","surface":"","service":"","topology_source":"LBS-Master_roads_gcj_clip","impedance_synthetic":true,"routable":true,"fallback_clip":true},"geometry":{"type":"LineString","coordinates":[[121.914996,30.920069],[121.916337,30.921208],[121.916643,30.921469],[121.91697,30.921746],[121.917573,30.922259]]}},{"type":"Feature","properties":{"osm_id":1367624356,"name":"云皓路","ref":"","highway":"tertiary","road_grade":"R4","maxspeed_raw":null,"speed_base_kmh":32,"speed_pm_kmh":24,"speed_pm_rain_kmh":21,"speed_source":"synthetic_grade_default","lanes":2,"lanes_source":"Synthetic_by_grade","oneway":false,"oneway_source":"default","bridge":false,"tunnel":false,"layer":0,"layer_source":"default_ground","access":"","surface":"","service":"","topology_source":"LBS-Master_roads_gcj_clip","impedance_synthetic":true,"routable":true,"fallback_clip":true},"geometry":{"type":"LineString","coordinates":[[121.917573,30.922259],[121.916533,30.923122]]}},{"type":"Feature","properties":{"osm_id":1367624357,"name":"白荆路","ref":"","highway":"secondary","road_grade":"R3","maxspeed_raw":null,"speed_base_kmh":42,"speed_pm_kmh":27,"speed_pm_rain_kmh":24,"speed_source":"synthetic_grade_default","lanes":3,"lanes_source":"Synthetic_by_grade","oneway":false,"oneway_source":"default","bridge":false,"tunnel":false,"layer":0,"layer_source":"default_ground","access":"","surface":"","service":"","topology_source":"LBS-Master_roads_gcj_clip","impedance_synthetic":true,"routable":true,"fallback_clip":true},"geometry":{"type":"LineString","coordinates":[[121.930302,30.91602],[121.930154,30.916258]]}},{"type":"Feature","properties":{"osm_id":1367624358,"name":"","ref":"","highway":"primary","road_grade":"R2","maxspeed_raw":null,"speed_base_kmh":52,"speed_pm_kmh":30,"speed_pm_rain_kmh":26,"speed_source":"synthetic_grade_default","lanes":4,"lanes_source":"Synthetic_by_grade","oneway":false,"oneway_source":"default","bridge":false,"tunnel":false,"layer":0,"layer_source":"default_ground","access":"","surface":"","service":"","topology_source":"LBS-Master_roads_gcj_clip","impedance_synthetic":true,"routable":true,"fallback_clip":true},"geometry":{"type":"LineString","coordinates":[[121.938933,30.918335],[121.938762,30.918326]]}},{"type":"Feature","properties":{"osm_id":1367624359,"name":"香柏路","ref":"","highway":"secondary","road_grade":"R3","maxspeed_raw":null,"speed_base_kmh":42,"speed_pm_kmh":27,"speed_pm_rain_kmh":24,"speed_source":"synthetic_grade_default","lanes":3,"lanes_source":"Synthetic_by_grade","oneway":false,"oneway_source":"default","bridge":false,"tunnel":false,"layer":0,"layer_source":"default_ground","access":"","surface":"","service":"","topology_source":"LBS-Master_roads_gcj_clip","impedance_synthetic":true,"routable":true,"fallback_clip":true},"geometry":{"type":"LineString","coordinates":[[121.938762,30.918326],[121.93876,30.918039]]}},{"type":"Feature","properties":{"osm_id":1367624360,"name":"杉青路","ref":"","highway":"secondary","road_grade":"R3","maxspeed_raw":null,"speed_base_kmh":42,"speed_pm_kmh":27,"speed_pm_rain_kmh":24,"speed_source":"synthetic_grade_default","lanes":3,"lanes_source":"Synthetic_by_grade","oneway":false,"oneway_source":"default","bridge":false,"tunnel":false,"layer":0,"layer_source":"default_ground","access":"","surface":"","service":"","topology_source":"LBS-Master_roads_gcj_clip","impedance_synthetic":true,"routable":true,"fallback_clip":true},"geometry":{"type":"LineString","coordinates":[[121.931929,30.923053],[121.931924,30.921443],[121.931941,30.921172]]}},{"type":"Feature","properties":{"osm_id":1367624361,"name":"","ref":"","highway":"secondary","road_grade":"R3","maxspeed_raw":null,"speed_base_kmh":42,"speed_pm_kmh":27,"speed_pm_rain_kmh":24,"speed_source":"synthetic_grade_default","lanes":3,"lanes_source":"Synthetic_by_grade","oneway":false,"oneway_source":"default","bridge":false,"tunnel":false,"layer":0,"layer_source":"default_ground","access":"","surface":"","service":"","topology_source":"LBS-Master_roads_gcj_clip","impedance_synthetic":true,"routable":true,"fallback_clip":true},"geometry":{"type":"LineString","coordinates":[[121.932047,30.945574],[121.932045,30.94502]]}},{"type":"Feature","properties":{"osm_id":1367624362,"name":"银涛路","ref":"","highway":"tertiary","road_grade":"R4","maxspeed_raw":null,"speed_base_kmh":32,"speed_pm_kmh":24,"speed_pm_rain_kmh":21,"speed_source":"synthetic_grade_default","lanes":2,"lanes_source":"Synthetic_by_grade","oneway":false,"oneway_source":"default","bridge":false,"tunnel":false,"layer":0,"layer_source":"default_ground","access":"","surface":"","service":"","topology_source":"LBS-Master_roads_gcj_clip","impedance_synthetic":true,"routable":true,"fallback_clip":true},"geometry":{"type":"LineString","coordinates":[[121.932047,30.945574],[121.932298,30.945627]]}},{"type":"Feature","properties":{"osm_id":1367624363,"name":"银涛路","ref":"","highway":"tertiary","road_grade":"R4","maxspeed_raw":null,"speed_base_kmh":32,"speed_pm_kmh":24,"speed_pm_rain_kmh":21,"speed_source":"synthetic_grade_default","lanes":2,"lanes_source":"Synthetic_by_grade","oneway":false,"oneway_source":"default","bridge":false,"tunnel":false,"layer":0,"layer_source":"default_ground","access":"","surface":"","service":"","topology_source":"LBS-Master_roads_gcj_clip","impedance_synthetic":true,"routable":true,"fallback_clip":true},"geometry":{"type":"LineString","coordinates":[[121.929681,30.945583],[121.92981,30.945582],[121.930325,30.945577],[121.930886,30.945571],[121.932047,30.945574]]}},{"type":"Feature","properties":{"osm_id":1367624364,"name":"洲德路","ref":"","highway":"secondary","road_grade":"R3","maxspeed_raw":null,"speed_base_kmh":42,"speed_pm_kmh":27,"speed_pm_rain_kmh":24,"speed_source":"synthetic_grade_default","lanes":3,"lanes_source":"Synthetic_by_grade","oneway":false,"oneway_source":"default","bridge":false,"tunnel":false,"layer":0,"layer_source":"default_ground","access":"","surface":"","service":"","topology_source":"LBS-Master_roads_gcj_clip","impedance_synthetic":true,"routable":true,"fallback_clip":true},"geometry":{"type":"LineString","coordinates":[[121.929848,30.948863],[121.932059,30.948854],[121.932326,30.948848]]}},{"type":"Feature","properties":{"osm_id":1367624365,"name":"洲德路","ref":"","highway":"secondary","road_grade":"R3","maxspeed_raw":null,"speed_base_kmh":42,"speed_pm_kmh":27,"speed_pm_rain_kmh":24,"speed_source":"synthetic_grade_default","lanes":3,"lanes_source":"Synthetic_by_grade","oneway":false,"oneway_source":"default","bridge":false,"tunnel":false,"layer":0,"layer_source":"default_ground","access":"","surface":"","service":"","topology_source":"LBS-Master_roads_gcj_clip","impedance_synthetic":true,"routable":true,"fallback_clip":true},"geometry":{"type":"LineString","coordinates":[[121.922985,30.948892],[121.923337,30.94889]]}},{"type":"Feature","properties":{"osm_id":1368697077,"name":"环湖西一路","ref":"","highway":"secondary","road_grade":"R3","maxspeed_raw":null,"speed_base_kmh":42,"speed_pm_kmh":27,"speed_pm_rain_kmh":24,"speed_source":"synthetic_grade_default","lanes":3,"lanes_source":"Synthetic_by_grade","oneway":false,"oneway_source":"default","bridge":false,"tunnel":false,"layer":0,"layer_source":"default_ground","access":"","surface":"","service":"","topology_source":"LBS-Master_roads_gcj_clip","impedance_synthetic":true,"routable":true,"fallback_clip":true},"geometry":{"type":"LineString","coordinates":[[121.931528,30.906601],[121.931761,30.906786],[121.932139,30.907074],[121.932437,30.907262],[121.932588,30.907356]]}},{"type":"Feature","properties":{"osm_id":1376427139,"name":"","ref":"","highway":"primary","road_grade":"R2","maxspeed_raw":null,"speed_base_kmh":52,"speed_pm_kmh":30,"speed_pm_rain_kmh":26,"speed_source":"synthetic_grade_default","lanes":4,"lanes_source":"Synthetic_by_grade","oneway":false,"oneway_source":"default","bridge":false,"tunnel":false,"layer":0,"layer_source":"default_ground","access":"","surface":"","service":"","topology_source":"LBS-Master_roads_gcj_clip","impedance_synthetic":true,"routable":true,"fallback_clip":true},"geometry":{"type":"LineString","coordinates":[[121.957737,30.912554],[121.957083,30.913072],[121.956138,30.913762],[121.955172,30.914403],[121.953665,30.915265],[121.953215,30.915494],[121.952533,30.915843],[121.950881,30.916569],[121.950088,30.916849]]}},{"type":"Feature","properties":{"osm_id":1376427140,"name":"","ref":"","highway":"primary","road_grade":"R2","maxspeed_raw":null,"speed_base_kmh":52,"speed_pm_kmh":30,"speed_pm_rain_kmh":26,"speed_source":"synthetic_grade_default","lanes":4,"lanes_source":"Synthetic_by_grade","oneway":false,"oneway_source":"default","bridge":false,"tunnel":false,"layer":0,"layer_source":"default_ground","access":"","surface":"","service":"","topology_source":"LBS-Master_roads_gcj_clip","impedance_synthetic":true,"routable":true,"fallback_clip":true},"geometry":{"type":"LineString","coordinates":[[121.950088,30.916849],[121.949581,30.91703]]}},{"type":"Feature","properties":{"osm_id":1376427141,"name":"","ref":"","highway":"primary","road_grade":"R2","maxspeed_raw":null,"speed_base_kmh":52,"speed_pm_kmh":30,"speed_pm_rain_kmh":26,"speed_source":"synthetic_grade_default","lanes":4,"lanes_source":"Synthetic_by_grade","oneway":false,"oneway_source":"default","bridge":false,"tunnel":false,"layer":0,"layer_source":"default_ground","access":"","surface":"","service":"","topology_source":"LBS-Master_roads_gcj_clip","impedance_synthetic":true,"routable":true,"fallback_clip":true},"geometry":{"type":"LineString","coordinates":[[121.949959,30.916596],[121.952014,30.915762],[121.953456,30.915091],[121.955309,30.914008],[121.956737,30.91301],[121.957488,30.912393]]}},{"type":"Feature","properties":{"osm_id":1376427142,"name":"","ref":"","highway":"primary","road_grade":"R2","maxspeed_raw":null,"speed_base_kmh":52,"speed_pm_kmh":30,"speed_pm_rain_kmh":26,"speed_source":"synthetic_grade_default","lanes":4,"lanes_source":"Synthetic_by_grade","oneway":false,"oneway_source":"default","bridge":false,"tunnel":false,"layer":0,"layer_source":"default_ground","access":"","surface":"","service":"","topology_source":"LBS-Master_roads_gcj_clip","impedance_synthetic":true,"routable":true,"fallback_clip":true},"geometry":{"type":"LineString","coordinates":[[121.949456,30.916758],[121.949959,30.916596]]}},{"type":"Feature","properties":{"osm_id":1377203680,"name":"环湖西一路","ref":"","highway":"secondary","road_grade":"R3","maxspeed_raw":null,"speed_base_kmh":42,"speed_pm_kmh":27,"speed_pm_rain_kmh":24,"speed_source":"synthetic_grade_default","lanes":3,"lanes_source":"Synthetic_by_grade","oneway":false,"oneway_source":"default","bridge":false,"tunnel":false,"layer":0,"layer_source":"default_ground","access":"","surface":"","service":"","topology_source":"LBS-Master_roads_gcj_clip","impedance_synthetic":true,"routable":true,"fallback_clip":true},"geometry":{"type":"LineString","coordinates":[[121.930233,30.905516],[121.930331,30.905595],[121.930581,30.905811]]}},{"type":"Feature","properties":{"osm_id":1377203681,"name":"环湖西一路","ref":"","highway":"secondary","road_grade":"R3","maxspeed_raw":null,"speed_base_kmh":42,"speed_pm_kmh":27,"speed_pm_rain_kmh":24,"speed_source":"synthetic_grade_default","lanes":3,"lanes_source":"Synthetic_by_grade","oneway":false,"oneway_source":"default","bridge":false,"tunnel":false,"layer":0,"layer_source":"default_ground","access":"","surface":"","service":"","topology_source":"LBS-Master_roads_gcj_clip","impedance_synthetic":true,"routable":true,"fallback_clip":true},"geometry":{"type":"LineString","coordinates":[[121.931311,30.906428],[121.931412,30.906514],[121.931528,30.906601]]}},{"type":"Feature","properties":{"osm_id":1377203682,"name":"环湖西一路","ref":"","highway":"secondary","road_grade":"R3","maxspeed_raw":null,"speed_base_kmh":42,"speed_pm_kmh":27,"speed_pm_rain_kmh":24,"speed_source":"synthetic_grade_default","lanes":3,"lanes_source":"Synthetic_by_grade","oneway":false,"oneway_source":"default","bridge":false,"tunnel":false,"layer":0,"layer_source":"default_ground","access":"","surface":"","service":"","topology_source":"LBS-Master_roads_gcj_clip","impedance_synthetic":true,"routable":true,"fallback_clip":true},"geometry":{"type":"LineString","coordinates":[[121.93142,30.906693],[121.931315,30.906603],[121.931211,30.906519]]}},{"type":"Feature","properties":{"osm_id":1377203683,"name":"环湖西一路","ref":"","highway":"secondary","road_grade":"R3","maxspeed_raw":null,"speed_base_kmh":42,"speed_pm_kmh":27,"speed_pm_rain_kmh":24,"speed_source":"synthetic_grade_default","lanes":3,"lanes_source":"Synthetic_by_grade","oneway":false,"oneway_source":"default","bridge":false,"tunnel":false,"layer":0,"layer_source":"default_ground","access":"","surface":"","service":"","topology_source":"LBS-Master_roads_gcj_clip","impedance_synthetic":true,"routable":true,"fallback_clip":true},"geometry":{"type":"LineString","coordinates":[[121.93048,30.905899],[121.930233,30.90568],[121.930135,30.905596]]}},{"type":"Feature","properties":{"osm_id":1377205132,"name":"水芸路","ref":"","highway":"tertiary","road_grade":"R4","maxspeed_raw":null,"speed_base_kmh":32,"speed_pm_kmh":24,"speed_pm_rain_kmh":21,"speed_source":"synthetic_grade_default","lanes":2,"lanes_source":"Synthetic_by_grade","oneway":false,"oneway_source":"default","bridge":false,"tunnel":false,"layer":0,"layer_source":"default_ground","access":"","surface":"","service":"","topology_source":"LBS-Master_roads_gcj_clip","impedance_synthetic":true,"routable":true,"fallback_clip":true},"geometry":{"type":"LineString","coordinates":[[121.9295,30.906573],[121.929364,30.906458],[121.92926,30.906368]]}},{"type":"Feature","properties":{"osm_id":1377205133,"name":"水芸路","ref":"","highway":"tertiary","road_grade":"R4","maxspeed_raw":null,"speed_base_kmh":32,"speed_pm_kmh":24,"speed_pm_rain_kmh":21,"speed_source":"synthetic_grade_default","lanes":2,"lanes_source":"Synthetic_by_grade","oneway":false,"oneway_source":"default","bridge":false,"tunnel":false,"layer":0,"layer_source":"default_ground","access":"","surface":"","service":"","topology_source":"LBS-Master_roads_gcj_clip","impedance_synthetic":true,"routable":true,"fallback_clip":true},"geometry":{"type":"LineString","coordinates":[[121.93054,30.90745],[121.930436,30.907363],[121.930251,30.907207]]}},{"type":"Feature","properties":{"osm_id":1377205136,"name":"水芸路","ref":"","highway":"tertiary","road_grade":"R4","maxspeed_raw":null,"speed_base_kmh":32,"speed_pm_kmh":24,"speed_pm_rain_kmh":21,"speed_source":"synthetic_grade_default","lanes":2,"lanes_source":"Synthetic_by_grade","oneway":false,"oneway_source":"default","bridge":false,"tunnel":false,"layer":0,"layer_source":"default_ground","access":"","surface":"","service":"","topology_source":"LBS-Master_roads_gcj_clip","impedance_synthetic":true,"routable":true,"fallback_clip":true},"geometry":{"type":"LineString","coordinates":[[121.929615,30.90667],[121.9295,30.906573]]}},{"type":"Feature","properties":{"osm_id":1377205137,"name":"水芸路","ref":"","highway":"tertiary","road_grade":"R4","maxspeed_raw":null,"speed_base_kmh":32,"speed_pm_kmh":24,"speed_pm_rain_kmh":21,"speed_source":"synthetic_grade_default","lanes":2,"lanes_source":"Synthetic_by_grade","oneway":false,"oneway_source":"default","bridge":false,"tunnel":false,"layer":0,"layer_source":"default_ground","access":"","surface":"","service":"","topology_source":"LBS-Master_roads_gcj_clip","impedance_synthetic":true,"routable":true,"fallback_clip":true},"geometry":{"type":"LineString","coordinates":[[121.930251,30.907207],[121.930134,30.907108]]}},{"type":"Feature","properties":{"osm_id":1377670824,"name":"环湖北一路","ref":"","highway":"secondary","road_grade":"R3","maxspeed_raw":null,"speed_base_kmh":42,"speed_pm_kmh":27,"speed_pm_rain_kmh":24,"speed_source":"synthetic_grade_default","lanes":3,"lanes_source":"Synthetic_by_grade","oneway":false,"oneway_source":"default","bridge":false,"tunnel":false,"layer":0,"layer_source":"default_ground","access":"","surface":"","service":"","topology_source":"LBS-Master_roads_gcj_clip","impedance_synthetic":true,"routable":true,"fallback_clip":true},"geometry":{"type":"LineString","coordinates":[[121.94894,30.907608],[121.948475,30.907854],[121.947897,30.908156],[121.947806,30.908198],[121.947773,30.908213],[121.947269,30.908443],[121.946577,30.908718]]}},{"type":"Feature","properties":{"osm_id":1377670825,"name":"滨港大道","ref":"","highway":"secondary","road_grade":"R3","maxspeed_raw":null,"speed_base_kmh":42,"speed_pm_kmh":27,"speed_pm_rain_kmh":24,"speed_source":"synthetic_grade_default","lanes":3,"lanes_source":"Synthetic_by_grade","oneway":false,"oneway_source":"default","bridge":false,"tunnel":false,"layer":0,"layer_source":"default_ground","access":"","surface":"","service":"","topology_source":"LBS-Master_roads_gcj_clip","impedance_synthetic":true,"routable":true,"fallback_clip":true},"geometry":{"type":"LineString","coordinates":[[121.953953,30.908793],[121.95313,30.908085],[121.951972,30.907066],[121.951835,30.90695],[121.950931,30.906176],[121.950835,30.906099],[121.950766,30.906044]]}},{"type":"Feature","properties":{"osm_id":1377670826,"name":"滨港大道","ref":"","highway":"secondary","road_grade":"R3","maxspeed_raw":null,"speed_base_kmh":42,"speed_pm_kmh":27,"speed_pm_rain_kmh":24,"speed_source":"synthetic_grade_default","lanes":3,"lanes_source":"Synthetic_by_grade","oneway":false,"oneway_source":"default","bridge":false,"tunnel":false,"layer":0,"layer_source":"default_ground","access":"","surface":"","service":"","topology_source":"LBS-Master_roads_gcj_clip","impedance_synthetic":true,"routable":true,"fallback_clip":true},"geometry":{"type":"LineString","coordinates":[[121.954173,30.908826],[121.956405,30.91065]]}},{"type":"Feature","properties":{"osm_id":1377670827,"name":"环湖东二路","ref":"","highway":"secondary","road_grade":"R3","maxspeed_raw":null,"speed_base_kmh":42,"speed_pm_kmh":27,"speed_pm_rain_kmh":24,"speed_source":"synthetic_grade_default","lanes":3,"lanes_source":"Synthetic_by_grade","oneway":false,"oneway_source":"default","bridge":false,"tunnel":false,"layer":0,"layer_source":"default_ground","access":"","surface":"","service":"","topology_source":"LBS-Master_roads_gcj_clip","impedance_synthetic":true,"routable":true,"fallback_clip":true},"geometry":{"type":"LineString","coordinates":[[121.954173,30.908826],[121.954073,30.908909]]}},{"type":"Feature","properties":{"osm_id":1377670828,"name":"","ref":"","highway":"tertiary","road_grade":"R4","maxspeed_raw":null,"speed_base_kmh":32,"speed_pm_kmh":24,"speed_pm_rain_kmh":21,"speed_source":"synthetic_grade_default","lanes":2,"lanes_source":"Synthetic_by_grade","oneway":false,"oneway_source":"default","bridge":false,"tunnel":false,"layer":0,"layer_source":"default_ground","access":"","surface":"","service":"","topology_source":"LBS-Master_roads_gcj_clip","impedance_synthetic":true,"routable":true,"fallback_clip":true},"geometry":{"type":"LineString","coordinates":[[121.949931,30.911581],[121.94983,30.911445],[121.94927,30.910565],[121.9484,30.909142],[121.947806,30.908198]]}},{"type":"Feature","properties":{"osm_id":1377670829,"name":"乔柏路","ref":"","highway":"tertiary","road_grade":"R4","maxspeed_raw":null,"speed_base_kmh":32,"speed_pm_kmh":24,"speed_pm_rain_kmh":21,"speed_source":"synthetic_grade_default","lanes":2,"lanes_source":"Synthetic_by_grade","oneway":false,"oneway_source":"default","bridge":false,"tunnel":false,"layer":0,"layer_source":"default_ground","access":"","surface":"","service":"","topology_source":"LBS-Master_roads_gcj_clip","impedance_synthetic":true,"routable":true,"fallback_clip":true},"geometry":{"type":"LineString","coordinates":[[121.942974,30.915941],[121.942947,30.913501],[121.942993,30.913331]]}},{"type":"Feature","properties":{"osm_id":1377670830,"name":"乔柏路","ref":"","highway":"tertiary","road_grade":"R4","maxspeed_raw":null,"speed_base_kmh":32,"speed_pm_kmh":24,"speed_pm_rain_kmh":21,"speed_source":"synthetic_grade_default","lanes":2,"lanes_source":"Synthetic_by_grade","oneway":false,"oneway_source":"default","bridge":false,"tunnel":false,"layer":0,"layer_source":"default_ground","access":"","surface":"","service":"","topology_source":"LBS-Master_roads_gcj_clip","impedance_synthetic":true,"routable":true,"fallback_clip":true},"geometry":{"type":"LineString","coordinates":[[121.943088,30.923331],[121.943096,30.923851],[121.943108,30.926383],[121.943129,30.929307]]}},{"type":"Feature","properties":{"osm_id":1377670831,"name":"乔柏路","ref":"","highway":"tertiary","road_grade":"R4","maxspeed_raw":null,"speed_base_kmh":32,"speed_pm_kmh":24,"speed_pm_rain_kmh":21,"speed_source":"synthetic_grade_default","lanes":2,"lanes_source":"Synthetic_by_grade","oneway":false,"oneway_source":"default","bridge":false,"tunnel":false,"layer":0,"layer_source":"default_ground","access":"","surface":"","service":"","topology_source":"LBS-Master_roads_gcj_clip","impedance_synthetic":true,"routable":true,"fallback_clip":true},"geometry":{"type":"LineString","coordinates":[[121.943103,30.935363],[121.943104,30.93505],[121.943028,30.934187]]}},{"type":"Feature","properties":{"osm_id":1377670832,"name":"乔柏路","ref":"","highway":"tertiary","road_grade":"R4","maxspeed_raw":null,"speed_base_kmh":32,"speed_pm_kmh":24,"speed_pm_rain_kmh":21,"speed_source":"synthetic_grade_default","lanes":2,"lanes_source":"Synthetic_by_grade","oneway":false,"oneway_source":"default","bridge":false,"tunnel":false,"layer":0,"layer_source":"default_ground","access":"","surface":"","service":"","topology_source":"LBS-Master_roads_gcj_clip","impedance_synthetic":true,"routable":true,"fallback_clip":true},"geometry":{"type":"LineString","coordinates":[[121.942993,30.913331],[121.943064,30.913488],[121.943054,30.915937]]}},{"type":"Feature","properties":{"osm_id":1377670833,"name":"乔柏路","ref":"","highway":"tertiary","road_grade":"R4","maxspeed_raw":null,"speed_base_kmh":32,"speed_pm_kmh":24,"speed_pm_rain_kmh":21,"speed_source":"synthetic_grade_default","lanes":2,"lanes_source":"Synthetic_by_grade","oneway":false,"oneway_source":"default","bridge":false,"tunnel":false,"layer":0,"layer_source":"default_ground","access":"","surface":"","service":"","topology_source":"LBS-Master_roads_gcj_clip","impedance_synthetic":true,"routable":true,"fallback_clip":true},"geometry":{"type":"LineString","coordinates":[[121.943054,30.915937],[121.943046,30.916456]]}},{"type":"Feature","properties":{"osm_id":1377670834,"name":"乔柏路","ref":"","highway":"tertiary","road_grade":"R4","maxspeed_raw":null,"speed_base_kmh":32,"speed_pm_kmh":24,"speed_pm_rain_kmh":21,"speed_source":"synthetic_grade_default","lanes":2,"lanes_source":"Synthetic_by_grade","oneway":false,"oneway_source":"default","bridge":false,"tunnel":false,"layer":0,"layer_source":"default_ground","access":"","surface":"","service":"","topology_source":"LBS-Master_roads_gcj_clip","impedance_synthetic":true,"routable":true,"fallback_clip":true},"geometry":{"type":"LineString","coordinates":[[121.943046,30.916456],[121.943089,30.918034],[121.943096,30.918312],[121.943075,30.919489],[121.943091,30.921167],[121.943083,30.922961]]}},{"type":"Feature","properties":{"osm_id":1377670835,"name":"乔柏路","ref":"","highway":"tertiary","road_grade":"R4","maxspeed_raw":null,"speed_base_kmh":32,"speed_pm_kmh":24,"speed_pm_rain_kmh":21,"speed_source":"synthetic_grade_default","lanes":2,"lanes_source":"Synthetic_by_grade","oneway":false,"oneway_source":"default","bridge":false,"tunnel":false,"layer":0,"layer_source":"default_ground","access":"","surface":"","service":"","topology_source":"LBS-Master_roads_gcj_clip","impedance_synthetic":true,"routable":true,"fallback_clip":true},"geometry":{"type":"LineString","coordinates":[[121.943083,30.922961],[121.943088,30.923331]]}},{"type":"Feature","properties":{"osm_id":1377670836,"name":"乔柏路","ref":"","highway":"tertiary","road_grade":"R4","maxspeed_raw":null,"speed_base_kmh":32,"speed_pm_kmh":24,"speed_pm_rain_kmh":21,"speed_source":"synthetic_grade_default","lanes":2,"lanes_source":"Synthetic_by_grade","oneway":false,"oneway_source":"default","bridge":false,"tunnel":false,"layer":0,"layer_source":"default_ground","access":"","surface":"","service":"","topology_source":"LBS-Master_roads_gcj_clip","impedance_synthetic":true,"routable":true,"fallback_clip":true},"geometry":{"type":"LineString","coordinates":[[121.943028,30.934187],[121.943025,30.933177],[121.943021,30.931423],[121.943017,30.929802]]}},{"type":"Feature","properties":{"osm_id":1377670837,"name":"乔柏路","ref":"","highway":"tertiary","road_grade":"R4","maxspeed_raw":null,"speed_base_kmh":32,"speed_pm_kmh":24,"speed_pm_rain_kmh":21,"speed_source":"synthetic_grade_default","lanes":2,"lanes_source":"Synthetic_by_grade","oneway":false,"oneway_source":"default","bridge":false,"tunnel":false,"layer":0,"layer_source":"default_ground","access":"","surface":"","service":"","topology_source":"LBS-Master_roads_gcj_clip","impedance_synthetic":true,"routable":true,"fallback_clip":true},"geometry":{"type":"LineString","coordinates":[[121.943133,30.929796],[121.943135,30.930065],[121.943167,30.934185],[121.943028,30.934187]]}},{"type":"Feature","properties":{"osm_id":1377670838,"name":"乔柏路","ref":"","highway":"tertiary","road_grade":"R4","maxspeed_raw":null,"speed_base_kmh":32,"speed_pm_kmh":24,"speed_pm_rain_kmh":21,"speed_source":"synthetic_grade_default","lanes":2,"lanes_source":"Synthetic_by_grade","oneway":false,"oneway_source":"default","bridge":false,"tunnel":false,"layer":0,"layer_source":"default_ground","access":"","surface":"","service":"","topology_source":"LBS-Master_roads_gcj_clip","impedance_synthetic":true,"routable":true,"fallback_clip":true},"geometry":{"type":"LineString","coordinates":[[121.943129,30.929307],[121.943133,30.929796]]}},{"type":"Feature","properties":{"osm_id":1377670839,"name":"乔柏路","ref":"","highway":"tertiary","road_grade":"R4","maxspeed_raw":null,"speed_base_kmh":32,"speed_pm_kmh":24,"speed_pm_rain_kmh":21,"speed_source":"synthetic_grade_default","lanes":2,"lanes_source":"Synthetic_by_grade","oneway":false,"oneway_source":"default","bridge":false,"tunnel":false,"layer":0,"layer_source":"default_ground","access":"","surface":"","service":"","topology_source":"LBS-Master_roads_gcj_clip","impedance_synthetic":true,"routable":true,"fallback_clip":true},"geometry":{"type":"LineString","coordinates":[[121.943017,30.929802],[121.943015,30.929309]]}},{"type":"Feature","properties":{"osm_id":1378950246,"name":"美人蕉路","ref":"","highway":"secondary","road_grade":"R3","maxspeed_raw":null,"speed_base_kmh":42,"speed_pm_kmh":27,"speed_pm_rain_kmh":24,"speed_source":"synthetic_grade_default","lanes":3,"lanes_source":"Synthetic_by_grade","oneway":false,"oneway_source":"default","bridge":false,"tunnel":false,"layer":0,"layer_source":"default_ground","access":"","surface":"","service":"","topology_source":"LBS-Master_roads_gcj_clip","impedance_synthetic":true,"routable":true,"fallback_clip":true},"geometry":{"type":"LineString","coordinates":[[121.935037,30.869683],[121.933937,30.869653],[121.93329,30.869711]]}},{"type":"Feature","properties":{"osm_id":1378950247,"name":"美人蕉路","ref":"","highway":"secondary","road_grade":"R3","maxspeed_raw":null,"speed_base_kmh":42,"speed_pm_kmh":27,"speed_pm_rain_kmh":24,"speed_source":"synthetic_grade_default","lanes":3,"lanes_source":"Synthetic_by_grade","oneway":false,"oneway_source":"default","bridge":false,"tunnel":false,"layer":0,"layer_source":"default_ground","access":"","surface":"","service":"","topology_source":"LBS-Master_roads_gcj_clip","impedance_synthetic":true,"routable":true,"fallback_clip":true},"geometry":{"type":"LineString","coordinates":[[121.93329,30.869711],[121.932306,30.8698],[121.930663,30.870124],[121.930132,30.870228],[121.92839,30.870836]]}},{"type":"Feature","properties":{"osm_id":1378950248,"name":"","ref":"","highway":"secondary","road_grade":"R3","maxspeed_raw":null,"speed_base_kmh":42,"speed_pm_kmh":27,"speed_pm_rain_kmh":24,"speed_source":"synthetic_grade_default","lanes":3,"lanes_source":"Synthetic_by_grade","oneway":false,"oneway_source":"default","bridge":false,"tunnel":false,"layer":0,"layer_source":"default_ground","access":"","surface":"","service":"","topology_source":"LBS-Master_roads_gcj_clip","impedance_synthetic":true,"routable":true,"fallback_clip":true},"geometry":{"type":"LineString","coordinates":[[121.935043,30.87042],[121.935037,30.869683]]}},{"type":"Feature","properties":{"osm_id":1378950249,"name":"","ref":"","highway":"secondary","road_grade":"R3","maxspeed_raw":null,"speed_base_kmh":42,"speed_pm_kmh":27,"speed_pm_rain_kmh":24,"speed_source":"synthetic_grade_default","lanes":3,"lanes_source":"Synthetic_by_grade","oneway":false,"oneway_source":"default","bridge":false,"tunnel":false,"layer":0,"layer_source":"default_ground","access":"","surface":"","service":"","topology_source":"LBS-Master_roads_gcj_clip","impedance_synthetic":true,"routable":true,"fallback_clip":true},"geometry":{"type":"LineString","coordinates":[[121.935097,30.877196],[121.935094,30.877049]]}},{"type":"Feature","properties":{"osm_id":1378950250,"name":"环湖南三路","ref":"","highway":"primary","road_grade":"R2","maxspeed_raw":null,"speed_base_kmh":52,"speed_pm_kmh":30,"speed_pm_rain_kmh":26,"speed_source":"synthetic_grade_default","lanes":4,"lanes_source":"Synthetic_by_grade","oneway":false,"oneway_source":"default","bridge":false,"tunnel":false,"layer":0,"layer_source":"default_ground","access":"","surface":"","service":"","topology_source":"LBS-Master_roads_gcj_clip","impedance_synthetic":true,"routable":true,"fallback_clip":true},"geometry":{"type":"LineString","coordinates":[[121.931452,30.87801],[121.93189,30.877864],[121.933002,30.877493],[121.933324,30.87742],[121.934555,30.877142],[121.935094,30.877049]]}},{"type":"Feature","properties":{"osm_id":1378950251,"name":"环湖南三路","ref":"","highway":"primary","road_grade":"R2","maxspeed_raw":null,"speed_base_kmh":52,"speed_pm_kmh":30,"speed_pm_rain_kmh":26,"speed_source":"synthetic_grade_default","lanes":4,"lanes_source":"Synthetic_by_grade","oneway":false,"oneway_source":"default","bridge":false,"tunnel":false,"layer":0,"layer_source":"default_ground","access":"","surface":"","service":"","topology_source":"LBS-Master_roads_gcj_clip","impedance_synthetic":true,"routable":true,"fallback_clip":true},"geometry":{"type":"LineString","coordinates":[[121.935233,30.87717],[121.935097,30.877196],[121.934847,30.877244],[121.934659,30.87728],[121.933698,30.877542],[121.933109,30.877702],[121.931566,30.878226]]}},{"type":"Feature","properties":{"osm_id":1378950252,"name":"","ref":"","highway":"secondary","road_grade":"R3","maxspeed_raw":null,"speed_base_kmh":42,"speed_pm_kmh":27,"speed_pm_rain_kmh":24,"speed_source":"synthetic_grade_default","lanes":3,"lanes_source":"Synthetic_by_grade","oneway":false,"oneway_source":"default","bridge":false,"tunnel":false,"layer":0,"layer_source":"default_ground","access":"","surface":"","service":"","topology_source":"LBS-Master_roads_gcj_clip","impedance_synthetic":true,"routable":true,"fallback_clip":true},"geometry":{"type":"LineString","coordinates":[[121.935183,30.869582],[121.935173,30.869686],[121.935179,30.870425]]}},{"type":"Feature","properties":{"osm_id":1378950253,"name":"美人蕉路","ref":"","highway":"secondary","road_grade":"R3","maxspeed_raw":null,"speed_base_kmh":42,"speed_pm_kmh":27,"speed_pm_rain_kmh":24,"speed_source":"synthetic_grade_default","lanes":3,"lanes_source":"Synthetic_by_grade","oneway":false,"oneway_source":"default","bridge":false,"tunnel":false,"layer":0,"layer_source":"default_ground","access":"","surface":"","service":"","topology_source":"LBS-Master_roads_gcj_clip","impedance_synthetic":true,"routable":true,"fallback_clip":true},"geometry":{"type":"LineString","coordinates":[[121.933275,30.869575],[121.93393,30.869527],[121.935047,30.869576],[121.935183,30.869582]]}},{"type":"Feature","properties":{"osm_id":1378950254,"name":"美人蕉路","ref":"","highway":"secondary","road_grade":"R3","maxspeed_raw":null,"speed_base_kmh":42,"speed_pm_kmh":27,"speed_pm_rain_kmh":24,"speed_source":"synthetic_grade_default","lanes":3,"lanes_source":"Synthetic_by_grade","oneway":false,"oneway_source":"default","bridge":false,"tunnel":false,"layer":0,"layer_source":"default_ground","access":"","surface":"","service":"","topology_source":"LBS-Master_roads_gcj_clip","impedance_synthetic":true,"routable":true,"fallback_clip":true},"geometry":{"type":"LineString","coordinates":[[121.928265,30.870754],[121.928843,30.870526],[121.93009,30.870103],[121.93061,30.869996],[121.93232,30.869645],[121.933275,30.869575]]}},{"type":"Feature","properties":{"osm_id":1378950255,"name":"木荷路","ref":"","highway":"tertiary","road_grade":"R4","maxspeed_raw":null,"speed_base_kmh":32,"speed_pm_kmh":24,"speed_pm_rain_kmh":21,"speed_source":"synthetic_grade_default","lanes":2,"lanes_source":"Synthetic_by_grade","oneway":false,"oneway_source":"default","bridge":false,"tunnel":false,"layer":0,"layer_source":"default_ground","access":"","surface":"","service":"","topology_source":"LBS-Master_roads_gcj_clip","impedance_synthetic":true,"routable":true,"fallback_clip":true},"geometry":{"type":"LineString","coordinates":[[121.93329,30.869711],[121.933275,30.869575]]}},{"type":"Feature","properties":{"osm_id":1378950256,"name":"木荷路","ref":"","highway":"tertiary","road_grade":"R4","maxspeed_raw":null,"speed_base_kmh":32,"speed_pm_kmh":24,"speed_pm_rain_kmh":21,"speed_source":"synthetic_grade_default","lanes":2,"lanes_source":"Synthetic_by_grade","oneway":false,"oneway_source":"default","bridge":false,"tunnel":false,"layer":0,"layer_source":"default_ground","access":"","surface":"","service":"","topology_source":"LBS-Master_roads_gcj_clip","impedance_synthetic":true,"routable":true,"fallback_clip":true},"geometry":{"type":"LineString","coordinates":[[121.93232,30.867522],[121.930766,30.866606]]}},{"type":"Feature","properties":{"osm_id":1378950257,"name":"海基一路","ref":"","highway":"tertiary","road_grade":"R4","maxspeed_raw":null,"speed_base_kmh":32,"speed_pm_kmh":24,"speed_pm_rain_kmh":21,"speed_source":"synthetic_grade_default","lanes":2,"lanes_source":"Synthetic_by_grade","oneway":false,"oneway_source":"default","bridge":false,"tunnel":false,"layer":0,"layer_source":"default_ground","access":"","surface":"","service":"","topology_source":"LBS-Master_roads_gcj_clip","impedance_synthetic":true,"routable":true,"fallback_clip":true},"geometry":{"type":"LineString","coordinates":[[121.93232,30.867522],[121.933251,30.866694],[121.934018,30.866012],[121.934225,30.865825],[121.934274,30.865771]]}},{"type":"Feature","properties":{"osm_id":1378950258,"name":"海基一路","ref":"","highway":"tertiary","road_grade":"R4","maxspeed_raw":null,"speed_base_kmh":32,"speed_pm_kmh":24,"speed_pm_rain_kmh":21,"speed_source":"synthetic_grade_default","lanes":2,"lanes_source":"Synthetic_by_grade","oneway":false,"oneway_source":"default","bridge":false,"tunnel":false,"layer":0,"layer_source":"default_ground","access":"","surface":"","service":"","topology_source":"LBS-Master_roads_gcj_clip","impedance_synthetic":true,"routable":true,"fallback_clip":true},"geometry":{"type":"LineString","coordinates":[[121.916262,30.876306],[121.917761,30.875014]]}},{"type":"Feature","properties":{"osm_id":1420721076,"name":"杉云路","ref":"","highway":"tertiary","road_grade":"R4","maxspeed_raw":null,"speed_base_kmh":32,"speed_pm_kmh":24,"speed_pm_rain_kmh":21,"speed_source":"synthetic_grade_default","lanes":2,"lanes_source":"Synthetic_by_grade","oneway":false,"oneway_source":"default","bridge":false,"tunnel":false,"layer":0,"layer_source":"default_ground","access":"","surface":"","service":"","topology_source":"LBS-Master_roads_gcj_clip","impedance_synthetic":true,"routable":true,"fallback_clip":true},"geometry":{"type":"LineString","coordinates":[[121.936345,30.932513],[121.936336,30.931458],[121.936332,30.930984]]}},{"type":"Feature","properties":{"osm_id":1420721077,"name":"杉云路","ref":"","highway":"tertiary","road_grade":"R4","maxspeed_raw":null,"speed_base_kmh":32,"speed_pm_kmh":24,"speed_pm_rain_kmh":21,"speed_source":"synthetic_grade_default","lanes":2,"lanes_source":"Synthetic_by_grade","oneway":false,"oneway_source":"default","bridge":false,"tunnel":false,"layer":0,"layer_source":"default_ground","access":"","surface":"","service":"","topology_source":"LBS-Master_roads_gcj_clip","impedance_synthetic":true,"routable":true,"fallback_clip":true},"geometry":{"type":"LineString","coordinates":[[121.936332,30.930984],[121.93633,30.930723]]}},{"type":"Feature","properties":{"osm_id":1425263646,"name":"花柏路","ref":"","highway":"secondary","road_grade":"R3","maxspeed_raw":null,"speed_base_kmh":42,"speed_pm_kmh":27,"speed_pm_rain_kmh":24,"speed_source":"synthetic_grade_default","lanes":3,"lanes_source":"Synthetic_by_grade","oneway":false,"oneway_source":"default","bridge":false,"tunnel":false,"layer":0,"layer_source":"default_ground","access":"","surface":"","service":"","topology_source":"LBS-Master_roads_gcj_clip","impedance_synthetic":true,"routable":true,"fallback_clip":true},"geometry":{"type":"LineString","coordinates":[[121.894389,30.905336],[121.891849,30.90534]]}},{"type":"Feature","properties":{"osm_id":1425263647,"name":"花柏路","ref":"","highway":"secondary","road_grade":"R3","maxspeed_raw":null,"speed_base_kmh":42,"speed_pm_kmh":27,"speed_pm_rain_kmh":24,"speed_source":"synthetic_grade_default","lanes":3,"lanes_source":"Synthetic_by_grade","oneway":false,"oneway_source":"default","bridge":false,"tunnel":false,"layer":0,"layer_source":"default_ground","access":"","surface":"","service":"","topology_source":"LBS-Master_roads_gcj_clip","impedance_synthetic":true,"routable":true,"fallback_clip":true},"geometry":{"type":"LineString","coordinates":[[121.89185,30.90519],[121.894363,30.90519]]}},{"type":"Feature","properties":{"osm_id":1432771728,"name":"云鹃路","ref":"","highway":"tertiary","road_grade":"R4","maxspeed_raw":null,"speed_base_kmh":32,"speed_pm_kmh":24,"speed_pm_rain_kmh":21,"speed_source":"synthetic_grade_default","lanes":2,"lanes_source":"Synthetic_by_grade","oneway":false,"oneway_source":"default","bridge":false,"tunnel":false,"layer":0,"layer_source":"default_ground","access":"","surface":"","service":"","topology_source":"LBS-Master_roads_gcj_clip","impedance_synthetic":true,"routable":true,"fallback_clip":true},"geometry":{"type":"LineString","coordinates":[[121.92484,30.903408],[121.924638,30.903028]]}},{"type":"Feature","properties":{"osm_id":1432775174,"name":"云鹃路","ref":"","highway":"tertiary","road_grade":"R4","maxspeed_raw":null,"speed_base_kmh":32,"speed_pm_kmh":24,"speed_pm_rain_kmh":21,"speed_source":"synthetic_grade_default","lanes":2,"lanes_source":"Synthetic_by_grade","oneway":false,"oneway_source":"default","bridge":false,"tunnel":false,"layer":0,"layer_source":"default_ground","access":"","surface":"","service":"","topology_source":"LBS-Master_roads_gcj_clip","impedance_synthetic":true,"routable":true,"fallback_clip":true},"geometry":{"type":"LineString","coordinates":[[121.924579,30.891911],[121.9248,30.89148]]}},{"type":"Feature","properties":{"osm_id":1437077456,"name":"临团公路","ref":"","highway":"tertiary","road_grade":"R4","maxspeed_raw":null,"speed_base_kmh":32,"speed_pm_kmh":24,"speed_pm_rain_kmh":21,"speed_source":"synthetic_grade_default","lanes":2,"lanes_source":"Synthetic_by_grade","oneway":false,"oneway_source":"default","bridge":false,"tunnel":false,"layer":0,"layer_source":"default_ground","access":"","surface":"","service":"","topology_source":"LBS-Master_roads_gcj_clip","impedance_synthetic":true,"routable":true,"fallback_clip":true},"geometry":{"type":"LineString","coordinates":[[121.890884,30.914733],[121.887013,30.916061],[121.886604,30.9162]]}},{"type":"Feature","properties":{"osm_id":1437077457,"name":"临团公路","ref":"","highway":"tertiary","road_grade":"R4","maxspeed_raw":null,"speed_base_kmh":32,"speed_pm_kmh":24,"speed_pm_rain_kmh":21,"speed_source":"synthetic_grade_default","lanes":2,"lanes_source":"Synthetic_by_grade","oneway":false,"oneway_source":"default","bridge":false,"tunnel":false,"layer":0,"layer_source":"default_ground","access":"","surface":"","service":"","topology_source":"LBS-Master_roads_gcj_clip","impedance_synthetic":true,"routable":true,"fallback_clip":true},"geometry":{"type":"LineString","coordinates":[[121.891552,30.914504],[121.890884,30.914733]]}},{"type":"Feature","properties":{"osm_id":1437077458,"name":"临团公路","ref":"","highway":"tertiary","road_grade":"R4","maxspeed_raw":null,"speed_base_kmh":32,"speed_pm_kmh":24,"speed_pm_rain_kmh":21,"speed_source":"synthetic_grade_default","lanes":2,"lanes_source":"Synthetic_by_grade","oneway":false,"oneway_source":"default","bridge":false,"tunnel":false,"layer":0,"layer_source":"default_ground","access":"","surface":"","service":"","topology_source":"LBS-Master_roads_gcj_clip","impedance_synthetic":true,"routable":true,"fallback_clip":true},"geometry":{"type":"LineString","coordinates":[[121.886542,30.91597],[121.886942,30.915816],[121.888659,30.91524],[121.890822,30.914515]]}},{"type":"Feature","properties":{"osm_id":1437077459,"name":"临团公路","ref":"","highway":"tertiary","road_grade":"R4","maxspeed_raw":null,"speed_base_kmh":32,"speed_pm_kmh":24,"speed_pm_rain_kmh":21,"speed_source":"synthetic_grade_default","lanes":2,"lanes_source":"Synthetic_by_grade","oneway":false,"oneway_source":"default","bridge":false,"tunnel":false,"layer":0,"layer_source":"default_ground","access":"","surface":"","service":"","topology_source":"LBS-Master_roads_gcj_clip","impedance_synthetic":true,"routable":true,"fallback_clip":true},"geometry":{"type":"LineString","coordinates":[[121.890822,30.914515],[121.891497,30.914289]]}},{"type":"Feature","properties":{"osm_id":1441640735,"name":"水芸路","ref":"","highway":"tertiary","road_grade":"R4","maxspeed_raw":null,"speed_base_kmh":32,"speed_pm_kmh":24,"speed_pm_rain_kmh":21,"speed_source":"synthetic_grade_default","lanes":2,"lanes_source":"Synthetic_by_grade","oneway":false,"oneway_source":"default","bridge":false,"tunnel":false,"layer":0,"layer_source":"default_ground","access":"","surface":"","service":"","topology_source":"LBS-Master_roads_gcj_clip","impedance_synthetic":true,"routable":true,"fallback_clip":true},"geometry":{"type":"LineString","coordinates":[[121.926345,30.892529],[121.92653,30.892119]]}},{"type":"Feature","properties":{"osm_id":1471886792,"name":"川朴路","ref":"","highway":"tertiary","road_grade":"R4","maxspeed_raw":null,"speed_base_kmh":32,"speed_pm_kmh":24,"speed_pm_rain_kmh":21,"speed_source":"synthetic_grade_default","lanes":2,"lanes_source":"Synthetic_by_grade","oneway":false,"oneway_source":"default","bridge":false,"tunnel":false,"layer":0,"layer_source":"default_ground","access":"","surface":"","service":"","topology_source":"LBS-Master_roads_gcj_clip","impedance_synthetic":true,"routable":true,"fallback_clip":true},"geometry":{"type":"LineString","coordinates":[[121.949998,30.936643],[121.949984,30.935078],[121.949937,30.929692]]}},{"type":"Feature","properties":{"osm_id":1471886793,"name":"川朴路","ref":"","highway":"tertiary","road_grade":"R4","maxspeed_raw":null,"speed_base_kmh":32,"speed_pm_kmh":24,"speed_pm_rain_kmh":21,"speed_source":"synthetic_grade_default","lanes":2,"lanes_source":"Synthetic_by_grade","oneway":false,"oneway_source":"default","bridge":false,"tunnel":false,"layer":0,"layer_source":"default_ground","access":"","surface":"","service":"","topology_source":"LBS-Master_roads_gcj_clip","impedance_synthetic":true,"routable":true,"fallback_clip":true},"geometry":{"type":"LineString","coordinates":[[121.949867,30.921664],[121.949862,30.921135]]}},{"type":"Feature","properties":{"osm_id":1471886794,"name":"川朴路","ref":"","highway":"tertiary","road_grade":"R4","maxspeed_raw":null,"speed_base_kmh":32,"speed_pm_kmh":24,"speed_pm_rain_kmh":21,"speed_source":"synthetic_grade_default","lanes":2,"lanes_source":"Synthetic_by_grade","oneway":false,"oneway_source":"default","bridge":false,"tunnel":false,"layer":0,"layer_source":"default_ground","access":"","surface":"","service":"","topology_source":"LBS-Master_roads_gcj_clip","impedance_synthetic":true,"routable":true,"fallback_clip":true},"geometry":{"type":"LineString","coordinates":[[121.949869,30.921926],[121.949867,30.921664]]}},{"type":"Feature","properties":{"osm_id":1471886795,"name":"川朴路","ref":"","highway":"tertiary","road_grade":"R4","maxspeed_raw":null,"speed_base_kmh":32,"speed_pm_kmh":24,"speed_pm_rain_kmh":21,"speed_source":"synthetic_grade_default","lanes":2,"lanes_source":"Synthetic_by_grade","oneway":false,"oneway_source":"default","bridge":false,"tunnel":false,"layer":0,"layer_source":"default_ground","access":"","surface":"","service":"","topology_source":"LBS-Master_roads_gcj_clip","impedance_synthetic":true,"routable":true,"fallback_clip":true},"geometry":{"type":"LineString","coordinates":[[121.949935,30.929429],[121.949869,30.921926]]}},{"type":"Feature","properties":{"osm_id":1471886796,"name":"川朴路","ref":"","highway":"tertiary","road_grade":"R4","maxspeed_raw":null,"speed_base_kmh":32,"speed_pm_kmh":24,"speed_pm_rain_kmh":21,"speed_source":"synthetic_grade_default","lanes":2,"lanes_source":"Synthetic_by_grade","oneway":false,"oneway_source":"default","bridge":false,"tunnel":false,"layer":0,"layer_source":"default_ground","access":"","surface":"","service":"","topology_source":"LBS-Master_roads_gcj_clip","impedance_synthetic":true,"routable":true,"fallback_clip":true},"geometry":{"type":"LineString","coordinates":[[121.949937,30.929692],[121.949935,30.929429]]}},{"type":"Feature","properties":{"osm_id":1471886797,"name":"川朴路","ref":"","highway":"tertiary","road_grade":"R4","maxspeed_raw":null,"speed_base_kmh":32,"speed_pm_kmh":24,"speed_pm_rain_kmh":21,"speed_source":"synthetic_grade_default","lanes":2,"lanes_source":"Synthetic_by_grade","oneway":false,"oneway_source":"default","bridge":false,"tunnel":false,"layer":0,"layer_source":"default_ground","access":"","surface":"","service":"","topology_source":"LBS-Master_roads_gcj_clip","impedance_synthetic":true,"routable":true,"fallback_clip":true},"geometry":{"type":"LineString","coordinates":[[121.950026,30.939821],[121.950012,30.938267]]}},{"type":"Feature","properties":{"osm_id":1471886798,"name":"川朴路","ref":"","highway":"tertiary","road_grade":"R4","maxspeed_raw":null,"speed_base_kmh":32,"speed_pm_kmh":24,"speed_pm_rain_kmh":21,"speed_source":"synthetic_grade_default","lanes":2,"lanes_source":"Synthetic_by_grade","oneway":false,"oneway_source":"default","bridge":false,"tunnel":false,"layer":0,"layer_source":"default_ground","access":"","surface":"","service":"","topology_source":"LBS-Master_roads_gcj_clip","impedance_synthetic":true,"routable":true,"fallback_clip":true},"geometry":{"type":"LineString","coordinates":[[121.949999,30.936734],[121.949998,30.936643]]}},{"type":"Feature","properties":{"osm_id":1471886799,"name":"川朴路","ref":"","highway":"tertiary","road_grade":"R4","maxspeed_raw":null,"speed_base_kmh":32,"speed_pm_kmh":24,"speed_pm_rain_kmh":21,"speed_source":"synthetic_grade_default","lanes":2,"lanes_source":"Synthetic_by_grade","oneway":false,"oneway_source":"default","bridge":false,"tunnel":false,"layer":0,"layer_source":"default_ground","access":"","surface":"","service":"","topology_source":"LBS-Master_roads_gcj_clip","impedance_synthetic":true,"routable":true,"fallback_clip":true},"geometry":{"type":"LineString","coordinates":[[121.95001,30.938006],[121.949999,30.936734]]}},{"type":"Feature","properties":{"osm_id":1471886800,"name":"川朴路","ref":"","highway":"tertiary","road_grade":"R4","maxspeed_raw":null,"speed_base_kmh":32,"speed_pm_kmh":24,"speed_pm_rain_kmh":21,"speed_source":"synthetic_grade_default","lanes":2,"lanes_source":"Synthetic_by_grade","oneway":false,"oneway_source":"default","bridge":false,"tunnel":false,"layer":0,"layer_source":"default_ground","access":"","surface":"","service":"","topology_source":"LBS-Master_roads_gcj_clip","impedance_synthetic":true,"routable":true,"fallback_clip":true},"geometry":{"type":"LineString","coordinates":[[121.950012,30.938267],[121.95001,30.938006]]}},{"type":"Feature","properties":{"osm_id":1471886817,"name":"杉青路","ref":"","highway":"secondary","road_grade":"R3","maxspeed_raw":null,"speed_base_kmh":42,"speed_pm_kmh":27,"speed_pm_rain_kmh":24,"speed_source":"synthetic_grade_default","lanes":3,"lanes_source":"Synthetic_by_grade","oneway":false,"oneway_source":"default","bridge":false,"tunnel":false,"layer":0,"layer_source":"default_ground","access":"","surface":"","service":"","topology_source":"LBS-Master_roads_gcj_clip","impedance_synthetic":true,"routable":true,"fallback_clip":true},"geometry":{"type":"LineString","coordinates":[[121.932229,30.931041],[121.932228,30.931527],[121.932237,30.9333],[121.932242,30.934921]]}},{"type":"Feature","properties":{"osm_id":1471886822,"name":"","ref":"","highway":"secondary","road_grade":"R3","maxspeed_raw":null,"speed_base_kmh":42,"speed_pm_kmh":27,"speed_pm_rain_kmh":24,"speed_source":"synthetic_grade_default","lanes":3,"lanes_source":"Synthetic_by_grade","oneway":false,"oneway_source":"default","bridge":false,"tunnel":false,"layer":0,"layer_source":"default_ground","access":"","surface":"","service":"","topology_source":"LBS-Master_roads_gcj_clip","impedance_synthetic":true,"routable":true,"fallback_clip":true},"geometry":{"type":"LineString","coordinates":[[121.938979,30.935034],[121.938996,30.937036]]}},{"type":"Feature","properties":{"osm_id":1471886823,"name":"","ref":"","highway":"secondary","road_grade":"R3","maxspeed_raw":null,"speed_base_kmh":42,"speed_pm_kmh":27,"speed_pm_rain_kmh":24,"speed_source":"synthetic_grade_default","lanes":3,"lanes_source":"Synthetic_by_grade","oneway":false,"oneway_source":"default","bridge":false,"tunnel":false,"layer":0,"layer_source":"default_ground","access":"","surface":"","service":"","topology_source":"LBS-Master_roads_gcj_clip","impedance_synthetic":true,"routable":true,"fallback_clip":true},"geometry":{"type":"LineString","coordinates":[[121.938861,30.937036],[121.9388,30.935034]]}},{"type":"Feature","properties":{"osm_id":1471886824,"name":"","ref":"","highway":"tertiary","road_grade":"R4","maxspeed_raw":null,"speed_base_kmh":32,"speed_pm_kmh":24,"speed_pm_rain_kmh":21,"speed_source":"synthetic_grade_default","lanes":2,"lanes_source":"Synthetic_by_grade","oneway":false,"oneway_source":"default","bridge":false,"tunnel":false,"layer":0,"layer_source":"default_ground","access":"","surface":"","service":"","topology_source":"LBS-Master_roads_gcj_clip","impedance_synthetic":true,"routable":true,"fallback_clip":true},"geometry":{"type":"LineString","coordinates":[[121.938979,30.935034],[121.9388,30.935034]]}},{"type":"Feature","properties":{"osm_id":1471886826,"name":"","ref":"","highway":"tertiary","road_grade":"R4","maxspeed_raw":null,"speed_base_kmh":32,"speed_pm_kmh":24,"speed_pm_rain_kmh":21,"speed_source":"synthetic_grade_default","lanes":2,"lanes_source":"Synthetic_by_grade","oneway":false,"oneway_source":"default","bridge":false,"tunnel":false,"layer":0,"layer_source":"default_ground","access":"","surface":"","service":"","topology_source":"LBS-Master_roads_gcj_clip","impedance_synthetic":true,"routable":true,"fallback_clip":true},"geometry":{"type":"LineString","coordinates":[[121.94104,30.944101],[121.941003,30.942091],[121.940962,30.939809],[121.940953,30.93937]]}},{"type":"Feature","properties":{"osm_id":1471886827,"name":"","ref":"","highway":"tertiary","road_grade":"R4","maxspeed_raw":null,"speed_base_kmh":32,"speed_pm_kmh":24,"speed_pm_rain_kmh":21,"speed_source":"synthetic_grade_default","lanes":2,"lanes_source":"Synthetic_by_grade","oneway":false,"oneway_source":"default","bridge":false,"tunnel":false,"layer":0,"layer_source":"default_ground","access":"","surface":"","service":"","topology_source":"LBS-Master_roads_gcj_clip","impedance_synthetic":true,"routable":true,"fallback_clip":true},"geometry":{"type":"LineString","coordinates":[[121.940949,30.939108],[121.940911,30.937037],[121.940874,30.935041]]}},{"type":"Feature","properties":{"osm_id":1471886828,"name":"","ref":"","highway":"tertiary","road_grade":"R4","maxspeed_raw":null,"speed_base_kmh":32,"speed_pm_kmh":24,"speed_pm_rain_kmh":21,"speed_source":"synthetic_grade_default","lanes":2,"lanes_source":"Synthetic_by_grade","oneway":false,"oneway_source":"default","bridge":false,"tunnel":false,"layer":0,"layer_source":"default_ground","access":"","surface":"","service":"","topology_source":"LBS-Master_roads_gcj_clip","impedance_synthetic":true,"routable":true,"fallback_clip":true},"geometry":{"type":"LineString","coordinates":[[121.940953,30.93937],[121.940949,30.939108]]}},{"type":"Feature","properties":{"osm_id":1471886829,"name":"","ref":"","highway":"tertiary","road_grade":"R4","maxspeed_raw":null,"speed_base_kmh":32,"speed_pm_kmh":24,"speed_pm_rain_kmh":21,"speed_source":"synthetic_grade_default","lanes":2,"lanes_source":"Synthetic_by_grade","oneway":false,"oneway_source":"default","bridge":false,"tunnel":false,"layer":0,"layer_source":"default_ground","access":"","surface":"","service":"","topology_source":"LBS-Master_roads_gcj_clip","impedance_synthetic":true,"routable":true,"fallback_clip":true},"geometry":{"type":"LineString","coordinates":[[121.941066,30.94551],[121.941051,30.945056]]}},{"type":"Feature","properties":{"osm_id":1471886830,"name":"","ref":"","highway":"tertiary","road_grade":"R4","maxspeed_raw":null,"speed_base_kmh":32,"speed_pm_kmh":24,"speed_pm_rain_kmh":21,"speed_source":"synthetic_grade_default","lanes":2,"lanes_source":"Synthetic_by_grade","oneway":false,"oneway_source":"default","bridge":false,"tunnel":false,"layer":0,"layer_source":"default_ground","access":"","surface":"","service":"","topology_source":"LBS-Master_roads_gcj_clip","impedance_synthetic":true,"routable":true,"fallback_clip":true},"geometry":{"type":"LineString","coordinates":[[121.941051,30.945056],[121.94104,30.944101]]}},{"type":"Feature","properties":{"osm_id":1471886831,"name":"杉青路","ref":"","highway":"secondary","road_grade":"R3","maxspeed_raw":null,"speed_base_kmh":42,"speed_pm_kmh":27,"speed_pm_rain_kmh":24,"speed_source":"synthetic_grade_default","lanes":3,"lanes_source":"Synthetic_by_grade","oneway":false,"oneway_source":"default","bridge":false,"tunnel":false,"layer":0,"layer_source":"default_ground","access":"","surface":"","service":"","topology_source":"LBS-Master_roads_gcj_clip","impedance_synthetic":true,"routable":true,"fallback_clip":true},"geometry":{"type":"LineString","coordinates":[[121.932242,30.934921],[121.93225,30.936916],[121.93225,30.937025],[121.932259,30.939093]]}},{"type":"Feature","properties":{"osm_id":1471886832,"name":"杉青路","ref":"","highway":"secondary","road_grade":"R3","maxspeed_raw":null,"speed_base_kmh":42,"speed_pm_kmh":27,"speed_pm_rain_kmh":24,"speed_source":"synthetic_grade_default","lanes":3,"lanes_source":"Synthetic_by_grade","oneway":false,"oneway_source":"default","bridge":false,"tunnel":false,"layer":0,"layer_source":"default_ground","access":"","surface":"","service":"","topology_source":"LBS-Master_roads_gcj_clip","impedance_synthetic":true,"routable":true,"fallback_clip":true},"geometry":{"type":"LineString","coordinates":[[121.932259,30.939093],[121.93226,30.939355]]}},{"type":"Feature","properties":{"osm_id":1471886833,"name":"杉青路","ref":"","highway":"secondary","road_grade":"R3","maxspeed_raw":null,"speed_base_kmh":42,"speed_pm_kmh":27,"speed_pm_rain_kmh":24,"speed_source":"synthetic_grade_default","lanes":3,"lanes_source":"Synthetic_by_grade","oneway":false,"oneway_source":"default","bridge":false,"tunnel":false,"layer":0,"layer_source":"default_ground","access":"","surface":"","service":"","topology_source":"LBS-Master_roads_gcj_clip","impedance_synthetic":true,"routable":true,"fallback_clip":true},"geometry":{"type":"LineString","coordinates":[[121.932041,30.944107],[121.93202,30.939817],[121.932018,30.939354]]}},{"type":"Feature","properties":{"osm_id":1471886834,"name":"杉青路","ref":"","highway":"secondary","road_grade":"R3","maxspeed_raw":null,"speed_base_kmh":42,"speed_pm_kmh":27,"speed_pm_rain_kmh":24,"speed_source":"synthetic_grade_default","lanes":3,"lanes_source":"Synthetic_by_grade","oneway":false,"oneway_source":"default","bridge":false,"tunnel":false,"layer":0,"layer_source":"default_ground","access":"","surface":"","service":"","topology_source":"LBS-Master_roads_gcj_clip","impedance_synthetic":true,"routable":true,"fallback_clip":true},"geometry":{"type":"LineString","coordinates":[[121.932018,30.939354],[121.932017,30.939093]]}},{"type":"Feature","properties":{"osm_id":1502483291,"name":"沪城环路","ref":"","highway":"secondary","road_grade":"R3","maxspeed_raw":null,"speed_base_kmh":42,"speed_pm_kmh":27,"speed_pm_rain_kmh":24,"speed_source":"synthetic_grade_default","lanes":3,"lanes_source":"Synthetic_by_grade","oneway":false,"oneway_source":"default","bridge":false,"tunnel":false,"layer":0,"layer_source":"default_ground","access":"","surface":"","service":"","topology_source":"LBS-Master_roads_gcj_clip","impedance_synthetic":true,"routable":true,"fallback_clip":true},"geometry":{"type":"LineString","coordinates":[[121.900086,30.914016],[121.900111,30.91407],[121.900131,30.914116]]}},{"type":"Feature","properties":{"osm_id":1507595849,"name":"水芸路","ref":"","highway":"tertiary","road_grade":"R4","maxspeed_raw":null,"speed_base_kmh":32,"speed_pm_kmh":24,"speed_pm_rain_kmh":21,"speed_source":"synthetic_grade_default","lanes":2,"lanes_source":"Synthetic_by_grade","oneway":false,"oneway_source":"default","bridge":false,"tunnel":false,"layer":0,"layer_source":"default_ground","access":"","surface":"","service":"","topology_source":"LBS-Master_roads_gcj_clip","impedance_synthetic":true,"routable":true,"fallback_clip":true},"geometry":{"type":"LineString","coordinates":[[121.92628,30.892674],[121.926345,30.892529]]}},{"type":"Feature","properties":{"osm_id":1507595850,"name":"水芸路","ref":"","highway":"tertiary","road_grade":"R4","maxspeed_raw":null,"speed_base_kmh":32,"speed_pm_kmh":24,"speed_pm_rain_kmh":21,"speed_source":"synthetic_grade_default","lanes":2,"lanes_source":"Synthetic_by_grade","oneway":false,"oneway_source":"default","bridge":false,"tunnel":false,"layer":0,"layer_source":"default_ground","access":"","surface":"","service":"","topology_source":"LBS-Master_roads_gcj_clip","impedance_synthetic":true,"routable":true,"fallback_clip":true},"geometry":{"type":"LineString","coordinates":[[121.92653,30.892119],[121.92659,30.891987]]}},{"type":"Feature","properties":{"osm_id":1507596043,"name":"水芸路","ref":"","highway":"tertiary","road_grade":"R4","maxspeed_raw":null,"speed_base_kmh":32,"speed_pm_kmh":24,"speed_pm_rain_kmh":21,"speed_source":"synthetic_grade_default","lanes":2,"lanes_source":"Synthetic_by_grade","oneway":false,"oneway_source":"default","bridge":false,"tunnel":false,"layer":0,"layer_source":"default_ground","access":"","surface":"","service":"","topology_source":"LBS-Master_roads_gcj_clip","impedance_synthetic":true,"routable":true,"fallback_clip":true},"geometry":{"type":"LineString","coordinates":[[121.925398,30.898963],[121.925461,30.89964],[121.925598,30.900239],[121.925852,30.901089],[121.926135,30.901848],[121.926321,30.902318],[121.926367,30.902406]]}},{"type":"Feature","properties":{"osm_id":1507596044,"name":"水芸路","ref":"","highway":"tertiary","road_grade":"R4","maxspeed_raw":null,"speed_base_kmh":32,"speed_pm_kmh":24,"speed_pm_rain_kmh":21,"speed_source":"synthetic_grade_default","lanes":2,"lanes_source":"Synthetic_by_grade","oneway":false,"oneway_source":"default","bridge":false,"tunnel":false,"layer":0,"layer_source":"default_ground","access":"","surface":"","service":"","topology_source":"LBS-Master_roads_gcj_clip","impedance_synthetic":true,"routable":true,"fallback_clip":true},"geometry":{"type":"LineString","coordinates":[[121.926367,30.902406],[121.92657,30.902795]]}},{"type":"Feature","properties":{"osm_id":1507596045,"name":"水芸路","ref":"","highway":"tertiary","road_grade":"R4","maxspeed_raw":null,"speed_base_kmh":32,"speed_pm_kmh":24,"speed_pm_rain_kmh":21,"speed_source":"synthetic_grade_default","lanes":2,"lanes_source":"Synthetic_by_grade","oneway":false,"oneway_source":"default","bridge":false,"tunnel":false,"layer":0,"layer_source":"default_ground","access":"","surface":"","service":"","topology_source":"LBS-Master_roads_gcj_clip","impedance_synthetic":true,"routable":true,"fallback_clip":true},"geometry":{"type":"LineString","coordinates":[[121.92657,30.902795],[121.926658,30.902933]]}},{"type":"Feature","properties":{"osm_id":1507596046,"name":"云鹃路","ref":"","highway":"tertiary","road_grade":"R4","maxspeed_raw":null,"speed_base_kmh":32,"speed_pm_kmh":24,"speed_pm_rain_kmh":21,"speed_source":"synthetic_grade_default","lanes":2,"lanes_source":"Synthetic_by_grade","oneway":false,"oneway_source":"default","bridge":false,"tunnel":false,"layer":0,"layer_source":"default_ground","access":"","surface":"","service":"","topology_source":"LBS-Master_roads_gcj_clip","impedance_synthetic":true,"routable":true,"fallback_clip":true},"geometry":{"type":"LineString","coordinates":[[121.924924,30.903568],[121.92484,30.903408]]}},{"type":"Feature","properties":{"osm_id":1507596047,"name":"云鹃路","ref":"","highway":"tertiary","road_grade":"R4","maxspeed_raw":null,"speed_base_kmh":32,"speed_pm_kmh":24,"speed_pm_rain_kmh":21,"speed_source":"synthetic_grade_default","lanes":2,"lanes_source":"Synthetic_by_grade","oneway":false,"oneway_source":"default","bridge":false,"tunnel":false,"layer":0,"layer_source":"default_ground","access":"","surface":"","service":"","topology_source":"LBS-Master_roads_gcj_clip","impedance_synthetic":true,"routable":true,"fallback_clip":true},"geometry":{"type":"LineString","coordinates":[[121.924638,30.903028],[121.924573,30.902905]]}},{"type":"Feature","properties":{"osm_id":1524614905,"name":"","ref":"","highway":"tertiary","road_grade":"R4","maxspeed_raw":null,"speed_base_kmh":32,"speed_pm_kmh":24,"speed_pm_rain_kmh":21,"speed_source":"synthetic_grade_default","lanes":2,"lanes_source":"Synthetic_by_grade","oneway":false,"oneway_source":"default","bridge":false,"tunnel":false,"layer":0,"layer_source":"default_ground","access":"","surface":"","service":"","topology_source":"LBS-Master_roads_gcj_clip","impedance_synthetic":true,"routable":true,"fallback_clip":true},"geometry":{"type":"LineString","coordinates":[[121.882782,30.855166],[121.881444,30.854021],[121.880793,30.853547],[121.880776,30.853537],[121.880167,30.853179],[121.879544,30.852877],[121.879023,30.852682],[121.878225,30.852442],[121.877487,30.85231],[121.876626,30.852256],[121.875917,30.852251],[121.87233,30.852373]]}},{"type":"Feature","properties":{"osm_id":1524614906,"name":"","ref":"","highway":"tertiary","road_grade":"R4","maxspeed_raw":null,"speed_base_kmh":32,"speed_pm_kmh":24,"speed_pm_rain_kmh":21,"speed_source":"synthetic_grade_default","lanes":2,"lanes_source":"Synthetic_by_grade","oneway":false,"oneway_source":"default","bridge":false,"tunnel":false,"layer":0,"layer_source":"default_ground","access":"","surface":"","service":"","topology_source":"LBS-Master_roads_gcj_clip","impedance_synthetic":true,"routable":true,"fallback_clip":true},"geometry":{"type":"LineString","coordinates":[[121.883563,30.855834],[121.882782,30.855166]]}},{"type":"Feature","properties":{"osm_id":1524793439,"name":"","ref":"","highway":"secondary","road_grade":"R3","maxspeed_raw":null,"speed_base_kmh":42,"speed_pm_kmh":27,"speed_pm_rain_kmh":24,"speed_source":"synthetic_grade_default","lanes":3,"lanes_source":"Synthetic_by_grade","oneway":false,"oneway_source":"default","bridge":false,"tunnel":false,"layer":0,"layer_source":"default_ground","access":"","surface":"","service":"","topology_source":"LBS-Master_roads_gcj_clip","impedance_synthetic":true,"routable":true,"fallback_clip":true},"geometry":{"type":"LineString","coordinates":[[121.969041,30.897434],[121.965127,30.897432],[121.964922,30.89744],[121.963311,30.897465]]}},{"type":"Feature","properties":{"osm_id":1524793440,"name":"","ref":"","highway":"secondary","road_grade":"R3","maxspeed_raw":null,"speed_base_kmh":42,"speed_pm_kmh":27,"speed_pm_rain_kmh":24,"speed_source":"synthetic_grade_default","lanes":3,"lanes_source":"Synthetic_by_grade","oneway":false,"oneway_source":"default","bridge":false,"tunnel":false,"layer":0,"layer_source":"default_ground","access":"","surface":"","service":"","topology_source":"LBS-Master_roads_gcj_clip","impedance_synthetic":true,"routable":true,"fallback_clip":true},"geometry":{"type":"LineString","coordinates":[[121.969394,30.89743],[121.969041,30.897434]]}},{"type":"Feature","properties":{"osm_id":1524793441,"name":"","ref":"","highway":"secondary","road_grade":"R3","maxspeed_raw":null,"speed_base_kmh":42,"speed_pm_kmh":27,"speed_pm_rain_kmh":24,"speed_source":"synthetic_grade_default","lanes":3,"lanes_source":"Synthetic_by_grade","oneway":false,"oneway_source":"default","bridge":false,"tunnel":false,"layer":0,"layer_source":"default_ground","access":"","surface":"","service":"","topology_source":"LBS-Master_roads_gcj_clip","impedance_synthetic":true,"routable":true,"fallback_clip":true},"geometry":{"type":"LineString","coordinates":[[121.963314,30.897309],[121.96492,30.897305],[121.965118,30.897307],[121.969042,30.897301]]}},{"type":"Feature","properties":{"osm_id":1524793442,"name":"","ref":"","highway":"secondary","road_grade":"R3","maxspeed_raw":null,"speed_base_kmh":42,"speed_pm_kmh":27,"speed_pm_rain_kmh":24,"speed_source":"synthetic_grade_default","lanes":3,"lanes_source":"Synthetic_by_grade","oneway":false,"oneway_source":"default","bridge":false,"tunnel":false,"layer":0,"layer_source":"default_ground","access":"","surface":"","service":"","topology_source":"LBS-Master_roads_gcj_clip","impedance_synthetic":true,"routable":true,"fallback_clip":true},"geometry":{"type":"LineString","coordinates":[[121.969042,30.897301],[121.969404,30.897295]]}},{"type":"Feature","properties":{"osm_id":1536312753,"name":"","ref":"","highway":"tertiary","road_grade":"R4","maxspeed_raw":null,"speed_base_kmh":32,"speed_pm_kmh":24,"speed_pm_rain_kmh":21,"speed_source":"synthetic_grade_default","lanes":2,"lanes_source":"Synthetic_by_grade","oneway":false,"oneway_source":"default","bridge":false,"tunnel":false,"layer":0,"layer_source":"default_ground","access":"","surface":"","service":"","topology_source":"LBS-Master_roads_gcj_clip","impedance_synthetic":true,"routable":true,"fallback_clip":true},"geometry":{"type":"LineString","coordinates":[[121.948491,30.948814],[121.9485,30.948936]]}},{"type":"Feature","properties":{"osm_id":1536312754,"name":"洲德路","ref":"","highway":"secondary","road_grade":"R3","maxspeed_raw":null,"speed_base_kmh":42,"speed_pm_kmh":27,"speed_pm_rain_kmh":24,"speed_source":"synthetic_grade_default","lanes":3,"lanes_source":"Synthetic_by_grade","oneway":false,"oneway_source":"default","bridge":false,"tunnel":false,"layer":0,"layer_source":"default_ground","access":"","surface":"","service":"","topology_source":"LBS-Master_roads_gcj_clip","impedance_synthetic":true,"routable":true,"fallback_clip":true},"geometry":{"type":"LineString","coordinates":[[121.916095,30.948897],[121.913373,30.948765]]}},{"type":"Feature","properties":{"osm_id":1536312755,"name":"洲德路","ref":"","highway":"secondary","road_grade":"R3","maxspeed_raw":null,"speed_base_kmh":42,"speed_pm_kmh":27,"speed_pm_rain_kmh":24,"speed_source":"synthetic_grade_default","lanes":3,"lanes_source":"Synthetic_by_grade","oneway":false,"oneway_source":"default","bridge":false,"tunnel":false,"layer":0,"layer_source":"default_ground","access":"","surface":"","service":"","topology_source":"LBS-Master_roads_gcj_clip","impedance_synthetic":true,"routable":true,"fallback_clip":true},"geometry":{"type":"LineString","coordinates":[[121.916401,30.948912],[121.916095,30.948897]]}},{"type":"Feature","properties":{"osm_id":1536312756,"name":"洲德路","ref":"","highway":"secondary","road_grade":"R3","maxspeed_raw":null,"speed_base_kmh":42,"speed_pm_kmh":27,"speed_pm_rain_kmh":24,"speed_source":"synthetic_grade_default","lanes":3,"lanes_source":"Synthetic_by_grade","oneway":false,"oneway_source":"default","bridge":false,"tunnel":false,"layer":0,"layer_source":"default_ground","access":"","surface":"","service":"","topology_source":"LBS-Master_roads_gcj_clip","impedance_synthetic":true,"routable":true,"fallback_clip":true},"geometry":{"type":"LineString","coordinates":[[121.916437,30.948763],[121.916704,30.948777],[121.917498,30.948818],[121.919381,30.948898],[121.919794,30.948892]]}},{"type":"Feature","properties":{"osm_id":1536312757,"name":"洲德路","ref":"","highway":"secondary","road_grade":"R3","maxspeed_raw":null,"speed_base_kmh":42,"speed_pm_kmh":27,"speed_pm_rain_kmh":24,"speed_source":"synthetic_grade_default","lanes":3,"lanes_source":"Synthetic_by_grade","oneway":false,"oneway_source":"default","bridge":false,"tunnel":false,"layer":0,"layer_source":"default_ground","access":"","surface":"","service":"","topology_source":"LBS-Master_roads_gcj_clip","impedance_synthetic":true,"routable":true,"fallback_clip":true},"geometry":{"type":"LineString","coordinates":[[121.916131,30.948747],[121.916437,30.948763]]}},{"type":"Feature","properties":{"osm_id":1536312943,"name":"洲德路","ref":"","highway":"secondary","road_grade":"R3","maxspeed_raw":null,"speed_base_kmh":42,"speed_pm_kmh":27,"speed_pm_rain_kmh":24,"speed_source":"synthetic_grade_default","lanes":3,"lanes_source":"Synthetic_by_grade","oneway":false,"oneway_source":"default","bridge":false,"tunnel":false,"layer":0,"layer_source":"default_ground","access":"","surface":"","service":"","topology_source":"LBS-Master_roads_gcj_clip","impedance_synthetic":true,"routable":true,"fallback_clip":true},"geometry":{"type":"LineString","coordinates":[[121.913373,30.948765],[121.913254,30.948759],[121.912771,30.948736],[121.911841,30.948691],[121.909701,30.948592]]}},{"type":"Feature","properties":{"osm_id":1536312944,"name":"洲德路","ref":"","highway":"secondary","road_grade":"R3","maxspeed_raw":null,"speed_base_kmh":42,"speed_pm_kmh":27,"speed_pm_rain_kmh":24,"speed_source":"synthetic_grade_default","lanes":3,"lanes_source":"Synthetic_by_grade","oneway":false,"oneway_source":"default","bridge":false,"tunnel":false,"layer":0,"layer_source":"default_ground","access":"","surface":"","service":"","topology_source":"LBS-Master_roads_gcj_clip","impedance_synthetic":true,"routable":true,"fallback_clip":true},"geometry":{"type":"LineString","coordinates":[[121.909701,30.948592],[121.909261,30.948571]]}},{"type":"Feature","properties":{"osm_id":1536312945,"name":"洲德路","ref":"","highway":"secondary","road_grade":"R3","maxspeed_raw":null,"speed_base_kmh":42,"speed_pm_kmh":27,"speed_pm_rain_kmh":24,"speed_source":"synthetic_grade_default","lanes":3,"lanes_source":"Synthetic_by_grade","oneway":false,"oneway_source":"default","bridge":false,"tunnel":false,"layer":0,"layer_source":"default_ground","access":"","surface":"","service":"","topology_source":"LBS-Master_roads_gcj_clip","impedance_synthetic":true,"routable":true,"fallback_clip":true},"geometry":{"type":"LineString","coordinates":[[121.90565,30.948244],[121.909267,30.948426]]}},{"type":"Feature","properties":{"osm_id":1536312946,"name":"洲德路","ref":"","highway":"secondary","road_grade":"R3","maxspeed_raw":null,"speed_base_kmh":42,"speed_pm_kmh":27,"speed_pm_rain_kmh":24,"speed_source":"synthetic_grade_default","lanes":3,"lanes_source":"Synthetic_by_grade","oneway":false,"oneway_source":"default","bridge":false,"tunnel":false,"layer":0,"layer_source":"default_ground","access":"","surface":"","service":"","topology_source":"LBS-Master_roads_gcj_clip","impedance_synthetic":true,"routable":true,"fallback_clip":true},"geometry":{"type":"LineString","coordinates":[[121.909267,30.948426],[121.909726,30.948449]]}}]}