{"type":"FeatureCollection","features":[{"type":"Feature","properties":{"parcel_id":"lingang:parcel:0001","geometry_method":"road_barrier_raster_plus_buildings","functional_type":"residential","dominant_type":"residential","confidence":0.81,"building_count":1,"avg_building_area_m2":608,"centroid_lng":121.883386,"centroid_lat":30.855997,"parcel_area_m2":70055,"safety_clipped":false,"classification_source":"osm_tags+building_morphology+spatial_prior","synthetic_classification":true,"qc_flags":""},"geometry":{"type":"MultiPolygon","coordinates":[[[[121.88099887350556,30.852633612790516],[121.88636696310401,30.852633612790516],[121.88636696310401,30.85302690632046],[121.88099887350556,30.85302690632046],[121.88099887350556,30.852633612790516]]],[[[121.8817657434482,30.85302690632046],[121.8859835281327,30.85302690632046],[121.8859835281327,30.8534201998504],[121.8817657434482,30.8534201998504],[121.8817657434482,30.85302690632046]]],[[[121.88214917841951,30.8534201998504],[121.88521665819006,30.8534201998504],[121.88521665819006,30.853813493380343],[121.88214917841951,30.853813493380343],[121.88214917841951,30.8534201998504]]],[[[121.88253261339082,30.853813493380343],[121.88483322321873,30.853813493380343],[121.88483322321873,30.854206786910286],[121.88253261339082,30.854206786910286],[121.88253261339082,30.853813493380343]]],[[[121.88291604836215,30.854206786910282],[121.88444978824742,30.854206786910282],[121.88444978824742,30.854600080440225],[121.88291604836215,30.854600080440225],[121.88291604836215,30.854206786910282]]],[[[121.88329948333346,30.854600080440225],[121.88368291830479,30.854600080440225],[121.88368291830479,30.854993373970167],[121.88329948333346,30.854993373970167],[121.88329948333346,30.854600080440225]]]]}},{"type":"Feature","properties":{"parcel_id":"lingang:parcel:0002","geometry_method":"road_barrier_raster_plus_buildings","functional_type":"commercial","dominant_type":"commercial","confidence":0.86,"building_count":1,"avg_building_area_m2":608,"centroid_lng":121.926869,"centroid_lat":30.863606,"parcel_area_m2":95530,"safety_clipped":false,"classification_source":"osm_tags+building_morphology+spatial_prior","synthetic_classification":true,"qc_flags":""},"geometry":{"type":"MultiPolygon","coordinates":[[[[121.91934237063738,30.860892776919297],[121.92010924058002,30.860892776919297],[121.92010924058002,30.86128607044924],[121.91934237063738,30.86128607044924],[121.91934237063738,30.860892776919297]]],[[[121.91934237063738,30.86128607044924],[121.9216429804653,30.86128607044924],[121.9216429804653,30.86167936397918],[121.91934237063738,30.86167936397918],[121.91934237063738,30.86128607044924]]],[[[121.91934237063738,30.86167936397918],[121.92240985040793,30.86167936397918],[121.92240985040793,30.862072657509124],[121.91934237063738,30.862072657509124],[121.91934237063738,30.86167936397918]]],[[[121.91895893566607,30.862072657509124],[121.92356015532188,30.862072657509124],[121.92356015532188,30.862465951039066],[121.91895893566607,30.862465951039066],[121.91895893566607,30.862072657509124]]],[[[121.91895893566607,30.862465951039066],[121.92432702526452,30.862465951039066],[121.92432702526452,30.86285924456901],[121.91895893566607,30.86285924456901],[121.91895893566607,30.862465951039066]]],[[[121.91895893566607,30.86285924456901],[121.9216429804653,30.86285924456901],[121.9216429804653,30.86325253809895],[121.91895893566607,30.86325253809895],[121.91895893566607,30.86285924456901]]],[[[121.9239435902932,30.86285924456901],[121.92509389520716,30.86285924456901],[121.92509389520716,30.86325253809895],[121.9239435902932,30.86325253809895],[121.9239435902932,30.86285924456901]]],[[[121.91934237063738,30.863252538098948],[121.92087611052266,30.863252538098948],[121.92087611052266,30.86364583162889],[121.91934237063738,30.86364583162889],[121.91934237063738,30.863252538098948]]],[[[121.92471046023584,30.863252538098948],[121.92586076514979,30.863252538098948],[121.92586076514979,30.86364583162889],[121.92471046023584,30.86364583162889],[121.92471046023584,30.863252538098948]]],[[[121.92509389520716,30.86364583162889],[121.92547733017848,30.86364583162889],[121.92547733017848,30.864039125158833],[121.92509389520716,30.864039125158833],[121.92509389520716,30.86364583162889]]]]}},{"type":"Feature","properties":{"parcel_id":"lingang:parcel:0003","geometry_method":"road_barrier_raster_plus_buildings","functional_type":"commercial","dominant_type":"commercial","confidence":0.86,"building_count":1,"avg_building_area_m2":608,"centroid_lng":121.900674,"centroid_lat":30.862551,"parcel_area_m2":98714,"safety_clipped":false,"classification_source":"osm_tags+building_morphology+spatial_prior","synthetic_classification":true,"qc_flags":""},"geometry":{"type":"MultiPolygon","coordinates":[[[[121.89787001224356,30.86285924456901],[121.8986368821862,30.86285924456901],[121.8986368821862,30.86325253809895],[121.89787001224356,30.86325253809895],[121.89787001224356,30.86285924456901]]],[[[121.89710314230092,30.863252538098948],[121.89902031715752,30.863252538098948],[121.89902031715752,30.86364583162889],[121.89710314230092,30.86364583162889],[121.89710314230092,30.863252538098948]]],[[[121.89671970732961,30.86364583162889],[121.89902031715752,30.86364583162889],[121.89902031715752,30.864039125158833],[121.89671970732961,30.864039125158833],[121.89671970732961,30.86364583162889]]],[[[121.89633627235828,30.864039125158833],[121.89902031715752,30.864039125158833],[121.89902031715752,30.864432418688775],[121.89633627235828,30.864432418688775],[121.89633627235828,30.864039125158833]]],[[[121.89595283738697,30.864432418688775],[121.89902031715752,30.864432418688775],[121.89902031715752,30.864825712218718],[121.89595283738697,30.864825712218718],[121.89595283738697,30.864432418688775]]],[[[121.89518596744433,30.864825712218718],[121.89940375212883,30.864825712218718],[121.89940375212883,30.86521900574866],[121.89518596744433,30.86521900574866],[121.89518596744433,30.864825712218718]]],[[[121.89595283738697,30.86521900574866],[121.89940375212883,30.86521900574866],[121.89940375212883,30.865612299278602],[121.89595283738697,30.865612299278602],[121.89595283738697,30.86521900574866]]],[[[121.89633627235828,30.865612299278602],[121.89902031715752,30.865612299278602],[121.89902031715752,30.866005592808545],[121.89633627235828,30.866005592808545],[121.89633627235828,30.865612299278602]]],[[[121.89671970732961,30.866005592808545],[121.8986368821862,30.866005592808545],[121.8986368821862,30.866398886338487],[121.89671970732961,30.866398886338487],[121.89671970732961,30.866005592808545]]],[[[121.89748657727225,30.866398886338484],[121.89825344721488,30.866398886338484],[121.89825344721488,30.866792179868426],[121.89748657727225,30.866792179868426],[121.89748657727225,30.866398886338484]]]]}},{"type":"Feature","properties":{"parcel_id":"lingang:parcel:0004","geometry_method":"road_barrier_raster_plus_buildings","functional_type":"residential","dominant_type":"residential","confidence":1,"building_count":1,"avg_building_area_m2":608,"centroid_lng":121.930844,"centroid_lat":30.86443,"parcel_area_m2":14329,"safety_clipped":false,"classification_source":"osm_tags+building_morphology+spatial_prior","synthetic_classification":true,"qc_flags":""},"geometry":{"type":"MultiPolygon","coordinates":[[[[121.93046198480562,30.86521900574866],[121.93161228971957,30.86521900574866],[121.93161228971957,30.865612299278602],[121.93046198480562,30.865612299278602],[121.93046198480562,30.86521900574866]]],[[[121.93084541977693,30.865612299278602],[121.9323791596622,30.865612299278602],[121.9323791596622,30.866005592808545],[121.93084541977693,30.866005592808545],[121.93084541977693,30.865612299278602]]],[[[121.93161228971957,30.866005592808545],[121.9323791596622,30.866005592808545],[121.9323791596622,30.866398886338487],[121.93161228971957,30.866398886338487],[121.93161228971957,30.866005592808545]]]]}},{"type":"Feature","properties":{"parcel_id":"lingang:parcel:0005","geometry_method":"road_barrier_raster_plus_buildings","functional_type":"office","dominant_type":"office","confidence":0.89,"building_count":1,"avg_building_area_m2":608,"centroid_lng":121.859586,"centroid_lat":30.866102,"parcel_area_m2":14329,"safety_clipped":false,"classification_source":"osm_tags+building_morphology+spatial_prior","synthetic_classification":true,"qc_flags":""},"geometry":{"type":"MultiPolygon","coordinates":[[[[121.85914308014041,30.866792179868426],[121.85990995008305,30.866792179868426],[121.85990995008305,30.86718547339837],[121.85914308014041,30.86718547339837],[121.85914308014041,30.866792179868426]]],[[[121.85914308014041,30.86718547339837],[121.85990995008305,30.86718547339837],[121.85990995008305,30.86757876692831],[121.85914308014041,30.86757876692831],[121.85914308014041,30.86718547339837]]],[[[121.85914308014041,30.86757876692831],[121.85990995008305,30.86757876692831],[121.85990995008305,30.867972060458253],[121.85914308014041,30.867972060458253],[121.85914308014041,30.86757876692831]]],[[[121.85914308014041,30.867972060458253],[121.85952651511172,30.867972060458253],[121.85952651511172,30.868365353988196],[121.85914308014041,30.868365353988196],[121.85914308014041,30.867972060458253]]],[[[121.85914308014041,30.868365353988196],[121.85952651511172,30.868365353988196],[121.85952651511172,30.86875864751814],[121.85914308014041,30.86875864751814],[121.85914308014041,30.868365353988196]]],[[[121.85914308014041,30.86875864751814],[121.85952651511172,30.86875864751814],[121.85952651511172,30.86915194104808],[121.85914308014041,30.86915194104808],[121.85914308014041,30.86875864751814]]]]}},{"type":"Feature","properties":{"parcel_id":"lingang:parcel:0006","geometry_method":"road_barrier_raster_plus_buildings","functional_type":"commercial","dominant_type":"commercial","confidence":0.86,"building_count":1,"avg_building_area_m2":608,"centroid_lng":121.891653,"centroid_lat":30.874709,"parcel_area_m2":2599995,"safety_clipped":false,"classification_source":"osm_tags+building_morphology+spatial_prior","synthetic_classification":true,"qc_flags":""},"geometry":{"type":"MultiPolygon","coordinates":[[[[121.9028546668707,30.86757876692831],[121.90323810184202,30.86757876692831],[121.90323810184202,30.867972060458253],[121.9028546668707,30.867972060458253],[121.9028546668707,30.86757876692831]]],[[[121.90132092698542,30.867972060458253],[121.90400497178466,30.867972060458253],[121.90400497178466,30.868365353988196],[121.90132092698542,30.868365353988196],[121.90132092698542,30.867972060458253]]],[[[121.90055405704278,30.868365353988196],[121.9047718417273,30.868365353988196],[121.9047718417273,30.86875864751814],[121.90055405704278,30.86875864751814],[121.90055405704278,30.868365353988196]]],[[[121.90017062207147,30.86875864751814],[121.90515527669861,30.86875864751814],[121.90515527669861,30.86915194104808],[121.90017062207147,30.86915194104808],[121.90017062207147,30.86875864751814]]],[[[121.89978718710015,30.869151941048077],[121.90592214664125,30.869151941048077],[121.90592214664125,30.86954523457802],[121.89978718710015,30.86954523457802],[121.89978718710015,30.869151941048077]]],[[[121.89940375212883,30.86954523457802],[121.90668901658388,30.86954523457802],[121.90668901658388,30.869938528107962],[121.89940375212883,30.869938528107962],[121.89940375212883,30.86954523457802]]],[[[121.89902031715752,30.869938528107962],[121.9070724515552,30.869938528107962],[121.9070724515552,30.870331821637905],[121.89902031715752,30.870331821637905],[121.89902031715752,30.869938528107962]]],[[[121.8986368821862,30.870331821637905],[121.90745588652652,30.870331821637905],[121.90745588652652,30.870725115167847],[121.8986368821862,30.870725115167847],[121.8986368821862,30.870331821637905]]],[[[121.89825344721488,30.870725115167847],[121.90783932149783,30.870725115167847],[121.90783932149783,30.87111840869779],[121.89825344721488,30.87111840869779],[121.89825344721488,30.870725115167847]]],[[[121.89748657727225,30.87111840869779],[121.90822275646916,30.87111840869779],[121.90822275646916,30.871511702227732],[121.89748657727225,30.871511702227732],[121.89748657727225,30.87111840869779]]],[[[121.89710314230092,30.871511702227732],[121.90860619144047,30.871511702227732],[121.90860619144047,30.871904995757674],[121.89710314230092,30.871904995757674],[121.89710314230092,30.871511702227732]]],[[[121.89710314230092,30.871904995757674],[121.9089896264118,30.871904995757674],[121.9089896264118,30.872298289287617],[121.89710314230092,30.872298289287617],[121.89710314230092,30.871904995757674]]],[[[121.89710314230092,30.872298289287613],[121.9093730613831,30.872298289287613],[121.9093730613831,30.872691582817556],[121.89710314230092,30.872691582817556],[121.89710314230092,30.872298289287613]]],[[[121.89710314230092,30.872691582817556],[121.91013993132574,30.872691582817556],[121.91013993132574,30.873084876347498],[121.89710314230092,30.873084876347498],[121.89710314230092,30.872691582817556]]],[[[121.89710314230092,30.873084876347498],[121.91052336629707,30.873084876347498],[121.91052336629707,30.87347816987744],[121.89710314230092,30.87347816987744],[121.89710314230092,30.873084876347498]]],[[[121.89710314230092,30.87347816987744],[121.91090680126838,30.87347816987744],[121.91090680126838,30.873871463407383],[121.89710314230092,30.873871463407383],[121.89710314230092,30.87347816987744]]],[[[121.89671970732961,30.873871463407383],[121.91167367121102,30.873871463407383],[121.91167367121102,30.874264756937325],[121.89671970732961,30.874264756937325],[121.89671970732961,30.873871463407383]]],[[[121.89633627235828,30.874264756937325],[121.91205710618233,30.874264756937325],[121.91205710618233,30.874658050467268],[121.89633627235828,30.874658050467268],[121.89633627235828,30.874264756937325]]],[[[121.89518596744433,30.874658050467268],[121.91205710618233,30.874658050467268],[121.91205710618233,30.87505134399721],[121.89518596744433,30.87505134399721],[121.89518596744433,30.874658050467268]]],[[[121.89480253247301,30.875051343997207],[121.9112902362397,30.875051343997207],[121.9112902362397,30.87544463752715],[121.89480253247301,30.87544463752715],[121.89480253247301,30.875051343997207]]],[[[121.89326879258775,30.87544463752715],[121.91090680126838,30.87544463752715],[121.91090680126838,30.87583793105709],[121.89326879258775,30.87583793105709],[121.89326879258775,30.87544463752715]]],[[[121.89288535761642,30.87583793105709],[121.91013993132574,30.87583793105709],[121.91013993132574,30.876231224587034],[121.89288535761642,30.876231224587034],[121.89288535761642,30.87583793105709]]],[[[121.89288535761642,30.876231224587034],[121.9093730613831,30.876231224587034],[121.9093730613831,30.876624518116977],[121.89288535761642,30.876624518116977],[121.89288535761642,30.876231224587034]]],[[[121.89211848767378,30.876624518116977],[121.9089896264118,30.876624518116977],[121.9089896264118,30.87701781164692],[121.89211848767378,30.87701781164692],[121.89211848767378,30.876624518116977]]],[[[121.89173505270247,30.87701781164692],[121.90860619144047,30.87701781164692],[121.90860619144047,30.87741110517686],[121.89173505270247,30.87741110517686],[121.89173505270247,30.87701781164692]]],[[[121.89135161773115,30.87741110517686],[121.90822275646916,30.87741110517686],[121.90822275646916,30.877804398706804],[121.89135161773115,30.877804398706804],[121.89135161773115,30.87741110517686]]],[[[121.89096818275983,30.877804398706804],[121.90783932149783,30.877804398706804],[121.90783932149783,30.878197692236746],[121.89096818275983,30.878197692236746],[121.89096818275983,30.877804398706804]]],[[[121.89096818275983,30.878197692236743],[121.90745588652652,30.878197692236743],[121.90745588652652,30.878590985766685],[121.89096818275983,30.878590985766685],[121.89096818275983,30.878197692236743]]],[[[121.89096818275983,30.878590985766685],[121.9070724515552,30.878590985766685],[121.9070724515552,30.878984279296628],[121.89096818275983,30.878984279296628],[121.89096818275983,30.878590985766685]]],[[[121.89096818275983,30.878984279296628],[121.90630558161256,30.878984279296628],[121.90630558161256,30.87937757282657],[121.89096818275983,30.87937757282657],[121.89096818275983,30.878984279296628]]],[[[121.89096818275983,30.87937757282657],[121.90592214664125,30.87937757282657],[121.90592214664125,30.879770866356512],[121.89096818275983,30.879770866356512],[121.89096818275983,30.87937757282657]]],[[[121.89096818275983,30.879770866356512],[121.90553871166992,30.879770866356512],[121.90553871166992,30.880164159886455],[121.89096818275983,30.880164159886455],[121.89096818275983,30.879770866356512]]],[[[121.8902013128172,30.880164159886455],[121.90553871166992,30.880164159886455],[121.90553871166992,30.880557453416397],[121.8902013128172,30.880557453416397],[121.8902013128172,30.880164159886455]]],[[[121.88790070298928,30.880557453416397],[121.90515527669861,30.880557453416397],[121.90515527669861,30.88095074694634],[121.88790070298928,30.88095074694634],[121.88790070298928,30.880557453416397]]],[[[121.8882841379606,30.880950746946336],[121.9047718417273,30.880950746946336],[121.9047718417273,30.88134404047628],[121.8882841379606,30.88134404047628],[121.8882841379606,30.880950746946336]]],[[[121.88866757293192,30.88134404047628],[121.90438840675597,30.88134404047628],[121.90438840675597,30.88173733400622],[121.88866757293192,30.88173733400622],[121.88866757293192,30.88134404047628]]],[[[121.88866757293192,30.88173733400622],[121.90400497178466,30.88173733400622],[121.90400497178466,30.882130627536164],[121.88866757293192,30.882130627536164],[121.88866757293192,30.88173733400622]]],[[[121.88905100790323,30.882130627536164],[121.90362153681333,30.882130627536164],[121.90362153681333,30.882523921066106],[121.88905100790323,30.882523921066106],[121.88905100790323,30.882130627536164]]],[[[121.88981787784587,30.882523921066106],[121.90323810184202,30.882523921066106],[121.90323810184202,30.88291721459605],[121.88981787784587,30.88291721459605],[121.88981787784587,30.882523921066106]]],[[[121.8902013128172,30.88291721459605],[121.9028546668707,30.88291721459605],[121.9028546668707,30.88331050812599],[121.8902013128172,30.88331050812599],[121.8902013128172,30.88291721459605]]],[[[121.8902013128172,30.88331050812599],[121.9028546668707,30.88331050812599],[121.9028546668707,30.883703801655933],[121.8902013128172,30.883703801655933],[121.8902013128172,30.88331050812599]]],[[[121.8902013128172,30.883703801655933],[121.90247123189938,30.883703801655933],[121.90247123189938,30.884097095185876],[121.8902013128172,30.884097095185876],[121.8902013128172,30.883703801655933]]],[[[121.89058474778851,30.884097095185872],[121.90208779692806,30.884097095185872],[121.90208779692806,30.884490388715815],[121.89058474778851,30.884490388715815],[121.89058474778851,30.884097095185872]]],[[[121.89135161773115,30.884490388715815],[121.90208779692806,30.884490388715815],[121.90208779692806,30.884883682245757],[121.89135161773115,30.884883682245757],[121.89135161773115,30.884490388715815]]],[[[121.89173505270247,30.884883682245757],[121.90170436195675,30.884883682245757],[121.90170436195675,30.8852769757757],[121.89173505270247,30.8852769757757],[121.89173505270247,30.884883682245757]]],[[[121.89211848767378,30.8852769757757],[121.90132092698542,30.8852769757757],[121.90132092698542,30.885670269305642],[121.89211848767378,30.885670269305642],[121.89211848767378,30.8852769757757]]],[[[121.89250192264511,30.885670269305642],[121.90093749201411,30.885670269305642],[121.90093749201411,30.886063562835584],[121.89250192264511,30.886063562835584],[121.89250192264511,30.885670269305642]]],[[[121.89326879258775,30.886063562835584],[121.90093749201411,30.886063562835584],[121.90093749201411,30.886456856365527],[121.89326879258775,30.886456856365527],[121.89326879258775,30.886063562835584]]],[[[121.89403566253037,30.886456856365527],[121.90055405704278,30.886456856365527],[121.90055405704278,30.88685014989547],[121.89403566253037,30.88685014989547],[121.89403566253037,30.886456856365527]]],[[[121.8944190975017,30.88685014989547],[121.90017062207147,30.88685014989547],[121.90017062207147,30.88724344342541],[121.8944190975017,30.88724344342541],[121.8944190975017,30.88685014989547]]],[[[121.89518596744433,30.887243443425408],[121.90017062207147,30.887243443425408],[121.90017062207147,30.88763673695535],[121.89518596744433,30.88763673695535],[121.89518596744433,30.887243443425408]]],[[[121.89633627235828,30.88763673695535],[121.89978718710015,30.88763673695535],[121.89978718710015,30.888030030485293],[121.89633627235828,30.888030030485293],[121.89633627235828,30.88763673695535]]],[[[121.89748657727225,30.888030030485293],[121.89978718710015,30.888030030485293],[121.89978718710015,30.888423324015235],[121.89748657727225,30.888423324015235],[121.89748657727225,30.888030030485293]]],[[[121.8986368821862,30.888423324015235],[121.89940375212883,30.888423324015235],[121.89940375212883,30.888816617545178],[121.8986368821862,30.888816617545178],[121.8986368821862,30.888423324015235]]]]}},{"type":"Feature","properties":{"parcel_id":"lingang:parcel:0007","geometry_method":"road_barrier_raster_plus_buildings","functional_type":"residential","dominant_type":"residential","confidence":1,"building_count":1,"avg_building_area_m2":608,"centroid_lng":121.891053,"centroid_lat":30.874956,"parcel_area_m2":227679,"safety_clipped":false,"classification_source":"osm_tags+building_morphology+spatial_prior","synthetic_classification":true,"qc_flags":""},"geometry":{"type":"MultiPolygon","coordinates":[[[[121.89058474778851,30.869151941048077],[121.89135161773115,30.869151941048077],[121.89135161773115,30.86954523457802],[121.89058474778851,30.86954523457802],[121.89058474778851,30.869151941048077]]],[[[121.8902013128172,30.86954523457802],[121.89173505270247,30.86954523457802],[121.89173505270247,30.869938528107962],[121.8902013128172,30.869938528107962],[121.8902013128172,30.86954523457802]]],[[[121.88981787784587,30.869938528107962],[121.89173505270247,30.869938528107962],[121.89173505270247,30.870331821637905],[121.88981787784587,30.870331821637905],[121.88981787784587,30.869938528107962]]],[[[121.88905100790323,30.870331821637905],[121.89211848767378,30.870331821637905],[121.89211848767378,30.870725115167847],[121.88905100790323,30.870725115167847],[121.88905100790323,30.870331821637905]]],[[[121.88866757293192,30.870725115167847],[121.89250192264511,30.870725115167847],[121.89250192264511,30.87111840869779],[121.88866757293192,30.87111840869779],[121.88866757293192,30.870725115167847]]],[[[121.8882841379606,30.87111840869779],[121.89250192264511,30.87111840869779],[121.89250192264511,30.871511702227732],[121.8882841379606,30.871511702227732],[121.8882841379606,30.87111840869779]]],[[[121.88790070298928,30.871511702227732],[121.89173505270247,30.871511702227732],[121.89173505270247,30.871904995757674],[121.88790070298928,30.871904995757674],[121.88790070298928,30.871511702227732]]],[[[121.88713383304665,30.871904995757674],[121.89135161773115,30.871904995757674],[121.89135161773115,30.872298289287617],[121.88713383304665,30.872298289287617],[121.88713383304665,30.871904995757674]]],[[[121.88675039807534,30.872298289287613],[121.89096818275983,30.872298289287613],[121.89096818275983,30.872691582817556],[121.88675039807534,30.872691582817556],[121.88675039807534,30.872298289287613]]],[[[121.88636696310401,30.872691582817556],[121.89058474778851,30.872691582817556],[121.89058474778851,30.873084876347498],[121.88636696310401,30.873084876347498],[121.88636696310401,30.872691582817556]]],[[[121.88560009316137,30.873084876347498],[121.8902013128172,30.873084876347498],[121.8902013128172,30.87347816987744],[121.88560009316137,30.87347816987744],[121.88560009316137,30.873084876347498]]],[[[121.88560009316137,30.87347816987744],[121.88981787784587,30.87347816987744],[121.88981787784587,30.873871463407383],[121.88560009316137,30.873871463407383],[121.88560009316137,30.87347816987744]]],[[[121.88560009316137,30.873871463407383],[121.88943444287456,30.873871463407383],[121.88943444287456,30.874264756937325],[121.88560009316137,30.874264756937325],[121.88560009316137,30.873871463407383]]],[[[121.88560009316137,30.874264756937325],[121.88866757293192,30.874264756937325],[121.88866757293192,30.874658050467268],[121.88560009316137,30.874658050467268],[121.88560009316137,30.874264756937325]]],[[[121.88560009316137,30.874658050467268],[121.8882841379606,30.874658050467268],[121.8882841379606,30.87505134399721],[121.88560009316137,30.87505134399721],[121.88560009316137,30.874658050467268]]],[[[121.88560009316137,30.875051343997207],[121.88790070298928,30.875051343997207],[121.88790070298928,30.87544463752715],[121.88560009316137,30.87544463752715],[121.88560009316137,30.875051343997207]]],[[[121.8859835281327,30.87544463752715],[121.88751726801797,30.87544463752715],[121.88751726801797,30.87583793105709],[121.8859835281327,30.87583793105709],[121.8859835281327,30.87544463752715]]],[[[121.88636696310401,30.87583793105709],[121.88713383304665,30.87583793105709],[121.88713383304665,30.876231224587034],[121.88636696310401,30.876231224587034],[121.88636696310401,30.87583793105709]]]]}},{"type":"Feature","properties":{"parcel_id":"lingang:parcel:0008","geometry_method":"road_barrier_raster_plus_buildings","functional_type":"office","dominant_type":"office","confidence":0.89,"building_count":1,"avg_building_area_m2":608,"centroid_lng":121.860407,"centroid_lat":30.869999,"parcel_area_m2":555663,"safety_clipped":false,"classification_source":"osm_tags+building_morphology+spatial_prior","synthetic_classification":true,"qc_flags":""},"geometry":{"type":"MultiPolygon","coordinates":[[[[121.85914308014041,30.870331821637905],[121.85952651511172,30.870331821637905],[121.85952651511172,30.870725115167847],[121.85914308014041,30.870725115167847],[121.85914308014041,30.870331821637905]]],[[[121.85914308014041,30.870725115167847],[121.85952651511172,30.870725115167847],[121.85952651511172,30.87111840869779],[121.85914308014041,30.87111840869779],[121.85914308014041,30.870725115167847]]],[[[121.86067682002569,30.870725115167847],[121.86144368996833,30.870725115167847],[121.86144368996833,30.87111840869779],[121.86067682002569,30.87111840869779],[121.86067682002569,30.870725115167847]]],[[[121.85914308014041,30.87111840869779],[121.85952651511172,30.87111840869779],[121.85952651511172,30.871511702227732],[121.85914308014041,30.871511702227732],[121.85914308014041,30.87111840869779]]],[[[121.86067682002569,30.87111840869779],[121.86259399488227,30.87111840869779],[121.86259399488227,30.871511702227732],[121.86067682002569,30.871511702227732],[121.86067682002569,30.87111840869779]]],[[[121.85914308014041,30.871511702227732],[121.85952651511172,30.871511702227732],[121.85952651511172,30.871904995757674],[121.85914308014041,30.871904995757674],[121.85914308014041,30.871511702227732]]],[[[121.861060254997,30.871511702227732],[121.8629774298536,30.871511702227732],[121.8629774298536,30.871904995757674],[121.861060254997,30.871904995757674],[121.861060254997,30.871511702227732]]],[[[121.85914308014041,30.871904995757674],[121.85952651511172,30.871904995757674],[121.85952651511172,30.872298289287617],[121.85914308014041,30.872298289287617],[121.85914308014041,30.871904995757674]]],[[[121.861060254997,30.871904995757674],[121.86336086482491,30.871904995757674],[121.86336086482491,30.872298289287617],[121.861060254997,30.872298289287617],[121.861060254997,30.871904995757674]]],[[[121.85914308014041,30.872298289287613],[121.85990995008305,30.872298289287613],[121.85990995008305,30.872691582817556],[121.85914308014041,30.872691582817556],[121.85914308014041,30.872298289287613]]],[[[121.861060254997,30.872298289287613],[121.86374429979624,30.872298289287613],[121.86374429979624,30.872691582817556],[121.861060254997,30.872691582817556],[121.861060254997,30.872298289287613]]],[[[121.85914308014041,30.872691582817556],[121.85990995008305,30.872691582817556],[121.85990995008305,30.873084876347498],[121.85914308014041,30.873084876347498],[121.85914308014041,30.872691582817556]]],[[[121.86144368996833,30.872691582817556],[121.86412773476755,30.872691582817556],[121.86412773476755,30.873084876347498],[121.86144368996833,30.873084876347498],[121.86144368996833,30.872691582817556]]],[[[121.85914308014041,30.873084876347498],[121.85990995008305,30.873084876347498],[121.85990995008305,30.87347816987744],[121.85914308014041,30.87347816987744],[121.85914308014041,30.873084876347498]]],[[[121.86144368996833,30.873084876347498],[121.86489460471019,30.873084876347498],[121.86489460471019,30.87347816987744],[121.86144368996833,30.87347816987744],[121.86144368996833,30.873084876347498]]],[[[121.85914308014041,30.87347816987744],[121.85990995008305,30.87347816987744],[121.85990995008305,30.873871463407383],[121.85914308014041,30.873871463407383],[121.85914308014041,30.87347816987744]]],[[[121.86144368996833,30.87347816987744],[121.8652780396815,30.87347816987744],[121.8652780396815,30.873871463407383],[121.86144368996833,30.873871463407383],[121.86144368996833,30.87347816987744]]],[[[121.85914308014041,30.873871463407383],[121.86029338505436,30.873871463407383],[121.86029338505436,30.874264756937325],[121.85914308014041,30.874264756937325],[121.85914308014041,30.873871463407383]]],[[[121.86144368996833,30.873871463407383],[121.86566147465282,30.873871463407383],[121.86566147465282,30.874264756937325],[121.86144368996833,30.874264756937325],[121.86144368996833,30.873871463407383]]],[[[121.85914308014041,30.874264756937325],[121.86029338505436,30.874264756937325],[121.86029338505436,30.874658050467268],[121.85914308014041,30.874658050467268],[121.85914308014041,30.874264756937325]]],[[[121.86182712493964,30.874264756937325],[121.86604490962414,30.874264756937325],[121.86604490962414,30.874658050467268],[121.86182712493964,30.874658050467268],[121.86182712493964,30.874264756937325]]],[[[121.85914308014041,30.874658050467268],[121.86029338505436,30.874658050467268],[121.86029338505436,30.87505134399721],[121.85914308014041,30.87505134399721],[121.85914308014041,30.874658050467268]]],[[[121.86182712493964,30.874658050467268],[121.86642834459546,30.874658050467268],[121.86642834459546,30.87505134399721],[121.86182712493964,30.87505134399721],[121.86182712493964,30.874658050467268]]],[[[121.85914308014041,30.875051343997207],[121.86029338505436,30.875051343997207],[121.86029338505436,30.87544463752715],[121.85914308014041,30.87544463752715],[121.85914308014041,30.875051343997207]]],[[[121.86182712493964,30.875051343997207],[121.86681177956677,30.875051343997207],[121.86681177956677,30.87544463752715],[121.86182712493964,30.87544463752715],[121.86182712493964,30.875051343997207]]],[[[121.85914308014041,30.87544463752715],[121.86067682002569,30.87544463752715],[121.86067682002569,30.87583793105709],[121.85914308014041,30.87583793105709],[121.85914308014041,30.87544463752715]]],[[[121.86182712493964,30.87544463752715],[121.8671952145381,30.87544463752715],[121.8671952145381,30.87583793105709],[121.86182712493964,30.87583793105709],[121.86182712493964,30.87544463752715]]],[[[121.85914308014041,30.87583793105709],[121.86796208448074,30.87583793105709],[121.86796208448074,30.876231224587034],[121.85914308014041,30.876231224587034],[121.85914308014041,30.87583793105709]]],[[[121.85914308014041,30.876231224587034],[121.86757864950941,30.876231224587034],[121.86757864950941,30.876624518116977],[121.85914308014041,30.876624518116977],[121.85914308014041,30.876231224587034]]],[[[121.85914308014041,30.876624518116977],[121.8671952145381,30.876624518116977],[121.8671952145381,30.87701781164692],[121.85914308014041,30.87701781164692],[121.85914308014041,30.876624518116977]]],[[[121.85914308014041,30.87701781164692],[121.86642834459546,30.87701781164692],[121.86642834459546,30.87741110517686],[121.85914308014041,30.87741110517686],[121.85914308014041,30.87701781164692]]],[[[121.85914308014041,30.87741110517686],[121.86604490962414,30.87741110517686],[121.86604490962414,30.877804398706804],[121.85914308014041,30.877804398706804],[121.85914308014041,30.87741110517686]]],[[[121.85914308014041,30.877804398706804],[121.86566147465282,30.877804398706804],[121.86566147465282,30.878197692236746],[121.85914308014041,30.878197692236746],[121.85914308014041,30.877804398706804]]],[[[121.85914308014041,30.878197692236743],[121.8652780396815,30.878197692236743],[121.8652780396815,30.878590985766685],[121.85914308014041,30.878590985766685],[121.85914308014041,30.878197692236743]]],[[[121.85914308014041,30.878590985766685],[121.86489460471019,30.878590985766685],[121.86489460471019,30.878984279296628],[121.85914308014041,30.878984279296628],[121.85914308014041,30.878590985766685]]],[[[121.86029338505436,30.878984279296628],[121.86451116973888,30.878984279296628],[121.86451116973888,30.87937757282657],[121.86029338505436,30.87937757282657],[121.86029338505436,30.878984279296628]]],[[[121.86029338505436,30.87937757282657],[121.86374429979624,30.87937757282657],[121.86374429979624,30.879770866356512],[121.86029338505436,30.879770866356512],[121.86029338505436,30.87937757282657]]],[[[121.86029338505436,30.879770866356512],[121.86374429979624,30.879770866356512],[121.86374429979624,30.880164159886455],[121.86029338505436,30.880164159886455],[121.86029338505436,30.879770866356512]]],[[[121.86029338505436,30.880164159886455],[121.8629774298536,30.880164159886455],[121.8629774298536,30.880557453416397],[121.86029338505436,30.880557453416397],[121.86029338505436,30.880164159886455]]],[[[121.86029338505436,30.880557453416397],[121.86259399488227,30.880557453416397],[121.86259399488227,30.88095074694634],[121.86029338505436,30.88095074694634],[121.86029338505436,30.880557453416397]]],[[[121.86029338505436,30.880950746946336],[121.86221055991096,30.880950746946336],[121.86221055991096,30.88134404047628],[121.86029338505436,30.88134404047628],[121.86029338505436,30.880950746946336]]],[[[121.86029338505436,30.88134404047628],[121.86182712493964,30.88134404047628],[121.86182712493964,30.88173733400622],[121.86029338505436,30.88173733400622],[121.86029338505436,30.88134404047628]]],[[[121.86029338505436,30.88173733400622],[121.86144368996833,30.88173733400622],[121.86144368996833,30.882130627536164],[121.86029338505436,30.882130627536164],[121.86029338505436,30.88173733400622]]],[[[121.86029338505436,30.882130627536164],[121.861060254997,30.882130627536164],[121.861060254997,30.882523921066106],[121.86029338505436,30.882523921066106],[121.86029338505436,30.882130627536164]]],[[[121.86029338505436,30.882523921066106],[121.86067682002569,30.882523921066106],[121.86067682002569,30.88291721459605],[121.86029338505436,30.88291721459605],[121.86029338505436,30.882523921066106]]]]}},{"type":"Feature","properties":{"parcel_id":"lingang:parcel:0009","geometry_method":"road_barrier_raster_plus_buildings","functional_type":"residential","dominant_type":"residential","confidence":0.81,"building_count":1,"avg_building_area_m2":608,"centroid_lng":121.933301,"centroid_lat":30.875826,"parcel_area_m2":154439,"safety_clipped":false,"classification_source":"osm_tags+building_morphology+spatial_prior","synthetic_classification":true,"qc_flags":""},"geometry":{"type":"MultiPolygon","coordinates":[[[[121.92931167989165,30.87111840869779],[121.93007854983429,30.87111840869779],[121.93007854983429,30.871511702227732],[121.92931167989165,30.871511702227732],[121.92931167989165,30.87111840869779]]],[[[121.9281613749777,30.871511702227732],[121.93007854983429,30.871511702227732],[121.93007854983429,30.871904995757674],[121.9281613749777,30.871904995757674],[121.9281613749777,30.871511702227732]]],[[[121.9277779400064,30.871904995757674],[121.93007854983429,30.871904995757674],[121.93007854983429,30.872298289287617],[121.9277779400064,30.872298289287617],[121.9277779400064,30.871904995757674]]],[[[121.92739450503507,30.872298289287613],[121.93007854983429,30.872298289287613],[121.93007854983429,30.872691582817556],[121.92739450503507,30.872691582817556],[121.92739450503507,30.872298289287613]]],[[[121.92662763509243,30.872691582817556],[121.93007854983429,30.872691582817556],[121.93007854983429,30.873084876347498],[121.92662763509243,30.873084876347498],[121.92662763509243,30.872691582817556]]],[[[121.92662763509243,30.873084876347498],[121.93007854983429,30.873084876347498],[121.93007854983429,30.87347816987744],[121.92662763509243,30.87347816987744],[121.92662763509243,30.873084876347498]]],[[[121.92701107006376,30.87347816987744],[121.93007854983429,30.87347816987744],[121.93007854983429,30.873871463407383],[121.92701107006376,30.873871463407383],[121.92701107006376,30.87347816987744]]],[[[121.92701107006376,30.873871463407383],[121.93046198480562,30.873871463407383],[121.93046198480562,30.874264756937325],[121.92701107006376,30.874264756937325],[121.92701107006376,30.873871463407383]]],[[[121.92701107006376,30.874264756937325],[121.93046198480562,30.874264756937325],[121.93046198480562,30.874658050467268],[121.92701107006376,30.874658050467268],[121.92701107006376,30.874264756937325]]],[[[121.92739450503507,30.874658050467268],[121.93084541977693,30.874658050467268],[121.93084541977693,30.87505134399721],[121.92739450503507,30.87505134399721],[121.92739450503507,30.874658050467268]]],[[[121.92739450503507,30.875051343997207],[121.93084541977693,30.875051343997207],[121.93084541977693,30.87544463752715],[121.92739450503507,30.87544463752715],[121.92739450503507,30.875051343997207]]],[[[121.92739450503507,30.87544463752715],[121.92931167989165,30.87544463752715],[121.92931167989165,30.87583793105709],[121.92739450503507,30.87583793105709],[121.92739450503507,30.87544463752715]]],[[[121.92739450503507,30.87583793105709],[121.92931167989165,30.87583793105709],[121.92931167989165,30.876231224587034],[121.92739450503507,30.876231224587034],[121.92739450503507,30.87583793105709]]],[[[121.92739450503507,30.876231224587034],[121.92931167989165,30.876231224587034],[121.92931167989165,30.876624518116977],[121.92739450503507,30.876624518116977],[121.92739450503507,30.876231224587034]]]]}},{"type":"Feature","properties":{"parcel_id":"lingang:parcel:0010","geometry_method":"road_barrier_raster_plus_buildings","functional_type":"residential","dominant_type":"residential","confidence":1,"building_count":1,"avg_building_area_m2":608,"centroid_lng":121.917761,"centroid_lat":30.875014,"parcel_area_m2":22290,"safety_clipped":false,"classification_source":"osm_tags+building_morphology+spatial_prior","synthetic_classification":true,"qc_flags":""},"geometry":{"type":"MultiPolygon","coordinates":[[[[121.9174251957808,30.872691582817556],[121.9178086307521,30.872691582817556],[121.9178086307521,30.873084876347498],[121.9174251957808,30.873084876347498],[121.9174251957808,30.872691582817556]]],[[[121.91704176080947,30.873084876347498],[121.91819206572343,30.873084876347498],[121.91819206572343,30.87347816987744],[121.91704176080947,30.87347816987744],[121.91704176080947,30.873084876347498]]],[[[121.91665832583816,30.87347816987744],[121.9178086307521,30.87347816987744],[121.9178086307521,30.873871463407383],[121.91665832583816,30.873871463407383],[121.91665832583816,30.87347816987744]]],[[[121.91627489086684,30.873871463407383],[121.9174251957808,30.873871463407383],[121.9174251957808,30.874264756937325],[121.91627489086684,30.874264756937325],[121.91627489086684,30.873871463407383]]],[[[121.91589145589552,30.874264756937325],[121.91704176080947,30.874264756937325],[121.91704176080947,30.874658050467268],[121.91589145589552,30.874658050467268],[121.91589145589552,30.874264756937325]]],[[[121.91627489086684,30.874658050467268],[121.91665832583816,30.874658050467268],[121.91665832583816,30.87505134399721],[121.91627489086684,30.87505134399721],[121.91627489086684,30.874658050467268]]]]}},{"type":"Feature","properties":{"parcel_id":"lingang:parcel:0011","geometry_method":"road_barrier_raster_plus_buildings","functional_type":"mixed","dominant_type":"office","confidence":0.53,"building_count":2,"avg_building_area_m2":608,"centroid_lng":121.925,"centroid_lat":30.879924,"parcel_area_m2":200612,"safety_clipped":false,"classification_source":"osm_tags+building_morphology+spatial_prior","synthetic_classification":true,"qc_flags":"low_confidence"},"geometry":{"type":"MultiPolygon","coordinates":[[[[121.92471046023584,30.873871463407383],[121.92509389520716,30.873871463407383],[121.92509389520716,30.874264756937325],[121.92471046023584,30.874264756937325],[121.92471046023584,30.873871463407383]]],[[[121.92432702526452,30.874264756937325],[121.92547733017848,30.874264756937325],[121.92547733017848,30.874658050467268],[121.92432702526452,30.874658050467268],[121.92432702526452,30.874264756937325]]],[[[121.9239435902932,30.874658050467268],[121.92547733017848,30.874658050467268],[121.92547733017848,30.87505134399721],[121.9239435902932,30.87505134399721],[121.9239435902932,30.874658050467268]]],[[[121.92317672035057,30.875051343997207],[121.92586076514979,30.875051343997207],[121.92586076514979,30.87544463752715],[121.92317672035057,30.87544463752715],[121.92317672035057,30.875051343997207]]],[[[121.92356015532188,30.87544463752715],[121.92586076514979,30.87544463752715],[121.92586076514979,30.87583793105709],[121.92356015532188,30.87583793105709],[121.92356015532188,30.87544463752715]]],[[[121.92356015532188,30.87583793105709],[121.92586076514979,30.87583793105709],[121.92586076514979,30.876231224587034],[121.92356015532188,30.876231224587034],[121.92356015532188,30.87583793105709]]],[[[121.92356015532188,30.876231224587034],[121.92586076514979,30.876231224587034],[121.92586076514979,30.876624518116977],[121.92356015532188,30.876624518116977],[121.92356015532188,30.876231224587034]]],[[[121.9216429804653,30.876624518116977],[121.92240985040793,30.876624518116977],[121.92240985040793,30.87701781164692],[121.9216429804653,30.87701781164692],[121.9216429804653,30.876624518116977]]],[[[121.92356015532188,30.876624518116977],[121.92586076514979,30.876624518116977],[121.92586076514979,30.87701781164692],[121.92356015532188,30.87701781164692],[121.92356015532188,30.876624518116977]]],[[[121.92125954549398,30.87701781164692],[121.92586076514979,30.87701781164692],[121.92586076514979,30.87741110517686],[121.92125954549398,30.87741110517686],[121.92125954549398,30.87701781164692]]],[[[121.92087611052266,30.87741110517686],[121.92586076514979,30.87741110517686],[121.92586076514979,30.877804398706804],[121.92087611052266,30.877804398706804],[121.92087611052266,30.87741110517686]]],[[[121.92049267555134,30.877804398706804],[121.92547733017848,30.877804398706804],[121.92547733017848,30.878197692236746],[121.92049267555134,30.878197692236746],[121.92049267555134,30.877804398706804]]],[[[121.92087611052266,30.878197692236743],[121.92509389520716,30.878197692236743],[121.92509389520716,30.878590985766685],[121.92087611052266,30.878590985766685],[121.92087611052266,30.878197692236743]]],[[[121.92125954549398,30.878590985766685],[121.92471046023584,30.878590985766685],[121.92471046023584,30.878984279296628],[121.92125954549398,30.878984279296628],[121.92125954549398,30.878590985766685]]],[[[121.9216429804653,30.878984279296628],[121.92471046023584,30.878984279296628],[121.92471046023584,30.87937757282657],[121.9216429804653,30.87937757282657],[121.9216429804653,30.878984279296628]]],[[[121.92202641543662,30.87937757282657],[121.92471046023584,30.87937757282657],[121.92471046023584,30.879770866356512],[121.92202641543662,30.879770866356512],[121.92202641543662,30.87937757282657]]],[[[121.92240985040793,30.879770866356512],[121.92509389520716,30.879770866356512],[121.92509389520716,30.880164159886455],[121.92240985040793,30.880164159886455],[121.92240985040793,30.879770866356512]]],[[[121.92317672035057,30.880164159886455],[121.92471046023584,30.880164159886455],[121.92471046023584,30.880557453416397],[121.92317672035057,30.880557453416397],[121.92317672035057,30.880164159886455]]],[[[121.92356015532188,30.880557453416397],[121.9239435902932,30.880557453416397],[121.9239435902932,30.88095074694634],[121.92356015532188,30.88095074694634],[121.92356015532188,30.880557453416397]]]]}},{"type":"Feature","properties":{"parcel_id":"lingang:parcel:0012","geometry_method":"road_barrier_raster_plus_buildings","functional_type":"residential","dominant_type":"residential","confidence":0.81,"building_count":1,"avg_building_area_m2":608,"centroid_lng":121.880211,"centroid_lat":30.884382,"parcel_area_m2":337538,"safety_clipped":false,"classification_source":"osm_tags+building_morphology+spatial_prior","synthetic_classification":true,"qc_flags":""},"geometry":{"type":"MultiPolygon","coordinates":[[[[121.87716452379237,30.87544463752715],[121.87754795876369,30.87544463752715],[121.87754795876369,30.87583793105709],[121.87716452379237,30.87583793105709],[121.87716452379237,30.87544463752715]]],[[[121.87678108882105,30.87583793105709],[121.87831482870632,30.87583793105709],[121.87831482870632,30.876231224587034],[121.87678108882105,30.876231224587034],[121.87678108882105,30.87583793105709]]],[[[121.87601421887842,30.876231224587034],[121.87869826367765,30.876231224587034],[121.87869826367765,30.876624518116977],[121.87601421887842,30.876624518116977],[121.87601421887842,30.876231224587034]]],[[[121.8756307839071,30.876624518116977],[121.87946513362029,30.876624518116977],[121.87946513362029,30.87701781164692],[121.8756307839071,30.87701781164692],[121.8756307839071,30.876624518116977]]],[[[121.87524734893579,30.87701781164692],[121.87946513362029,30.87701781164692],[121.87946513362029,30.87741110517686],[121.87524734893579,30.87741110517686],[121.87524734893579,30.87701781164692]]],[[[121.87486391396446,30.87741110517686],[121.87869826367765,30.87741110517686],[121.87869826367765,30.877804398706804],[121.87486391396446,30.877804398706804],[121.87486391396446,30.87741110517686]]],[[[121.87448047899315,30.877804398706804],[121.87793139373501,30.877804398706804],[121.87793139373501,30.878197692236746],[121.87448047899315,30.878197692236746],[121.87448047899315,30.877804398706804]]],[[[121.87448047899315,30.878197692236743],[121.87754795876369,30.878197692236743],[121.87754795876369,30.878590985766685],[121.87448047899315,30.878590985766685],[121.87448047899315,30.878197692236743]]],[[[121.88023200356292,30.878197692236743],[121.88099887350556,30.878197692236743],[121.88099887350556,30.878590985766685],[121.88023200356292,30.878590985766685],[121.88023200356292,30.878197692236743]]],[[[121.87486391396446,30.878590985766685],[121.87754795876369,30.878590985766685],[121.87754795876369,30.878984279296628],[121.87486391396446,30.878984279296628],[121.87486391396446,30.878590985766685]]],[[[121.8798485685916,30.878590985766685],[121.88138230847687,30.878590985766685],[121.88138230847687,30.878984279296628],[121.8798485685916,30.878984279296628],[121.8798485685916,30.878590985766685]]],[[[121.87486391396446,30.878984279296628],[121.87754795876369,30.878984279296628],[121.87754795876369,30.87937757282657],[121.87486391396446,30.87937757282657],[121.87486391396446,30.878984279296628]]],[[[121.87908169864896,30.878984279296628],[121.8817657434482,30.878984279296628],[121.8817657434482,30.87937757282657],[121.87908169864896,30.87937757282657],[121.87908169864896,30.878984279296628]]],[[[121.87524734893579,30.87937757282657],[121.87754795876369,30.87937757282657],[121.87754795876369,30.879770866356512],[121.87524734893579,30.879770866356512],[121.87524734893579,30.87937757282657]]],[[[121.87869826367765,30.87937757282657],[121.88214917841951,30.87937757282657],[121.88214917841951,30.879770866356512],[121.87869826367765,30.879770866356512],[121.87869826367765,30.87937757282657]]],[[[121.8756307839071,30.879770866356512],[121.88291604836215,30.879770866356512],[121.88291604836215,30.880164159886455],[121.8756307839071,30.880164159886455],[121.8756307839071,30.879770866356512]]],[[[121.87601421887842,30.880164159886455],[121.88291604836215,30.880164159886455],[121.88291604836215,30.880557453416397],[121.87601421887842,30.880557453416397],[121.87601421887842,30.880164159886455]]],[[[121.87639765384974,30.880557453416397],[121.88253261339082,30.880557453416397],[121.88253261339082,30.88095074694634],[121.87639765384974,30.88095074694634],[121.87639765384974,30.880557453416397]]],[[[121.87639765384974,30.880950746946336],[121.88214917841951,30.880950746946336],[121.88214917841951,30.88134404047628],[121.87639765384974,30.88134404047628],[121.87639765384974,30.880950746946336]]],[[[121.87678108882105,30.88134404047628],[121.88138230847687,30.88134404047628],[121.88138230847687,30.88173733400622],[121.87678108882105,30.88173733400622],[121.87678108882105,30.88134404047628]]],[[[121.87716452379237,30.88173733400622],[121.88099887350556,30.88173733400622],[121.88099887350556,30.882130627536164],[121.87716452379237,30.882130627536164],[121.87716452379237,30.88173733400622]]],[[[121.87754795876369,30.882130627536164],[121.88061543853424,30.882130627536164],[121.88061543853424,30.882523921066106],[121.87754795876369,30.882523921066106],[121.87754795876369,30.882130627536164]]],[[[121.87793139373501,30.882523921066106],[121.88023200356292,30.882523921066106],[121.88023200356292,30.88291721459605],[121.87793139373501,30.88291721459605],[121.87793139373501,30.882523921066106]]],[[[121.87793139373501,30.88291721459605],[121.87946513362029,30.88291721459605],[121.87946513362029,30.88331050812599],[121.87793139373501,30.88331050812599],[121.87793139373501,30.88291721459605]]],[[[121.87831482870632,30.88331050812599],[121.87908169864896,30.88331050812599],[121.87908169864896,30.883703801655933],[121.87831482870632,30.883703801655933],[121.87831482870632,30.88331050812599]]]]}},{"type":"Feature","properties":{"parcel_id":"lingang:parcel:0013","geometry_method":"road_barrier_raster_plus_buildings","functional_type":"residential","dominant_type":"residential","confidence":0.94,"building_count":2,"avg_building_area_m2":608,"centroid_lng":121.884199,"centroid_lat":30.878996,"parcel_area_m2":20698,"safety_clipped":false,"classification_source":"osm_tags+building_morphology+spatial_prior","synthetic_classification":true,"qc_flags":""},"geometry":{"type":"MultiPolygon","coordinates":[[[[121.88253261339082,30.876231224587034],[121.88291604836215,30.876231224587034],[121.88291604836215,30.876624518116977],[121.88253261339082,30.876624518116977],[121.88253261339082,30.876231224587034]]],[[[121.88214917841951,30.876624518116977],[121.88329948333346,30.876624518116977],[121.88329948333346,30.87701781164692],[121.88214917841951,30.87701781164692],[121.88214917841951,30.876624518116977]]],[[[121.88253261339082,30.87701781164692],[121.88368291830479,30.87701781164692],[121.88368291830479,30.87741110517686],[121.88253261339082,30.87741110517686],[121.88253261339082,30.87701781164692]]],[[[121.88329948333346,30.87741110517686],[121.8840663532761,30.87741110517686],[121.8840663532761,30.877804398706804],[121.88329948333346,30.877804398706804],[121.88329948333346,30.87741110517686]]],[[[121.88368291830479,30.877804398706804],[121.88483322321873,30.877804398706804],[121.88483322321873,30.878197692236746],[121.88368291830479,30.878197692236746],[121.88368291830479,30.877804398706804]]],[[[121.8840663532761,30.878197692236743],[121.88444978824742,30.878197692236743],[121.88444978824742,30.878590985766685],[121.8840663532761,30.878590985766685],[121.8840663532761,30.878197692236743]]]]}},{"type":"Feature","properties":{"parcel_id":"lingang:parcel:0014","geometry_method":"road_barrier_raster_plus_buildings","functional_type":"mixed","dominant_type":"residential","confidence":0.49,"building_count":3,"avg_building_area_m2":608,"centroid_lng":121.9095,"centroid_lat":30.884253,"parcel_area_m2":1248253,"safety_clipped":false,"classification_source":"osm_tags+building_morphology+spatial_prior","synthetic_classification":true,"qc_flags":"low_confidence"},"geometry":{"type":"MultiPolygon","coordinates":[[[[121.91090680126838,30.87741110517686],[121.9112902362397,30.87741110517686],[121.9112902362397,30.877804398706804],[121.91090680126838,30.877804398706804],[121.91090680126838,30.87741110517686]]],[[[121.91090680126838,30.877804398706804],[121.9112902362397,30.877804398706804],[121.9112902362397,30.878197692236746],[121.91090680126838,30.878197692236746],[121.91090680126838,30.877804398706804]]],[[[121.90975649635443,30.878197692236743],[121.9112902362397,30.878197692236743],[121.9112902362397,30.878590985766685],[121.90975649635443,30.878590985766685],[121.90975649635443,30.878197692236743]]],[[[121.9093730613831,30.878590985766685],[121.91167367121102,30.878590985766685],[121.91167367121102,30.878984279296628],[121.9093730613831,30.878984279296628],[121.9093730613831,30.878590985766685]]],[[[121.9089896264118,30.878984279296628],[121.91167367121102,30.878984279296628],[121.91167367121102,30.87937757282657],[121.9089896264118,30.87937757282657],[121.9089896264118,30.878984279296628]]],[[[121.90860619144047,30.87937757282657],[121.91205710618233,30.87937757282657],[121.91205710618233,30.879770866356512],[121.90860619144047,30.879770866356512],[121.90860619144047,30.87937757282657]]],[[[121.90783932149783,30.879770866356512],[121.91244054115366,30.879770866356512],[121.91244054115366,30.880164159886455],[121.90783932149783,30.880164159886455],[121.90783932149783,30.879770866356512]]],[[[121.90745588652652,30.880164159886455],[121.91282397612497,30.880164159886455],[121.91282397612497,30.880557453416397],[121.90745588652652,30.880557453416397],[121.90745588652652,30.880164159886455]]],[[[121.9070724515552,30.880557453416397],[121.9132074110963,30.880557453416397],[121.9132074110963,30.88095074694634],[121.9070724515552,30.88095074694634],[121.9070724515552,30.880557453416397]]],[[[121.90668901658388,30.880950746946336],[121.9135908460676,30.880950746946336],[121.9135908460676,30.88134404047628],[121.90668901658388,30.88134404047628],[121.90668901658388,30.880950746946336]]],[[[121.90668901658388,30.88134404047628],[121.91397428103893,30.88134404047628],[121.91397428103893,30.88173733400622],[121.90668901658388,30.88173733400622],[121.90668901658388,30.88134404047628]]],[[[121.90630558161256,30.88173733400622],[121.91435771601024,30.88173733400622],[121.91435771601024,30.882130627536164],[121.90630558161256,30.882130627536164],[121.90630558161256,30.88173733400622]]],[[[121.90630558161256,30.882130627536164],[121.91512458595288,30.882130627536164],[121.91512458595288,30.882523921066106],[121.90630558161256,30.882523921066106],[121.90630558161256,30.882130627536164]]],[[[121.90592214664125,30.882523921066106],[121.91550802092421,30.882523921066106],[121.91550802092421,30.88291721459605],[121.90592214664125,30.88291721459605],[121.90592214664125,30.882523921066106]]],[[[121.90553871166992,30.88291721459605],[121.91589145589552,30.88291721459605],[121.91589145589552,30.88331050812599],[121.90553871166992,30.88331050812599],[121.90553871166992,30.88291721459605]]],[[[121.9047718417273,30.88331050812599],[121.91627489086684,30.88331050812599],[121.91627489086684,30.883703801655933],[121.9047718417273,30.883703801655933],[121.9047718417273,30.88331050812599]]],[[[121.9047718417273,30.883703801655933],[121.91665832583816,30.883703801655933],[121.91665832583816,30.884097095185876],[121.9047718417273,30.884097095185876],[121.9047718417273,30.883703801655933]]],[[[121.90438840675597,30.884097095185872],[121.91704176080947,30.884097095185872],[121.91704176080947,30.884490388715815],[121.90438840675597,30.884490388715815],[121.90438840675597,30.884097095185872]]],[[[121.90400497178466,30.884490388715815],[121.9178086307521,30.884490388715815],[121.9178086307521,30.884883682245757],[121.90400497178466,30.884883682245757],[121.90400497178466,30.884490388715815]]],[[[121.90362153681333,30.884883682245757],[121.91819206572343,30.884883682245757],[121.91819206572343,30.8852769757757],[121.90362153681333,30.8852769757757],[121.90362153681333,30.884883682245757]]],[[[121.90323810184202,30.8852769757757],[121.91857550069474,30.8852769757757],[121.91857550069474,30.885670269305642],[121.90323810184202,30.885670269305642],[121.90323810184202,30.8852769757757]]],[[[121.90323810184202,30.885670269305642],[121.91895893566607,30.885670269305642],[121.91895893566607,30.886063562835584],[121.90323810184202,30.886063562835584],[121.90323810184202,30.885670269305642]]],[[[121.9028546668707,30.886063562835584],[121.91857550069474,30.886063562835584],[121.91857550069474,30.886456856365527],[121.9028546668707,30.886456856365527],[121.9028546668707,30.886063562835584]]],[[[121.9028546668707,30.886456856365527],[121.91819206572343,30.886456856365527],[121.91819206572343,30.88685014989547],[121.9028546668707,30.88685014989547],[121.9028546668707,30.886456856365527]]],[[[121.90247123189938,30.88685014989547],[121.91819206572343,30.88685014989547],[121.91819206572343,30.88724344342541],[121.90247123189938,30.88724344342541],[121.90247123189938,30.88685014989547]]],[[[121.90208779692806,30.887243443425408],[121.9178086307521,30.887243443425408],[121.9178086307521,30.88763673695535],[121.90208779692806,30.88763673695535],[121.90208779692806,30.887243443425408]]],[[[121.90208779692806,30.88763673695535],[121.9178086307521,30.88763673695535],[121.9178086307521,30.888030030485293],[121.90208779692806,30.888030030485293],[121.90208779692806,30.88763673695535]]],[[[121.90170436195675,30.888030030485293],[121.9178086307521,30.888030030485293],[121.9178086307521,30.888423324015235],[121.90170436195675,30.888423324015235],[121.90170436195675,30.888030030485293]]],[[[121.90170436195675,30.888423324015235],[121.9174251957808,30.888423324015235],[121.9174251957808,30.888816617545178],[121.90170436195675,30.888816617545178],[121.90170436195675,30.888423324015235]]],[[[121.90132092698542,30.888816617545178],[121.9174251957808,30.888816617545178],[121.9174251957808,30.88920991107512],[121.90132092698542,30.88920991107512],[121.90132092698542,30.888816617545178]]],[[[121.91589145589552,30.88920991107512],[121.91704176080947,30.88920991107512],[121.91704176080947,30.889603204605063],[121.91589145589552,30.889603204605063],[121.91589145589552,30.88920991107512]]]]}},{"type":"Feature","properties":{"parcel_id":"lingang:parcel:0015","geometry_method":"road_barrier_raster_plus_buildings","functional_type":"office","dominant_type":"office","confidence":0.89,"building_count":1,"avg_building_area_m2":608,"centroid_lng":121.930152,"centroid_lat":30.884252,"parcel_area_m2":433067,"safety_clipped":false,"classification_source":"osm_tags+building_morphology+spatial_prior","synthetic_classification":true,"qc_flags":""},"geometry":{"type":"MultiPolygon","coordinates":[[[[121.9365969443467,30.877804398706804],[121.94004785908857,30.877804398706804],[121.94004785908857,30.878197692236746],[121.9365969443467,30.878197692236746],[121.9365969443467,30.877804398706804]]],[[[121.93506320446143,30.878197692236743],[121.94004785908857,30.878197692236743],[121.94004785908857,30.878590985766685],[121.93506320446143,30.878590985766685],[121.93506320446143,30.878197692236743]]],[[[121.93352946457617,30.878590985766685],[121.94004785908857,30.878590985766685],[121.94004785908857,30.878984279296628],[121.93352946457617,30.878984279296628],[121.93352946457617,30.878590985766685]]],[[[121.93276259463353,30.878984279296628],[121.94004785908857,30.878984279296628],[121.94004785908857,30.87937757282657],[121.93276259463353,30.87937757282657],[121.93276259463353,30.878984279296628]]],[[[121.93122885474826,30.87937757282657],[121.94004785908857,30.87937757282657],[121.94004785908857,30.879770866356512],[121.93122885474826,30.879770866356512],[121.93122885474826,30.87937757282657]]],[[[121.93084541977693,30.879770866356512],[121.94004785908857,30.879770866356512],[121.94004785908857,30.880164159886455],[121.93084541977693,30.880164159886455],[121.93084541977693,30.879770866356512]]],[[[121.92969511486298,30.880164159886455],[121.94004785908857,30.880164159886455],[121.94004785908857,30.880557453416397],[121.92969511486298,30.880557453416397],[121.92969511486298,30.880164159886455]]],[[[121.92892824492034,30.880557453416397],[121.9385141192033,30.880557453416397],[121.9385141192033,30.88095074694634],[121.92892824492034,30.88095074694634],[121.92892824492034,30.880557453416397]]],[[[121.92854480994902,30.880950746946336],[121.93544663943275,30.880950746946336],[121.93544663943275,30.88134404047628],[121.92854480994902,30.88134404047628],[121.92854480994902,30.880950746946336]]],[[[121.9281613749777,30.88134404047628],[121.93467976949012,30.88134404047628],[121.93467976949012,30.88173733400622],[121.9281613749777,30.88173733400622],[121.9281613749777,30.88134404047628]]],[[[121.92701107006376,30.88173733400622],[121.93314602960484,30.88173733400622],[121.93314602960484,30.882130627536164],[121.92701107006376,30.882130627536164],[121.92701107006376,30.88173733400622]]],[[[121.92624420012112,30.882130627536164],[121.9323791596622,30.882130627536164],[121.9323791596622,30.882523921066106],[121.92624420012112,30.882523921066106],[121.92624420012112,30.882130627536164]]],[[[121.92586076514979,30.882523921066106],[121.93084541977693,30.882523921066106],[121.93084541977693,30.88291721459605],[121.92586076514979,30.88291721459605],[121.92586076514979,30.882523921066106]]],[[[121.92547733017848,30.88291721459605],[121.93007854983429,30.88291721459605],[121.93007854983429,30.88331050812599],[121.92547733017848,30.88331050812599],[121.92547733017848,30.88291721459605]]],[[[121.92586076514979,30.88331050812599],[121.92931167989165,30.88331050812599],[121.92931167989165,30.883703801655933],[121.92586076514979,30.883703801655933],[121.92586076514979,30.88331050812599]]],[[[121.92624420012112,30.883703801655933],[121.92892824492034,30.883703801655933],[121.92892824492034,30.884097095185876],[121.92624420012112,30.884097095185876],[121.92624420012112,30.883703801655933]]],[[[121.92662763509243,30.884097095185872],[121.92854480994902,30.884097095185872],[121.92854480994902,30.884490388715815],[121.92662763509243,30.884490388715815],[121.92662763509243,30.884097095185872]]],[[[121.92701107006376,30.884490388715815],[121.9277779400064,30.884490388715815],[121.9277779400064,30.884883682245757],[121.92701107006376,30.884883682245757],[121.92701107006376,30.884490388715815]]]]}},{"type":"Feature","properties":{"parcel_id":"lingang:parcel:0016","geometry_method":"road_barrier_raster_plus_buildings","functional_type":"residential","dominant_type":"residential","confidence":0.81,"building_count":1,"avg_building_area_m2":608,"centroid_lng":121.940831,"centroid_lat":30.876654,"parcel_area_m2":655969,"safety_clipped":false,"classification_source":"osm_tags+building_morphology+spatial_prior","synthetic_classification":true,"qc_flags":""},"geometry":{"type":"MultiPolygon","coordinates":[[[[121.94158159897384,30.877804398706804],[121.94388220880175,30.877804398706804],[121.94388220880175,30.878197692236746],[121.94158159897384,30.878197692236746],[121.94158159897384,30.877804398706804]]],[[[121.94158159897384,30.878197692236743],[121.94618281862967,30.878197692236743],[121.94618281862967,30.878590985766685],[121.94158159897384,30.878590985766685],[121.94158159897384,30.878197692236743]]],[[[121.94158159897384,30.878590985766685],[121.94733312354361,30.878590985766685],[121.94733312354361,30.878984279296628],[121.94158159897384,30.878984279296628],[121.94158159897384,30.878590985766685]]],[[[121.94158159897384,30.878984279296628],[121.94848342845758,30.878984279296628],[121.94848342845758,30.87937757282657],[121.94158159897384,30.87937757282657],[121.94158159897384,30.878984279296628]]],[[[121.94158159897384,30.87937757282657],[121.94963373337153,30.87937757282657],[121.94963373337153,30.879770866356512],[121.94158159897384,30.879770866356512],[121.94158159897384,30.87937757282657]]],[[[121.94158159897384,30.879770866356512],[121.95040060331416,30.879770866356512],[121.95040060331416,30.880164159886455],[121.94158159897384,30.880164159886455],[121.94158159897384,30.879770866356512]]],[[[121.94158159897384,30.880164159886455],[121.9511674732568,30.880164159886455],[121.9511674732568,30.880557453416397],[121.94158159897384,30.880557453416397],[121.94158159897384,30.880164159886455]]],[[[121.94349877383044,30.880557453416397],[121.95231777817075,30.880557453416397],[121.95231777817075,30.88095074694634],[121.94349877383044,30.88095074694634],[121.94349877383044,30.880557453416397]]],[[[121.94618281862967,30.880950746946336],[121.95308464811339,30.880950746946336],[121.95308464811339,30.88134404047628],[121.94618281862967,30.88134404047628],[121.94618281862967,30.880950746946336]]],[[[121.9469496885723,30.88134404047628],[121.95346808308472,30.88134404047628],[121.95346808308472,30.88173733400622],[121.9469496885723,30.88173733400622],[121.9469496885723,30.88134404047628]]],[[[121.94886686342889,30.88173733400622],[121.95423495302735,30.88173733400622],[121.95423495302735,30.882130627536164],[121.94886686342889,30.882130627536164],[121.94886686342889,30.88173733400622]]],[[[121.94963373337153,30.882130627536164],[121.95500182296999,30.882130627536164],[121.95500182296999,30.882523921066106],[121.94963373337153,30.882523921066106],[121.94963373337153,30.882130627536164]]],[[[121.95040060331416,30.882523921066106],[121.95576869291263,30.882523921066106],[121.95576869291263,30.88291721459605],[121.95040060331416,30.88291721459605],[121.95040060331416,30.882523921066106]]],[[[121.9511674732568,30.88291721459605],[121.95615212788394,30.88291721459605],[121.95615212788394,30.88331050812599],[121.9511674732568,30.88331050812599],[121.9511674732568,30.88291721459605]]],[[[121.95193434319944,30.88331050812599],[121.95691899782658,30.88331050812599],[121.95691899782658,30.883703801655933],[121.95193434319944,30.883703801655933],[121.95193434319944,30.88331050812599]]],[[[121.95270121314208,30.883703801655933],[121.95730243279789,30.883703801655933],[121.95730243279789,30.884097095185876],[121.95270121314208,30.884097095185876],[121.95270121314208,30.883703801655933]]],[[[121.95308464811339,30.884097095185872],[121.95768586776921,30.884097095185872],[121.95768586776921,30.884490388715815],[121.95308464811339,30.884490388715815],[121.95308464811339,30.884097095185872]]],[[[121.95346808308472,30.884490388715815],[121.95806930274053,30.884490388715815],[121.95806930274053,30.884883682245757],[121.95346808308472,30.884883682245757],[121.95346808308472,30.884490388715815]]],[[[121.95385151805603,30.884883682245757],[121.95845273771185,30.884883682245757],[121.95845273771185,30.8852769757757],[121.95385151805603,30.8852769757757],[121.95385151805603,30.884883682245757]]],[[[121.95461838799866,30.8852769757757],[121.95883617268316,30.8852769757757],[121.95883617268316,30.885670269305642],[121.95461838799866,30.885670269305642],[121.95461838799866,30.8852769757757]]],[[[121.95500182296999,30.885670269305642],[121.95921960765449,30.885670269305642],[121.95921960765449,30.886063562835584],[121.95500182296999,30.886063562835584],[121.95500182296999,30.885670269305642]]],[[[121.9553852579413,30.886063562835584],[121.9596030426258,30.886063562835584],[121.9596030426258,30.886456856365527],[121.9553852579413,30.886456856365527],[121.9553852579413,30.886063562835584]]],[[[121.95576869291263,30.886456856365527],[121.95998647759713,30.886456856365527],[121.95998647759713,30.88685014989547],[121.95576869291263,30.88685014989547],[121.95576869291263,30.886456856365527]]],[[[121.95615212788394,30.88685014989547],[121.96036991256844,30.88685014989547],[121.96036991256844,30.88724344342541],[121.95615212788394,30.88724344342541],[121.95615212788394,30.88685014989547]]],[[[121.95653556285527,30.887243443425408],[121.96036991256844,30.887243443425408],[121.96036991256844,30.88763673695535],[121.95653556285527,30.88763673695535],[121.95653556285527,30.887243443425408]]],[[[121.95691899782658,30.88763673695535],[121.96075334753976,30.88763673695535],[121.96075334753976,30.888030030485293],[121.95691899782658,30.888030030485293],[121.95691899782658,30.88763673695535]]],[[[121.95730243279789,30.888030030485293],[121.96113678251108,30.888030030485293],[121.96113678251108,30.888423324015235],[121.95730243279789,30.888423324015235],[121.95730243279789,30.888030030485293]]],[[[121.95768586776921,30.888423324015235],[121.96113678251108,30.888423324015235],[121.96113678251108,30.888816617545178],[121.95768586776921,30.888816617545178],[121.95768586776921,30.888423324015235]]],[[[121.95768586776921,30.888816617545178],[121.9615202174824,30.888816617545178],[121.9615202174824,30.88920991107512],[121.95768586776921,30.88920991107512],[121.95768586776921,30.888816617545178]]],[[[121.95806930274053,30.88920991107512],[121.96075334753976,30.88920991107512],[121.96075334753976,30.889603204605063],[121.95806930274053,30.889603204605063],[121.95806930274053,30.88920991107512]]],[[[121.95806930274053,30.889603204605063],[121.95998647759713,30.889603204605063],[121.95998647759713,30.889996498135005],[121.95806930274053,30.889996498135005],[121.95806930274053,30.889603204605063]]],[[[121.95845273771185,30.889996498135],[121.95921960765449,30.889996498135],[121.95921960765449,30.890389791664944],[121.95845273771185,30.890389791664944],[121.95845273771185,30.889996498135]]]]}},{"type":"Feature","properties":{"parcel_id":"lingang:parcel:0017","geometry_method":"road_barrier_raster_plus_buildings","functional_type":"residential","dominant_type":"residential","confidence":0.81,"building_count":1,"avg_building_area_m2":608,"centroid_lng":121.865452,"centroid_lat":30.889994,"parcel_area_m2":649601,"safety_clipped":false,"classification_source":"osm_tags+building_morphology+spatial_prior","synthetic_classification":true,"qc_flags":""},"geometry":{"type":"MultiPolygon","coordinates":[[[[121.8714129992226,30.880557453416397],[121.87217986916524,30.880557453416397],[121.87217986916524,30.88095074694634],[121.8714129992226,30.88095074694634],[121.8714129992226,30.880557453416397]]],[[[121.87102956425127,30.880950746946336],[121.87217986916524,30.880950746946336],[121.87217986916524,30.88134404047628],[121.87102956425127,30.88134404047628],[121.87102956425127,30.880950746946336]]],[[[121.87064612927996,30.88134404047628],[121.87256330413655,30.88134404047628],[121.87256330413655,30.88173733400622],[121.87064612927996,30.88173733400622],[121.87064612927996,30.88134404047628]]],[[[121.86987925933732,30.88173733400622],[121.87294673910787,30.88173733400622],[121.87294673910787,30.882130627536164],[121.86987925933732,30.882130627536164],[121.86987925933732,30.88173733400622]]],[[[121.86949582436601,30.882130627536164],[121.87333017407919,30.882130627536164],[121.87333017407919,30.882523921066106],[121.86949582436601,30.882523921066106],[121.86949582436601,30.882130627536164]]],[[[121.86911238939469,30.882523921066106],[121.87371360905051,30.882523921066106],[121.87371360905051,30.88291721459605],[121.86911238939469,30.88291721459605],[121.86911238939469,30.882523921066106]]],[[[121.86872895442337,30.88291721459605],[121.87409704402182,30.88291721459605],[121.87409704402182,30.88331050812599],[121.86872895442337,30.88331050812599],[121.86872895442337,30.88291721459605]]],[[[121.86796208448074,30.88331050812599],[121.87448047899315,30.88331050812599],[121.87448047899315,30.883703801655933],[121.86796208448074,30.883703801655933],[121.86796208448074,30.88331050812599]]],[[[121.86757864950941,30.883703801655933],[121.87448047899315,30.883703801655933],[121.87448047899315,30.884097095185876],[121.86757864950941,30.884097095185876],[121.86757864950941,30.883703801655933]]],[[[121.8671952145381,30.884097095185872],[121.87486391396446,30.884097095185872],[121.87486391396446,30.884490388715815],[121.8671952145381,30.884490388715815],[121.8671952145381,30.884097095185872]]],[[[121.86681177956677,30.884490388715815],[121.87524734893579,30.884490388715815],[121.87524734893579,30.884883682245757],[121.86681177956677,30.884883682245757],[121.86681177956677,30.884490388715815]]],[[[121.86604490962414,30.884883682245757],[121.8756307839071,30.884883682245757],[121.8756307839071,30.8852769757757],[121.86604490962414,30.8852769757757],[121.86604490962414,30.884883682245757]]],[[[121.86566147465282,30.8852769757757],[121.87601421887842,30.8852769757757],[121.87601421887842,30.885670269305642],[121.86566147465282,30.885670269305642],[121.86566147465282,30.8852769757757]]],[[[121.8652780396815,30.885670269305642],[121.87601421887842,30.885670269305642],[121.87601421887842,30.886063562835584],[121.8652780396815,30.886063562835584],[121.8652780396815,30.885670269305642]]],[[[121.86489460471019,30.886063562835584],[121.87601421887842,30.886063562835584],[121.87601421887842,30.886456856365527],[121.86489460471019,30.886456856365527],[121.86489460471019,30.886063562835584]]],[[[121.86451116973888,30.886456856365527],[121.8756307839071,30.886456856365527],[121.8756307839071,30.88685014989547],[121.86451116973888,30.88685014989547],[121.86451116973888,30.886456856365527]]],[[[121.86451116973888,30.88685014989547],[121.87524734893579,30.88685014989547],[121.87524734893579,30.88724344342541],[121.86451116973888,30.88724344342541],[121.86451116973888,30.88685014989547]]],[[[121.86489460471019,30.887243443425408],[121.87448047899315,30.887243443425408],[121.87448047899315,30.88763673695535],[121.86489460471019,30.88763673695535],[121.86489460471019,30.887243443425408]]],[[[121.86566147465282,30.88763673695535],[121.87409704402182,30.88763673695535],[121.87409704402182,30.888030030485293],[121.86566147465282,30.888030030485293],[121.86566147465282,30.88763673695535]]],[[[121.86642834459546,30.888030030485293],[121.87371360905051,30.888030030485293],[121.87371360905051,30.888423324015235],[121.86642834459546,30.888423324015235],[121.86642834459546,30.888030030485293]]],[[[121.86681177956677,30.888423324015235],[121.87333017407919,30.888423324015235],[121.87333017407919,30.888816617545178],[121.86681177956677,30.888816617545178],[121.86681177956677,30.888423324015235]]],[[[121.86796208448074,30.888816617545178],[121.87256330413655,30.888816617545178],[121.87256330413655,30.88920991107512],[121.86796208448074,30.88920991107512],[121.86796208448074,30.888816617545178]]],[[[121.86834551945205,30.88920991107512],[121.87179643419391,30.88920991107512],[121.87179643419391,30.889603204605063],[121.86834551945205,30.889603204605063],[121.86834551945205,30.88920991107512]]],[[[121.86911238939469,30.889603204605063],[121.8714129992226,30.889603204605063],[121.8714129992226,30.889996498135005],[121.86911238939469,30.889996498135005],[121.86911238939469,30.889603204605063]]],[[[121.86949582436601,30.889996498135],[121.86987925933732,30.889996498135],[121.86987925933732,30.890389791664944],[121.86949582436601,30.890389791664944],[121.86949582436601,30.889996498135]]]]}},{"type":"Feature","properties":{"parcel_id":"lingang:parcel:0018","geometry_method":"road_barrier_raster_plus_buildings","functional_type":"residential","dominant_type":"residential","confidence":1,"building_count":1,"avg_building_area_m2":608,"centroid_lng":121.940636,"centroid_lat":30.883584,"parcel_area_m2":448989,"safety_clipped":false,"classification_source":"osm_tags+building_morphology+spatial_prior","synthetic_classification":true,"qc_flags":""},"geometry":{"type":"MultiPolygon","coordinates":[[[[121.94119816400253,30.882130627536164],[121.94426564377308,30.882130627536164],[121.94426564377308,30.882523921066106],[121.94119816400253,30.882523921066106],[121.94119816400253,30.882130627536164]]],[[[121.94119816400253,30.882523921066106],[121.94618281862967,30.882523921066106],[121.94618281862967,30.88291721459605],[121.94119816400253,30.88291721459605],[121.94119816400253,30.882523921066106]]],[[[121.94119816400253,30.88291721459605],[121.9469496885723,30.88291721459605],[121.9469496885723,30.88331050812599],[121.94119816400253,30.88331050812599],[121.94119816400253,30.88291721459605]]],[[[121.94119816400253,30.88331050812599],[121.94809999348625,30.88331050812599],[121.94809999348625,30.883703801655933],[121.94119816400253,30.883703801655933],[121.94119816400253,30.88331050812599]]],[[[121.94119816400253,30.883703801655933],[121.94925029840022,30.883703801655933],[121.94925029840022,30.884097095185876],[121.94119816400253,30.884097095185876],[121.94119816400253,30.883703801655933]]],[[[121.94119816400253,30.884097095185872],[121.95001716834285,30.884097095185872],[121.95001716834285,30.884490388715815],[121.94119816400253,30.884490388715815],[121.94119816400253,30.884097095185872]]],[[[121.94349877383044,30.884490388715815],[121.95078403828549,30.884490388715815],[121.95078403828549,30.884883682245757],[121.94349877383044,30.884883682245757],[121.94349877383044,30.884490388715815]]],[[[121.94541594868703,30.884883682245757],[121.9511674732568,30.884883682245757],[121.9511674732568,30.8852769757757],[121.94541594868703,30.8852769757757],[121.94541594868703,30.884883682245757]]],[[[121.9469496885723,30.8852769757757],[121.95193434319944,30.8852769757757],[121.95193434319944,30.885670269305642],[121.9469496885723,30.885670269305642],[121.9469496885723,30.8852769757757]]],[[[121.94771655851494,30.885670269305642],[121.95270121314208,30.885670269305642],[121.95270121314208,30.886063562835584],[121.94771655851494,30.886063562835584],[121.94771655851494,30.885670269305642]]],[[[121.94886686342889,30.886063562835584],[121.95308464811339,30.886063562835584],[121.95308464811339,30.886456856365527],[121.94886686342889,30.886456856365527],[121.94886686342889,30.886063562835584]]],[[[121.94963373337153,30.886456856365527],[121.95346808308472,30.886456856365527],[121.95346808308472,30.88685014989547],[121.94963373337153,30.88685014989547],[121.94963373337153,30.886456856365527]]],[[[121.95001716834285,30.88685014989547],[121.95385151805603,30.88685014989547],[121.95385151805603,30.88724344342541],[121.95001716834285,30.88724344342541],[121.95001716834285,30.88685014989547]]],[[[121.95078403828549,30.887243443425408],[121.95423495302735,30.887243443425408],[121.95423495302735,30.88763673695535],[121.95078403828549,30.88763673695535],[121.95078403828549,30.887243443425408]]],[[[121.9511674732568,30.88763673695535],[121.95461838799866,30.88763673695535],[121.95461838799866,30.888030030485293],[121.9511674732568,30.888030030485293],[121.9511674732568,30.88763673695535]]],[[[121.95155090822811,30.888030030485293],[121.95500182296999,30.888030030485293],[121.95500182296999,30.888423324015235],[121.95155090822811,30.888423324015235],[121.95155090822811,30.888030030485293]]],[[[121.95193434319944,30.888423324015235],[121.9553852579413,30.888423324015235],[121.9553852579413,30.888816617545178],[121.95193434319944,30.888816617545178],[121.95193434319944,30.888423324015235]]],[[[121.95231777817075,30.888816617545178],[121.95576869291263,30.888816617545178],[121.95576869291263,30.88920991107512],[121.95231777817075,30.88920991107512],[121.95231777817075,30.888816617545178]]],[[[121.95270121314208,30.88920991107512],[121.95576869291263,30.88920991107512],[121.95576869291263,30.889603204605063],[121.95270121314208,30.889603204605063],[121.95270121314208,30.88920991107512]]],[[[121.95308464811339,30.889603204605063],[121.95615212788394,30.889603204605063],[121.95615212788394,30.889996498135005],[121.95308464811339,30.889996498135005],[121.95308464811339,30.889603204605063]]],[[[121.95308464811339,30.889996498135],[121.95653556285527,30.889996498135],[121.95653556285527,30.890389791664944],[121.95308464811339,30.890389791664944],[121.95308464811339,30.889996498135]]],[[[121.95346808308472,30.890389791664944],[121.95691899782658,30.890389791664944],[121.95691899782658,30.890783085194887],[121.95346808308472,30.890783085194887],[121.95346808308472,30.890389791664944]]],[[[121.95385151805603,30.890783085194887],[121.95691899782658,30.890783085194887],[121.95691899782658,30.89117637872483],[121.95385151805603,30.89117637872483],[121.95385151805603,30.890783085194887]]],[[[121.95423495302735,30.89117637872483],[121.95615212788394,30.89117637872483],[121.95615212788394,30.89156967225477],[121.95423495302735,30.89156967225477],[121.95423495302735,30.89117637872483]]],[[[121.95461838799866,30.89156967225477],[121.95500182296999,30.89156967225477],[121.95500182296999,30.891962965784714],[121.95461838799866,30.891962965784714],[121.95461838799866,30.89156967225477]]]]}},{"type":"Feature","properties":{"parcel_id":"lingang:parcel:0019","geometry_method":"road_barrier_raster_plus_buildings","functional_type":"mixed","dominant_type":"office","confidence":0.53,"building_count":2,"avg_building_area_m2":608,"centroid_lng":121.922858,"centroid_lat":30.892816,"parcel_area_m2":421922,"safety_clipped":false,"classification_source":"osm_tags+building_morphology+spatial_prior","synthetic_classification":true,"qc_flags":"low_confidence"},"geometry":{"type":"MultiPolygon","coordinates":[[[[121.92356015532188,30.884490388715815],[121.92471046023584,30.884490388715815],[121.92471046023584,30.884883682245757],[121.92356015532188,30.884883682245757],[121.92356015532188,30.884490388715815]]],[[[121.92317672035057,30.884883682245757],[121.92509389520716,30.884883682245757],[121.92509389520716,30.8852769757757],[121.92317672035057,30.8852769757757],[121.92317672035057,30.884883682245757]]],[[[121.92317672035057,30.8852769757757],[121.92547733017848,30.8852769757757],[121.92547733017848,30.885670269305642],[121.92317672035057,30.885670269305642],[121.92317672035057,30.8852769757757]]],[[[121.92279328537924,30.885670269305642],[121.92624420012112,30.885670269305642],[121.92624420012112,30.886063562835584],[121.92279328537924,30.886063562835584],[121.92279328537924,30.885670269305642]]],[[[121.92240985040793,30.886063562835584],[121.92624420012112,30.886063562835584],[121.92624420012112,30.886456856365527],[121.92240985040793,30.886456856365527],[121.92240985040793,30.886063562835584]]],[[[121.92202641543662,30.886456856365527],[121.92586076514979,30.886456856365527],[121.92586076514979,30.88685014989547],[121.92202641543662,30.88685014989547],[121.92202641543662,30.886456856365527]]],[[[121.92202641543662,30.88685014989547],[121.92547733017848,30.88685014989547],[121.92547733017848,30.88724344342541],[121.92202641543662,30.88724344342541],[121.92202641543662,30.88685014989547]]],[[[121.92125954549398,30.887243443425408],[121.92509389520716,30.887243443425408],[121.92509389520716,30.88763673695535],[121.92125954549398,30.88763673695535],[121.92125954549398,30.887243443425408]]],[[[121.92087611052266,30.88763673695535],[121.92471046023584,30.88763673695535],[121.92471046023584,30.888030030485293],[121.92087611052266,30.888030030485293],[121.92087611052266,30.88763673695535]]],[[[121.92049267555134,30.888030030485293],[121.92432702526452,30.888030030485293],[121.92432702526452,30.888423324015235],[121.92049267555134,30.888423324015235],[121.92049267555134,30.888030030485293]]],[[[121.92049267555134,30.888423324015235],[121.9239435902932,30.888423324015235],[121.9239435902932,30.888816617545178],[121.92049267555134,30.888816617545178],[121.92049267555134,30.888423324015235]]],[[[121.92010924058002,30.888816617545178],[121.9239435902932,30.888816617545178],[121.9239435902932,30.88920991107512],[121.92010924058002,30.88920991107512],[121.92010924058002,30.888816617545178]]],[[[121.92010924058002,30.88920991107512],[121.92356015532188,30.88920991107512],[121.92356015532188,30.889603204605063],[121.92010924058002,30.889603204605063],[121.92010924058002,30.88920991107512]]],[[[121.9197258056087,30.889603204605063],[121.92317672035057,30.889603204605063],[121.92317672035057,30.889996498135005],[121.9197258056087,30.889996498135005],[121.9197258056087,30.889603204605063]]],[[[121.9197258056087,30.889996498135],[121.92279328537924,30.889996498135],[121.92279328537924,30.890389791664944],[121.9197258056087,30.890389791664944],[121.9197258056087,30.889996498135]]],[[[121.9197258056087,30.890389791664944],[121.92279328537924,30.890389791664944],[121.92279328537924,30.890783085194887],[121.9197258056087,30.890783085194887],[121.9197258056087,30.890389791664944]]],[[[121.91934237063738,30.890783085194887],[121.92279328537924,30.890783085194887],[121.92279328537924,30.89117637872483],[121.91934237063738,30.89117637872483],[121.91934237063738,30.890783085194887]]],[[[121.91895893566607,30.89117637872483],[121.92279328537924,30.89117637872483],[121.92279328537924,30.89156967225477],[121.91895893566607,30.89156967225477],[121.91895893566607,30.89117637872483]]],[[[121.91895893566607,30.89156967225477],[121.92240985040793,30.89156967225477],[121.92240985040793,30.891962965784714],[121.91895893566607,30.891962965784714],[121.91895893566607,30.89156967225477]]],[[[121.91895893566607,30.891962965784714],[121.92240985040793,30.891962965784714],[121.92240985040793,30.892356259314656],[121.91895893566607,30.892356259314656],[121.91895893566607,30.891962965784714]]],[[[121.91857550069474,30.892356259314656],[121.92202641543662,30.892356259314656],[121.92202641543662,30.8927495528446],[121.91857550069474,30.8927495528446],[121.91857550069474,30.892356259314656]]],[[[121.91857550069474,30.8927495528446],[121.92202641543662,30.8927495528446],[121.92202641543662,30.89314284637454],[121.91857550069474,30.89314284637454],[121.91857550069474,30.8927495528446]]],[[[121.91857550069474,30.893142846374538],[121.92202641543662,30.893142846374538],[121.92202641543662,30.89353613990448],[121.91857550069474,30.89353613990448],[121.91857550069474,30.893142846374538]]],[[[121.91819206572343,30.89353613990448],[121.9216429804653,30.89353613990448],[121.9216429804653,30.893929433434423],[121.91819206572343,30.893929433434423],[121.91819206572343,30.89353613990448]]],[[[121.91819206572343,30.893929433434423],[121.9216429804653,30.893929433434423],[121.9216429804653,30.894322726964365],[121.91819206572343,30.894322726964365],[121.91819206572343,30.893929433434423]]],[[[121.91819206572343,30.894322726964365],[121.9216429804653,30.894322726964365],[121.9216429804653,30.894716020494307],[121.91819206572343,30.894716020494307],[121.91819206572343,30.894322726964365]]],[[[121.91819206572343,30.894716020494307],[121.9216429804653,30.894716020494307],[121.9216429804653,30.89510931402425],[121.91819206572343,30.89510931402425],[121.91819206572343,30.894716020494307]]],[[[121.9178086307521,30.89510931402425],[121.9216429804653,30.89510931402425],[121.9216429804653,30.895502607554192],[121.9178086307521,30.895502607554192],[121.9178086307521,30.89510931402425]]],[[[121.9178086307521,30.895502607554192],[121.9216429804653,30.895502607554192],[121.9216429804653,30.895895901084135],[121.9178086307521,30.895895901084135],[121.9178086307521,30.895502607554192]]],[[[121.9178086307521,30.89589590108413],[121.9216429804653,30.89589590108413],[121.9216429804653,30.896289194614074],[121.9178086307521,30.896289194614074],[121.9178086307521,30.89589590108413]]]]}},{"type":"Feature","properties":{"parcel_id":"lingang:parcel:0020","geometry_method":"road_barrier_raster_plus_buildings","functional_type":"office","dominant_type":"office","confidence":0.55,"building_count":4,"avg_building_area_m2":608,"centroid_lng":121.932473,"centroid_lat":30.899588,"parcel_area_m2":38212,"safety_clipped":true,"classification_source":"osm_tags+building_morphology+spatial_prior","synthetic_classification":true,"qc_flags":"safety_clipped"},"geometry":{"type":"MultiPolygon","coordinates":[[[[121.93966442411725,30.885670269305642],[121.94004785908857,30.885670269305642],[121.94004785908857,30.886063562835584],[121.93966442411725,30.886063562835584],[121.93966442411725,30.885670269305642]]],[[[121.93774724926067,30.886063562835584],[121.93966442411725,30.886063562835584],[121.93966442411725,30.886456856365527],[121.93774724926067,30.886456856365527],[121.93774724926067,30.886063562835584]]],[[[121.93813068423198,30.886456856365527],[121.93928098914594,30.886456856365527],[121.93928098914594,30.88685014989547],[121.93813068423198,30.88685014989547],[121.93813068423198,30.886456856365527]]],[[[121.93506320446143,30.90730141345245],[121.93621350937539,30.90730141345245],[121.93621350937539,30.907694706982394],[121.93506320446143,30.907694706982394],[121.93506320446143,30.90730141345245]]],[[[121.93544663943275,30.90769470698239],[121.9365969443467,30.90769470698239],[121.9365969443467,30.908088000512333],[121.93544663943275,30.908088000512333],[121.93544663943275,30.90769470698239]]],[[[121.9365969443467,30.908088000512333],[121.93698037931803,30.908088000512333],[121.93698037931803,30.908481294042275],[121.9365969443467,30.908481294042275],[121.9365969443467,30.908088000512333]]],[[[121.92739450503507,30.89943554285361],[121.9277779400064,30.89943554285361],[121.9277779400064,30.899828836383552],[121.92739450503507,30.899828836383552],[121.92739450503507,30.89943554285361]]],[[[121.9277779400064,30.899828836383552],[121.9281613749777,30.899828836383552],[121.9281613749777,30.900222129913494],[121.9277779400064,30.900222129913494],[121.9277779400064,30.899828836383552]]],[[[121.9277779400064,30.900222129913494],[121.9281613749777,30.900222129913494],[121.9281613749777,30.900615423443437],[121.9277779400064,30.900615423443437],[121.9277779400064,30.900222129913494]]],[[[121.92892824492034,30.902581891093146],[121.92931167989165,30.902581891093146],[121.92931167989165,30.902975184623088],[121.92892824492034,30.902975184623088],[121.92892824492034,30.902581891093146]]],[[[121.92931167989165,30.902975184623088],[121.92969511486298,30.902975184623088],[121.92969511486298,30.90336847815303],[121.92931167989165,30.90336847815303],[121.92931167989165,30.902975184623088]]],[[[121.92931167989165,30.90336847815303],[121.93007854983429,30.90336847815303],[121.93007854983429,30.903761771682973],[121.92931167989165,30.903761771682973],[121.92931167989165,30.90336847815303]]],[[[121.92969511486298,30.903761771682973],[121.93007854983429,30.903761771682973],[121.93007854983429,30.904155065212915],[121.92969511486298,30.904155065212915],[121.92969511486298,30.903761771682973]]]]}},{"type":"Feature","properties":{"parcel_id":"lingang:parcel:0021","geometry_method":"road_barrier_raster_plus_buildings","functional_type":"mixed","dominant_type":"residential","confidence":0.52,"building_count":4,"avg_building_area_m2":608,"centroid_lng":121.865724,"centroid_lat":30.894078,"parcel_area_m2":187875,"safety_clipped":false,"classification_source":"osm_tags+building_morphology+spatial_prior","synthetic_classification":true,"qc_flags":"low_confidence"},"geometry":{"type":"MultiPolygon","coordinates":[[[[121.86067682002569,30.888423324015235],[121.86144368996833,30.888423324015235],[121.86144368996833,30.888816617545178],[121.86067682002569,30.888816617545178],[121.86067682002569,30.888423324015235]]],[[[121.86029338505436,30.888816617545178],[121.86221055991096,30.888816617545178],[121.86221055991096,30.88920991107512],[121.86029338505436,30.88920991107512],[121.86029338505436,30.888816617545178]]],[[[121.86067682002569,30.88920991107512],[121.86259399488227,30.88920991107512],[121.86259399488227,30.889603204605063],[121.86067682002569,30.889603204605063],[121.86067682002569,30.88920991107512]]],[[[121.861060254997,30.889603204605063],[121.8629774298536,30.889603204605063],[121.8629774298536,30.889996498135005],[121.861060254997,30.889996498135005],[121.861060254997,30.889603204605063]]],[[[121.861060254997,30.889996498135],[121.86336086482491,30.889996498135],[121.86336086482491,30.890389791664944],[121.861060254997,30.890389791664944],[121.861060254997,30.889996498135]]],[[[121.86144368996833,30.890389791664944],[121.86374429979624,30.890389791664944],[121.86374429979624,30.890783085194887],[121.86144368996833,30.890783085194887],[121.86144368996833,30.890389791664944]]],[[[121.86144368996833,30.890783085194887],[121.86412773476755,30.890783085194887],[121.86412773476755,30.89117637872483],[121.86144368996833,30.89117637872483],[121.86144368996833,30.890783085194887]]],[[[121.86182712493964,30.89117637872483],[121.86451116973888,30.89117637872483],[121.86451116973888,30.89156967225477],[121.86182712493964,30.89156967225477],[121.86182712493964,30.89117637872483]]],[[[121.86182712493964,30.89156967225477],[121.86451116973888,30.89156967225477],[121.86451116973888,30.891962965784714],[121.86182712493964,30.891962965784714],[121.86182712493964,30.89156967225477]]],[[[121.86221055991096,30.891962965784714],[121.86489460471019,30.891962965784714],[121.86489460471019,30.892356259314656],[121.86221055991096,30.892356259314656],[121.86221055991096,30.891962965784714]]],[[[121.86221055991096,30.892356259314656],[121.8652780396815,30.892356259314656],[121.8652780396815,30.8927495528446],[121.86221055991096,30.8927495528446],[121.86221055991096,30.892356259314656]]],[[[121.86259399488227,30.8927495528446],[121.86566147465282,30.8927495528446],[121.86566147465282,30.89314284637454],[121.86259399488227,30.89314284637454],[121.86259399488227,30.8927495528446]]],[[[121.86259399488227,30.893142846374538],[121.86642834459546,30.893142846374538],[121.86642834459546,30.89353613990448],[121.86259399488227,30.89353613990448],[121.86259399488227,30.893142846374538]]],[[[121.86259399488227,30.89353613990448],[121.86642834459546,30.89353613990448],[121.86642834459546,30.893929433434423],[121.86259399488227,30.893929433434423],[121.86259399488227,30.89353613990448]]],[[[121.8629774298536,30.893929433434423],[121.86604490962414,30.893929433434423],[121.86604490962414,30.894322726964365],[121.8629774298536,30.894322726964365],[121.8629774298536,30.893929433434423]]],[[[121.8629774298536,30.894322726964365],[121.86604490962414,30.894322726964365],[121.86604490962414,30.894716020494307],[121.8629774298536,30.894716020494307],[121.8629774298536,30.894322726964365]]],[[[121.86336086482491,30.894716020494307],[121.86566147465282,30.894716020494307],[121.86566147465282,30.89510931402425],[121.86336086482491,30.89510931402425],[121.86336086482491,30.894716020494307]]],[[[121.86412773476755,30.89510931402425],[121.8652780396815,30.89510931402425],[121.8652780396815,30.895502607554192],[121.86412773476755,30.895502607554192],[121.86412773476755,30.89510931402425]]]]}},{"type":"Feature","properties":{"parcel_id":"lingang:parcel:0022","geometry_method":"road_barrier_raster_plus_buildings","functional_type":"residential","dominant_type":"residential","confidence":1,"building_count":1,"avg_building_area_m2":608,"centroid_lng":121.915207,"centroid_lat":30.897312,"parcel_area_m2":512675,"safety_clipped":false,"classification_source":"osm_tags+building_morphology+spatial_prior","synthetic_classification":true,"qc_flags":""},"geometry":{"type":"MultiPolygon","coordinates":[[[[121.90745588652652,30.890389791664944],[121.91397428103893,30.890389791664944],[121.91397428103893,30.890783085194887],[121.90745588652652,30.890783085194887],[121.90745588652652,30.890389791664944]]],[[[121.90745588652652,30.890783085194887],[121.91550802092421,30.890783085194887],[121.91550802092421,30.89117637872483],[121.90745588652652,30.89117637872483],[121.90745588652652,30.890783085194887]]],[[[121.90745588652652,30.89117637872483],[121.91627489086684,30.89117637872483],[121.91627489086684,30.89156967225477],[121.90745588652652,30.89156967225477],[121.90745588652652,30.89117637872483]]],[[[121.90745588652652,30.89156967225477],[121.91627489086684,30.89156967225477],[121.91627489086684,30.891962965784714],[121.90745588652652,30.891962965784714],[121.90745588652652,30.89156967225477]]],[[[121.90745588652652,30.891962965784714],[121.91627489086684,30.891962965784714],[121.91627489086684,30.892356259314656],[121.90745588652652,30.892356259314656],[121.90745588652652,30.891962965784714]]],[[[121.90745588652652,30.892356259314656],[121.91589145589552,30.892356259314656],[121.91589145589552,30.8927495528446],[121.90745588652652,30.8927495528446],[121.90745588652652,30.892356259314656]]],[[[121.90745588652652,30.8927495528446],[121.91589145589552,30.8927495528446],[121.91589145589552,30.89314284637454],[121.90745588652652,30.89314284637454],[121.90745588652652,30.8927495528446]]],[[[121.90745588652652,30.893142846374538],[121.91589145589552,30.893142846374538],[121.91589145589552,30.89353613990448],[121.90745588652652,30.89353613990448],[121.90745588652652,30.893142846374538]]],[[[121.90745588652652,30.89353613990448],[121.91589145589552,30.89353613990448],[121.91589145589552,30.893929433434423],[121.90745588652652,30.893929433434423],[121.90745588652652,30.89353613990448]]],[[[121.90745588652652,30.893929433434423],[121.91589145589552,30.893929433434423],[121.91589145589552,30.894322726964365],[121.90745588652652,30.894322726964365],[121.90745588652652,30.893929433434423]]],[[[121.90745588652652,30.894322726964365],[121.91550802092421,30.894322726964365],[121.91550802092421,30.894716020494307],[121.90745588652652,30.894716020494307],[121.90745588652652,30.894322726964365]]],[[[121.90745588652652,30.894716020494307],[121.91550802092421,30.894716020494307],[121.91550802092421,30.89510931402425],[121.90745588652652,30.89510931402425],[121.90745588652652,30.894716020494307]]],[[[121.90745588652652,30.89510931402425],[121.91550802092421,30.89510931402425],[121.91550802092421,30.895502607554192],[121.90745588652652,30.895502607554192],[121.90745588652652,30.89510931402425]]],[[[121.90745588652652,30.895502607554192],[121.91550802092421,30.895502607554192],[121.91550802092421,30.895895901084135],[121.90745588652652,30.895895901084135],[121.90745588652652,30.895502607554192]]],[[[121.90745588652652,30.89589590108413],[121.91550802092421,30.89589590108413],[121.91550802092421,30.896289194614074],[121.90745588652652,30.896289194614074],[121.90745588652652,30.89589590108413]]]]}},{"type":"Feature","properties":{"parcel_id":"lingang:parcel:0023","geometry_method":"road_barrier_raster_plus_buildings","functional_type":"residential","dominant_type":"residential","confidence":0.81,"building_count":1,"avg_building_area_m2":608,"centroid_lng":121.925275,"centroid_lat":30.897266,"parcel_area_m2":17514,"safety_clipped":false,"classification_source":"osm_tags+building_morphology+spatial_prior","synthetic_classification":true,"qc_flags":""},"geometry":{"type":"MultiPolygon","coordinates":[[[[121.92471046023584,30.89353613990448],[121.92509389520716,30.89353613990448],[121.92509389520716,30.893929433434423],[121.92471046023584,30.893929433434423],[121.92471046023584,30.89353613990448]]],[[[121.92471046023584,30.893929433434423],[121.92509389520716,30.893929433434423],[121.92509389520716,30.894322726964365],[121.92471046023584,30.894322726964365],[121.92471046023584,30.893929433434423]]],[[[121.92432702526452,30.894322726964365],[121.92509389520716,30.894322726964365],[121.92509389520716,30.894716020494307],[121.92432702526452,30.894716020494307],[121.92432702526452,30.894322726964365]]],[[[121.92432702526452,30.894716020494307],[121.92471046023584,30.894716020494307],[121.92471046023584,30.89510931402425],[121.92432702526452,30.89510931402425],[121.92432702526452,30.894716020494307]]],[[[121.92432702526452,30.89510931402425],[121.92471046023584,30.89510931402425],[121.92471046023584,30.895502607554192],[121.92432702526452,30.895502607554192],[121.92432702526452,30.89510931402425]]],[[[121.92432702526452,30.895502607554192],[121.92471046023584,30.895502607554192],[121.92471046023584,30.895895901084135],[121.92432702526452,30.895895901084135],[121.92432702526452,30.895502607554192]]],[[[121.9239435902932,30.89589590108413],[121.92471046023584,30.89589590108413],[121.92471046023584,30.896289194614074],[121.9239435902932,30.896289194614074],[121.9239435902932,30.89589590108413]]],[[[121.9239435902932,30.896289194614074],[121.92471046023584,30.896289194614074],[121.92471046023584,30.896682488144016],[121.9239435902932,30.896682488144016],[121.9239435902932,30.896289194614074]]]]}},{"type":"Feature","properties":{"parcel_id":"lingang:parcel:0024","geometry_method":"road_barrier_raster_plus_buildings","functional_type":"office","dominant_type":"office","confidence":0.89,"building_count":1,"avg_building_area_m2":608,"centroid_lng":121.95723,"centroid_lat":30.911586,"parcel_area_m2":436252,"safety_clipped":false,"classification_source":"osm_tags+building_morphology+spatial_prior","synthetic_classification":true,"qc_flags":""},"geometry":{"type":"MultiPolygon","coordinates":[[[[121.95998647759713,30.897862368733843],[121.96075334753976,30.897862368733843],[121.96075334753976,30.898255662263786],[121.95998647759713,30.898255662263786],[121.95998647759713,30.897862368733843]]],[[[121.95998647759713,30.898255662263786],[121.9638208273103,30.898255662263786],[121.9638208273103,30.89864895579373],[121.95998647759713,30.89864895579373],[121.95998647759713,30.898255662263786]]],[[[121.95998647759713,30.89864895579373],[121.9638208273103,30.89864895579373],[121.9638208273103,30.89904224932367],[121.95998647759713,30.89904224932367],[121.95998647759713,30.89864895579373]]],[[[121.95998647759713,30.899042249323667],[121.9638208273103,30.899042249323667],[121.9638208273103,30.89943554285361],[121.95998647759713,30.89943554285361],[121.95998647759713,30.899042249323667]]],[[[121.95998647759713,30.89943554285361],[121.9638208273103,30.89943554285361],[121.9638208273103,30.899828836383552],[121.95998647759713,30.899828836383552],[121.95998647759713,30.89943554285361]]],[[[121.95998647759713,30.899828836383552],[121.96343739233899,30.899828836383552],[121.96343739233899,30.900222129913494],[121.95998647759713,30.900222129913494],[121.95998647759713,30.899828836383552]]],[[[121.95998647759713,30.900222129913494],[121.96343739233899,30.900222129913494],[121.96343739233899,30.900615423443437],[121.95998647759713,30.900615423443437],[121.95998647759713,30.900222129913494]]],[[[121.95998647759713,30.900615423443437],[121.96343739233899,30.900615423443437],[121.96343739233899,30.90100871697338],[121.95998647759713,30.90100871697338],[121.95998647759713,30.900615423443437]]],[[[121.95998647759713,30.90100871697338],[121.96343739233899,30.90100871697338],[121.96343739233899,30.901402010503322],[121.95998647759713,30.901402010503322],[121.95998647759713,30.90100871697338]]],[[[121.9596030426258,30.901402010503322],[121.96343739233899,30.901402010503322],[121.96343739233899,30.901795304033264],[121.9596030426258,30.901795304033264],[121.9596030426258,30.901402010503322]]],[[[121.9596030426258,30.90179530403326],[121.96305395736766,30.90179530403326],[121.96305395736766,30.902188597563203],[121.9596030426258,30.902188597563203],[121.9596030426258,30.90179530403326]]],[[[121.9596030426258,30.902188597563203],[121.96305395736766,30.902188597563203],[121.96305395736766,30.902581891093146],[121.9596030426258,30.902581891093146],[121.9596030426258,30.902188597563203]]],[[[121.95921960765449,30.902581891093146],[121.96267052239635,30.902581891093146],[121.96267052239635,30.902975184623088],[121.95921960765449,30.902975184623088],[121.95921960765449,30.902581891093146]]],[[[121.95921960765449,30.902975184623088],[121.96267052239635,30.902975184623088],[121.96267052239635,30.90336847815303],[121.95921960765449,30.90336847815303],[121.95921960765449,30.902975184623088]]],[[[121.95921960765449,30.90336847815303],[121.96228708742504,30.90336847815303],[121.96228708742504,30.903761771682973],[121.95921960765449,30.903761771682973],[121.95921960765449,30.90336847815303]]],[[[121.95883617268316,30.903761771682973],[121.96228708742504,30.903761771682973],[121.96228708742504,30.904155065212915],[121.95883617268316,30.904155065212915],[121.95883617268316,30.903761771682973]]],[[[121.95845273771185,30.904155065212915],[121.96190365245371,30.904155065212915],[121.96190365245371,30.904548358742858],[121.95845273771185,30.904548358742858],[121.95845273771185,30.904155065212915]]],[[[121.95845273771185,30.904548358742858],[121.96190365245371,30.904548358742858],[121.96190365245371,30.9049416522728],[121.95845273771185,30.9049416522728],[121.95845273771185,30.904548358742858]]],[[[121.95845273771185,30.904941652272797],[121.96190365245371,30.904941652272797],[121.96190365245371,30.90533494580274],[121.95845273771185,30.90533494580274],[121.95845273771185,30.904941652272797]]],[[[121.95806930274053,30.90533494580274],[121.9615202174824,30.90533494580274],[121.9615202174824,30.90572823933268],[121.95806930274053,30.90572823933268],[121.95806930274053,30.90533494580274]]],[[[121.95806930274053,30.90572823933268],[121.9615202174824,30.90572823933268],[121.9615202174824,30.906121532862624],[121.95806930274053,30.906121532862624],[121.95806930274053,30.90572823933268]]],[[[121.95768586776921,30.906121532862624],[121.96113678251108,30.906121532862624],[121.96113678251108,30.906514826392566],[121.95768586776921,30.906514826392566],[121.95768586776921,30.906121532862624]]],[[[121.95730243279789,30.906514826392566],[121.96075334753976,30.906514826392566],[121.96075334753976,30.90690811992251],[121.95730243279789,30.90690811992251],[121.95730243279789,30.906514826392566]]],[[[121.95691899782658,30.90690811992251],[121.96036991256844,30.90690811992251],[121.96036991256844,30.90730141345245],[121.95691899782658,30.90730141345245],[121.95691899782658,30.90690811992251]]],[[[121.95653556285527,30.90730141345245],[121.96036991256844,30.90730141345245],[121.96036991256844,30.907694706982394],[121.95653556285527,30.907694706982394],[121.95653556285527,30.90730141345245]]],[[[121.95615212788394,30.90769470698239],[121.95998647759713,30.90769470698239],[121.95998647759713,30.908088000512333],[121.95615212788394,30.908088000512333],[121.95615212788394,30.90769470698239]]],[[[121.95615212788394,30.908088000512333],[121.9596030426258,30.908088000512333],[121.9596030426258,30.908481294042275],[121.95615212788394,30.908481294042275],[121.95615212788394,30.908088000512333]]],[[[121.9553852579413,30.908481294042275],[121.95921960765449,30.908481294042275],[121.95921960765449,30.908874587572218],[121.9553852579413,30.908874587572218],[121.9553852579413,30.908481294042275]]],[[[121.95576869291263,30.908874587572218],[121.95883617268316,30.908874587572218],[121.95883617268316,30.90926788110216],[121.95576869291263,30.90926788110216],[121.95576869291263,30.908874587572218]]],[[[121.95615212788394,30.90926788110216],[121.95883617268316,30.90926788110216],[121.95883617268316,30.909661174632102],[121.95615212788394,30.909661174632102],[121.95615212788394,30.90926788110216]]],[[[121.95653556285527,30.909661174632102],[121.95845273771185,30.909661174632102],[121.95845273771185,30.910054468162045],[121.95653556285527,30.910054468162045],[121.95653556285527,30.909661174632102]]],[[[121.95691899782658,30.910054468162045],[121.95768586776921,30.910054468162045],[121.95768586776921,30.910447761691987],[121.95691899782658,30.910447761691987],[121.95691899782658,30.910054468162045]]]]}},{"type":"Feature","properties":{"parcel_id":"lingang:parcel:0025","geometry_method":"road_barrier_raster_plus_buildings","functional_type":"commercial","dominant_type":"commercial","confidence":0.61,"building_count":4,"avg_building_area_m2":608,"centroid_lng":121.943411,"centroid_lat":30.933287,"parcel_area_m2":117820,"safety_clipped":true,"classification_source":"osm_tags+building_morphology+spatial_prior","synthetic_classification":true,"qc_flags":"safety_clipped"},"geometry":{"type":"MultiPolygon","coordinates":[[[[121.94886686342889,30.928539264069315],[121.94925029840022,30.928539264069315],[121.94925029840022,30.928932557599257],[121.94886686342889,30.928932557599257],[121.94886686342889,30.928539264069315]]],[[[121.95040060331416,30.928539264069315],[121.95078403828549,30.928539264069315],[121.95078403828549,30.928932557599257],[121.95040060331416,30.928932557599257],[121.95040060331416,30.928539264069315]]],[[[121.94848342845758,30.928932557599257],[121.94925029840022,30.928932557599257],[121.94925029840022,30.9293258511292],[121.94848342845758,30.9293258511292],[121.94848342845758,30.928932557599257]]],[[[121.95040060331416,30.928932557599257],[121.9511674732568,30.928932557599257],[121.9511674732568,30.9293258511292],[121.95040060331416,30.9293258511292],[121.95040060331416,30.928932557599257]]],[[[121.94848342845758,30.9293258511292],[121.94925029840022,30.9293258511292],[121.94925029840022,30.929719144659142],[121.94848342845758,30.929719144659142],[121.94848342845758,30.9293258511292]]],[[[121.95040060331416,30.9293258511292],[121.9511674732568,30.9293258511292],[121.9511674732568,30.929719144659142],[121.95040060331416,30.929719144659142],[121.95040060331416,30.9293258511292]]],[[[121.94848342845758,30.929719144659142],[121.94925029840022,30.929719144659142],[121.94925029840022,30.930112438189084],[121.94848342845758,30.930112438189084],[121.94848342845758,30.929719144659142]]],[[[121.95040060331416,30.929719144659142],[121.9511674732568,30.929719144659142],[121.9511674732568,30.930112438189084],[121.95040060331416,30.930112438189084],[121.95040060331416,30.929719144659142]]],[[[121.94886686342889,30.930112438189084],[121.94925029840022,30.930112438189084],[121.94925029840022,30.930505731719027],[121.94886686342889,30.930505731719027],[121.94886686342889,30.930112438189084]]],[[[121.95040060331416,30.930112438189084],[121.95078403828549,30.930112438189084],[121.95078403828549,30.930505731719027],[121.95040060331416,30.930505731719027],[121.95040060331416,30.930112438189084]]],[[[121.93276259463353,30.94741735350653],[121.93352946457617,30.94741735350653],[121.93352946457617,30.947810647036473],[121.93276259463353,30.947810647036473],[121.93276259463353,30.94741735350653]]],[[[121.94809999348625,30.94741735350653],[121.94925029840022,30.94741735350653],[121.94925029840022,30.947810647036473],[121.94809999348625,30.947810647036473],[121.94809999348625,30.94741735350653]]],[[[121.93276259463353,30.947810647036473],[121.93314602960484,30.947810647036473],[121.93314602960484,30.948203940566415],[121.93276259463353,30.948203940566415],[121.93276259463353,30.947810647036473]]],[[[121.94771655851494,30.947810647036473],[121.94963373337153,30.947810647036473],[121.94963373337153,30.948203940566415],[121.94771655851494,30.948203940566415],[121.94771655851494,30.947810647036473]]],[[[121.94925029840022,30.948203940566415],[121.95001716834285,30.948203940566415],[121.95001716834285,30.948597234096358],[121.94925029840022,30.948597234096358],[121.94925029840022,30.948203940566415]]],[[[121.94925029840022,30.948597234096358],[121.95001716834285,30.948597234096358],[121.95001716834285,30.9489905276263],[121.94925029840022,30.9489905276263],[121.94925029840022,30.948597234096358]]],[[[121.94925029840022,30.9489905276263],[121.95001716834285,30.9489905276263],[121.95001716834285,30.949383821156243],[121.94925029840022,30.949383821156243],[121.94925029840022,30.9489905276263]]],[[[121.94771655851494,30.94938382115624],[121.94963373337153,30.94938382115624],[121.94963373337153,30.94977711468618],[121.94771655851494,30.94977711468618],[121.94771655851494,30.94938382115624]]],[[[121.94809999348625,30.94977711468618],[121.94925029840022,30.94977711468618],[121.94925029840022,30.950170408216124],[121.94809999348625,30.950170408216124],[121.94809999348625,30.94977711468618]]],[[[121.94158159897384,30.93168561230885],[121.94234846891648,30.93168561230885],[121.94234846891648,30.932078905838793],[121.94158159897384,30.932078905838793],[121.94158159897384,30.93168561230885]]],[[[121.94388220880175,30.93168561230885],[121.94426564377308,30.93168561230885],[121.94426564377308,30.932078905838793],[121.94388220880175,30.932078905838793],[121.94388220880175,30.93168561230885]]],[[[121.94158159897384,30.93129231877891],[121.94234846891648,30.93129231877891],[121.94234846891648,30.931685612308854],[121.94158159897384,30.931685612308854],[121.94158159897384,30.93129231877891]]],[[[121.94388220880175,30.93129231877891],[121.94426564377308,30.93129231877891],[121.94426564377308,30.931685612308854],[121.94388220880175,30.931685612308854],[121.94388220880175,30.93129231877891]]],[[[121.94158159897384,30.93089902524897],[121.94234846891648,30.93089902524897],[121.94234846891648,30.93129231877891],[121.94158159897384,30.93129231877891],[121.94158159897384,30.93089902524897]]],[[[121.94388220880175,30.93089902524897],[121.94426564377308,30.93089902524897],[121.94426564377308,30.93129231877891],[121.94388220880175,30.93129231877891],[121.94388220880175,30.93089902524897]]],[[[121.94196503394517,30.932078905838793],[121.94234846891648,30.932078905838793],[121.94234846891648,30.932472199368735],[121.94196503394517,30.932472199368735],[121.94196503394517,30.932078905838793]]],[[[121.94196503394517,30.930505731719027],[121.94234846891648,30.930505731719027],[121.94234846891648,30.93089902524897],[121.94196503394517,30.93089902524897],[121.94196503394517,30.930505731719027]]],[[[121.93276259463353,30.946237472916707],[121.93314602960484,30.946237472916707],[121.93314602960484,30.94663076644665],[121.93276259463353,30.94663076644665],[121.93276259463353,30.946237472916707]]],[[[121.93276259463353,30.946630766446646],[121.93352946457617,30.946630766446646],[121.93352946457617,30.947024059976588],[121.93276259463353,30.947024059976588],[121.93276259463353,30.946630766446646]]],[[[121.93276259463353,30.947024059976588],[121.93352946457617,30.947024059976588],[121.93352946457617,30.94741735350653],[121.93276259463353,30.94741735350653],[121.93276259463353,30.947024059976588]]],[[[121.93276259463353,30.938764895847807],[121.93314602960484,30.938764895847807],[121.93314602960484,30.93915818937775],[121.93276259463353,30.93915818937775],[121.93276259463353,30.938764895847807]]],[[[121.93276259463353,30.93915818937775],[121.93352946457617,30.93915818937775],[121.93352946457617,30.939551482907692],[121.93276259463353,30.939551482907692],[121.93276259463353,30.93915818937775]]],[[[121.93276259463353,30.939551482907692],[121.93352946457617,30.939551482907692],[121.93352946457617,30.939944776437635],[121.93276259463353,30.939944776437635],[121.93276259463353,30.939551482907692]]],[[[121.93276259463353,30.939944776437635],[121.93352946457617,30.939944776437635],[121.93352946457617,30.940338069967577],[121.93276259463353,30.940338069967577],[121.93276259463353,30.939944776437635]]],[[[121.93276259463353,30.940338069967577],[121.93314602960484,30.940338069967577],[121.93314602960484,30.94073136349752],[121.93276259463353,30.94073136349752],[121.93276259463353,30.940338069967577]]],[[[121.93774724926067,30.921853274060304],[121.93813068423198,30.921853274060304],[121.93813068423198,30.922246567590246],[121.93774724926067,30.922246567590246],[121.93774724926067,30.921853274060304]]],[[[121.93276259463353,30.923819741710012],[121.93314602960484,30.923819741710012],[121.93314602960484,30.924213035239955],[121.93276259463353,30.924213035239955],[121.93276259463353,30.923819741710012]]],[[[121.93276259463353,30.92342644818007],[121.93352946457617,30.92342644818007],[121.93352946457617,30.923819741710012],[121.93276259463353,30.923819741710012],[121.93276259463353,30.92342644818007]]],[[[121.93276259463353,30.923033154650128],[121.93352946457617,30.923033154650128],[121.93352946457617,30.92342644818007],[121.93276259463353,30.92342644818007],[121.93276259463353,30.923033154650128]]],[[[121.93276259463353,30.922639861120185],[121.93352946457617,30.922639861120185],[121.93352946457617,30.923033154650128],[121.93276259463353,30.923033154650128],[121.93276259463353,30.922639861120185]]],[[[121.93276259463353,30.922246567590246],[121.93314602960484,30.922246567590246],[121.93314602960484,30.92263986112019],[121.93276259463353,30.92263986112019],[121.93276259463353,30.922246567590246]]]]}},{"type":"Feature","properties":{"parcel_id":"lingang:parcel:0026","geometry_method":"road_barrier_raster_plus_buildings","functional_type":"residential","dominant_type":"residential","confidence":1,"building_count":3,"avg_building_area_m2":608,"centroid_lng":121.888656,"centroid_lat":30.93496,"parcel_area_m2":25475,"safety_clipped":true,"classification_source":"osm_tags+building_morphology+spatial_prior","synthetic_classification":true,"qc_flags":"safety_clipped"},"geometry":{"type":"MultiPolygon","coordinates":[[[[121.86681177956677,30.936405134668156],[121.8671952145381,30.936405134668156],[121.8671952145381,30.9367984281981],[121.86681177956677,30.9367984281981],[121.86681177956677,30.936405134668156]]],[[[121.88751726801797,30.936405134668156],[121.88790070298928,30.936405134668156],[121.88790070298928,30.9367984281981],[121.88751726801797,30.9367984281981],[121.88751726801797,30.936405134668156]]],[[[121.86681177956677,30.9367984281981],[121.86757864950941,30.9367984281981],[121.86757864950941,30.93719172172804],[121.86681177956677,30.93719172172804],[121.86681177956677,30.9367984281981]]],[[[121.86681177956677,30.93719172172804],[121.86757864950941,30.93719172172804],[121.86757864950941,30.937585015257984],[121.86681177956677,30.937585015257984],[121.86681177956677,30.93719172172804]]],[[[121.86681177956677,30.93758501525798],[121.86757864950941,30.93758501525798],[121.86757864950941,30.937978308787923],[121.86681177956677,30.937978308787923],[121.86681177956677,30.93758501525798]]],[[[121.88751726801797,30.93758501525798],[121.88790070298928,30.93758501525798],[121.88790070298928,30.937978308787923],[121.88751726801797,30.937978308787923],[121.88751726801797,30.93758501525798]]],[[[121.86681177956677,30.937978308787923],[121.8671952145381,30.937978308787923],[121.8671952145381,30.938371602317865],[121.86681177956677,30.938371602317865],[121.86681177956677,30.937978308787923]]],[[[121.88751726801797,30.937978308787923],[121.88790070298928,30.937978308787923],[121.88790070298928,30.938371602317865],[121.88751726801797,30.938371602317865],[121.88751726801797,30.937978308787923]]],[[[121.88713383304665,30.930112438189084],[121.88751726801797,30.930112438189084],[121.88751726801797,30.930505731719027],[121.88713383304665,30.930505731719027],[121.88713383304665,30.930112438189084]]],[[[121.88713383304665,30.930505731719027],[121.88751726801797,30.930505731719027],[121.88751726801797,30.93089902524897],[121.88713383304665,30.93089902524897],[121.88713383304665,30.930505731719027]]],[[[121.88751726801797,30.93561854760827],[121.88790070298928,30.93561854760827],[121.88790070298928,30.936011841138214],[121.88751726801797,30.936011841138214],[121.88751726801797,30.93561854760827]]],[[[121.88751726801797,30.936011841138214],[121.88790070298928,30.936011841138214],[121.88790070298928,30.936405134668156],[121.88751726801797,30.936405134668156],[121.88751726801797,30.936011841138214]]],[[[121.88751726801797,30.938371602317865],[121.88790070298928,30.938371602317865],[121.88790070298928,30.938764895847807],[121.88751726801797,30.938764895847807],[121.88751726801797,30.938371602317865]]]]}},{"type":"Feature","properties":{"parcel_id":"lingang:parcel:0027","geometry_method":"road_barrier_raster_plus_buildings","functional_type":"residential","dominant_type":"residential","confidence":1,"building_count":1,"avg_building_area_m2":608,"centroid_lng":121.88649,"centroid_lat":30.914218,"parcel_area_m2":708511,"safety_clipped":false,"classification_source":"osm_tags+building_morphology+spatial_prior","synthetic_classification":true,"qc_flags":""},"geometry":{"type":"MultiPolygon","coordinates":[[[[121.87793139373501,30.89864895579373],[121.8840663532761,30.89864895579373],[121.8840663532761,30.89904224932367],[121.87793139373501,30.89904224932367],[121.87793139373501,30.89864895579373]]],[[[121.87831482870632,30.899042249323667],[121.88444978824742,30.899042249323667],[121.88444978824742,30.89943554285361],[121.87831482870632,30.89943554285361],[121.87831482870632,30.899042249323667]]],[[[121.87869826367765,30.89943554285361],[121.88483322321873,30.89943554285361],[121.88483322321873,30.899828836383552],[121.87869826367765,30.899828836383552],[121.87869826367765,30.89943554285361]]],[[[121.87908169864896,30.899828836383552],[121.88483322321873,30.899828836383552],[121.88483322321873,30.900222129913494],[121.87908169864896,30.900222129913494],[121.87908169864896,30.899828836383552]]],[[[121.87946513362029,30.900222129913494],[121.88521665819006,30.900222129913494],[121.88521665819006,30.900615423443437],[121.87946513362029,30.900615423443437],[121.87946513362029,30.900222129913494]]],[[[121.8798485685916,30.900615423443437],[121.88521665819006,30.900615423443437],[121.88521665819006,30.90100871697338],[121.8798485685916,30.90100871697338],[121.8798485685916,30.900615423443437]]],[[[121.88023200356292,30.90100871697338],[121.88560009316137,30.90100871697338],[121.88560009316137,30.901402010503322],[121.88023200356292,30.901402010503322],[121.88023200356292,30.90100871697338]]],[[[121.88061543853424,30.901402010503322],[121.88560009316137,30.901402010503322],[121.88560009316137,30.901795304033264],[121.88061543853424,30.901795304033264],[121.88061543853424,30.901402010503322]]],[[[121.88099887350556,30.90179530403326],[121.8859835281327,30.90179530403326],[121.8859835281327,30.902188597563203],[121.88099887350556,30.902188597563203],[121.88099887350556,30.90179530403326]]],[[[121.88138230847687,30.902188597563203],[121.8859835281327,30.902188597563203],[121.8859835281327,30.902581891093146],[121.88138230847687,30.902581891093146],[121.88138230847687,30.902188597563203]]],[[[121.88138230847687,30.902581891093146],[121.8859835281327,30.902581891093146],[121.8859835281327,30.902975184623088],[121.88138230847687,30.902975184623088],[121.88138230847687,30.902581891093146]]],[[[121.8817657434482,30.902975184623088],[121.88636696310401,30.902975184623088],[121.88636696310401,30.90336847815303],[121.8817657434482,30.90336847815303],[121.8817657434482,30.902975184623088]]],[[[121.88214917841951,30.90336847815303],[121.88675039807534,30.90336847815303],[121.88675039807534,30.903761771682973],[121.88214917841951,30.903761771682973],[121.88214917841951,30.90336847815303]]],[[[121.88253261339082,30.903761771682973],[121.88675039807534,30.903761771682973],[121.88675039807534,30.904155065212915],[121.88253261339082,30.904155065212915],[121.88253261339082,30.903761771682973]]],[[[121.88291604836215,30.904155065212915],[121.88713383304665,30.904155065212915],[121.88713383304665,30.904548358742858],[121.88291604836215,30.904548358742858],[121.88291604836215,30.904155065212915]]],[[[121.88329948333346,30.904548358742858],[121.88751726801797,30.904548358742858],[121.88751726801797,30.9049416522728],[121.88329948333346,30.9049416522728],[121.88329948333346,30.904548358742858]]],[[[121.88329948333346,30.904941652272797],[121.88751726801797,30.904941652272797],[121.88751726801797,30.90533494580274],[121.88329948333346,30.90533494580274],[121.88329948333346,30.904941652272797]]],[[[121.88368291830479,30.90533494580274],[121.88790070298928,30.90533494580274],[121.88790070298928,30.90572823933268],[121.88368291830479,30.90572823933268],[121.88368291830479,30.90533494580274]]],[[[121.8840663532761,30.90572823933268],[121.8882841379606,30.90572823933268],[121.8882841379606,30.906121532862624],[121.8840663532761,30.906121532862624],[121.8840663532761,30.90572823933268]]],[[[121.8840663532761,30.906121532862624],[121.8882841379606,30.906121532862624],[121.8882841379606,30.906514826392566],[121.8840663532761,30.906514826392566],[121.8840663532761,30.906121532862624]]],[[[121.88444978824742,30.906514826392566],[121.88866757293192,30.906514826392566],[121.88866757293192,30.90690811992251],[121.88444978824742,30.90690811992251],[121.88444978824742,30.906514826392566]]],[[[121.88483322321873,30.90690811992251],[121.88866757293192,30.90690811992251],[121.88866757293192,30.90730141345245],[121.88483322321873,30.90730141345245],[121.88483322321873,30.90690811992251]]],[[[121.88483322321873,30.90730141345245],[121.88866757293192,30.90730141345245],[121.88866757293192,30.907694706982394],[121.88483322321873,30.907694706982394],[121.88483322321873,30.90730141345245]]],[[[121.88483322321873,30.90769470698239],[121.88905100790323,30.90769470698239],[121.88905100790323,30.908088000512333],[121.88483322321873,30.908088000512333],[121.88483322321873,30.90769470698239]]],[[[121.88521665819006,30.908088000512333],[121.88905100790323,30.908088000512333],[121.88905100790323,30.908481294042275],[121.88521665819006,30.908481294042275],[121.88521665819006,30.908088000512333]]],[[[121.88521665819006,30.908481294042275],[121.88905100790323,30.908481294042275],[121.88905100790323,30.908874587572218],[121.88521665819006,30.908874587572218],[121.88521665819006,30.908481294042275]]],[[[121.88560009316137,30.908874587572218],[121.88905100790323,30.908874587572218],[121.88905100790323,30.90926788110216],[121.88560009316137,30.90926788110216],[121.88560009316137,30.908874587572218]]],[[[121.88560009316137,30.90926788110216],[121.88943444287456,30.90926788110216],[121.88943444287456,30.909661174632102],[121.88560009316137,30.909661174632102],[121.88560009316137,30.90926788110216]]],[[[121.8859835281327,30.909661174632102],[121.88943444287456,30.909661174632102],[121.88943444287456,30.910054468162045],[121.8859835281327,30.910054468162045],[121.8859835281327,30.909661174632102]]],[[[121.8859835281327,30.910054468162045],[121.88943444287456,30.910054468162045],[121.88943444287456,30.910447761691987],[121.8859835281327,30.910447761691987],[121.8859835281327,30.910054468162045]]],[[[121.88636696310401,30.910447761691987],[121.88981787784587,30.910447761691987],[121.88981787784587,30.91084105522193],[121.88636696310401,30.91084105522193],[121.88636696310401,30.910447761691987]]],[[[121.88636696310401,30.910841055221926],[121.88981787784587,30.910841055221926],[121.88981787784587,30.91123434875187],[121.88636696310401,30.91123434875187],[121.88636696310401,30.910841055221926]]],[[[121.88675039807534,30.91123434875187],[121.8902013128172,30.91123434875187],[121.8902013128172,30.91162764228181],[121.88675039807534,30.91162764228181],[121.88675039807534,30.91123434875187]]],[[[121.88675039807534,30.91162764228181],[121.8902013128172,30.91162764228181],[121.8902013128172,30.912020935811753],[121.88675039807534,30.912020935811753],[121.88675039807534,30.91162764228181]]],[[[121.88675039807534,30.912020935811753],[121.8902013128172,30.912020935811753],[121.8902013128172,30.912414229341696],[121.88675039807534,30.912414229341696],[121.88675039807534,30.912020935811753]]],[[[121.88713383304665,30.912414229341696],[121.89058474778851,30.912414229341696],[121.89058474778851,30.91280752287164],[121.88713383304665,30.91280752287164],[121.88713383304665,30.912414229341696]]],[[[121.88713383304665,30.91280752287164],[121.89058474778851,30.91280752287164],[121.89058474778851,30.91320081640158],[121.88713383304665,30.91320081640158],[121.88713383304665,30.91280752287164]]],[[[121.88713383304665,30.91320081640158],[121.89058474778851,30.91320081640158],[121.89058474778851,30.913594109931523],[121.88713383304665,30.913594109931523],[121.88713383304665,30.91320081640158]]],[[[121.88751726801797,30.913594109931523],[121.89058474778851,30.913594109931523],[121.89058474778851,30.913987403461466],[121.88751726801797,30.913987403461466],[121.88751726801797,30.913594109931523]]],[[[121.88751726801797,30.913987403461462],[121.88981787784587,30.913987403461462],[121.88981787784587,30.914380696991405],[121.88751726801797,30.914380696991405],[121.88751726801797,30.913987403461462]]],[[[121.88751726801797,30.914380696991405],[121.88866757293192,30.914380696991405],[121.88866757293192,30.914773990521347],[121.88751726801797,30.914773990521347],[121.88751726801797,30.914380696991405]]]]}},{"type":"Feature","properties":{"parcel_id":"lingang:parcel:0028","geometry_method":"road_barrier_raster_plus_buildings","functional_type":"residential","dominant_type":"residential","confidence":1,"building_count":1,"avg_building_area_m2":608,"centroid_lng":121.886334,"centroid_lat":30.897671,"parcel_area_m2":569993,"safety_clipped":false,"classification_source":"osm_tags+building_morphology+spatial_prior","synthetic_classification":true,"qc_flags":""},"geometry":{"type":"MultiPolygon","coordinates":[[[[121.8859835281327,30.89864895579373],[121.89671970732961,30.89864895579373],[121.89671970732961,30.89904224932367],[121.8859835281327,30.89904224932367],[121.8859835281327,30.89864895579373]]],[[[121.8859835281327,30.899042249323667],[121.89671970732961,30.899042249323667],[121.89671970732961,30.89943554285361],[121.8859835281327,30.89943554285361],[121.8859835281327,30.899042249323667]]],[[[121.88636696310401,30.89943554285361],[121.89671970732961,30.89943554285361],[121.89671970732961,30.899828836383552],[121.88636696310401,30.899828836383552],[121.88636696310401,30.89943554285361]]],[[[121.88636696310401,30.899828836383552],[121.89671970732961,30.899828836383552],[121.89671970732961,30.900222129913494],[121.88636696310401,30.900222129913494],[121.88636696310401,30.899828836383552]]],[[[121.88675039807534,30.900222129913494],[121.89633627235828,30.900222129913494],[121.89633627235828,30.900615423443437],[121.88675039807534,30.900615423443437],[121.88675039807534,30.900222129913494]]],[[[121.88675039807534,30.900615423443437],[121.89633627235828,30.900615423443437],[121.89633627235828,30.90100871697338],[121.88675039807534,30.90100871697338],[121.88675039807534,30.900615423443437]]],[[[121.88713383304665,30.90100871697338],[121.89633627235828,30.90100871697338],[121.89633627235828,30.901402010503322],[121.88713383304665,30.901402010503322],[121.88713383304665,30.90100871697338]]],[[[121.88713383304665,30.901402010503322],[121.89633627235828,30.901402010503322],[121.89633627235828,30.901795304033264],[121.88713383304665,30.901795304033264],[121.88713383304665,30.901402010503322]]],[[[121.88751726801797,30.90179530403326],[121.89633627235828,30.90179530403326],[121.89633627235828,30.902188597563203],[121.88751726801797,30.902188597563203],[121.88751726801797,30.90179530403326]]],[[[121.88751726801797,30.902188597563203],[121.89633627235828,30.902188597563203],[121.89633627235828,30.902581891093146],[121.88751726801797,30.902581891093146],[121.88751726801797,30.902188597563203]]],[[[121.88790070298928,30.902581891093146],[121.89633627235828,30.902581891093146],[121.89633627235828,30.902975184623088],[121.88790070298928,30.902975184623088],[121.88790070298928,30.902581891093146]]],[[[121.8882841379606,30.902975184623088],[121.89633627235828,30.902975184623088],[121.89633627235828,30.90336847815303],[121.8882841379606,30.90336847815303],[121.8882841379606,30.902975184623088]]],[[[121.8882841379606,30.90336847815303],[121.89633627235828,30.90336847815303],[121.89633627235828,30.903761771682973],[121.8882841379606,30.903761771682973],[121.8882841379606,30.90336847815303]]],[[[121.88866757293192,30.903761771682973],[121.89633627235828,30.903761771682973],[121.89633627235828,30.904155065212915],[121.88866757293192,30.904155065212915],[121.88866757293192,30.903761771682973]]],[[[121.88905100790323,30.904155065212915],[121.89671970732961,30.904155065212915],[121.89671970732961,30.904548358742858],[121.88905100790323,30.904548358742858],[121.88905100790323,30.904155065212915]]]]}},{"type":"Feature","properties":{"parcel_id":"lingang:parcel:0029","geometry_method":"road_barrier_raster_plus_buildings","functional_type":"commercial","dominant_type":"commercial","confidence":0.92,"building_count":2,"avg_building_area_m2":608,"centroid_lng":121.902098,"centroid_lat":30.898233,"parcel_area_m2":127373,"safety_clipped":false,"classification_source":"osm_tags+building_morphology+spatial_prior","synthetic_classification":true,"qc_flags":""},"geometry":{"type":"MultiPolygon","coordinates":[[[[121.89825344721488,30.89864895579373],[121.90592214664125,30.89864895579373],[121.90592214664125,30.89904224932367],[121.89825344721488,30.89904224932367],[121.89825344721488,30.89864895579373]]],[[[121.89825344721488,30.899042249323667],[121.90592214664125,30.899042249323667],[121.90592214664125,30.89943554285361],[121.89825344721488,30.89943554285361],[121.89825344721488,30.899042249323667]]],[[[121.89825344721488,30.89943554285361],[121.90592214664125,30.89943554285361],[121.90592214664125,30.899828836383552],[121.89825344721488,30.899828836383552],[121.89825344721488,30.89943554285361]]],[[[121.89825344721488,30.899828836383552],[121.90592214664125,30.899828836383552],[121.90592214664125,30.900222129913494],[121.89825344721488,30.900222129913494],[121.89825344721488,30.899828836383552]]]]}},{"type":"Feature","properties":{"parcel_id":"lingang:parcel:0030","geometry_method":"road_barrier_raster_plus_buildings","functional_type":"residential","dominant_type":"residential","confidence":0.81,"building_count":1,"avg_building_area_m2":608,"centroid_lng":121.908037,"centroid_lat":30.897688,"parcel_area_m2":133741,"safety_clipped":false,"classification_source":"osm_tags+building_morphology+spatial_prior","synthetic_classification":true,"qc_flags":""},"geometry":{"type":"MultiPolygon","coordinates":[[[[121.90745588652652,30.89864895579373],[121.91550802092421,30.89864895579373],[121.91550802092421,30.89904224932367],[121.90745588652652,30.89904224932367],[121.90745588652652,30.89864895579373]]],[[[121.90745588652652,30.899042249323667],[121.91550802092421,30.899042249323667],[121.91550802092421,30.89943554285361],[121.90745588652652,30.89943554285361],[121.90745588652652,30.899042249323667]]],[[[121.90745588652652,30.89943554285361],[121.91550802092421,30.89943554285361],[121.91550802092421,30.899828836383552],[121.90745588652652,30.899828836383552],[121.90745588652652,30.89943554285361]]],[[[121.90745588652652,30.899828836383552],[121.91550802092421,30.899828836383552],[121.91550802092421,30.900222129913494],[121.90745588652652,30.900222129913494],[121.90745588652652,30.899828836383552]]]]}},{"type":"Feature","properties":{"parcel_id":"lingang:parcel:0031","geometry_method":"road_barrier_raster_plus_buildings","functional_type":"residential","dominant_type":"residential","confidence":1,"building_count":3,"avg_building_area_m2":608,"centroid_lng":121.921889,"centroid_lat":30.907333,"parcel_area_m2":407593,"safety_clipped":false,"classification_source":"osm_tags+building_morphology+spatial_prior","synthetic_classification":true,"qc_flags":""},"geometry":{"type":"MultiPolygon","coordinates":[[[[121.9178086307521,30.89864895579373],[121.9216429804653,30.89864895579373],[121.9216429804653,30.89904224932367],[121.9178086307521,30.89904224932367],[121.9178086307521,30.89864895579373]]],[[[121.9178086307521,30.899042249323667],[121.9216429804653,30.899042249323667],[121.9216429804653,30.89943554285361],[121.9178086307521,30.89943554285361],[121.9178086307521,30.899042249323667]]],[[[121.91819206572343,30.89943554285361],[121.9216429804653,30.89943554285361],[121.9216429804653,30.899828836383552],[121.91819206572343,30.899828836383552],[121.91819206572343,30.89943554285361]]],[[[121.91819206572343,30.899828836383552],[121.9216429804653,30.899828836383552],[121.9216429804653,30.900222129913494],[121.91819206572343,30.900222129913494],[121.91819206572343,30.899828836383552]]],[[[121.91819206572343,30.900222129913494],[121.9216429804653,30.900222129913494],[121.9216429804653,30.900615423443437],[121.91819206572343,30.900615423443437],[121.91819206572343,30.900222129913494]]],[[[121.91819206572343,30.900615423443437],[121.9216429804653,30.900615423443437],[121.9216429804653,30.90100871697338],[121.91819206572343,30.90100871697338],[121.91819206572343,30.900615423443437]]],[[[121.91819206572343,30.90100871697338],[121.92202641543662,30.90100871697338],[121.92202641543662,30.901402010503322],[121.91819206572343,30.901402010503322],[121.91819206572343,30.90100871697338]]],[[[121.91857550069474,30.901402010503322],[121.92202641543662,30.901402010503322],[121.92202641543662,30.901795304033264],[121.91857550069474,30.901795304033264],[121.91857550069474,30.901402010503322]]],[[[121.91857550069474,30.90179530403326],[121.92202641543662,30.90179530403326],[121.92202641543662,30.902188597563203],[121.91857550069474,30.902188597563203],[121.91857550069474,30.90179530403326]]],[[[121.91895893566607,30.902188597563203],[121.92202641543662,30.902188597563203],[121.92202641543662,30.902581891093146],[121.91895893566607,30.902581891093146],[121.91895893566607,30.902188597563203]]],[[[121.91895893566607,30.902581891093146],[121.92240985040793,30.902581891093146],[121.92240985040793,30.902975184623088],[121.91895893566607,30.902975184623088],[121.91895893566607,30.902581891093146]]],[[[121.91895893566607,30.902975184623088],[121.92240985040793,30.902975184623088],[121.92240985040793,30.90336847815303],[121.91895893566607,30.90336847815303],[121.91895893566607,30.902975184623088]]],[[[121.91934237063738,30.90336847815303],[121.92279328537924,30.90336847815303],[121.92279328537924,30.903761771682973],[121.91934237063738,30.903761771682973],[121.91934237063738,30.90336847815303]]],[[[121.91934237063738,30.903761771682973],[121.92279328537924,30.903761771682973],[121.92279328537924,30.904155065212915],[121.91934237063738,30.904155065212915],[121.91934237063738,30.903761771682973]]],[[[121.9197258056087,30.904155065212915],[121.92317672035057,30.904155065212915],[121.92317672035057,30.904548358742858],[121.9197258056087,30.904548358742858],[121.9197258056087,30.904155065212915]]],[[[121.9197258056087,30.904548358742858],[121.92356015532188,30.904548358742858],[121.92356015532188,30.9049416522728],[121.9197258056087,30.9049416522728],[121.9197258056087,30.904548358742858]]],[[[121.92010924058002,30.904941652272797],[121.92356015532188,30.904941652272797],[121.92356015532188,30.90533494580274],[121.92010924058002,30.90533494580274],[121.92010924058002,30.904941652272797]]],[[[121.92010924058002,30.90533494580274],[121.92356015532188,30.90533494580274],[121.92356015532188,30.90572823933268],[121.92010924058002,30.90572823933268],[121.92010924058002,30.90533494580274]]],[[[121.92010924058002,30.90572823933268],[121.9239435902932,30.90572823933268],[121.9239435902932,30.906121532862624],[121.92010924058002,30.906121532862624],[121.92010924058002,30.90572823933268]]],[[[121.92049267555134,30.906121532862624],[121.92432702526452,30.906121532862624],[121.92432702526452,30.906514826392566],[121.92049267555134,30.906514826392566],[121.92049267555134,30.906121532862624]]],[[[121.92087611052266,30.906514826392566],[121.92471046023584,30.906514826392566],[121.92471046023584,30.90690811992251],[121.92087611052266,30.90690811992251],[121.92087611052266,30.906514826392566]]],[[[121.92125954549398,30.90690811992251],[121.92471046023584,30.90690811992251],[121.92471046023584,30.90730141345245],[121.92125954549398,30.90730141345245],[121.92125954549398,30.90690811992251]]],[[[121.92125954549398,30.90730141345245],[121.92509389520716,30.90730141345245],[121.92509389520716,30.907694706982394],[121.92125954549398,30.907694706982394],[121.92125954549398,30.90730141345245]]],[[[121.9216429804653,30.90769470698239],[121.92547733017848,30.90769470698239],[121.92547733017848,30.908088000512333],[121.9216429804653,30.908088000512333],[121.9216429804653,30.90769470698239]]],[[[121.92202641543662,30.908088000512333],[121.92586076514979,30.908088000512333],[121.92586076514979,30.908481294042275],[121.92202641543662,30.908481294042275],[121.92202641543662,30.908088000512333]]],[[[121.92240985040793,30.908481294042275],[121.92586076514979,30.908481294042275],[121.92586076514979,30.908874587572218],[121.92240985040793,30.908874587572218],[121.92240985040793,30.908481294042275]]],[[[121.92279328537924,30.908874587572218],[121.92547733017848,30.908874587572218],[121.92547733017848,30.90926788110216],[121.92279328537924,30.90926788110216],[121.92279328537924,30.908874587572218]]],[[[121.92317672035057,30.90926788110216],[121.92471046023584,30.90926788110216],[121.92471046023584,30.909661174632102],[121.92317672035057,30.909661174632102],[121.92317672035057,30.90926788110216]]],[[[121.92356015532188,30.909661174632102],[121.92432702526452,30.909661174632102],[121.92432702526452,30.910054468162045],[121.92356015532188,30.910054468162045],[121.92356015532188,30.909661174632102]]]]}},{"type":"Feature","properties":{"parcel_id":"lingang:parcel:0032","geometry_method":"road_barrier_raster_plus_buildings","functional_type":"mixed","dominant_type":"residential","confidence":0.54,"building_count":2,"avg_building_area_m2":608,"centroid_lng":121.906012,"centroid_lat":30.905321,"parcel_area_m2":262706,"safety_clipped":false,"classification_source":"osm_tags+building_morphology+spatial_prior","synthetic_classification":true,"qc_flags":"low_confidence"},"geometry":{"type":"MultiPolygon","coordinates":[[[[121.89787001224356,30.901402010503322],[121.90592214664125,30.901402010503322],[121.90592214664125,30.901795304033264],[121.89787001224356,30.901795304033264],[121.89787001224356,30.901402010503322]]],[[[121.89787001224356,30.90179530403326],[121.90592214664125,30.90179530403326],[121.90592214664125,30.902188597563203],[121.89787001224356,30.902188597563203],[121.89787001224356,30.90179530403326]]],[[[121.89787001224356,30.902188597563203],[121.90592214664125,30.902188597563203],[121.90592214664125,30.902581891093146],[121.89787001224356,30.902581891093146],[121.89787001224356,30.902188597563203]]],[[[121.89787001224356,30.902581891093146],[121.90592214664125,30.902581891093146],[121.90592214664125,30.902975184623088],[121.89787001224356,30.902975184623088],[121.89787001224356,30.902581891093146]]],[[[121.89787001224356,30.902975184623088],[121.90592214664125,30.902975184623088],[121.90592214664125,30.90336847815303],[121.89787001224356,30.90336847815303],[121.89787001224356,30.902975184623088]]],[[[121.89825344721488,30.90336847815303],[121.90592214664125,30.90336847815303],[121.90592214664125,30.903761771682973],[121.89825344721488,30.903761771682973],[121.89825344721488,30.90336847815303]]],[[[121.89825344721488,30.903761771682973],[121.90592214664125,30.903761771682973],[121.90592214664125,30.904155065212915],[121.89825344721488,30.904155065212915],[121.89825344721488,30.903761771682973]]],[[[121.89825344721488,30.904155065212915],[121.90592214664125,30.904155065212915],[121.90592214664125,30.904548358742858],[121.89825344721488,30.904548358742858],[121.89825344721488,30.904155065212915]]]]}},{"type":"Feature","properties":{"parcel_id":"lingang:parcel:0033","geometry_method":"road_barrier_raster_plus_buildings","functional_type":"residential","dominant_type":"residential","confidence":1,"building_count":1,"avg_building_area_m2":608,"centroid_lng":121.925898,"centroid_lat":30.905185,"parcel_area_m2":6369,"safety_clipped":false,"classification_source":"osm_tags+building_morphology+spatial_prior","synthetic_classification":true,"qc_flags":""},"geometry":{"type":"MultiPolygon","coordinates":[[[[121.92662763509243,30.904548358742858],[121.92701107006376,30.904548358742858],[121.92701107006376,30.9049416522728],[121.92662763509243,30.9049416522728],[121.92662763509243,30.904548358742858]]],[[[121.92662763509243,30.904941652272797],[121.92739450503507,30.904941652272797],[121.92739450503507,30.90533494580274],[121.92662763509243,30.90533494580274],[121.92662763509243,30.904941652272797]]],[[[121.92701107006376,30.90533494580274],[121.92739450503507,30.90533494580274],[121.92739450503507,30.90572823933268],[121.92701107006376,30.90572823933268],[121.92701107006376,30.90533494580274]]]]}},{"type":"Feature","properties":{"parcel_id":"lingang:parcel:0034","geometry_method":"road_barrier_raster_plus_buildings","functional_type":"residential","dominant_type":"residential","confidence":0.81,"building_count":1,"avg_building_area_m2":608,"centroid_lng":121.891888,"centroid_lat":30.914158,"parcel_area_m2":437844,"safety_clipped":false,"classification_source":"osm_tags+building_morphology+spatial_prior","synthetic_classification":true,"qc_flags":""},"geometry":{"type":"MultiPolygon","coordinates":[[[[121.89518596744433,30.90572823933268],[121.89671970732961,30.90572823933268],[121.89671970732961,30.906121532862624],[121.89518596744433,30.906121532862624],[121.89518596744433,30.90572823933268]]],[[[121.88981787784587,30.906121532862624],[121.89671970732961,30.906121532862624],[121.89671970732961,30.906514826392566],[121.88981787784587,30.906514826392566],[121.88981787784587,30.906121532862624]]],[[[121.88981787784587,30.906514826392566],[121.89671970732961,30.906514826392566],[121.89671970732961,30.90690811992251],[121.88981787784587,30.90690811992251],[121.88981787784587,30.906514826392566]]],[[[121.8902013128172,30.90690811992251],[121.89671970732961,30.90690811992251],[121.89671970732961,30.90730141345245],[121.8902013128172,30.90730141345245],[121.8902013128172,30.90690811992251]]],[[[121.8902013128172,30.90730141345245],[121.89710314230092,30.90730141345245],[121.89710314230092,30.907694706982394],[121.8902013128172,30.907694706982394],[121.8902013128172,30.90730141345245]]],[[[121.8902013128172,30.90769470698239],[121.89710314230092,30.90769470698239],[121.89710314230092,30.908088000512333],[121.8902013128172,30.908088000512333],[121.8902013128172,30.90769470698239]]],[[[121.8902013128172,30.908088000512333],[121.89710314230092,30.908088000512333],[121.89710314230092,30.908481294042275],[121.8902013128172,30.908481294042275],[121.8902013128172,30.908088000512333]]],[[[121.89058474778851,30.908481294042275],[121.89710314230092,30.908481294042275],[121.89710314230092,30.908874587572218],[121.89058474778851,30.908874587572218],[121.89058474778851,30.908481294042275]]],[[[121.89058474778851,30.908874587572218],[121.89748657727225,30.908874587572218],[121.89748657727225,30.90926788110216],[121.89058474778851,30.90926788110216],[121.89058474778851,30.908874587572218]]],[[[121.89096818275983,30.90926788110216],[121.89748657727225,30.90926788110216],[121.89748657727225,30.909661174632102],[121.89096818275983,30.909661174632102],[121.89096818275983,30.90926788110216]]],[[[121.89096818275983,30.909661174632102],[121.89748657727225,30.909661174632102],[121.89748657727225,30.910054468162045],[121.89096818275983,30.910054468162045],[121.89096818275983,30.909661174632102]]],[[[121.89096818275983,30.910054468162045],[121.89748657727225,30.910054468162045],[121.89748657727225,30.910447761691987],[121.89096818275983,30.910447761691987],[121.89096818275983,30.910054468162045]]],[[[121.89135161773115,30.910447761691987],[121.89748657727225,30.910447761691987],[121.89748657727225,30.91084105522193],[121.89135161773115,30.91084105522193],[121.89135161773115,30.910447761691987]]],[[[121.89135161773115,30.910841055221926],[121.89787001224356,30.910841055221926],[121.89787001224356,30.91123434875187],[121.89135161773115,30.91123434875187],[121.89135161773115,30.910841055221926]]],[[[121.89135161773115,30.91123434875187],[121.89787001224356,30.91123434875187],[121.89787001224356,30.91162764228181],[121.89135161773115,30.91162764228181],[121.89135161773115,30.91123434875187]]],[[[121.89173505270247,30.91162764228181],[121.89671970732961,30.91162764228181],[121.89671970732961,30.912020935811753],[121.89173505270247,30.912020935811753],[121.89173505270247,30.91162764228181]]],[[[121.89173505270247,30.912020935811753],[121.89518596744433,30.912020935811753],[121.89518596744433,30.912414229341696],[121.89173505270247,30.912414229341696],[121.89173505270247,30.912020935811753]]],[[[121.89211848767378,30.912414229341696],[121.89365222755906,30.912414229341696],[121.89365222755906,30.91280752287164],[121.89211848767378,30.91280752287164],[121.89211848767378,30.912414229341696]]],[[[121.89211848767378,30.91280752287164],[121.89288535761642,30.91280752287164],[121.89288535761642,30.91320081640158],[121.89211848767378,30.91320081640158],[121.89211848767378,30.91280752287164]]]]}},{"type":"Feature","properties":{"parcel_id":"lingang:parcel:0035","geometry_method":"road_barrier_raster_plus_buildings","functional_type":"office","dominant_type":"office","confidence":0.89,"building_count":1,"avg_building_area_m2":608,"centroid_lng":121.866243,"centroid_lat":30.937316,"parcel_area_m2":2549046,"safety_clipped":false,"classification_source":"osm_tags+building_morphology+spatial_prior","synthetic_classification":true,"qc_flags":""},"geometry":{"type":"MultiPolygon","coordinates":[[[[121.85914308014041,30.90690811992251],[121.85952651511172,30.90690811992251],[121.85952651511172,30.90730141345245],[121.85914308014041,30.90730141345245],[121.85914308014041,30.90690811992251]]],[[[121.85914308014041,30.90730141345245],[121.85952651511172,30.90730141345245],[121.85952651511172,30.907694706982394],[121.85914308014041,30.907694706982394],[121.85914308014041,30.90730141345245]]],[[[121.85914308014041,30.90769470698239],[121.85990995008305,30.90769470698239],[121.85990995008305,30.908088000512333],[121.85914308014041,30.908088000512333],[121.85914308014041,30.90769470698239]]],[[[121.85914308014041,30.908088000512333],[121.85990995008305,30.908088000512333],[121.85990995008305,30.908481294042275],[121.85914308014041,30.908481294042275],[121.85914308014041,30.908088000512333]]],[[[121.85914308014041,30.908481294042275],[121.86029338505436,30.908481294042275],[121.86029338505436,30.908874587572218],[121.85914308014041,30.908874587572218],[121.85914308014041,30.908481294042275]]],[[[121.85914308014041,30.908874587572218],[121.86029338505436,30.908874587572218],[121.86029338505436,30.90926788110216],[121.85914308014041,30.90926788110216],[121.85914308014041,30.908874587572218]]],[[[121.85914308014041,30.90926788110216],[121.86067682002569,30.90926788110216],[121.86067682002569,30.909661174632102],[121.85914308014041,30.909661174632102],[121.85914308014041,30.90926788110216]]],[[[121.85914308014041,30.909661174632102],[121.86067682002569,30.909661174632102],[121.86067682002569,30.910054468162045],[121.85914308014041,30.910054468162045],[121.85914308014041,30.909661174632102]]],[[[121.85914308014041,30.910054468162045],[121.86067682002569,30.910054468162045],[121.86067682002569,30.910447761691987],[121.85914308014041,30.910447761691987],[121.85914308014041,30.910054468162045]]],[[[121.85914308014041,30.910447761691987],[121.861060254997,30.910447761691987],[121.861060254997,30.91084105522193],[121.85914308014041,30.91084105522193],[121.85914308014041,30.910447761691987]]],[[[121.85914308014041,30.910841055221926],[121.86144368996833,30.910841055221926],[121.86144368996833,30.91123434875187],[121.85914308014041,30.91123434875187],[121.85914308014041,30.910841055221926]]],[[[121.85914308014041,30.91123434875187],[121.86144368996833,30.91123434875187],[121.86144368996833,30.91162764228181],[121.85914308014041,30.91162764228181],[121.85914308014041,30.91123434875187]]],[[[121.85914308014041,30.91162764228181],[121.86182712493964,30.91162764228181],[121.86182712493964,30.912020935811753],[121.85914308014041,30.912020935811753],[121.85914308014041,30.91162764228181]]],[[[121.85914308014041,30.912020935811753],[121.86182712493964,30.912020935811753],[121.86182712493964,30.912414229341696],[121.85914308014041,30.912414229341696],[121.85914308014041,30.912020935811753]]],[[[121.85914308014041,30.912414229341696],[121.86182712493964,30.912414229341696],[121.86182712493964,30.91280752287164],[121.85914308014041,30.91280752287164],[121.85914308014041,30.912414229341696]]],[[[121.85914308014041,30.91280752287164],[121.86182712493964,30.91280752287164],[121.86182712493964,30.91320081640158],[121.85914308014041,30.91320081640158],[121.85914308014041,30.91280752287164]]],[[[121.85914308014041,30.91320081640158],[121.86221055991096,30.91320081640158],[121.86221055991096,30.913594109931523],[121.85914308014041,30.913594109931523],[121.85914308014041,30.91320081640158]]],[[[121.85914308014041,30.913594109931523],[121.86221055991096,30.913594109931523],[121.86221055991096,30.913987403461466],[121.85914308014041,30.913987403461466],[121.85914308014041,30.913594109931523]]],[[[121.85914308014041,30.913987403461462],[121.86259399488227,30.913987403461462],[121.86259399488227,30.914380696991405],[121.85914308014041,30.914380696991405],[121.85914308014041,30.913987403461462]]],[[[121.85914308014041,30.914380696991405],[121.86259399488227,30.914380696991405],[121.86259399488227,30.914773990521347],[121.85914308014041,30.914773990521347],[121.85914308014041,30.914380696991405]]],[[[121.85914308014041,30.914773990521347],[121.8629774298536,30.914773990521347],[121.8629774298536,30.91516728405129],[121.85914308014041,30.91516728405129],[121.85914308014041,30.914773990521347]]],[[[121.85914308014041,30.91516728405129],[121.8629774298536,30.91516728405129],[121.8629774298536,30.915560577581232],[121.85914308014041,30.915560577581232],[121.85914308014041,30.91516728405129]]],[[[121.85914308014041,30.915560577581232],[121.8629774298536,30.915560577581232],[121.8629774298536,30.915953871111174],[121.85914308014041,30.915953871111174],[121.85914308014041,30.915560577581232]]],[[[121.85914308014041,30.915953871111174],[121.8629774298536,30.915953871111174],[121.8629774298536,30.916347164641117],[121.85914308014041,30.916347164641117],[121.85914308014041,30.915953871111174]]],[[[121.85914308014041,30.916347164641117],[121.86336086482491,30.916347164641117],[121.86336086482491,30.91674045817106],[121.85914308014041,30.91674045817106],[121.85914308014041,30.916347164641117]]],[[[121.85914308014041,30.916740458171056],[121.86336086482491,30.916740458171056],[121.86336086482491,30.917133751700998],[121.85914308014041,30.917133751700998],[121.85914308014041,30.916740458171056]]],[[[121.85914308014041,30.917133751700998],[121.86336086482491,30.917133751700998],[121.86336086482491,30.91752704523094],[121.85914308014041,30.91752704523094],[121.85914308014041,30.917133751700998]]],[[[121.85914308014041,30.91752704523094],[121.86374429979624,30.91752704523094],[121.86374429979624,30.917920338760883],[121.85914308014041,30.917920338760883],[121.85914308014041,30.91752704523094]]],[[[121.85914308014041,30.917920338760883],[121.86374429979624,30.917920338760883],[121.86374429979624,30.918313632290825],[121.85914308014041,30.918313632290825],[121.85914308014041,30.917920338760883]]],[[[121.85914308014041,30.918313632290825],[121.86374429979624,30.918313632290825],[121.86374429979624,30.918706925820768],[121.85914308014041,30.918706925820768],[121.85914308014041,30.918313632290825]]],[[[121.85914308014041,30.918706925820768],[121.86412773476755,30.918706925820768],[121.86412773476755,30.91910021935071],[121.85914308014041,30.91910021935071],[121.85914308014041,30.918706925820768]]],[[[121.85914308014041,30.91910021935071],[121.86412773476755,30.91910021935071],[121.86412773476755,30.919493512880653],[121.85914308014041,30.919493512880653],[121.85914308014041,30.91910021935071]]],[[[121.85914308014041,30.919493512880653],[121.86412773476755,30.919493512880653],[121.86412773476755,30.919886806410595],[121.85914308014041,30.919886806410595],[121.85914308014041,30.919493512880653]]],[[[121.85914308014041,30.91988680641059],[121.86412773476755,30.91988680641059],[121.86412773476755,30.920280099940534],[121.85914308014041,30.920280099940534],[121.85914308014041,30.91988680641059]]],[[[121.85914308014041,30.920280099940534],[121.86412773476755,30.920280099940534],[121.86412773476755,30.920673393470476],[121.85914308014041,30.920673393470476],[121.85914308014041,30.920280099940534]]],[[[121.85914308014041,30.920673393470476],[121.86412773476755,30.920673393470476],[121.86412773476755,30.92106668700042],[121.85914308014041,30.92106668700042],[121.85914308014041,30.920673393470476]]],[[[121.85914308014041,30.92106668700042],[121.86451116973888,30.92106668700042],[121.86451116973888,30.92145998053036],[121.85914308014041,30.92145998053036],[121.85914308014041,30.92106668700042]]],[[[121.85914308014041,30.92145998053036],[121.86451116973888,30.92145998053036],[121.86451116973888,30.921853274060304],[121.85914308014041,30.921853274060304],[121.85914308014041,30.92145998053036]]],[[[121.85914308014041,30.921853274060304],[121.86489460471019,30.921853274060304],[121.86489460471019,30.922246567590246],[121.85914308014041,30.922246567590246],[121.85914308014041,30.921853274060304]]],[[[121.85914308014041,30.922246567590246],[121.86489460471019,30.922246567590246],[121.86489460471019,30.92263986112019],[121.85914308014041,30.92263986112019],[121.85914308014041,30.922246567590246]]],[[[121.85914308014041,30.922639861120185],[121.86489460471019,30.922639861120185],[121.86489460471019,30.923033154650128],[121.85914308014041,30.923033154650128],[121.85914308014041,30.922639861120185]]],[[[121.85914308014041,30.923033154650128],[121.86489460471019,30.923033154650128],[121.86489460471019,30.92342644818007],[121.85914308014041,30.92342644818007],[121.85914308014041,30.923033154650128]]],[[[121.85914308014041,30.92342644818007],[121.8652780396815,30.92342644818007],[121.8652780396815,30.923819741710012],[121.85914308014041,30.923819741710012],[121.85914308014041,30.92342644818007]]],[[[121.85914308014041,30.923819741710012],[121.8652780396815,30.923819741710012],[121.8652780396815,30.924213035239955],[121.85914308014041,30.924213035239955],[121.85914308014041,30.923819741710012]]],[[[121.85914308014041,30.924213035239955],[121.8652780396815,30.924213035239955],[121.8652780396815,30.924606328769897],[121.85914308014041,30.924606328769897],[121.85914308014041,30.924213035239955]]],[[[121.85914308014041,30.924606328769897],[121.8652780396815,30.924606328769897],[121.8652780396815,30.92499962229984],[121.85914308014041,30.92499962229984],[121.85914308014041,30.924606328769897]]],[[[121.85914308014041,30.92499962229984],[121.8652780396815,30.92499962229984],[121.8652780396815,30.925392915829782],[121.85914308014041,30.925392915829782],[121.85914308014041,30.92499962229984]]],[[[121.85914308014041,30.925392915829782],[121.86566147465282,30.925392915829782],[121.86566147465282,30.925786209359725],[121.85914308014041,30.925786209359725],[121.85914308014041,30.925392915829782]]],[[[121.85914308014041,30.92578620935972],[121.86566147465282,30.92578620935972],[121.86566147465282,30.926179502889664],[121.85914308014041,30.926179502889664],[121.85914308014041,30.92578620935972]]],[[[121.85914308014041,30.926179502889664],[121.86566147465282,30.926179502889664],[121.86566147465282,30.926572796419606],[121.85914308014041,30.926572796419606],[121.85914308014041,30.926179502889664]]],[[[121.85914308014041,30.926572796419606],[121.86566147465282,30.926572796419606],[121.86566147465282,30.92696608994955],[121.85914308014041,30.92696608994955],[121.85914308014041,30.926572796419606]]],[[[121.85914308014041,30.92696608994955],[121.86604490962414,30.92696608994955],[121.86604490962414,30.92735938347949],[121.85914308014041,30.92735938347949],[121.85914308014041,30.92696608994955]]],[[[121.85914308014041,30.92735938347949],[121.86604490962414,30.92735938347949],[121.86604490962414,30.927752677009433],[121.85914308014041,30.927752677009433],[121.85914308014041,30.92735938347949]]],[[[121.85914308014041,30.927752677009433],[121.86604490962414,30.927752677009433],[121.86604490962414,30.928145970539376],[121.85914308014041,30.928145970539376],[121.85914308014041,30.927752677009433]]],[[[121.85914308014041,30.928145970539376],[121.86642834459546,30.928145970539376],[121.86642834459546,30.928539264069318],[121.85914308014041,30.928539264069318],[121.85914308014041,30.928145970539376]]],[[[121.85914308014041,30.928539264069315],[121.86642834459546,30.928539264069315],[121.86642834459546,30.928932557599257],[121.85914308014041,30.928932557599257],[121.85914308014041,30.928539264069315]]],[[[121.85914308014041,30.928932557599257],[121.86642834459546,30.928932557599257],[121.86642834459546,30.9293258511292],[121.85914308014041,30.9293258511292],[121.85914308014041,30.928932557599257]]],[[[121.85914308014041,30.9293258511292],[121.86642834459546,30.9293258511292],[121.86642834459546,30.929719144659142],[121.85914308014041,30.929719144659142],[121.85914308014041,30.9293258511292]]],[[[121.85914308014041,30.929719144659142],[121.86642834459546,30.929719144659142],[121.86642834459546,30.930112438189084],[121.85914308014041,30.930112438189084],[121.85914308014041,30.929719144659142]]],[[[121.85914308014041,30.930112438189084],[121.86642834459546,30.930112438189084],[121.86642834459546,30.930505731719027],[121.85914308014041,30.930505731719027],[121.85914308014041,30.930112438189084]]],[[[121.85914308014041,30.930505731719027],[121.86642834459546,30.930505731719027],[121.86642834459546,30.93089902524897],[121.85914308014041,30.93089902524897],[121.85914308014041,30.930505731719027]]],[[[121.85914308014041,30.93089902524897],[121.86604490962414,30.93089902524897],[121.86604490962414,30.93129231877891],[121.85914308014041,30.93129231877891],[121.85914308014041,30.93089902524897]]],[[[121.85914308014041,30.93129231877891],[121.86604490962414,30.93129231877891],[121.86604490962414,30.931685612308854],[121.85914308014041,30.931685612308854],[121.85914308014041,30.93129231877891]]],[[[121.85914308014041,30.93168561230885],[121.86604490962414,30.93168561230885],[121.86604490962414,30.932078905838793],[121.85914308014041,30.932078905838793],[121.85914308014041,30.93168561230885]]],[[[121.85914308014041,30.932078905838793],[121.86604490962414,30.932078905838793],[121.86604490962414,30.932472199368735],[121.85914308014041,30.932472199368735],[121.85914308014041,30.932078905838793]]],[[[121.85914308014041,30.932472199368735],[121.86604490962414,30.932472199368735],[121.86604490962414,30.932865492898678],[121.85914308014041,30.932865492898678],[121.85914308014041,30.932472199368735]]],[[[121.85914308014041,30.932865492898678],[121.86604490962414,30.932865492898678],[121.86604490962414,30.93325878642862],[121.85914308014041,30.93325878642862],[121.85914308014041,30.932865492898678]]],[[[121.85914308014041,30.93325878642862],[121.86604490962414,30.93325878642862],[121.86604490962414,30.933652079958563],[121.85914308014041,30.933652079958563],[121.85914308014041,30.93325878642862]]],[[[121.85914308014041,30.933652079958563],[121.86604490962414,30.933652079958563],[121.86604490962414,30.934045373488505],[121.85914308014041,30.934045373488505],[121.85914308014041,30.933652079958563]]],[[[121.85914308014041,30.934045373488505],[121.86604490962414,30.934045373488505],[121.86604490962414,30.934438667018448],[121.85914308014041,30.934438667018448],[121.85914308014041,30.934045373488505]]],[[[121.85914308014041,30.934438667018448],[121.86604490962414,30.934438667018448],[121.86604490962414,30.93483196054839],[121.85914308014041,30.93483196054839],[121.85914308014041,30.934438667018448]]],[[[121.85914308014041,30.934831960548387],[121.86604490962414,30.934831960548387],[121.86604490962414,30.93522525407833],[121.85914308014041,30.93522525407833],[121.85914308014041,30.934831960548387]]],[[[121.85914308014041,30.93522525407833],[121.86566147465282,30.93522525407833],[121.86566147465282,30.93561854760827],[121.85914308014041,30.93561854760827],[121.85914308014041,30.93522525407833]]],[[[121.85914308014041,30.93561854760827],[121.86566147465282,30.93561854760827],[121.86566147465282,30.936011841138214],[121.85914308014041,30.936011841138214],[121.85914308014041,30.93561854760827]]],[[[121.85914308014041,30.936011841138214],[121.86566147465282,30.936011841138214],[121.86566147465282,30.936405134668156],[121.85914308014041,30.936405134668156],[121.85914308014041,30.936011841138214]]],[[[121.85914308014041,30.936405134668156],[121.86566147465282,30.936405134668156],[121.86566147465282,30.9367984281981],[121.85914308014041,30.9367984281981],[121.85914308014041,30.936405134668156]]],[[[121.85914308014041,30.9367984281981],[121.86566147465282,30.9367984281981],[121.86566147465282,30.93719172172804],[121.85914308014041,30.93719172172804],[121.85914308014041,30.9367984281981]]],[[[121.85914308014041,30.93719172172804],[121.86566147465282,30.93719172172804],[121.86566147465282,30.937585015257984],[121.85914308014041,30.937585015257984],[121.85914308014041,30.93719172172804]]],[[[121.85914308014041,30.93758501525798],[121.86566147465282,30.93758501525798],[121.86566147465282,30.937978308787923],[121.85914308014041,30.937978308787923],[121.85914308014041,30.93758501525798]]],[[[121.85914308014041,30.937978308787923],[121.86566147465282,30.937978308787923],[121.86566147465282,30.938371602317865],[121.85914308014041,30.938371602317865],[121.85914308014041,30.937978308787923]]],[[[121.85914308014041,30.938371602317865],[121.8652780396815,30.938371602317865],[121.8652780396815,30.938764895847807],[121.85914308014041,30.938764895847807],[121.85914308014041,30.938371602317865]]],[[[121.85914308014041,30.938764895847807],[121.8652780396815,30.938764895847807],[121.8652780396815,30.93915818937775],[121.85914308014041,30.93915818937775],[121.85914308014041,30.938764895847807]]],[[[121.85914308014041,30.93915818937775],[121.8652780396815,30.93915818937775],[121.8652780396815,30.939551482907692],[121.85914308014041,30.939551482907692],[121.85914308014041,30.93915818937775]]],[[[121.85914308014041,30.939551482907692],[121.8652780396815,30.939551482907692],[121.8652780396815,30.939944776437635],[121.85914308014041,30.939944776437635],[121.85914308014041,30.939551482907692]]],[[[121.85914308014041,30.939944776437635],[121.8652780396815,30.939944776437635],[121.8652780396815,30.940338069967577],[121.85914308014041,30.940338069967577],[121.85914308014041,30.939944776437635]]],[[[121.85914308014041,30.940338069967577],[121.8652780396815,30.940338069967577],[121.8652780396815,30.94073136349752],[121.85914308014041,30.94073136349752],[121.85914308014041,30.940338069967577]]],[[[121.85914308014041,30.940731363497516],[121.8652780396815,30.940731363497516],[121.8652780396815,30.94112465702746],[121.85914308014041,30.94112465702746],[121.85914308014041,30.940731363497516]]],[[[121.85914308014041,30.94112465702746],[121.8652780396815,30.94112465702746],[121.8652780396815,30.9415179505574],[121.85914308014041,30.9415179505574],[121.85914308014041,30.94112465702746]]],[[[121.85914308014041,30.9415179505574],[121.8652780396815,30.9415179505574],[121.8652780396815,30.941911244087343],[121.85914308014041,30.941911244087343],[121.85914308014041,30.9415179505574]]],[[[121.85914308014041,30.941911244087343],[121.8652780396815,30.941911244087343],[121.8652780396815,30.942304537617286],[121.85914308014041,30.942304537617286],[121.85914308014041,30.941911244087343]]],[[[121.85914308014041,30.942304537617286],[121.8652780396815,30.942304537617286],[121.8652780396815,30.94269783114723],[121.85914308014041,30.94269783114723],[121.85914308014041,30.942304537617286]]],[[[121.85914308014041,30.94269783114723],[121.8652780396815,30.94269783114723],[121.8652780396815,30.94309112467717],[121.85914308014041,30.94309112467717],[121.85914308014041,30.94269783114723]]],[[[121.85914308014041,30.94309112467717],[121.86489460471019,30.94309112467717],[121.86489460471019,30.943484418207113],[121.85914308014041,30.943484418207113],[121.85914308014041,30.94309112467717]]],[[[121.85914308014041,30.94348441820711],[121.86489460471019,30.94348441820711],[121.86489460471019,30.943877711737052],[121.85914308014041,30.943877711737052],[121.85914308014041,30.94348441820711]]],[[[121.85914308014041,30.943877711737052],[121.86489460471019,30.943877711737052],[121.86489460471019,30.944271005266994],[121.85914308014041,30.944271005266994],[121.85914308014041,30.943877711737052]]],[[[121.85914308014041,30.944271005266994],[121.86489460471019,30.944271005266994],[121.86489460471019,30.944664298796937],[121.85914308014041,30.944664298796937],[121.85914308014041,30.944271005266994]]],[[[121.85914308014041,30.944664298796937],[121.86489460471019,30.944664298796937],[121.86489460471019,30.94505759232688],[121.85914308014041,30.94505759232688],[121.85914308014041,30.944664298796937]]],[[[121.85914308014041,30.94505759232688],[121.86489460471019,30.94505759232688],[121.86489460471019,30.945450885856822],[121.85914308014041,30.945450885856822],[121.85914308014041,30.94505759232688]]],[[[121.85914308014041,30.945450885856822],[121.86489460471019,30.945450885856822],[121.86489460471019,30.945844179386764],[121.85914308014041,30.945844179386764],[121.85914308014041,30.945450885856822]]],[[[121.85914308014041,30.945844179386764],[121.86489460471019,30.945844179386764],[121.86489460471019,30.946237472916707],[121.85914308014041,30.946237472916707],[121.85914308014041,30.945844179386764]]],[[[121.85914308014041,30.946237472916707],[121.86489460471019,30.946237472916707],[121.86489460471019,30.94663076644665],[121.85914308014041,30.94663076644665],[121.85914308014041,30.946237472916707]]],[[[121.85914308014041,30.946630766446646],[121.86489460471019,30.946630766446646],[121.86489460471019,30.947024059976588],[121.85914308014041,30.947024059976588],[121.85914308014041,30.946630766446646]]],[[[121.85914308014041,30.947024059976588],[121.86489460471019,30.947024059976588],[121.86489460471019,30.94741735350653],[121.85914308014041,30.94741735350653],[121.85914308014041,30.947024059976588]]],[[[121.85914308014041,30.94741735350653],[121.86489460471019,30.94741735350653],[121.86489460471019,30.947810647036473],[121.85914308014041,30.947810647036473],[121.85914308014041,30.94741735350653]]],[[[121.85914308014041,30.947810647036473],[121.86489460471019,30.947810647036473],[121.86489460471019,30.948203940566415],[121.85914308014041,30.948203940566415],[121.85914308014041,30.947810647036473]]],[[[121.85914308014041,30.948203940566415],[121.86489460471019,30.948203940566415],[121.86489460471019,30.948597234096358],[121.85914308014041,30.948597234096358],[121.85914308014041,30.948203940566415]]],[[[121.85914308014041,30.948597234096358],[121.86489460471019,30.948597234096358],[121.86489460471019,30.9489905276263],[121.85914308014041,30.9489905276263],[121.85914308014041,30.948597234096358]]],[[[121.85914308014041,30.9489905276263],[121.86489460471019,30.9489905276263],[121.86489460471019,30.949383821156243],[121.85914308014041,30.949383821156243],[121.85914308014041,30.9489905276263]]],[[[121.85914308014041,30.94938382115624],[121.86451116973888,30.94938382115624],[121.86451116973888,30.94977711468618],[121.85914308014041,30.94977711468618],[121.85914308014041,30.94938382115624]]],[[[121.85914308014041,30.94977711468618],[121.86451116973888,30.94977711468618],[121.86451116973888,30.950170408216124],[121.85914308014041,30.950170408216124],[121.85914308014041,30.94977711468618]]],[[[121.85914308014041,30.950170408216124],[121.86451116973888,30.950170408216124],[121.86451116973888,30.950563701746066],[121.85914308014041,30.950563701746066],[121.85914308014041,30.950170408216124]]],[[[121.85914308014041,30.950563701746066],[121.86451116973888,30.950563701746066],[121.86451116973888,30.95095699527601],[121.85914308014041,30.95095699527601],[121.85914308014041,30.950563701746066]]],[[[121.85914308014041,30.95095699527601],[121.86451116973888,30.95095699527601],[121.86451116973888,30.95135028880595],[121.85914308014041,30.95135028880595],[121.85914308014041,30.95095699527601]]],[[[121.85914308014041,30.95135028880595],[121.86451116973888,30.95135028880595],[121.86451116973888,30.951743582335894],[121.85914308014041,30.951743582335894],[121.85914308014041,30.95135028880595]]],[[[121.85914308014041,30.951743582335894],[121.86374429979624,30.951743582335894],[121.86374429979624,30.952136875865836],[121.85914308014041,30.952136875865836],[121.85914308014041,30.951743582335894]]],[[[121.85914308014041,30.952136875865836],[121.8629774298536,30.952136875865836],[121.8629774298536,30.95253016939578],[121.85914308014041,30.95253016939578],[121.85914308014041,30.952136875865836]]],[[[121.85914308014041,30.952530169395775],[121.86221055991096,30.952530169395775],[121.86221055991096,30.952923462925718],[121.85914308014041,30.952923462925718],[121.85914308014041,30.952530169395775]]],[[[121.85914308014041,30.952923462925718],[121.861060254997,30.952923462925718],[121.861060254997,30.95331675645566],[121.85914308014041,30.95331675645566],[121.85914308014041,30.952923462925718]]],[[[121.85914308014041,30.95331675645566],[121.86029338505436,30.95331675645566],[121.86029338505436,30.953710049985602],[121.85914308014041,30.953710049985602],[121.85914308014041,30.95331675645566]]]]}},{"type":"Feature","properties":{"parcel_id":"lingang:parcel:0036","geometry_method":"road_barrier_raster_plus_buildings","functional_type":"residential","dominant_type":"residential","confidence":1,"building_count":1,"avg_building_area_m2":608,"centroid_lng":121.95036,"centroid_lat":30.911365,"parcel_area_m2":364604,"safety_clipped":false,"classification_source":"osm_tags+building_morphology+spatial_prior","synthetic_classification":true,"qc_flags":""},"geometry":{"type":"MultiPolygon","coordinates":[[[[121.95346808308472,30.910054468162045],[121.95461838799866,30.910054468162045],[121.95461838799866,30.910447761691987],[121.95346808308472,30.910447761691987],[121.95346808308472,30.910054468162045]]],[[[121.95308464811339,30.910447761691987],[121.95500182296999,30.910447761691987],[121.95500182296999,30.91084105522193],[121.95308464811339,30.91084105522193],[121.95308464811339,30.910447761691987]]],[[[121.95270121314208,30.910841055221926],[121.9553852579413,30.910841055221926],[121.9553852579413,30.91123434875187],[121.95270121314208,30.91123434875187],[121.95270121314208,30.910841055221926]]],[[[121.95193434319944,30.91123434875187],[121.95615212788394,30.91123434875187],[121.95615212788394,30.91162764228181],[121.95193434319944,30.91162764228181],[121.95193434319944,30.91123434875187]]],[[[121.9511674732568,30.91162764228181],[121.95615212788394,30.91162764228181],[121.95615212788394,30.912020935811753],[121.9511674732568,30.912020935811753],[121.9511674732568,30.91162764228181]]],[[[121.95040060331416,30.912020935811753],[121.95576869291263,30.912020935811753],[121.95576869291263,30.912414229341696],[121.95040060331416,30.912414229341696],[121.95040060331416,30.912020935811753]]],[[[121.94925029840022,30.912414229341696],[121.9553852579413,30.912414229341696],[121.9553852579413,30.91280752287164],[121.94925029840022,30.91280752287164],[121.94925029840022,30.912414229341696]]],[[[121.94886686342889,30.91280752287164],[121.95461838799866,30.91280752287164],[121.95461838799866,30.91320081640158],[121.94886686342889,30.91320081640158],[121.94886686342889,30.91280752287164]]],[[[121.9469496885723,30.91320081640158],[121.95385151805603,30.91320081640158],[121.95385151805603,30.913594109931523],[121.9469496885723,30.913594109931523],[121.9469496885723,30.91320081640158]]],[[[121.94579938365834,30.913594109931523],[121.95308464811339,30.913594109931523],[121.95308464811339,30.913987403461466],[121.94579938365834,30.913987403461466],[121.94579938365834,30.913594109931523]]],[[[121.94349877383044,30.913987403461462],[121.95193434319944,30.913987403461462],[121.95193434319944,30.914380696991405],[121.94349877383044,30.914380696991405],[121.94349877383044,30.913987403461462]]],[[[121.94349877383044,30.914380696991405],[121.95155090822811,30.914380696991405],[121.95155090822811,30.914773990521347],[121.94349877383044,30.914773990521347],[121.94349877383044,30.914380696991405]]],[[[121.94349877383044,30.914773990521347],[121.95078403828549,30.914773990521347],[121.95078403828549,30.91516728405129],[121.94349877383044,30.91516728405129],[121.94349877383044,30.914773990521347]]],[[[121.94349877383044,30.91516728405129],[121.94963373337153,30.91516728405129],[121.94963373337153,30.915560577581232],[121.94349877383044,30.915560577581232],[121.94349877383044,30.91516728405129]]],[[[121.94349877383044,30.915560577581232],[121.94886686342889,30.915560577581232],[121.94886686342889,30.915953871111174],[121.94349877383044,30.915953871111174],[121.94349877383044,30.915560577581232]]],[[[121.94349877383044,30.915953871111174],[121.94733312354361,30.915953871111174],[121.94733312354361,30.916347164641117],[121.94349877383044,30.916347164641117],[121.94349877383044,30.915953871111174]]],[[[121.94349877383044,30.916347164641117],[121.94579938365834,30.916347164641117],[121.94579938365834,30.91674045817106],[121.94349877383044,30.91674045817106],[121.94349877383044,30.916347164641117]]]]}},{"type":"Feature","properties":{"parcel_id":"lingang:parcel:0037","geometry_method":"road_barrier_raster_plus_buildings","functional_type":"office","dominant_type":"office","confidence":0.89,"building_count":1,"avg_building_area_m2":608,"centroid_lng":121.93876,"centroid_lat":30.918039,"parcel_area_m2":334353,"safety_clipped":false,"classification_source":"osm_tags+building_morphology+spatial_prior","synthetic_classification":true,"qc_flags":""},"geometry":{"type":"MultiPolygon","coordinates":[[[[121.9277779400064,30.910447761691987],[121.92854480994902,30.910447761691987],[121.92854480994902,30.91084105522193],[121.9277779400064,30.91084105522193],[121.9277779400064,30.910447761691987]]],[[[121.92739450503507,30.910841055221926],[121.92892824492034,30.910841055221926],[121.92892824492034,30.91123434875187],[121.92739450503507,30.91123434875187],[121.92739450503507,30.910841055221926]]],[[[121.92739450503507,30.91123434875187],[121.93007854983429,30.91123434875187],[121.93007854983429,30.91162764228181],[121.92739450503507,30.91162764228181],[121.92739450503507,30.91123434875187]]],[[[121.92662763509243,30.91162764228181],[121.93046198480562,30.91162764228181],[121.93046198480562,30.912020935811753],[121.92662763509243,30.912020935811753],[121.92662763509243,30.91162764228181]]],[[[121.92624420012112,30.912020935811753],[121.93122885474826,30.912020935811753],[121.93122885474826,30.912414229341696],[121.92624420012112,30.912414229341696],[121.92624420012112,30.912020935811753]]],[[[121.92701107006376,30.912414229341696],[121.9323791596622,30.912414229341696],[121.9323791596622,30.91280752287164],[121.92701107006376,30.91280752287164],[121.92701107006376,30.912414229341696]]],[[[121.92739450503507,30.91280752287164],[121.93314602960484,30.91280752287164],[121.93314602960484,30.91320081640158],[121.92739450503507,30.91320081640158],[121.92739450503507,30.91280752287164]]],[[[121.9281613749777,30.91320081640158],[121.93391289954748,30.91320081640158],[121.93391289954748,30.913594109931523],[121.9281613749777,30.913594109931523],[121.9281613749777,30.91320081640158]]],[[[121.92854480994902,30.913594109931523],[121.9365969443467,30.913594109931523],[121.9365969443467,30.913987403461466],[121.92854480994902,30.913987403461466],[121.92854480994902,30.913594109931523]]],[[[121.92931167989165,30.913987403461462],[121.93813068423198,30.913987403461462],[121.93813068423198,30.914380696991405],[121.92931167989165,30.914380696991405],[121.92931167989165,30.913987403461462]]],[[[121.93046198480562,30.914380696991405],[121.93813068423198,30.914380696991405],[121.93813068423198,30.914773990521347],[121.93046198480562,30.914773990521347],[121.93046198480562,30.914380696991405]]],[[[121.93122885474826,30.914773990521347],[121.93813068423198,30.914773990521347],[121.93813068423198,30.91516728405129],[121.93122885474826,30.91516728405129],[121.93122885474826,30.914773990521347]]],[[[121.93199572469089,30.91516728405129],[121.93813068423198,30.91516728405129],[121.93813068423198,30.915560577581232],[121.93199572469089,30.915560577581232],[121.93199572469089,30.91516728405129]]],[[[121.93276259463353,30.915560577581232],[121.93813068423198,30.915560577581232],[121.93813068423198,30.915953871111174],[121.93276259463353,30.915953871111174],[121.93276259463353,30.915560577581232]]],[[[121.93429633451879,30.915953871111174],[121.93813068423198,30.915953871111174],[121.93813068423198,30.916347164641117],[121.93429633451879,30.916347164641117],[121.93429633451879,30.915953871111174]]],[[[121.93544663943275,30.916347164641117],[121.93813068423198,30.916347164641117],[121.93813068423198,30.91674045817106],[121.93544663943275,30.91674045817106],[121.93544663943275,30.916347164641117]]],[[[121.93774724926067,30.916740458171056],[121.93813068423198,30.916740458171056],[121.93813068423198,30.917133751700998],[121.93774724926067,30.917133751700998],[121.93774724926067,30.916740458171056]]]]}},{"type":"Feature","properties":{"parcel_id":"lingang:parcel:0038","geometry_method":"road_barrier_raster_plus_buildings","functional_type":"residential","dominant_type":"residential","confidence":0.76,"building_count":2,"avg_building_area_m2":608,"centroid_lng":121.892165,"centroid_lat":30.928344,"parcel_area_m2":2740105,"safety_clipped":false,"classification_source":"osm_tags+building_morphology+spatial_prior","synthetic_classification":true,"qc_flags":""},"geometry":{"type":"MultiPolygon","coordinates":[[[[121.89710314230092,30.91320081640158],[121.8986368821862,30.91320081640158],[121.8986368821862,30.913594109931523],[121.89710314230092,30.913594109931523],[121.89710314230092,30.91320081640158]]],[[[121.89595283738697,30.913594109931523],[121.89902031715752,30.913594109931523],[121.89902031715752,30.913987403461466],[121.89595283738697,30.913987403461466],[121.89595283738697,30.913594109931523]]],[[[121.89518596744433,30.913987403461462],[121.89902031715752,30.913987403461462],[121.89902031715752,30.914380696991405],[121.89518596744433,30.914380696991405],[121.89518596744433,30.913987403461462]]],[[[121.89403566253037,30.914380696991405],[121.89940375212883,30.914380696991405],[121.89940375212883,30.914773990521347],[121.89403566253037,30.914773990521347],[121.89403566253037,30.914380696991405]]],[[[121.89288535761642,30.914773990521347],[121.89940375212883,30.914773990521347],[121.89940375212883,30.91516728405129],[121.89288535761642,30.91516728405129],[121.89288535761642,30.914773990521347]]],[[[121.89096818275983,30.91516728405129],[121.89135161773115,30.91516728405129],[121.89135161773115,30.915560577581232],[121.89096818275983,30.915560577581232],[121.89096818275983,30.91516728405129]]],[[[121.89288535761642,30.91516728405129],[121.89940375212883,30.91516728405129],[121.89940375212883,30.915560577581232],[121.89288535761642,30.915560577581232],[121.89288535761642,30.91516728405129]]],[[[121.88981787784587,30.915560577581232],[121.89173505270247,30.915560577581232],[121.89173505270247,30.915953871111174],[121.88981787784587,30.915953871111174],[121.88981787784587,30.915560577581232]]],[[[121.89288535761642,30.915560577581232],[121.89978718710015,30.915560577581232],[121.89978718710015,30.915953871111174],[121.89288535761642,30.915953871111174],[121.89288535761642,30.915560577581232]]],[[[121.88866757293192,30.915953871111174],[121.89173505270247,30.915953871111174],[121.89173505270247,30.916347164641117],[121.88866757293192,30.916347164641117],[121.88866757293192,30.915953871111174]]],[[[121.89326879258775,30.915953871111174],[121.89978718710015,30.915953871111174],[121.89978718710015,30.916347164641117],[121.89326879258775,30.916347164641117],[121.89326879258775,30.915953871111174]]],[[[121.88790070298928,30.916347164641117],[121.89173505270247,30.916347164641117],[121.89173505270247,30.91674045817106],[121.88790070298928,30.91674045817106],[121.88790070298928,30.916347164641117]]],[[[121.89326879258775,30.916347164641117],[121.90017062207147,30.916347164641117],[121.90017062207147,30.91674045817106],[121.89326879258775,30.91674045817106],[121.89326879258775,30.916347164641117]]],[[[121.8882841379606,30.916740458171056],[121.89211848767378,30.916740458171056],[121.89211848767378,30.917133751700998],[121.8882841379606,30.917133751700998],[121.8882841379606,30.916740458171056]]],[[[121.89326879258775,30.916740458171056],[121.90017062207147,30.916740458171056],[121.90017062207147,30.917133751700998],[121.89326879258775,30.917133751700998],[121.89326879258775,30.916740458171056]]],[[[121.8882841379606,30.917133751700998],[121.89211848767378,30.917133751700998],[121.89211848767378,30.91752704523094],[121.8882841379606,30.91752704523094],[121.8882841379606,30.917133751700998]]],[[[121.89326879258775,30.917133751700998],[121.90055405704278,30.917133751700998],[121.90055405704278,30.91752704523094],[121.89326879258775,30.91752704523094],[121.89326879258775,30.917133751700998]]],[[[121.8882841379606,30.91752704523094],[121.89211848767378,30.91752704523094],[121.89211848767378,30.917920338760883],[121.8882841379606,30.917920338760883],[121.8882841379606,30.91752704523094]]],[[[121.89365222755906,30.91752704523094],[121.90055405704278,30.91752704523094],[121.90055405704278,30.917920338760883],[121.89365222755906,30.917920338760883],[121.89365222755906,30.91752704523094]]],[[[121.8882841379606,30.917920338760883],[121.89211848767378,30.917920338760883],[121.89211848767378,30.918313632290825],[121.8882841379606,30.918313632290825],[121.8882841379606,30.917920338760883]]],[[[121.89365222755906,30.917920338760883],[121.90093749201411,30.917920338760883],[121.90093749201411,30.918313632290825],[121.89365222755906,30.918313632290825],[121.89365222755906,30.917920338760883]]],[[[121.88866757293192,30.918313632290825],[121.89250192264511,30.918313632290825],[121.89250192264511,30.918706925820768],[121.88866757293192,30.918706925820768],[121.88866757293192,30.918313632290825]]],[[[121.89365222755906,30.918313632290825],[121.90132092698542,30.918313632290825],[121.90132092698542,30.918706925820768],[121.89365222755906,30.918706925820768],[121.89365222755906,30.918313632290825]]],[[[121.88866757293192,30.918706925820768],[121.89250192264511,30.918706925820768],[121.89250192264511,30.91910021935071],[121.88866757293192,30.91910021935071],[121.88866757293192,30.918706925820768]]],[[[121.89403566253037,30.918706925820768],[121.90170436195675,30.918706925820768],[121.90170436195675,30.91910021935071],[121.89403566253037,30.91910021935071],[121.89403566253037,30.918706925820768]]],[[[121.88866757293192,30.91910021935071],[121.89250192264511,30.91910021935071],[121.89250192264511,30.919493512880653],[121.88866757293192,30.919493512880653],[121.88866757293192,30.91910021935071]]],[[[121.89403566253037,30.91910021935071],[121.90208779692806,30.91910021935071],[121.90208779692806,30.919493512880653],[121.89403566253037,30.919493512880653],[121.89403566253037,30.91910021935071]]],[[[121.88866757293192,30.919493512880653],[121.89288535761642,30.919493512880653],[121.89288535761642,30.919886806410595],[121.88866757293192,30.919886806410595],[121.88866757293192,30.919493512880653]]],[[[121.89403566253037,30.919493512880653],[121.90208779692806,30.919493512880653],[121.90208779692806,30.919886806410595],[121.89403566253037,30.919886806410595],[121.89403566253037,30.919493512880653]]],[[[121.88866757293192,30.91988680641059],[121.89288535761642,30.91988680641059],[121.89288535761642,30.920280099940534],[121.88866757293192,30.920280099940534],[121.88866757293192,30.91988680641059]]],[[[121.8944190975017,30.91988680641059],[121.90247123189938,30.91988680641059],[121.90247123189938,30.920280099940534],[121.8944190975017,30.920280099940534],[121.8944190975017,30.91988680641059]]],[[[121.88866757293192,30.920280099940534],[121.89288535761642,30.920280099940534],[121.89288535761642,30.920673393470476],[121.88866757293192,30.920673393470476],[121.88866757293192,30.920280099940534]]],[[[121.8944190975017,30.920280099940534],[121.9028546668707,30.920280099940534],[121.9028546668707,30.920673393470476],[121.8944190975017,30.920673393470476],[121.8944190975017,30.920280099940534]]],[[[121.88866757293192,30.920673393470476],[121.89326879258775,30.920673393470476],[121.89326879258775,30.92106668700042],[121.88866757293192,30.92106668700042],[121.88866757293192,30.920673393470476]]],[[[121.8944190975017,30.920673393470476],[121.90323810184202,30.920673393470476],[121.90323810184202,30.92106668700042],[121.8944190975017,30.92106668700042],[121.8944190975017,30.920673393470476]]],[[[121.88866757293192,30.92106668700042],[121.89326879258775,30.92106668700042],[121.89326879258775,30.92145998053036],[121.88866757293192,30.92145998053036],[121.88866757293192,30.92106668700042]]],[[[121.8944190975017,30.92106668700042],[121.90323810184202,30.92106668700042],[121.90323810184202,30.92145998053036],[121.8944190975017,30.92145998053036],[121.8944190975017,30.92106668700042]]],[[[121.88866757293192,30.92145998053036],[121.89326879258775,30.92145998053036],[121.89326879258775,30.921853274060304],[121.88866757293192,30.921853274060304],[121.88866757293192,30.92145998053036]]],[[[121.89480253247301,30.92145998053036],[121.90362153681333,30.92145998053036],[121.90362153681333,30.921853274060304],[121.89480253247301,30.921853274060304],[121.89480253247301,30.92145998053036]]],[[[121.88905100790323,30.921853274060304],[121.89326879258775,30.921853274060304],[121.89326879258775,30.922246567590246],[121.88905100790323,30.922246567590246],[121.88905100790323,30.921853274060304]]],[[[121.89480253247301,30.921853274060304],[121.90400497178466,30.921853274060304],[121.90400497178466,30.922246567590246],[121.89480253247301,30.922246567590246],[121.89480253247301,30.921853274060304]]],[[[121.88905100790323,30.922246567590246],[121.89326879258775,30.922246567590246],[121.89326879258775,30.92263986112019],[121.88905100790323,30.92263986112019],[121.88905100790323,30.922246567590246]]],[[[121.89480253247301,30.922246567590246],[121.90438840675597,30.922246567590246],[121.90438840675597,30.92263986112019],[121.89480253247301,30.92263986112019],[121.89480253247301,30.922246567590246]]],[[[121.88905100790323,30.922639861120185],[121.89365222755906,30.922639861120185],[121.89365222755906,30.923033154650128],[121.88905100790323,30.923033154650128],[121.88905100790323,30.922639861120185]]],[[[121.89518596744433,30.922639861120185],[121.90438840675597,30.922639861120185],[121.90438840675597,30.923033154650128],[121.89518596744433,30.923033154650128],[121.89518596744433,30.922639861120185]]],[[[121.88905100790323,30.923033154650128],[121.89365222755906,30.923033154650128],[121.89365222755906,30.92342644818007],[121.88905100790323,30.92342644818007],[121.88905100790323,30.923033154650128]]],[[[121.89518596744433,30.923033154650128],[121.9047718417273,30.923033154650128],[121.9047718417273,30.92342644818007],[121.89518596744433,30.92342644818007],[121.89518596744433,30.923033154650128]]],[[[121.88905100790323,30.92342644818007],[121.89403566253037,30.92342644818007],[121.89403566253037,30.923819741710012],[121.88905100790323,30.923819741710012],[121.88905100790323,30.92342644818007]]],[[[121.89518596744433,30.92342644818007],[121.90515527669861,30.92342644818007],[121.90515527669861,30.923819741710012],[121.89518596744433,30.923819741710012],[121.89518596744433,30.92342644818007]]],[[[121.88905100790323,30.923819741710012],[121.90592214664125,30.923819741710012],[121.90592214664125,30.924213035239955],[121.88905100790323,30.924213035239955],[121.88905100790323,30.923819741710012]]],[[[121.88905100790323,30.924213035239955],[121.90630558161256,30.924213035239955],[121.90630558161256,30.924606328769897],[121.88905100790323,30.924606328769897],[121.88905100790323,30.924213035239955]]],[[[121.88905100790323,30.924606328769897],[121.90668901658388,30.924606328769897],[121.90668901658388,30.92499962229984],[121.88905100790323,30.92499962229984],[121.88905100790323,30.924606328769897]]],[[[121.88905100790323,30.92499962229984],[121.90630558161256,30.92499962229984],[121.90630558161256,30.925392915829782],[121.88905100790323,30.925392915829782],[121.88905100790323,30.92499962229984]]],[[[121.88905100790323,30.925392915829782],[121.90592214664125,30.925392915829782],[121.90592214664125,30.925786209359725],[121.88905100790323,30.925786209359725],[121.88905100790323,30.925392915829782]]],[[[121.88905100790323,30.92578620935972],[121.90553871166992,30.92578620935972],[121.90553871166992,30.926179502889664],[121.88905100790323,30.926179502889664],[121.88905100790323,30.92578620935972]]],[[[121.88905100790323,30.926179502889664],[121.90515527669861,30.926179502889664],[121.90515527669861,30.926572796419606],[121.88905100790323,30.926572796419606],[121.88905100790323,30.926179502889664]]],[[[121.88943444287456,30.926572796419606],[121.9047718417273,30.926572796419606],[121.9047718417273,30.92696608994955],[121.88943444287456,30.92696608994955],[121.88943444287456,30.926572796419606]]],[[[121.88943444287456,30.92696608994955],[121.90438840675597,30.92696608994955],[121.90438840675597,30.92735938347949],[121.88943444287456,30.92735938347949],[121.88943444287456,30.92696608994955]]],[[[121.88943444287456,30.92735938347949],[121.90400497178466,30.92735938347949],[121.90400497178466,30.927752677009433],[121.88943444287456,30.927752677009433],[121.88943444287456,30.92735938347949]]],[[[121.88943444287456,30.927752677009433],[121.90362153681333,30.927752677009433],[121.90362153681333,30.928145970539376],[121.88943444287456,30.928145970539376],[121.88943444287456,30.927752677009433]]],[[[121.88943444287456,30.928145970539376],[121.9028546668707,30.928145970539376],[121.9028546668707,30.928539264069318],[121.88943444287456,30.928539264069318],[121.88943444287456,30.928145970539376]]],[[[121.88943444287456,30.928539264069315],[121.90247123189938,30.928539264069315],[121.90247123189938,30.928932557599257],[121.88943444287456,30.928932557599257],[121.88943444287456,30.928539264069315]]],[[[121.88943444287456,30.928932557599257],[121.90208779692806,30.928932557599257],[121.90208779692806,30.9293258511292],[121.88943444287456,30.9293258511292],[121.88943444287456,30.928932557599257]]],[[[121.88943444287456,30.9293258511292],[121.90170436195675,30.9293258511292],[121.90170436195675,30.929719144659142],[121.88943444287456,30.929719144659142],[121.88943444287456,30.9293258511292]]],[[[121.88943444287456,30.929719144659142],[121.90132092698542,30.929719144659142],[121.90132092698542,30.930112438189084],[121.88943444287456,30.930112438189084],[121.88943444287456,30.929719144659142]]],[[[121.88943444287456,30.930112438189084],[121.90093749201411,30.930112438189084],[121.90093749201411,30.930505731719027],[121.88943444287456,30.930505731719027],[121.88943444287456,30.930112438189084]]],[[[121.88943444287456,30.930505731719027],[121.90055405704278,30.930505731719027],[121.90055405704278,30.93089902524897],[121.88943444287456,30.93089902524897],[121.88943444287456,30.930505731719027]]],[[[121.88981787784587,30.93089902524897],[121.89978718710015,30.93089902524897],[121.89978718710015,30.93129231877891],[121.88981787784587,30.93129231877891],[121.88981787784587,30.93089902524897]]],[[[121.88981787784587,30.93129231877891],[121.89940375212883,30.93129231877891],[121.89940375212883,30.931685612308854],[121.88981787784587,30.931685612308854],[121.88981787784587,30.93129231877891]]],[[[121.88981787784587,30.93168561230885],[121.89902031715752,30.93168561230885],[121.89902031715752,30.932078905838793],[121.88981787784587,30.932078905838793],[121.88981787784587,30.93168561230885]]],[[[121.88981787784587,30.932078905838793],[121.8986368821862,30.932078905838793],[121.8986368821862,30.932472199368735],[121.88981787784587,30.932472199368735],[121.88981787784587,30.932078905838793]]],[[[121.88981787784587,30.932472199368735],[121.89787001224356,30.932472199368735],[121.89787001224356,30.932865492898678],[121.88981787784587,30.932865492898678],[121.88981787784587,30.932472199368735]]],[[[121.88981787784587,30.932865492898678],[121.89748657727225,30.932865492898678],[121.89748657727225,30.93325878642862],[121.88981787784587,30.93325878642862],[121.88981787784587,30.932865492898678]]],[[[121.88981787784587,30.93325878642862],[121.89710314230092,30.93325878642862],[121.89710314230092,30.933652079958563],[121.88981787784587,30.933652079958563],[121.88981787784587,30.93325878642862]]],[[[121.88981787784587,30.933652079958563],[121.89671970732961,30.933652079958563],[121.89671970732961,30.934045373488505],[121.88981787784587,30.934045373488505],[121.88981787784587,30.933652079958563]]],[[[121.88981787784587,30.934045373488505],[121.89633627235828,30.934045373488505],[121.89633627235828,30.934438667018448],[121.88981787784587,30.934438667018448],[121.88981787784587,30.934045373488505]]],[[[121.88981787784587,30.934438667018448],[121.89595283738697,30.934438667018448],[121.89595283738697,30.93483196054839],[121.88981787784587,30.93483196054839],[121.88981787784587,30.934438667018448]]],[[[121.88981787784587,30.934831960548387],[121.89556940241565,30.934831960548387],[121.89556940241565,30.93522525407833],[121.88981787784587,30.93522525407833],[121.88981787784587,30.934831960548387]]],[[[121.88981787784587,30.93522525407833],[121.89518596744433,30.93522525407833],[121.89518596744433,30.93561854760827],[121.88981787784587,30.93561854760827],[121.88981787784587,30.93522525407833]]],[[[121.8902013128172,30.93561854760827],[121.8944190975017,30.93561854760827],[121.8944190975017,30.936011841138214],[121.8902013128172,30.936011841138214],[121.8902013128172,30.93561854760827]]],[[[121.8902013128172,30.936011841138214],[121.8944190975017,30.936011841138214],[121.8944190975017,30.936405134668156],[121.8902013128172,30.936405134668156],[121.8902013128172,30.936011841138214]]],[[[121.8902013128172,30.936405134668156],[121.89365222755906,30.936405134668156],[121.89365222755906,30.9367984281981],[121.8902013128172,30.9367984281981],[121.8902013128172,30.936405134668156]]],[[[121.8902013128172,30.9367984281981],[121.89326879258775,30.9367984281981],[121.89326879258775,30.93719172172804],[121.8902013128172,30.93719172172804],[121.8902013128172,30.9367984281981]]],[[[121.8902013128172,30.93719172172804],[121.89288535761642,30.93719172172804],[121.89288535761642,30.937585015257984],[121.8902013128172,30.937585015257984],[121.8902013128172,30.93719172172804]]],[[[121.8902013128172,30.93758501525798],[121.89211848767378,30.93758501525798],[121.89211848767378,30.937978308787923],[121.8902013128172,30.937978308787923],[121.8902013128172,30.93758501525798]]],[[[121.8902013128172,30.937978308787923],[121.89173505270247,30.937978308787923],[121.89173505270247,30.938371602317865],[121.8902013128172,30.938371602317865],[121.8902013128172,30.937978308787923]]],[[[121.8902013128172,30.938371602317865],[121.89135161773115,30.938371602317865],[121.89135161773115,30.938764895847807],[121.8902013128172,30.938764895847807],[121.8902013128172,30.938371602317865]]],[[[121.89058474778851,30.938764895847807],[121.89096818275983,30.938764895847807],[121.89096818275983,30.93915818937775],[121.89058474778851,30.93915818937775],[121.89058474778851,30.938764895847807]]]]}},{"type":"Feature","properties":{"parcel_id":"lingang:parcel:0039","geometry_method":"road_barrier_raster_plus_buildings","functional_type":"residential","dominant_type":"residential","confidence":0.81,"building_count":1,"avg_building_area_m2":608,"centroid_lng":121.910098,"centroid_lat":30.913223,"parcel_area_m2":60502,"safety_clipped":false,"classification_source":"osm_tags+building_morphology+spatial_prior","synthetic_classification":true,"qc_flags":""},"geometry":{"type":"MultiPolygon","coordinates":[[[[121.9093730613831,30.914380696991405],[121.91013993132574,30.914380696991405],[121.91013993132574,30.914773990521347],[121.9093730613831,30.914773990521347],[121.9093730613831,30.914380696991405]]],[[[121.9089896264118,30.914773990521347],[121.91090680126838,30.914773990521347],[121.91090680126838,30.91516728405129],[121.9089896264118,30.91516728405129],[121.9089896264118,30.914773990521347]]],[[[121.9089896264118,30.91516728405129],[121.91167367121102,30.91516728405129],[121.91167367121102,30.915560577581232],[121.9089896264118,30.915560577581232],[121.9089896264118,30.91516728405129]]],[[[121.9093730613831,30.915560577581232],[121.91205710618233,30.915560577581232],[121.91205710618233,30.915953871111174],[121.9093730613831,30.915953871111174],[121.9093730613831,30.915560577581232]]],[[[121.91013993132574,30.915953871111174],[121.91244054115366,30.915953871111174],[121.91244054115366,30.916347164641117],[121.91013993132574,30.916347164641117],[121.91013993132574,30.915953871111174]]],[[[121.91205710618233,30.916347164641117],[121.91282397612497,30.916347164641117],[121.91282397612497,30.91674045817106],[121.91205710618233,30.91674045817106],[121.91205710618233,30.916347164641117]]],[[[121.91244054115366,30.916740458171056],[121.9135908460676,30.916740458171056],[121.9135908460676,30.917133751700998],[121.91244054115366,30.917133751700998],[121.91244054115366,30.916740458171056]]],[[[121.9132074110963,30.917133751700998],[121.91397428103893,30.917133751700998],[121.91397428103893,30.91752704523094],[121.9132074110963,30.91752704523094],[121.9132074110963,30.917133751700998]]],[[[121.9135908460676,30.91752704523094],[121.91435771601024,30.91752704523094],[121.91435771601024,30.917920338760883],[121.9135908460676,30.917920338760883],[121.9135908460676,30.91752704523094]]],[[[121.91397428103893,30.917920338760883],[121.91474115098157,30.917920338760883],[121.91474115098157,30.918313632290825],[121.91397428103893,30.918313632290825],[121.91397428103893,30.917920338760883]]]]}},{"type":"Feature","properties":{"parcel_id":"lingang:parcel:0040","geometry_method":"road_barrier_raster_plus_buildings","functional_type":"commercial","dominant_type":"commercial","confidence":0.86,"building_count":1,"avg_building_area_m2":608,"centroid_lng":121.942974,"centroid_lat":30.915941,"parcel_area_m2":82792,"safety_clipped":false,"classification_source":"osm_tags+building_morphology+spatial_prior","synthetic_classification":true,"qc_flags":""},"geometry":{"type":"MultiPolygon","coordinates":[[[[121.93928098914594,30.914380696991405],[121.94234846891648,30.914380696991405],[121.94234846891648,30.914773990521347],[121.93928098914594,30.914773990521347],[121.93928098914594,30.914380696991405]]],[[[121.93928098914594,30.914773990521347],[121.94234846891648,30.914773990521347],[121.94234846891648,30.91516728405129],[121.93928098914594,30.91516728405129],[121.93928098914594,30.914773990521347]]],[[[121.93928098914594,30.91516728405129],[121.94234846891648,30.91516728405129],[121.94234846891648,30.915560577581232],[121.93928098914594,30.915560577581232],[121.93928098914594,30.91516728405129]]],[[[121.93966442411725,30.915560577581232],[121.94234846891648,30.915560577581232],[121.94234846891648,30.915953871111174],[121.93966442411725,30.915953871111174],[121.93966442411725,30.915560577581232]]],[[[121.93966442411725,30.915953871111174],[121.94234846891648,30.915953871111174],[121.94234846891648,30.916347164641117],[121.93966442411725,30.916347164641117],[121.93966442411725,30.915953871111174]]],[[[121.93966442411725,30.916347164641117],[121.94234846891648,30.916347164641117],[121.94234846891648,30.91674045817106],[121.93966442411725,30.91674045817106],[121.93966442411725,30.916347164641117]]],[[[121.93966442411725,30.916740458171056],[121.94234846891648,30.916740458171056],[121.94234846891648,30.917133751700998],[121.93966442411725,30.917133751700998],[121.93966442411725,30.916740458171056]]]]}},{"type":"Feature","properties":{"parcel_id":"lingang:parcel:0041","geometry_method":"road_barrier_raster_plus_buildings","functional_type":"residential","dominant_type":"residential","confidence":1,"building_count":1,"avg_building_area_m2":608,"centroid_lng":121.913343,"centroid_lat":30.921065,"parcel_area_m2":315247,"safety_clipped":false,"classification_source":"osm_tags+building_morphology+spatial_prior","synthetic_classification":true,"qc_flags":""},"geometry":{"type":"MultiPolygon","coordinates":[[[[121.90745588652652,30.916347164641117],[121.90822275646916,30.916347164641117],[121.90822275646916,30.91674045817106],[121.90745588652652,30.91674045817106],[121.90745588652652,30.916347164641117]]],[[[121.90745588652652,30.916740458171056],[121.90860619144047,30.916740458171056],[121.90860619144047,30.917133751700998],[121.90745588652652,30.917133751700998],[121.90745588652652,30.916740458171056]]],[[[121.9070724515552,30.917133751700998],[121.9089896264118,30.917133751700998],[121.9089896264118,30.91752704523094],[121.9070724515552,30.91752704523094],[121.9070724515552,30.917133751700998]]],[[[121.90745588652652,30.91752704523094],[121.9112902362397,30.91752704523094],[121.9112902362397,30.917920338760883],[121.90745588652652,30.917920338760883],[121.90745588652652,30.91752704523094]]],[[[121.90553871166992,30.917920338760883],[121.90592214664125,30.917920338760883],[121.90592214664125,30.918313632290825],[121.90553871166992,30.918313632290825],[121.90553871166992,30.917920338760883]]],[[[121.90783932149783,30.917920338760883],[121.91167367121102,30.917920338760883],[121.91167367121102,30.918313632290825],[121.90783932149783,30.918313632290825],[121.90783932149783,30.917920338760883]]],[[[121.90515527669861,30.918313632290825],[121.90630558161256,30.918313632290825],[121.90630558161256,30.918706925820768],[121.90515527669861,30.918706925820768],[121.90515527669861,30.918313632290825]]],[[[121.90860619144047,30.918313632290825],[121.91205710618233,30.918313632290825],[121.91205710618233,30.918706925820768],[121.90860619144047,30.918706925820768],[121.90860619144047,30.918313632290825]]],[[[121.90515527669861,30.918706925820768],[121.90668901658388,30.918706925820768],[121.90668901658388,30.91910021935071],[121.90515527669861,30.91910021935071],[121.90515527669861,30.918706925820768]]],[[[121.9089896264118,30.918706925820768],[121.91282397612497,30.918706925820768],[121.91282397612497,30.91910021935071],[121.9089896264118,30.91910021935071],[121.9089896264118,30.918706925820768]]],[[[121.90438840675597,30.91910021935071],[121.9070724515552,30.91910021935071],[121.9070724515552,30.919493512880653],[121.90438840675597,30.919493512880653],[121.90438840675597,30.91910021935071]]],[[[121.9093730613831,30.91910021935071],[121.9132074110963,30.91910021935071],[121.9132074110963,30.919493512880653],[121.9093730613831,30.919493512880653],[121.9093730613831,30.91910021935071]]],[[[121.90438840675597,30.919493512880653],[121.90745588652652,30.919493512880653],[121.90745588652652,30.919886806410595],[121.90438840675597,30.919886806410595],[121.90438840675597,30.919493512880653]]],[[[121.9093730613831,30.919493512880653],[121.91282397612497,30.919493512880653],[121.91282397612497,30.919886806410595],[121.9093730613831,30.919886806410595],[121.9093730613831,30.919493512880653]]],[[[121.9047718417273,30.91988680641059],[121.90783932149783,30.91988680641059],[121.90783932149783,30.920280099940534],[121.9047718417273,30.920280099940534],[121.9047718417273,30.91988680641059]]],[[[121.9093730613831,30.91988680641059],[121.91244054115366,30.91988680641059],[121.91244054115366,30.920280099940534],[121.9093730613831,30.920280099940534],[121.9093730613831,30.91988680641059]]],[[[121.90515527669861,30.920280099940534],[121.91205710618233,30.920280099940534],[121.91205710618233,30.920673393470476],[121.90515527669861,30.920673393470476],[121.90515527669861,30.920280099940534]]],[[[121.90553871166992,30.920673393470476],[121.91167367121102,30.920673393470476],[121.91167367121102,30.92106668700042],[121.90553871166992,30.92106668700042],[121.90553871166992,30.920673393470476]]],[[[121.90592214664125,30.92106668700042],[121.9112902362397,30.92106668700042],[121.9112902362397,30.92145998053036],[121.90592214664125,30.92145998053036],[121.90592214664125,30.92106668700042]]],[[[121.90630558161256,30.92145998053036],[121.91090680126838,30.92145998053036],[121.91090680126838,30.921853274060304],[121.90630558161256,30.921853274060304],[121.90630558161256,30.92145998053036]]],[[[121.90630558161256,30.921853274060304],[121.91052336629707,30.921853274060304],[121.91052336629707,30.922246567590246],[121.90630558161256,30.922246567590246],[121.90630558161256,30.921853274060304]]],[[[121.90668901658388,30.922246567590246],[121.90975649635443,30.922246567590246],[121.90975649635443,30.92263986112019],[121.90668901658388,30.92263986112019],[121.90668901658388,30.922246567590246]]],[[[121.9070724515552,30.922639861120185],[121.9093730613831,30.922639861120185],[121.9093730613831,30.923033154650128],[121.9070724515552,30.923033154650128],[121.9070724515552,30.922639861120185]]],[[[121.90745588652652,30.923033154650128],[121.9089896264118,30.923033154650128],[121.9089896264118,30.92342644818007],[121.90745588652652,30.92342644818007],[121.90745588652652,30.923033154650128]]],[[[121.90783932149783,30.92342644818007],[121.90860619144047,30.92342644818007],[121.90860619144047,30.923819741710012],[121.90783932149783,30.923819741710012],[121.90783932149783,30.92342644818007]]]]}},{"type":"Feature","properties":{"parcel_id":"lingang:parcel:0042","geometry_method":"road_barrier_raster_plus_buildings","functional_type":"residential","dominant_type":"residential","confidence":1,"building_count":1,"avg_building_area_m2":608,"centroid_lng":121.926331,"centroid_lat":30.920911,"parcel_area_m2":71647,"safety_clipped":false,"classification_source":"osm_tags+building_morphology+spatial_prior","synthetic_classification":true,"qc_flags":""},"geometry":{"type":"MultiPolygon","coordinates":[[[[121.92356015532188,30.917920338760883],[121.9239435902932,30.917920338760883],[121.9239435902932,30.918313632290825],[121.92356015532188,30.918313632290825],[121.92356015532188,30.917920338760883]]],[[[121.92317672035057,30.918313632290825],[121.92432702526452,30.918313632290825],[121.92432702526452,30.918706925820768],[121.92317672035057,30.918706925820768],[121.92317672035057,30.918313632290825]]],[[[121.92279328537924,30.918706925820768],[121.92509389520716,30.918706925820768],[121.92509389520716,30.91910021935071],[121.92279328537924,30.91910021935071],[121.92279328537924,30.918706925820768]]],[[[121.92202641543662,30.91910021935071],[121.92509389520716,30.91910021935071],[121.92509389520716,30.919493512880653],[121.92202641543662,30.919493512880653],[121.92202641543662,30.91910021935071]]],[[[121.92279328537924,30.919493512880653],[121.92547733017848,30.919493512880653],[121.92547733017848,30.919886806410595],[121.92279328537924,30.919886806410595],[121.92279328537924,30.919493512880653]]],[[[121.92317672035057,30.91988680641059],[121.92624420012112,30.91988680641059],[121.92624420012112,30.920280099940534],[121.92317672035057,30.920280099940534],[121.92317672035057,30.91988680641059]]],[[[121.92356015532188,30.920280099940534],[121.92586076514979,30.920280099940534],[121.92586076514979,30.920673393470476],[121.92356015532188,30.920673393470476],[121.92356015532188,30.920280099940534]]],[[[121.9239435902932,30.920673393470476],[121.92547733017848,30.920673393470476],[121.92547733017848,30.92106668700042],[121.9239435902932,30.92106668700042],[121.9239435902932,30.920673393470476]]],[[[121.92432702526452,30.92106668700042],[121.92509389520716,30.92106668700042],[121.92509389520716,30.92145998053036],[121.92432702526452,30.92145998053036],[121.92432702526452,30.92106668700042]]]]}},{"type":"Feature","properties":{"parcel_id":"lingang:parcel:0043","geometry_method":"road_barrier_raster_plus_buildings","functional_type":"office","dominant_type":"office","confidence":0.89,"building_count":1,"avg_building_area_m2":608,"centroid_lng":121.93202,"centroid_lat":30.939817,"parcel_area_m2":36620,"safety_clipped":true,"classification_source":"osm_tags+building_morphology+spatial_prior","synthetic_classification":true,"qc_flags":"safety_clipped"},"geometry":{"type":"MultiPolygon","coordinates":[[[[121.93084541977693,30.922639861120185],[121.93122885474826,30.922639861120185],[121.93122885474826,30.923033154650128],[121.93084541977693,30.923033154650128],[121.93084541977693,30.922639861120185]]],[[[121.93084541977693,30.923033154650128],[121.93122885474826,30.923033154650128],[121.93122885474826,30.92342644818007],[121.93084541977693,30.92342644818007],[121.93084541977693,30.923033154650128]]],[[[121.92739450503507,30.92106668700042],[121.9277779400064,30.92106668700042],[121.9277779400064,30.92145998053036],[121.92739450503507,30.92145998053036],[121.92739450503507,30.92106668700042]]],[[[121.93084541977693,30.92342644818007],[121.93122885474826,30.92342644818007],[121.93122885474826,30.923819741710012],[121.93084541977693,30.923819741710012],[121.93084541977693,30.92342644818007]]],[[[121.92701107006376,30.92145998053036],[121.92739450503507,30.92145998053036],[121.92739450503507,30.921853274060304],[121.92701107006376,30.921853274060304],[121.92701107006376,30.92145998053036]]],[[[121.92624420012112,30.921853274060304],[121.92701107006376,30.921853274060304],[121.92701107006376,30.922246567590246],[121.92624420012112,30.922246567590246],[121.92624420012112,30.921853274060304]]],[[[121.90668901658388,30.938764895847807],[121.9070724515552,30.938764895847807],[121.9070724515552,30.93915818937775],[121.90668901658388,30.93915818937775],[121.90668901658388,30.938764895847807]]],[[[121.93122885474826,30.938764895847807],[121.93161228971957,30.938764895847807],[121.93161228971957,30.93915818937775],[121.93122885474826,30.93915818937775],[121.93122885474826,30.938764895847807]]],[[[121.93084541977693,30.93915818937775],[121.93161228971957,30.93915818937775],[121.93161228971957,30.939551482907692],[121.93084541977693,30.939551482907692],[121.93084541977693,30.93915818937775]]],[[[121.93084541977693,30.939551482907692],[121.93161228971957,30.939551482907692],[121.93161228971957,30.939944776437635],[121.93084541977693,30.939944776437635],[121.93084541977693,30.939551482907692]]],[[[121.93084541977693,30.939944776437635],[121.93161228971957,30.939944776437635],[121.93161228971957,30.940338069967577],[121.93084541977693,30.940338069967577],[121.93084541977693,30.939944776437635]]],[[[121.93122885474826,30.940338069967577],[121.93161228971957,30.940338069967577],[121.93161228971957,30.94073136349752],[121.93122885474826,30.94073136349752],[121.93122885474826,30.940338069967577]]],[[[121.90668901658388,30.93719172172804],[121.9070724515552,30.93719172172804],[121.9070724515552,30.937585015257984],[121.90668901658388,30.937585015257984],[121.90668901658388,30.93719172172804]]],[[[121.90668901658388,30.93758501525798],[121.90745588652652,30.93758501525798],[121.90745588652652,30.937978308787923],[121.90668901658388,30.937978308787923],[121.90668901658388,30.93758501525798]]],[[[121.90668901658388,30.937978308787923],[121.90745588652652,30.937978308787923],[121.90745588652652,30.938371602317865],[121.90668901658388,30.938371602317865],[121.90668901658388,30.937978308787923]]],[[[121.90668901658388,30.938371602317865],[121.90745588652652,30.938371602317865],[121.90745588652652,30.938764895847807],[121.90668901658388,30.938764895847807],[121.90668901658388,30.938371602317865]]]]}},{"type":"Feature","properties":{"parcel_id":"lingang:parcel:0044","geometry_method":"road_barrier_raster_plus_buildings","functional_type":"residential","dominant_type":"residential","confidence":1,"building_count":1,"avg_building_area_m2":608,"centroid_lng":121.938776,"centroid_lat":30.921172,"parcel_area_m2":9553,"safety_clipped":false,"classification_source":"osm_tags+building_morphology+spatial_prior","synthetic_classification":true,"qc_flags":""},"geometry":{"type":"MultiPolygon","coordinates":[[[[121.93698037931803,30.91988680641059],[121.93813068423198,30.91988680641059],[121.93813068423198,30.920280099940534],[121.93698037931803,30.920280099940534],[121.93698037931803,30.91988680641059]]],[[[121.93698037931803,30.920280099940534],[121.93813068423198,30.920280099940534],[121.93813068423198,30.920673393470476],[121.93698037931803,30.920673393470476],[121.93698037931803,30.920280099940534]]]]}},{"type":"Feature","properties":{"parcel_id":"lingang:parcel:0045","geometry_method":"road_barrier_raster_plus_buildings","functional_type":"commercial","dominant_type":"commercial","confidence":0.63,"building_count":3,"avg_building_area_m2":608,"centroid_lng":121.897094,"centroid_lat":30.942792,"parcel_area_m2":1756151,"safety_clipped":false,"classification_source":"osm_tags+building_morphology+spatial_prior","synthetic_classification":true,"qc_flags":""},"geometry":{"type":"MultiPolygon","coordinates":[[[[121.90553871166992,30.929719144659142],[121.90592214664125,30.929719144659142],[121.90592214664125,30.930112438189084],[121.90553871166992,30.930112438189084],[121.90553871166992,30.929719144659142]]],[[[121.90553871166992,30.930112438189084],[121.90592214664125,30.930112438189084],[121.90592214664125,30.930505731719027],[121.90553871166992,30.930505731719027],[121.90553871166992,30.930112438189084]]],[[[121.9047718417273,30.930505731719027],[121.90592214664125,30.930505731719027],[121.90592214664125,30.93089902524897],[121.9047718417273,30.93089902524897],[121.9047718417273,30.930505731719027]]],[[[121.90438840675597,30.93089902524897],[121.90592214664125,30.93089902524897],[121.90592214664125,30.93129231877891],[121.90438840675597,30.93129231877891],[121.90438840675597,30.93089902524897]]],[[[121.90400497178466,30.93129231877891],[121.90592214664125,30.93129231877891],[121.90592214664125,30.931685612308854],[121.90400497178466,30.931685612308854],[121.90400497178466,30.93129231877891]]],[[[121.90323810184202,30.93168561230885],[121.90592214664125,30.93168561230885],[121.90592214664125,30.932078905838793],[121.90323810184202,30.932078905838793],[121.90323810184202,30.93168561230885]]],[[[121.9028546668707,30.932078905838793],[121.90592214664125,30.932078905838793],[121.90592214664125,30.932472199368735],[121.9028546668707,30.932472199368735],[121.9028546668707,30.932078905838793]]],[[[121.90247123189938,30.932472199368735],[121.90592214664125,30.932472199368735],[121.90592214664125,30.932865492898678],[121.90247123189938,30.932865492898678],[121.90247123189938,30.932472199368735]]],[[[121.90170436195675,30.932865492898678],[121.90592214664125,30.932865492898678],[121.90592214664125,30.93325878642862],[121.90170436195675,30.93325878642862],[121.90170436195675,30.932865492898678]]],[[[121.90132092698542,30.93325878642862],[121.90592214664125,30.93325878642862],[121.90592214664125,30.933652079958563],[121.90132092698542,30.933652079958563],[121.90132092698542,30.93325878642862]]],[[[121.90132092698542,30.933652079958563],[121.90592214664125,30.933652079958563],[121.90592214664125,30.934045373488505],[121.90132092698542,30.934045373488505],[121.90132092698542,30.933652079958563]]],[[[121.90055405704278,30.934045373488505],[121.90592214664125,30.934045373488505],[121.90592214664125,30.934438667018448],[121.90055405704278,30.934438667018448],[121.90055405704278,30.934045373488505]]],[[[121.90017062207147,30.934438667018448],[121.90592214664125,30.934438667018448],[121.90592214664125,30.93483196054839],[121.90017062207147,30.93483196054839],[121.90017062207147,30.934438667018448]]],[[[121.89978718710015,30.934831960548387],[121.90592214664125,30.934831960548387],[121.90592214664125,30.93522525407833],[121.89978718710015,30.93522525407833],[121.89978718710015,30.934831960548387]]],[[[121.89902031715752,30.93522525407833],[121.90592214664125,30.93522525407833],[121.90592214664125,30.93561854760827],[121.89902031715752,30.93561854760827],[121.89902031715752,30.93522525407833]]],[[[121.8986368821862,30.93561854760827],[121.90553871166992,30.93561854760827],[121.90553871166992,30.936011841138214],[121.8986368821862,30.936011841138214],[121.8986368821862,30.93561854760827]]],[[[121.89825344721488,30.936011841138214],[121.90553871166992,30.936011841138214],[121.90553871166992,30.936405134668156],[121.89825344721488,30.936405134668156],[121.89825344721488,30.936011841138214]]],[[[121.89787001224356,30.936405134668156],[121.90553871166992,30.936405134668156],[121.90553871166992,30.9367984281981],[121.89787001224356,30.9367984281981],[121.89787001224356,30.936405134668156]]],[[[121.89710314230092,30.9367984281981],[121.90553871166992,30.9367984281981],[121.90553871166992,30.93719172172804],[121.89710314230092,30.93719172172804],[121.89710314230092,30.9367984281981]]],[[[121.89671970732961,30.93719172172804],[121.90553871166992,30.93719172172804],[121.90553871166992,30.937585015257984],[121.89671970732961,30.937585015257984],[121.89671970732961,30.93719172172804]]],[[[121.89633627235828,30.93758501525798],[121.90553871166992,30.93758501525798],[121.90553871166992,30.937978308787923],[121.89633627235828,30.937978308787923],[121.89633627235828,30.93758501525798]]],[[[121.89595283738697,30.937978308787923],[121.90553871166992,30.937978308787923],[121.90553871166992,30.938371602317865],[121.89595283738697,30.938371602317865],[121.89595283738697,30.937978308787923]]],[[[121.89556940241565,30.938371602317865],[121.90553871166992,30.938371602317865],[121.90553871166992,30.938764895847807],[121.89556940241565,30.938764895847807],[121.89556940241565,30.938371602317865]]],[[[121.89480253247301,30.938764895847807],[121.90553871166992,30.938764895847807],[121.90553871166992,30.93915818937775],[121.89480253247301,30.93915818937775],[121.89480253247301,30.938764895847807]]],[[[121.8944190975017,30.93915818937775],[121.90553871166992,30.93915818937775],[121.90553871166992,30.939551482907692],[121.8944190975017,30.939551482907692],[121.8944190975017,30.93915818937775]]],[[[121.89403566253037,30.939551482907692],[121.90553871166992,30.939551482907692],[121.90553871166992,30.939944776437635],[121.89403566253037,30.939944776437635],[121.89403566253037,30.939551482907692]]],[[[121.89365222755906,30.939944776437635],[121.90553871166992,30.939944776437635],[121.90553871166992,30.940338069967577],[121.89365222755906,30.940338069967577],[121.89365222755906,30.939944776437635]]],[[[121.89326879258775,30.940338069967577],[121.90553871166992,30.940338069967577],[121.90553871166992,30.94073136349752],[121.89326879258775,30.94073136349752],[121.89326879258775,30.940338069967577]]],[[[121.89288535761642,30.940731363497516],[121.90553871166992,30.940731363497516],[121.90553871166992,30.94112465702746],[121.89288535761642,30.94112465702746],[121.89288535761642,30.940731363497516]]],[[[121.89288535761642,30.94112465702746],[121.90553871166992,30.94112465702746],[121.90553871166992,30.9415179505574],[121.89288535761642,30.9415179505574],[121.89288535761642,30.94112465702746]]],[[[121.89211848767378,30.9415179505574],[121.90553871166992,30.9415179505574],[121.90553871166992,30.941911244087343],[121.89211848767378,30.941911244087343],[121.89211848767378,30.9415179505574]]],[[[121.89173505270247,30.941911244087343],[121.90553871166992,30.941911244087343],[121.90553871166992,30.942304537617286],[121.89173505270247,30.942304537617286],[121.89173505270247,30.941911244087343]]],[[[121.89096818275983,30.942304537617286],[121.90553871166992,30.942304537617286],[121.90553871166992,30.94269783114723],[121.89096818275983,30.94269783114723],[121.89096818275983,30.942304537617286]]],[[[121.89058474778851,30.94269783114723],[121.90553871166992,30.94269783114723],[121.90553871166992,30.94309112467717],[121.89058474778851,30.94309112467717],[121.89058474778851,30.94269783114723]]],[[[121.89058474778851,30.94309112467717],[121.90553871166992,30.94309112467717],[121.90553871166992,30.943484418207113],[121.89058474778851,30.943484418207113],[121.89058474778851,30.94309112467717]]],[[[121.89058474778851,30.94348441820711],[121.90553871166992,30.94348441820711],[121.90553871166992,30.943877711737052],[121.89058474778851,30.943877711737052],[121.89058474778851,30.94348441820711]]],[[[121.89058474778851,30.943877711737052],[121.90553871166992,30.943877711737052],[121.90553871166992,30.944271005266994],[121.89058474778851,30.944271005266994],[121.89058474778851,30.943877711737052]]],[[[121.89058474778851,30.944271005266994],[121.90553871166992,30.944271005266994],[121.90553871166992,30.944664298796937],[121.89058474778851,30.944664298796937],[121.89058474778851,30.944271005266994]]],[[[121.89096818275983,30.944664298796937],[121.90093749201411,30.944664298796937],[121.90093749201411,30.94505759232688],[121.89096818275983,30.94505759232688],[121.89096818275983,30.944664298796937]]],[[[121.90208779692806,30.944664298796937],[121.90553871166992,30.944664298796937],[121.90553871166992,30.94505759232688],[121.90208779692806,30.94505759232688],[121.90208779692806,30.944664298796937]]],[[[121.89096818275983,30.94505759232688],[121.90093749201411,30.94505759232688],[121.90093749201411,30.945450885856822],[121.89096818275983,30.945450885856822],[121.89096818275983,30.94505759232688]]],[[[121.90208779692806,30.94505759232688],[121.90553871166992,30.94505759232688],[121.90553871166992,30.945450885856822],[121.90208779692806,30.945450885856822],[121.90208779692806,30.94505759232688]]],[[[121.89096818275983,30.945450885856822],[121.90093749201411,30.945450885856822],[121.90093749201411,30.945844179386764],[121.89096818275983,30.945844179386764],[121.89096818275983,30.945450885856822]]],[[[121.90208779692806,30.945450885856822],[121.90553871166992,30.945450885856822],[121.90553871166992,30.945844179386764],[121.90208779692806,30.945844179386764],[121.90208779692806,30.945450885856822]]],[[[121.89096818275983,30.945844179386764],[121.90093749201411,30.945844179386764],[121.90093749201411,30.946237472916707],[121.89096818275983,30.946237472916707],[121.89096818275983,30.945844179386764]]],[[[121.90208779692806,30.945844179386764],[121.90553871166992,30.945844179386764],[121.90553871166992,30.946237472916707],[121.90208779692806,30.946237472916707],[121.90208779692806,30.945844179386764]]],[[[121.89096818275983,30.946237472916707],[121.90093749201411,30.946237472916707],[121.90093749201411,30.94663076644665],[121.89096818275983,30.94663076644665],[121.89096818275983,30.946237472916707]]],[[[121.90208779692806,30.946237472916707],[121.90515527669861,30.946237472916707],[121.90515527669861,30.94663076644665],[121.90208779692806,30.94663076644665],[121.90208779692806,30.946237472916707]]],[[[121.89096818275983,30.946630766446646],[121.90093749201411,30.946630766446646],[121.90093749201411,30.947024059976588],[121.89096818275983,30.947024059976588],[121.89096818275983,30.946630766446646]]],[[[121.90208779692806,30.946630766446646],[121.90515527669861,30.946630766446646],[121.90515527669861,30.947024059976588],[121.90208779692806,30.947024059976588],[121.90208779692806,30.946630766446646]]],[[[121.89096818275983,30.947024059976588],[121.90093749201411,30.947024059976588],[121.90093749201411,30.94741735350653],[121.89096818275983,30.94741735350653],[121.89096818275983,30.947024059976588]]],[[[121.90208779692806,30.947024059976588],[121.90515527669861,30.947024059976588],[121.90515527669861,30.94741735350653],[121.90208779692806,30.94741735350653],[121.90208779692806,30.947024059976588]]],[[[121.89096818275983,30.94741735350653],[121.89480253247301,30.94741735350653],[121.89480253247301,30.947810647036473],[121.89096818275983,30.947810647036473],[121.89096818275983,30.94741735350653]]],[[[121.90438840675597,30.94741735350653],[121.90515527669861,30.94741735350653],[121.90515527669861,30.947810647036473],[121.90438840675597,30.947810647036473],[121.90438840675597,30.94741735350653]]],[[[121.89096818275983,30.947810647036473],[121.89365222755906,30.947810647036473],[121.89365222755906,30.948203940566415],[121.89096818275983,30.948203940566415],[121.89096818275983,30.947810647036473]]],[[[121.89096818275983,30.948203940566415],[121.89288535761642,30.948203940566415],[121.89288535761642,30.948597234096358],[121.89096818275983,30.948597234096358],[121.89096818275983,30.948203940566415]]],[[[121.89096818275983,30.948597234096358],[121.89211848767378,30.948597234096358],[121.89211848767378,30.9489905276263],[121.89096818275983,30.9489905276263],[121.89096818275983,30.948597234096358]]],[[[121.89096818275983,30.9489905276263],[121.89135161773115,30.9489905276263],[121.89135161773115,30.949383821156243],[121.89096818275983,30.949383821156243],[121.89096818275983,30.9489905276263]]]]}},{"type":"Feature","properties":{"parcel_id":"lingang:parcel:0046","geometry_method":"road_barrier_raster_plus_buildings","functional_type":"commercial","dominant_type":"commercial","confidence":0.86,"building_count":1,"avg_building_area_m2":608,"centroid_lng":121.932308,"centroid_lat":30.947192,"parcel_area_m2":335946,"safety_clipped":false,"classification_source":"osm_tags+building_morphology+spatial_prior","synthetic_classification":true,"qc_flags":""},"geometry":{"type":"MultiPolygon","coordinates":[[[[121.92125954549398,30.94309112467717],[121.9216429804653,30.94309112467717],[121.9216429804653,30.943484418207113],[121.92125954549398,30.943484418207113],[121.92125954549398,30.94309112467717]]],[[[121.92125954549398,30.94348441820711],[121.92240985040793,30.94348441820711],[121.92240985040793,30.943877711737052],[121.92125954549398,30.943877711737052],[121.92125954549398,30.94348441820711]]],[[[121.92125954549398,30.943877711737052],[121.92317672035057,30.943877711737052],[121.92317672035057,30.944271005266994],[121.92125954549398,30.944271005266994],[121.92125954549398,30.943877711737052]]],[[[121.92087611052266,30.944271005266994],[121.9239435902932,30.944271005266994],[121.9239435902932,30.944664298796937],[121.92087611052266,30.944664298796937],[121.92087611052266,30.944271005266994]]],[[[121.92087611052266,30.944664298796937],[121.92432702526452,30.944664298796937],[121.92432702526452,30.94505759232688],[121.92087611052266,30.94505759232688],[121.92087611052266,30.944664298796937]]],[[[121.92087611052266,30.94505759232688],[121.92509389520716,30.94505759232688],[121.92509389520716,30.945450885856822],[121.92087611052266,30.945450885856822],[121.92087611052266,30.94505759232688]]],[[[121.92087611052266,30.945450885856822],[121.92624420012112,30.945450885856822],[121.92624420012112,30.945844179386764],[121.92087611052266,30.945844179386764],[121.92087611052266,30.945450885856822]]],[[[121.92087611052266,30.945844179386764],[121.92701107006376,30.945844179386764],[121.92701107006376,30.946237472916707],[121.92087611052266,30.946237472916707],[121.92087611052266,30.945844179386764]]],[[[121.92087611052266,30.946237472916707],[121.93161228971957,30.946237472916707],[121.93161228971957,30.94663076644665],[121.92087611052266,30.94663076644665],[121.92087611052266,30.946237472916707]]],[[[121.92049267555134,30.946630766446646],[121.93161228971957,30.946630766446646],[121.93161228971957,30.947024059976588],[121.92049267555134,30.947024059976588],[121.92049267555134,30.946630766446646]]],[[[121.92049267555134,30.947024059976588],[121.93161228971957,30.947024059976588],[121.93161228971957,30.94741735350653],[121.92049267555134,30.94741735350653],[121.92049267555134,30.947024059976588]]],[[[121.92049267555134,30.94741735350653],[121.93161228971957,30.94741735350653],[121.93161228971957,30.947810647036473],[121.92049267555134,30.947810647036473],[121.92049267555134,30.94741735350653]]],[[[121.92049267555134,30.947810647036473],[121.93161228971957,30.947810647036473],[121.93161228971957,30.948203940566415],[121.92049267555134,30.948203940566415],[121.92049267555134,30.947810647036473]]]]}},{"type":"Feature","properties":{"parcel_id":"lingang:parcel:0047","geometry_method":"road_barrier_raster_plus_buildings","functional_type":"mixed","dominant_type":"residential","confidence":0.54,"building_count":2,"avg_building_area_m2":608,"centroid_lng":121.887564,"centroid_lat":30.949469,"parcel_area_m2":1826206,"safety_clipped":false,"classification_source":"osm_tags+building_morphology+spatial_prior","synthetic_classification":true,"qc_flags":"low_confidence"},"geometry":{"type":"MultiPolygon","coordinates":[[[[121.8882841379606,30.943877711737052],[121.88866757293192,30.943877711737052],[121.88866757293192,30.944271005266994],[121.8882841379606,30.944271005266994],[121.8882841379606,30.943877711737052]]],[[[121.88751726801797,30.944271005266994],[121.88866757293192,30.944271005266994],[121.88866757293192,30.944664298796937],[121.88751726801797,30.944664298796937],[121.88751726801797,30.944271005266994]]],[[[121.88675039807534,30.944664298796937],[121.88866757293192,30.944664298796937],[121.88866757293192,30.94505759232688],[121.88675039807534,30.94505759232688],[121.88675039807534,30.944664298796937]]],[[[121.88560009316137,30.94505759232688],[121.88866757293192,30.94505759232688],[121.88866757293192,30.945450885856822],[121.88560009316137,30.945450885856822],[121.88560009316137,30.94505759232688]]],[[[121.88483322321873,30.945450885856822],[121.88866757293192,30.945450885856822],[121.88866757293192,30.945844179386764],[121.88483322321873,30.945844179386764],[121.88483322321873,30.945450885856822]]],[[[121.8840663532761,30.945844179386764],[121.88866757293192,30.945844179386764],[121.88866757293192,30.946237472916707],[121.8840663532761,30.946237472916707],[121.8840663532761,30.945844179386764]]],[[[121.88329948333346,30.946237472916707],[121.88866757293192,30.946237472916707],[121.88866757293192,30.94663076644665],[121.88329948333346,30.94663076644665],[121.88329948333346,30.946237472916707]]],[[[121.88253261339082,30.946630766446646],[121.88866757293192,30.946630766446646],[121.88866757293192,30.947024059976588],[121.88253261339082,30.947024059976588],[121.88253261339082,30.946630766446646]]],[[[121.88138230847687,30.947024059976588],[121.88866757293192,30.947024059976588],[121.88866757293192,30.94741735350653],[121.88138230847687,30.94741735350653],[121.88138230847687,30.947024059976588]]],[[[121.88061543853424,30.94741735350653],[121.88866757293192,30.94741735350653],[121.88866757293192,30.947810647036473],[121.88061543853424,30.947810647036473],[121.88061543853424,30.94741735350653]]],[[[121.87946513362029,30.947810647036473],[121.88866757293192,30.947810647036473],[121.88866757293192,30.948203940566415],[121.87946513362029,30.948203940566415],[121.87946513362029,30.947810647036473]]],[[[121.87869826367765,30.948203940566415],[121.88866757293192,30.948203940566415],[121.88866757293192,30.948597234096358],[121.87869826367765,30.948597234096358],[121.87869826367765,30.948203940566415]]],[[[121.87793139373501,30.948597234096358],[121.88866757293192,30.948597234096358],[121.88866757293192,30.9489905276263],[121.87793139373501,30.9489905276263],[121.87793139373501,30.948597234096358]]],[[[121.87716452379237,30.9489905276263],[121.88866757293192,30.9489905276263],[121.88866757293192,30.949383821156243],[121.87716452379237,30.949383821156243],[121.87716452379237,30.9489905276263]]],[[[121.87601421887842,30.94938382115624],[121.88866757293192,30.94938382115624],[121.88866757293192,30.94977711468618],[121.87601421887842,30.94977711468618],[121.87601421887842,30.94938382115624]]],[[[121.87486391396446,30.94977711468618],[121.88866757293192,30.94977711468618],[121.88866757293192,30.950170408216124],[121.87486391396446,30.950170408216124],[121.87486391396446,30.94977711468618]]],[[[121.87409704402182,30.950170408216124],[121.88905100790323,30.950170408216124],[121.88905100790323,30.950563701746066],[121.87409704402182,30.950563701746066],[121.87409704402182,30.950170408216124]]],[[[121.87333017407919,30.950563701746066],[121.88905100790323,30.950563701746066],[121.88905100790323,30.95095699527601],[121.87333017407919,30.95095699527601],[121.87333017407919,30.950563701746066]]],[[[121.87256330413655,30.95095699527601],[121.88905100790323,30.95095699527601],[121.88905100790323,30.95135028880595],[121.87256330413655,30.95135028880595],[121.87256330413655,30.95095699527601]]],[[[121.8714129992226,30.95135028880595],[121.88905100790323,30.95135028880595],[121.88905100790323,30.951743582335894],[121.8714129992226,30.951743582335894],[121.8714129992226,30.95135028880595]]],[[[121.87064612927996,30.951743582335894],[121.88905100790323,30.951743582335894],[121.88905100790323,30.952136875865836],[121.87064612927996,30.952136875865836],[121.87064612927996,30.951743582335894]]],[[[121.86987925933732,30.952136875865836],[121.88905100790323,30.952136875865836],[121.88905100790323,30.95253016939578],[121.86987925933732,30.95253016939578],[121.86987925933732,30.952136875865836]]],[[[121.86872895442337,30.952530169395775],[121.88905100790323,30.952530169395775],[121.88905100790323,30.952923462925718],[121.86872895442337,30.952923462925718],[121.86872895442337,30.952530169395775]]],[[[121.86796208448074,30.952923462925718],[121.88905100790323,30.952923462925718],[121.88905100790323,30.95331675645566],[121.86796208448074,30.95331675645566],[121.86796208448074,30.952923462925718]]],[[[121.8671952145381,30.95331675645566],[121.88905100790323,30.95331675645566],[121.88905100790323,30.953710049985602],[121.8671952145381,30.953710049985602],[121.8671952145381,30.95331675645566]]],[[[121.86642834459546,30.953710049985602],[121.88905100790323,30.953710049985602],[121.88905100790323,30.954103343515545],[121.86642834459546,30.954103343515545],[121.86642834459546,30.953710049985602]]],[[[121.86566147465282,30.954103343515545],[121.88905100790323,30.954103343515545],[121.88905100790323,30.954496637045487],[121.86566147465282,30.954496637045487],[121.86566147465282,30.954103343515545]]],[[[121.86566147465282,30.954496637045487],[121.88675039807534,30.954496637045487],[121.88675039807534,30.95488993057543],[121.86566147465282,30.95488993057543],[121.86566147465282,30.954496637045487]]],[[[121.86566147465282,30.95488993057543],[121.88483322321873,30.95488993057543],[121.88483322321873,30.955283224105372],[121.86566147465282,30.955283224105372],[121.86566147465282,30.95488993057543]]],[[[121.86566147465282,30.955283224105372],[121.88253261339082,30.955283224105372],[121.88253261339082,30.955676517635315],[121.86566147465282,30.955676517635315],[121.86566147465282,30.955283224105372]]],[[[121.86566147465282,30.95567651763531],[121.88061543853424,30.95567651763531],[121.88061543853424,30.956069811165253],[121.86566147465282,30.956069811165253],[121.86566147465282,30.95567651763531]]],[[[121.86566147465282,30.956069811165253],[121.87831482870632,30.956069811165253],[121.87831482870632,30.956463104695196],[121.86566147465282,30.956463104695196],[121.86566147465282,30.956069811165253]]],[[[121.86566147465282,30.956463104695196],[121.87678108882105,30.956463104695196],[121.87678108882105,30.95685639822514],[121.86566147465282,30.95685639822514],[121.86566147465282,30.956463104695196]]],[[[121.86566147465282,30.95685639822514],[121.87448047899315,30.95685639822514],[121.87448047899315,30.95724969175508],[121.86566147465282,30.95724969175508],[121.86566147465282,30.95685639822514]]],[[[121.86566147465282,30.95724969175508],[121.87256330413655,30.95724969175508],[121.87256330413655,30.957642985285023],[121.86566147465282,30.957642985285023],[121.86566147465282,30.95724969175508]]],[[[121.86566147465282,30.957642985285023],[121.87026269430865,30.957642985285023],[121.87026269430865,30.958036278814966],[121.86566147465282,30.958036278814966],[121.86566147465282,30.957642985285023]]],[[[121.86566147465282,30.958036278814966],[121.86796208448074,30.958036278814966],[121.86796208448074,30.958429572344908],[121.86566147465282,30.958429572344908],[121.86566147465282,30.958036278814966]]]]}},{"type":"Feature","properties":{"parcel_id":"lingang:parcel:0048","geometry_method":"road_barrier_raster_plus_buildings","functional_type":"office","dominant_type":"office","confidence":0.75,"building_count":2,"avg_building_area_m2":608,"centroid_lng":121.926543,"centroid_lat":30.950102,"parcel_area_m2":92345,"safety_clipped":false,"classification_source":"osm_tags+building_morphology+spatial_prior","synthetic_classification":true,"qc_flags":""},"geometry":{"type":"MultiPolygon","coordinates":[[[[121.92049267555134,30.94977711468618],[121.93161228971957,30.94977711468618],[121.93161228971957,30.950170408216124],[121.92049267555134,30.950170408216124],[121.92049267555134,30.94977711468618]]],[[[121.92049267555134,30.950170408216124],[121.93161228971957,30.950170408216124],[121.93161228971957,30.950563701746066],[121.92049267555134,30.950563701746066],[121.92049267555134,30.950170408216124]]]]}},{"type":"Feature","properties":{"parcel_id":"lingang:parcel:0049","geometry_method":"road_barrier_raster_plus_buildings","functional_type":"mixed","dominant_type":"residential","confidence":0.54,"building_count":2,"avg_building_area_m2":608,"centroid_lng":121.904175,"centroid_lat":30.957797,"parcel_area_m2":2800608,"safety_clipped":false,"classification_source":"osm_tags+building_morphology+spatial_prior","synthetic_classification":true,"qc_flags":"low_confidence"},"geometry":{"type":"MultiPolygon","coordinates":[[[[121.89748657727225,30.954103343515545],[121.89902031715752,30.954103343515545],[121.89902031715752,30.954496637045487],[121.89748657727225,30.954496637045487],[121.89748657727225,30.954103343515545]]],[[[121.8944190975017,30.954496637045487],[121.90362153681333,30.954496637045487],[121.90362153681333,30.95488993057543],[121.8944190975017,30.95488993057543],[121.8944190975017,30.954496637045487]]],[[[121.9047718417273,30.954496637045487],[121.90515527669861,30.954496637045487],[121.90515527669861,30.95488993057543],[121.9047718417273,30.95488993057543],[121.9047718417273,30.954496637045487]]],[[[121.89288535761642,30.95488993057543],[121.90323810184202,30.95488993057543],[121.90323810184202,30.955283224105372],[121.89288535761642,30.955283224105372],[121.89288535761642,30.95488993057543]]],[[[121.9047718417273,30.95488993057543],[121.91052336629707,30.95488993057543],[121.91052336629707,30.955283224105372],[121.9047718417273,30.955283224105372],[121.9047718417273,30.95488993057543]]],[[[121.89096818275983,30.955283224105372],[121.90323810184202,30.955283224105372],[121.90323810184202,30.955676517635315],[121.89096818275983,30.955676517635315],[121.89096818275983,30.955283224105372]]],[[[121.9047718417273,30.955283224105372],[121.91474115098157,30.955283224105372],[121.91474115098157,30.955676517635315],[121.9047718417273,30.955676517635315],[121.9047718417273,30.955283224105372]]],[[[121.89096818275983,30.95567651763531],[121.90323810184202,30.95567651763531],[121.90323810184202,30.956069811165253],[121.89096818275983,30.956069811165253],[121.89096818275983,30.95567651763531]]],[[[121.90438840675597,30.95567651763531],[121.91704176080947,30.95567651763531],[121.91704176080947,30.956069811165253],[121.90438840675597,30.956069811165253],[121.90438840675597,30.95567651763531]]],[[[121.89096818275983,30.956069811165253],[121.90323810184202,30.956069811165253],[121.90323810184202,30.956463104695196],[121.89096818275983,30.956463104695196],[121.89096818275983,30.956069811165253]]],[[[121.90438840675597,30.956069811165253],[121.92701107006376,30.956069811165253],[121.92701107006376,30.956463104695196],[121.90438840675597,30.956463104695196],[121.90438840675597,30.956069811165253]]],[[[121.89096818275983,30.956463104695196],[121.90323810184202,30.956463104695196],[121.90323810184202,30.95685639822514],[121.89096818275983,30.95685639822514],[121.89096818275983,30.956463104695196]]],[[[121.90438840675597,30.956463104695196],[121.93161228971957,30.956463104695196],[121.93161228971957,30.95685639822514],[121.90438840675597,30.95685639822514],[121.90438840675597,30.956463104695196]]],[[[121.89096818275983,30.95685639822514],[121.90323810184202,30.95685639822514],[121.90323810184202,30.95724969175508],[121.89096818275983,30.95724969175508],[121.89096818275983,30.95685639822514]]],[[[121.90438840675597,30.95685639822514],[121.93161228971957,30.95685639822514],[121.93161228971957,30.95724969175508],[121.90438840675597,30.95724969175508],[121.90438840675597,30.95685639822514]]],[[[121.89096818275983,30.95724969175508],[121.93161228971957,30.95724969175508],[121.93161228971957,30.957642985285023],[121.89096818275983,30.957642985285023],[121.89096818275983,30.95724969175508]]],[[[121.89096818275983,30.957642985285023],[121.93161228971957,30.957642985285023],[121.93161228971957,30.958036278814966],[121.89096818275983,30.958036278814966],[121.89096818275983,30.957642985285023]]],[[[121.89096818275983,30.958036278814966],[121.93161228971957,30.958036278814966],[121.93161228971957,30.958429572344908],[121.89096818275983,30.958429572344908],[121.89096818275983,30.958036278814966]]],[[[121.89096818275983,30.958429572344905],[121.93161228971957,30.958429572344905],[121.93161228971957,30.958822865874847],[121.89096818275983,30.958822865874847],[121.89096818275983,30.958429572344905]]],[[[121.89096818275983,30.958822865874847],[121.93161228971957,30.958822865874847],[121.93161228971957,30.95921615940479],[121.89096818275983,30.95921615940479],[121.89096818275983,30.958822865874847]]],[[[121.89058474778851,30.95921615940479],[121.93122885474826,30.95921615940479],[121.93122885474826,30.959609452934732],[121.89058474778851,30.959609452934732],[121.89058474778851,30.95921615940479]]],[[[121.89058474778851,30.959609452934732],[121.93122885474826,30.959609452934732],[121.93122885474826,30.960002746464674],[121.89058474778851,30.960002746464674],[121.89058474778851,30.959609452934732]]],[[[121.89058474778851,30.960002746464674],[121.93122885474826,30.960002746464674],[121.93122885474826,30.960396039994617],[121.89058474778851,30.960396039994617],[121.89058474778851,30.960002746464674]]],[[[121.89058474778851,30.960396039994617],[121.93122885474826,30.960396039994617],[121.93122885474826,30.96078933352456],[121.89058474778851,30.96078933352456],[121.89058474778851,30.960396039994617]]],[[[121.89058474778851,30.96078933352456],[121.93084541977693,30.96078933352456],[121.93084541977693,30.9611826270545],[121.89058474778851,30.9611826270545],[121.89058474778851,30.96078933352456]]],[[[121.89058474778851,30.9611826270545],[121.93084541977693,30.9611826270545],[121.93084541977693,30.961575920584444],[121.89058474778851,30.961575920584444],[121.89058474778851,30.9611826270545]]],[[[121.89058474778851,30.96157592058444],[121.93046198480562,30.96157592058444],[121.93046198480562,30.961969214114383],[121.89058474778851,30.961969214114383],[121.89058474778851,30.96157592058444]]]]}}]}