{"type":"FeatureCollection","features":[{"type":"Feature","properties":{"parcel_id":"lingang:parcel:0001","geometry_method":"road_barrier_raster_plus_buildings","functional_type":"residential","dominant_type":"residential","confidence":0.81,"building_count":1,"avg_building_area_m2":608,"centroid_lng":121.883386,"centroid_lat":30.855997,"parcel_area_m2":70055,"safety_clipped":false,"classification_source":"osm_tags+building_morphology+spatial_prior","synthetic_classification":true,"qc_flags":""},"geometry":{"type":"MultiPolygon","coordinates":[[[[121.87690399373541,30.855034060349453],[121.88227880759736,30.85503804682191],[121.88227877575005,30.85543111415953],[121.87690396186287,30.855427127689218],[121.87690399373541,30.855034060349453]]],[[[121.87767186903025,30.855427763532386],[121.88189490266983,30.855430865948545],[121.88189487082043,30.85582393323164],[121.87767183716117,30.855820830817166],[121.87767186903025,30.855427763532386]]],[[[121.8780557813359,30.855821140587025],[121.88112710486595,30.855823419677165],[121.88112707301276,30.85621648690608],[121.8780557494683,30.85621420781717],[121.8780557813359,30.855821140587025]]],[[[121.8784396873298,30.856214512117223],[121.8807431801941,30.85621622161025],[121.88074314833874,30.85660928878504],[121.87843965546364,30.85660757929293],[121.8784396873298,30.856214512117223]]],[[[121.87882358698137,30.856607878097044],[121.88035924899619,30.856609017842423],[121.88035921713865,30.857002084963284],[121.87882355511661,30.857000945218516],[121.87882358698137,30.856607878097044]]],[[[121.8792074802603,30.857001238500832],[121.87959139899822,30.857001526235905],[121.87959136713667,30.857394593303184],[121.87920744839694,30.857394305568263],[121.8792074802603,30.857001238500832]]]]}},{"type":"Feature","properties":{"parcel_id":"lingang:parcel:0002","geometry_method":"road_barrier_raster_plus_buildings","functional_type":"commercial","dominant_type":"commercial","confidence":0.86,"building_count":1,"avg_building_area_m2":608,"centroid_lng":121.926869,"centroid_lat":30.863606,"parcel_area_m2":95530,"safety_clipped":false,"classification_source":"osm_tags+building_morphology+spatial_prior","synthetic_classification":true,"qc_flags":""},"geometry":{"type":"MultiPolygon","coordinates":[[[[121.91526430952966,30.863290523537003],[121.91603076541017,30.863289904901723],[121.91603073358172,30.863682971120994],[121.91526427770322,30.86368358975651],[121.91526430952966,30.863290523537003]]],[[[121.91526427770322,30.86368358975651],[121.91756355353651,30.863681654630835],[121.91756352170322,30.864074720799138],[121.91526424587632,30.864076655925512],[121.91526427770322,30.86368358975651]]],[[[121.91526424587632,30.864076655925512],[121.91832988586762,30.8640740230255],[121.9183298540315,30.86446708914327],[121.91526421404896,30.864469722044216],[121.91526424587632,30.864076655925512]]],[[[121.91488097461956,30.864470021444642],[121.91947934316164,30.864465993206625],[121.91947931132127,30.86485905927396],[121.9148809427927,30.864863087513363],[121.91488097461956,30.864470021444642]]],[[[121.9148809427927,30.864863087513363],[121.92024559942051,30.86485829587905],[121.92024556757698,30.86525136189626],[121.91488091096541,30.865256153532187],[121.9148809427927,30.864863087513363]]],[[[121.91488091096541,30.865256153532187],[121.91756342620063,30.865253919003056],[121.91756339436553,30.865646984971363],[121.91488087913766,30.865649219501307],[121.91488091096541,30.865256153532187]]],[[[121.91986242732169,30.865251746865937],[121.92101182536571,30.86525057235604],[121.92101179351893,30.865643638323327],[121.91986239547907,30.86564481283356],[121.91986242732169,30.865251746865937]]],[[[121.9152641185642,30.865648920100526],[121.91679699968572,30.86564765640812],[121.91679696785242,30.86604072232716],[121.91526408673504,30.86604198602003],[121.9152641185642,30.865648920100526]]],[[[121.92062866840989,30.865644036357622],[121.92177802107254,30.86564282270464],[121.92177798922236,30.866035888622203],[121.92062863656406,30.86603710227552],[121.92062866840989,30.865644036357622]]],[[[121.92101176167169,30.866036704241107],[121.92139487922113,30.866036299687053],[121.92139484737197,30.866429365555433],[121.92101172982399,30.866429770109598],[121.92101176167169,30.866036704241107]]]]}},{"type":"Feature","properties":{"parcel_id":"lingang:parcel:0003","geometry_method":"road_barrier_raster_plus_buildings","functional_type":"commercial","dominant_type":"commercial","confidence":0.86,"building_count":1,"avg_building_area_m2":608,"centroid_lng":121.900674,"centroid_lat":30.862551,"parcel_area_m2":98714,"safety_clipped":false,"classification_source":"osm_tags+building_morphology+spatial_prior","synthetic_classification":true,"qc_flags":""},"geometry":{"type":"MultiPolygon","coordinates":[[[[121.8937909770652,30.86526246144183],[121.8945582825294,30.86526257658893],[121.89455825070766,30.86565564256487],[121.89379094524199,30.86565552741805],[121.8937909770652,30.86526246144183]]],[[[121.89302361058144,30.865655387032312],[121.8949418924508,30.865655690638253],[121.89494186062929,30.866048756564556],[121.8930235787562,30.866048452959312],[121.89302361058144,30.865655387032312]]],[[[121.89263990052001,30.86604837333859],[121.89494186062929,30.866048756564556],[121.89494182880733,30.866441822441562],[121.89263986869348,30.866441439216434],[121.89263990052001,30.86604837333859]]],[[[121.89225618320997,30.866441353330657],[121.89494182880733,30.866441822441562],[121.89494179698491,30.86683488826947],[121.89225615138211,30.866834419159545],[121.89225618320997,30.866441353330657]]],[[[121.89187245866941,30.8668343270242],[121.89494179698491,30.86683488826947],[121.89494176516205,30.86722795404848],[121.89187242684022,30.867227392804335],[121.89187245866941,30.8668343270242]]],[[[121.8911050198024,30.867227189848283],[121.89532539955984,30.86722799576969],[121.89532536773719,30.867621061499868],[121.89110498797088,30.867620255580004],[121.8911050198024,30.867227189848283]]],[[[121.89187239501058,30.86762045853577],[121.89532536773719,30.867621061499868],[121.89532533591407,30.86801412718155],[121.89187236318048,30.868013524218714],[121.89187239501058,30.86762045853577]]],[[[121.89225605589587,30.868013616353636],[121.89494170151497,30.86801408546062],[121.89494166969074,30.868407151094146],[121.89225602406623,30.868406681988144],[121.89225605589587,30.868013616353636]]],[[[121.89263970955408,30.868406767873214],[121.8945580279428,30.86840710302173],[121.89455799611744,30.868800168607308],[121.89263967772483,30.86879983345949],[121.89263970955408,30.868406767873214]]],[[[121.89340702694444,30.86879998641859],[121.89417434703665,30.868800114197036],[121.89417431521012,30.86919317973486],[121.8934069951164,30.869193051956696],[121.89340702694444,30.86879998641859]]]]}},{"type":"Feature","properties":{"parcel_id":"lingang:parcel:0004","geometry_method":"road_barrier_raster_plus_buildings","functional_type":"residential","dominant_type":"residential","confidence":1,"building_count":1,"avg_building_area_m2":608,"centroid_lng":121.930844,"centroid_lat":30.86443,"parcel_area_m2":14329,"safety_clipped":false,"classification_source":"osm_tags+building_morphology+spatial_prior","synthetic_classification":true,"qc_flags":""},"geometry":{"type":"MultiPolygon","coordinates":[[[[121.92637459715516,30.867602714838075],[121.9275236139162,30.867601211532662],[121.92752358203782,30.867994277204126],[121.92637456528252,30.867995780509855],[121.92637459715516,30.867602714838075]]],[[[121.92675757823105,30.8679952857564],[121.92828955649684,30.867993243350792],[121.92828952461403,30.868386308973754],[121.92675754635609,30.86838835137978],[121.92675757823105,30.8679952857564]]],[[[121.927523550159,30.868387342827297],[121.92828952461403,30.868386308973754],[121.92828949273078,30.868779374548623],[121.92752351827971,30.868780408402376],[121.927523550159,30.868387342827297]]]]}},{"type":"Feature","properties":{"parcel_id":"lingang:parcel:0005","geometry_method":"road_barrier_raster_plus_buildings","functional_type":"office","dominant_type":"office","confidence":0.89,"building_count":1,"avg_building_area_m2":608,"centroid_lng":121.859586,"centroid_lat":30.866102,"parcel_area_m2":14329,"safety_clipped":false,"classification_source":"osm_tags+building_morphology+spatial_prior","synthetic_classification":true,"qc_flags":""},"geometry":{"type":"MultiPolygon","coordinates":[[[[121.85500812078539,30.869158207459417],[121.85577662241525,30.869159359055708],[121.85577659038277,30.8695524245615],[121.85500808874657,30.869551272965552],[121.85500812078539,30.869158207459417]]],[[[121.85500808874657,30.869551272965552],[121.85577659038277,30.8695524245615],[121.85577655834985,30.86994549001981],[121.8550080567073,30.8699443384242],[121.85500808874657,30.869551272965552]]],[[[121.8550080567073,30.8699443384242],[121.85577655834985,30.86994549001981],[121.85577652631648,30.87033855543083],[121.85500802466757,30.870337403835567],[121.8550080567073,30.8699443384242]]],[[[121.85500802466757,30.870337403835567],[121.85539227751146,30.870337981391387],[121.85539224547446,30.870731046755495],[121.85500799262739,30.870730469199845],[121.85500802466757,30.870337403835567]]],[[[121.85500799262739,30.870730469199845],[121.85539224547446,30.870731046755495],[121.855392213437,30.871124112072724],[121.85500796058675,30.871123534517245],[121.85500799262739,30.870730469199845]]],[[[121.85500796058675,30.871123534517245],[121.855392213437,30.871124112072724],[121.85539218139908,30.87151717734327],[121.85500792854565,30.871516599787963],[121.85500796058675,30.871123534517245]]]]}},{"type":"Feature","properties":{"parcel_id":"lingang:parcel:0006","geometry_method":"road_barrier_raster_plus_buildings","functional_type":"commercial","dominant_type":"commercial","confidence":0.86,"building_count":1,"avg_building_area_m2":608,"centroid_lng":121.891653,"centroid_lat":30.874709,"parcel_area_m2":2599995,"safety_clipped":false,"classification_source":"osm_tags+building_morphology+spatial_prior","synthetic_classification":true,"qc_flags":""},"geometry":{"type":"MultiPolygon","coordinates":[[[[121.89877755327677,30.869979542435626],[121.89916111339521,30.86997951995928],[121.89916108157428,30.87037258535286],[121.89877752145549,30.870372607829342],[121.89877755327677,30.869979542435626]]],[[[121.89724320622106,30.870372633135716],[121.89992817929883,30.870372520947868],[121.89992814747806,30.870765586294098],[121.89724317439762,30.87076569848289],[121.89724320622106,30.870372633135716]]],[[[121.89647597210589,30.870765672530997],[121.9006952151101,30.870765495888858],[121.90069518328937,30.87115856118794],[121.89647594028095,30.871158737831564],[121.89647597210589,30.870765672530997]]],[[[121.89609232801422,30.87115871524523],[121.90107870579371,30.871158506212428],[121.90107867397273,30.8715515714647],[121.89609229618827,30.871551780499257],[121.89609232801422,30.87115871524523]]],[[[121.89570867652667,30.871551751522436],[121.90184569630722,30.871551441925163],[121.9018456644861,30.871944507130692],[121.89570864469965,30.87194481673012],[121.89570867652667,30.871551751522436]]],[[[121.89532501765808,30.871944781375507],[121.90261265652481,30.871944351420048],[121.90261262470342,30.87233741657904],[121.89532498582999,30.872337846537057],[121.89532501765808,30.871944781375507]]],[[[121.89494135142367,30.87233780481765],[121.90299610933948,30.872337328890783],[121.9029960775177,30.87273039400357],[121.89494131959447,30.872730869933264],[121.89494135142367,30.87233780481765]]],[[[121.89455767783897,30.87273082186238],[121.90337955455375,30.872730299750643],[121.90337952273151,30.87312336481743],[121.89455764600864,30.873123886932262],[121.89455767783897,30.87273082186238]]],[[[121.89417399691997,30.87312383252353],[121.90376299215959,30.873123263993225],[121.90376296033689,30.873516329014215],[121.89417396508847,30.873516897547884],[121.89417399691997,30.87312383252353]]],[[[121.89340664497799,30.8735167697728],[121.90414642214944,30.87351622161246],[121.90414639032623,30.873909286587857],[121.8934066131445,30.87390983475197],[121.89340664497799,30.8735167697728]]],[[[121.89302294215646,30.87390976141443],[121.90452984451605,30.873909172602602],[121.90452981269232,30.874302237532607],[121.89302291032172,30.87430282634848],[121.89302294215646,30.87390976141443]]],[[[121.89302291032172,30.87430282634848],[121.90491325925262,30.874302116958233],[121.90491322742832,30.87469518184305],[121.89302287848653,30.874695891237472],[121.89302291032172,30.87430282634848]]],[[[121.89302287848653,30.87469589123747],[121.90529666635265,30.874695054674255],[121.90529663452777,30.87508811951409],[121.8930228466509,30.8750889560816],[121.89302287848653,30.87469589123747]]],[[[121.8930228466509,30.8750889560816],[121.90606348944495,30.875087845373834],[121.90606345761923,30.875480910168758],[121.8930228148148,30.875482020881083],[121.8930228466509,30.8750889560816]]],[[[121.8930228148148,30.875482020881083],[121.90644687360114,30.875480763188335],[121.90644684177474,30.875873827938683],[121.89302278297826,30.875875085636117],[121.8930228148148,30.875482020881083]]],[[[121.89302278297826,30.875875085636117],[121.90683025009879,30.875873674345932],[121.90683021827166,30.876266739051907],[121.89302275114126,30.876268150346903],[121.89302278297826,30.875875085636117]]],[[[121.89263907288334,30.876268070729843],[121.90759701192881,30.876266412015237],[121.9075969801006,30.876659476676917],[121.89263904104506,30.876661135396727],[121.89263907288334,30.876268070729843]]],[[[121.89225535553905,30.87666104951462],[121.9079803654258,30.876659303226667],[121.90798033359678,30.87705236784438],[121.89225532369944,30.877054114137806],[121.89225535553905,30.87666104951462]]],[[[121.89110422387871,30.877053819057203],[121.90798033359678,30.87705236784438],[121.90798030176731,30.87744543241846],[121.89110419203588,30.877446883637177],[121.89110422387871,30.877053819057203]]],[[[121.89072047772423,30.87744677285254],[121.90721352344836,30.877445772697268],[121.90721349161913,30.87783883722817],[121.89072044587996,30.877839837389228],[121.89072047772423,30.87744677285254]]],[[[121.88918551730167,30.877839332575956],[121.90683009095866,30.87783899743741],[121.90683005912928,30.87823206192521],[121.88918548545273,30.87823239706999],[121.88918551730167,30.877839332575956]]],[[[121.88880173557742,30.87823225553531],[121.90606323482655,30.878232362500032],[121.90606320299722,30.878625426945057],[121.8888017037269,30.878625319986465],[121.88880173557742,30.87823225553531]]],[[[121.8888017037269,30.878625319986465],[121.90529634808343,30.878625701087614],[121.90529631625402,30.879018765490073],[121.88880167187592,30.879018384394797],[121.8888017037269,30.878625319986465]]],[[[121.88803415099318,30.87901808305466],[121.90491287733124,30.879018892660277],[121.90491284550153,30.879411957020253],[121.88803411913942,30.87941114742067],[121.88803415099318,30.87901808305466]]],[[[121.88765034817675,30.879410987652392],[121.90452939894266,30.8794120775963],[121.9045293671126,30.87980514191399],[121.88765031632131,30.879804051976134],[121.88765034817675,30.879410987652392]]],[[[121.88726653837368,30.87980388616781],[121.90414591292397,30.87980525590118],[121.90414588109354,30.880198320176792],[121.88726650651655,30.88019695044949],[121.88726653837368,30.87980388616781]]],[[[121.88688272160665,30.880196778620522],[121.9037624192818,30.880198427580748],[121.90376238745097,30.880591491814485],[121.8868826897478,30.880589842860346],[121.88688272160665,30.880196778620522]]],[[[121.8868826897478,30.880589842860342],[121.90337891802322,30.880591592641156],[121.90337888619194,30.880984656833224],[121.88688265788848,30.880982907058367],[121.8868826897478,30.880589842860342]]],[[[121.88688265788848,30.880982907058367],[121.9029954091556,30.880984751088892],[121.90299537732385,30.8813778152395],[121.88688262602872,30.881375971214798],[121.88688265788848,30.880982907058367]]],[[[121.88688262602872,30.881375971214798],[121.90222840045712,30.88137798406441],[121.9022283686248,30.881771048173892],[121.8868825941685,30.88176903532984],[121.88688262602872,30.881375971214798]]],[[[121.8868825941685,30.88176903532984],[121.90184486881122,30.881771122757318],[121.90184483697836,30.882164186825744],[121.88688256230783,30.882162099403697],[121.8868825941685,30.88176903532984]]],[[[121.88688256230783,30.882162099403697],[121.90146132958974,30.882164254866517],[121.90146129775627,30.882557318894097],[121.88688253044671,30.882555163436574],[121.88688256230783,30.882162099403697]]],[[[121.88611493982056,30.882554801797102],[121.90146129775627,30.882557318894097],[121.90146126592235,30.8829503828809],[121.88611490795635,30.8829478657895],[121.88611493982056,30.882554801797102]]],[[[121.88381197146784,30.882946638481435],[121.90107775096786,30.882950444387053],[121.90107771913333,30.88334350833342],[121.88381193959462,30.883339702434153],[121.88381197146784,30.882946638481435]]],[[[121.88419577934643,30.88333992169475],[121.9006941966228,30.883343563313044],[121.90069416478761,30.88373662721918],[121.88419574747425,30.883732985606954],[121.88419577934643,30.88333992169475]]],[[[121.88457958046016,30.883733199012323],[121.9003106347311,30.883736675680822],[121.90031060289522,30.884129739546932],[121.884579548589,30.88412626288422],[121.88457958046016,30.883733199012323]]],[[[121.884579548589,30.88412626288422],[121.8999270653032,30.884129781499457],[121.89992703346661,30.884522845325748],[121.8845795167174,30.884519326716166],[121.884579548589,30.88412626288422]]],[[[121.88496334291337,30.884519534244426],[121.89954348834986,30.884522880778345],[121.89954345651253,30.884915944565023],[121.88496331104274,30.884912598036475],[121.88496334291337,30.884519534244426]]],[[[121.88573094295893,30.884912995376826],[121.89915990388228,30.884915973527203],[121.89915987204418,30.885309037274475],[121.88573091109065,30.885306059129036],[121.88573094295893,30.884912995376826]]],[[[121.88611471676163,30.885306248899116],[121.89877631191196,30.88530905975607],[121.89877628007305,30.885702123464135],[121.88611468489425,30.88569931261184],[121.88611471676163,30.885306248899116]]],[[[121.88611468489425,30.88569931261184],[121.89877628007305,30.885702123464135],[121.89877624823369,30.886095187133073],[121.88611465302643,30.886092376285436],[121.88611468489425,30.88569931261184]]],[[[121.88611465302643,30.886092376285436],[121.89839268061107,30.88609520314437],[121.89839264877087,30.886488266774517],[121.88611462115814,30.886485439920104],[121.88611465302643,30.886092376285436]]],[[[121.88649841994189,30.88648562372892],[121.8980090736705,30.886488276325846],[121.89800904182943,30.88688133991741],[121.88649838807447,30.88687868732472],[121.88649841994189,30.88648562372892]]],[[[121.88726596487601,30.88687903697877],[121.89800904182943,30.88688133991741],[121.8980090099879,30.887274403470457],[121.88726593301072,30.887272100535768],[121.88726596487601,30.88687903697877]]],[[[121.88764971098198,30.887272266341316],[121.89762542742201,30.887274406572754],[121.8976253955796,30.887667470087635],[121.88764967911747,30.88766532985986],[121.88764971098198,30.887272266341316]]],[[[121.88803345010565,30.887665489625075],[121.89724180556163,30.887667466751864],[121.89724177371828,30.888060530228778],[121.88803341824192,30.888058553105374],[121.88803345010565,30.887665489625075]]],[[[121.88841718222461,30.888058706811155],[121.89685817626167,30.888060520466368],[121.89685814441737,30.888453583905523],[121.88841715036162,30.888451770253415],[121.88841718222461,30.888058706811155]]],[[[121.88918465722138,30.88845205941187],[121.89685814441737,30.888453583905523],[121.89685811257262,30.88884664730699],[121.88918462536022,30.88884512281615],[121.88918465722138,30.88845205941187]]],[[[121.88995210393529,30.888845387515303],[121.89647450769057,30.88884663112982],[121.89647447584483,30.889239694493945],[121.88995207207583,30.889238450881816],[121.88995210393529,30.888845387515303]]],[[[121.89033580070453,30.88923857401452],[121.89609086355205,30.88923967191393],[121.89609083170528,30.88963273524092],[121.89033576884567,30.889631637343612],[121.89033580070453,30.88923857401452]]],[[[121.89110320468372,30.88963186508871],[121.89609083170528,30.889632735240916],[121.89609079985806,30.890025798530836],[121.8911031728264,30.89002492838045],[121.89110320468372,30.88963186508871]]],[[[121.89225427273868,30.890025223446994],[121.89570718016842,30.89002576956049],[121.89570714832014,30.89041883281369],[121.89225424088369,30.89041828670145],[121.89225427273868,30.890025223446994]]],[[[121.89340527572995,30.89041852552224],[121.89570714832014,30.89041883281369],[121.89570711647143,30.890811896030232],[121.89340524387701,30.890811588739616],[121.89340527572995,30.89041852552224]]],[[[121.89455621317545,30.890811770904858],[121.89532348939976,30.89081186068225],[121.89532345754996,30.89120492386248],[121.8945561813243,30.891204834085368],[121.89455621317545,30.890811770904858]]]]}},{"type":"Feature","properties":{"parcel_id":"lingang:parcel:0007","geometry_method":"road_barrier_raster_plus_buildings","functional_type":"residential","dominant_type":"residential","confidence":1,"building_count":1,"avg_building_area_m2":608,"centroid_lng":121.891053,"centroid_lat":30.874956,"parcel_area_m2":227679,"safety_clipped":false,"classification_source":"osm_tags+building_morphology+spatial_prior","synthetic_classification":true,"qc_flags":""},"geometry":{"type":"MultiPolygon","coordinates":[[[[121.88649963056766,30.871549176523168],[121.8872672072689,30.871549526188655],[121.88726717542127,30.87194259139947],[121.88649959871746,30.871942241734278],[121.88649963056766,30.871549176523168]]],[[[121.88611579998287,30.871942057920013],[121.88765095334405,30.871942757210714],[121.88765092149721,30.87233582237511],[121.88611576813089,30.872335123084994],[121.88611579998287,30.871942057920013]]],[[[121.88573196250466,30.872334933310043],[121.88765092149721,30.87233582237511],[121.88765088964992,30.87272888749343],[121.88573193065088,30.8727279984291],[121.88573196250466,30.872334933310043]]],[[[121.88496429882137,30.872727601079564],[121.88803466059194,30.872729047264183],[121.88803462874542,30.87312211233649],[121.88496426696435,30.873120666153046],[121.88496429882137,30.872727601079564]]],[[[121.88458044081014,30.873120458620473],[121.88841839268305,30.87312226604779],[121.88841836083725,30.873515331074284],[121.88458040895121,30.873513523648437],[121.88458044081014,30.873120458620473]]],[[[121.88419657600346,30.873513310239197],[121.88841836083725,30.873515331074284],[121.88841832899101,30.87390839605531],[121.88419654414263,30.873906375221843],[121.88419657600346,30.873513310239197]]],[[[121.88381270442672,30.87390615595766],[121.88765079410534,30.87390808257398],[121.88765076225624,30.87430114751004],[121.88381267256392,30.874299220895193],[121.88381270442672,30.87390615595766]]],[[[121.88304497293215,30.87429876489016],[121.887266984326,30.87430098169967],[121.88726695247522,30.87469404659081],[121.88304494106585,30.874691829782932],[121.88304497293215,30.87429876489016]]],[[[121.88266108120239,30.874691593086943],[121.88688316758311,30.87469387475979],[121.8868831357306,30.875086939606224],[121.88266104933403,30.875084657935012],[121.88266108120239,30.874691593086943]]],[[[121.8822771828071,30.875084415473815],[121.88649934389959,30.87508676177425],[121.88649931204532,30.87547982657618],[121.88227715093669,30.875477480277382],[121.8822771828071,30.875084415473815]]],[[[121.8815093980024,30.875476978152008],[121.88611551329878,30.87547964276324],[121.88611548144272,30.875872707520863],[121.88150936612824,30.87587004291143],[121.8815093980024,30.875476978152008]]],[[[121.88150936612824,30.87587004291143],[121.8857316758043,30.875872517747244],[121.88573164394643,30.876265582460768],[121.88150933425364,30.876263107626603],[121.88150936612824,30.87587004291143]]],[[[121.88150933425364,30.876263107626603],[121.88534783144016,30.876265386747036],[121.88534779958046,30.876658451416667],[121.88150930237859,30.876656172297732],[121.88150933425364,30.876263107626603]]],[[[121.88150930237859,30.876656172297732],[121.8845801540635,30.876658042252448],[121.8845801222005,30.877051106878536],[121.88150927050307,30.87704923692502],[121.88150930237859,30.876656172297732]]],[[[121.88150927050307,30.87704923692502],[121.88419628923954,30.87705089347064],[121.88419625737463,30.877443958053238],[121.8815092386271,30.87744230150868],[121.88150927050307,30.87704923692502]]],[[[121.8815092386271,30.877442301508676],[121.88381241764526,30.877443738790397],[121.88381238577838,30.877836803329718],[121.88150920675069,30.8778353660489],[121.8815092386271,30.877442301508676]]],[[[121.88189308653155,30.87783561997008],[121.88342853930628,30.877836578233943],[121.88342850743743,30.878229642730183],[121.88189305465633,30.878228684466926],[121.88189308653155,30.87783561997008]]],[[[121.88227692783114,30.878228932669145],[121.88304465424858,30.87822941182377],[121.88304462237772,30.878622476277137],[121.88227689595712,30.878621997122814],[121.88227692783114,30.878228932669145]]]]}},{"type":"Feature","properties":{"parcel_id":"lingang:parcel:0008","geometry_method":"road_barrier_raster_plus_buildings","functional_type":"office","dominant_type":"office","confidence":0.89,"building_count":1,"avg_building_area_m2":608,"centroid_lng":121.860407,"centroid_lat":30.869999,"parcel_area_m2":555663,"safety_clipped":false,"classification_source":"osm_tags+building_morphology+spatial_prior","synthetic_classification":true,"qc_flags":""},"geometry":{"type":"MultiPolygon","coordinates":[[[[121.85500783241962,30.872695795322066],[121.8553920852826,30.87269637287686],[121.85539205324285,30.87308943796271],[121.8550078003767,30.87308886040809],[121.85500783241962,30.872695795322066]]],[[[121.8550078003767,30.87308886040809],[121.85539205324285,30.87308943796271],[121.85539202120266,30.873482503002897],[121.85500776833331,30.873481925448445],[121.8550078003767,30.87308886040809]]],[[[121.85654478742654,30.873091149373145],[121.85731325608664,30.873092272215906],[121.8573132240621,30.873485337255243],[121.85654475539579,30.87348421441282],[121.85654478742654,30.873091149373145]]],[[[121.85500776833331,30.873481925448445],[121.85539202120266,30.873482503002897],[121.855391989162,30.87387556799762],[121.85500773628948,30.87387499044334],[121.85500776833331,30.873481925448445]]],[[[121.85654475539579,30.87348421441282],[121.85846589497648,30.873486993607358],[121.85846586296067,30.87388005860072],[121.85654472336458,30.873877279407026],[121.85654475539579,30.87348421441282]]],[[[121.85500773628948,30.87387499044334],[121.855391989162,30.87387556799762],[121.85539195712089,30.87426863294708],[121.85500770424518,30.874268055392967],[121.85500773628948,30.87387499044334]]],[[[121.85692895981026,30.87387784266344],[121.85885007786928,30.873880603123325],[121.85885004585604,30.874273668071254],[121.85692892778172,30.874270907612217],[121.85692895981026,30.87387784266344]]],[[[121.85500770424518,30.874268055392967],[121.85539195712089,30.87426863294708],[121.85539192507932,30.87466169785148],[121.85500767220043,30.87466112029754],[121.85500770424518,30.874268055392967]]],[[[121.85692892778172,30.874270907612217],[121.85923425632839,30.874274208733762],[121.8592342243177,30.87466727363646],[121.85692889575272,30.874663972515936],[121.85692892778172,30.874270907612217]]],[[[121.85500767220043,30.874661120297535],[121.85577617391915,30.87466227188904],[121.85577614188028,30.875055336748414],[121.85500764015522,30.875054185157254],[121.85500767220043,30.874661120297535]]],[[[121.85692889575272,30.874663972515933],[121.8596184303103,30.874667810401554],[121.85961839830215,30.875060875259233],[121.85692886372325,30.87505703737479],[121.85692889575272,30.874663972515933]]],[[[121.85500764015522,30.875054185157254],[121.85577614188028,30.875055336748414],[121.85577610984097,30.875448401563133],[121.85500760810956,30.875447249972314],[121.85500764015522,30.875054185157254]]],[[[121.85731309595938,30.87505759695995],[121.86000259977168,30.87506140808978],[121.86000256776605,30.875454472902636],[121.85731306393257,30.875450661773993],[121.85731309595938,30.87505759695995]]],[[[121.85500760810956,30.875447249972314],[121.85577610984097,30.875448401563133],[121.8557760778012,30.875841466333405],[121.85500757606344,30.875840314742927],[121.85500760810956,30.875447249972314]]],[[[121.85731306393257,30.875450661773993],[121.8607709569608,30.875455526612633],[121.8607709249606,30.875848591380702],[121.85731303190528,30.875843726543582],[121.85731306393257,30.875450661773993]]],[[[121.85500757606344,30.875840314742927],[121.8557760778012,30.875841466333405],[121.85577604576098,30.876234531059428],[121.85500754401687,30.876233379469294],[121.85500757606344,30.875840314742927]]],[[[121.85731303190528,30.875843726543582],[121.8611551126003,30.87584911218679],[121.86115508060256,30.876242176910445],[121.85731299987755,30.876236791268923],[121.85731303190528,30.875843726543582]]],[[[121.85500754401687,30.876233379469294],[121.85616029052906,30.8762351015411],[121.85616025849153,30.876628166222908],[121.85500751196983,30.87662644415162],[121.85500754401687,30.876233379469294]]],[[[121.85731299987755,30.876236791268923],[121.86153926354812,30.876242693635277],[121.86153923155283,30.876635758314723],[121.85731296784935,30.876629855950224],[121.85731299987755,30.876236791268923]]],[[[121.85500751196983,30.87662644415162],[121.85616025849153,30.876628166222908],[121.85616022645354,30.87702123086088],[121.85500747992235,30.877019508790102],[121.85500751196983,30.87662644415162]]],[[[121.85769719583442,30.876630411825783],[121.861923409762,30.87663627092209],[121.86192337776912,30.877029335557527],[121.85769716380885,30.877023476463073],[121.85769719583442,30.876630411825783]]],[[[121.85500747992235,30.877019508790102],[121.85616022645354,30.87702123086088],[121.8561601944151,30.877414295455214],[121.8550074478744,30.87741257338495],[121.85500747992235,30.877019508790102]]],[[[121.85769716380885,30.877023476463073],[121.86230755119992,30.87702984401141],[121.86230751920944,30.877422908603048],[121.85769713178283,30.87741654105673],[121.85769716380885,30.877023476463073]]],[[[121.8550074478744,30.877412573384948],[121.8561601944151,30.87741429545521],[121.85616016237618,30.877807360006116],[121.855007415826,30.877805637936362],[121.8550074478744,30.877412573384948]]],[[[121.85769713178283,30.877416541056725],[121.86269168782003,30.877423412867618],[121.86269165583194,30.877816477415653],[121.85769709975635,30.87780960560695],[121.85769713178283,30.877416541056725]]],[[[121.855007415826,30.877805637936362],[121.8565444030274,30.87780792689322],[121.85654437099117,30.878200991400725],[121.85500738377714,30.87819870244455],[121.855007415826,30.877805637936362]]],[[[121.85769709975635,30.87780960560695],[121.8630758195808,30.877816977455282],[121.86307578759508,30.878210041959925],[121.85769706772942,30.878202670113943],[121.85769709975635,30.87780960560695]]],[[[121.85500738377714,30.87819870244455],[121.86384410033963,30.87821102922299],[121.86384406835903,30.878604093684274],[121.85500735172782,30.878591766909715],[121.85500738377714,30.87819870244455]]],[[[121.85500735172782,30.878591766909715],[121.86345991445745,30.87860360220063],[121.8634598824736,30.878996666619262],[121.85500731967804,30.87898483133206],[121.85500735172782,30.878591766909715]]],[[[121.85500731967804,30.87898483133206],[121.86307572362226,30.87899617084034],[121.86307569163516,30.879389235216525],[121.85500728762781,30.879377895711787],[121.85500731967804,30.87898483133206]]],[[[121.85500728762781,30.879377895711787],[121.86230735925024,30.87938823091382],[121.86230732725703,30.879781295247923],[121.85500725557712,30.879770960049104],[121.85500728762781,30.879377895711787]]],[[[121.85500725557712,30.879770960049104],[121.86192315380623,30.87978078679521],[121.86192312180971,30.88017385108727],[121.85500722352599,30.88016402434421],[121.85500725557712,30.879770960049104]]],[[[121.85500722352599,30.88016402434421],[121.86153894357463,30.880173338481406],[121.86153891157478,30.880566402731635],[121.85500719147439,30.880557088597318],[121.85500722352599,30.88016402434421]]],[[[121.85500719147439,30.880557088597314],[121.86115472859734,30.88056588600864],[121.86115469659414,30.880958950217234],[121.85500715942233,30.88095015280862],[121.85500719147439,30.880557088597314]]],[[[121.85500715942233,30.88095015280862],[121.86077050891653,30.880958429413326],[121.86077047690995,30.881351493580496],[121.85500712736982,30.881343216978333],[121.85500715942233,30.88095015280862]]],[[[121.8561598740055,30.88134493904347],[121.86038628457453,30.881350968732068],[121.86038625256457,30.881744032858016],[121.85615984196203,30.88173800317128],[121.8561598740055,30.88134493904347]]],[[[121.85615984196203,30.88173800317128],[121.85961785409386,30.88174297117397],[121.8596178220775,30.882136035259073],[121.8561598099181,30.882131067257905],[121.85615984196203,30.88173800317128]]],[[[121.8561598099181,30.882131067257905],[121.8596178220775,30.882136035259073],[121.85961779006068,30.88252909930319],[121.85615977787371,30.882524131303555],[121.8561598099181,30.882131067257905]]],[[[121.85615977787371,30.882524131303555],[121.85884937347271,30.882528021882507],[121.85884934144944,30.882921085886192],[121.85615974582888,30.882917195308426],[121.85615977787371,30.882524131303555]]],[[[121.85615974582888,30.882917195308426],[121.85846512647119,30.882920541367476],[121.85846509444444,30.88331360533076],[121.85615971378357,30.88331025927273],[121.85615974582888,30.882917195308426]]],[[[121.85615971378357,30.883310259272726],[121.85808087506716,30.883313056989778],[121.8580808430369,30.883706120912866],[121.85615968173782,30.883703323196666],[121.85615971378357,30.883310259272726]]],[[[121.85615968173782,30.883703323196666],[121.85769661930442,30.88370556878729],[121.85769658727065,30.88409863267039],[121.8561596496916,30.884096387080447],[121.85615968173782,30.883703323196666]]],[[[121.8561596496916,30.884096387080447],[121.85731235922705,30.884098076798058],[121.85731232718973,30.884491140641373],[121.85615961764495,30.884489450924274],[121.8561596496916,30.884096387080447]]],[[[121.85615961764495,30.884489450924274],[121.85692809487922,30.884490581060295],[121.85692806283835,30.884883644864033],[121.85615958559782,30.884882514728353],[121.85615961764495,30.884489450924274]]],[[[121.85615958559782,30.884882514728353],[121.85654382630543,30.884883081612386],[121.85654379426099,30.885276145376753],[121.85615955355024,30.88527557849289],[121.85615958559782,30.884882514728353]]]]}},{"type":"Feature","properties":{"parcel_id":"lingang:parcel:0009","geometry_method":"road_barrier_raster_plus_buildings","functional_type":"residential","dominant_type":"residential","confidence":0.81,"building_count":1,"avg_building_area_m2":608,"centroid_lng":121.933301,"centroid_lat":30.875826,"parcel_area_m2":154439,"safety_clipped":false,"classification_source":"osm_tags+building_morphology+spatial_prior","synthetic_classification":true,"qc_flags":""},"geometry":{"type":"MultiPolygon","coordinates":[[[[121.9252250358863,30.87350014095055],[121.92599109871149,30.873499183324334],[121.9259910668339,30.873892248293014],[121.92522500401233,30.873893205919444],[121.9252250358863,30.87350014095055]]],[[[121.92407585403727,30.87389459429579],[121.9259910668339,30.873892248293014],[121.92599103495587,30.874285313216433],[121.92407582216804,30.874287659219746],[121.92407585403727,30.87389459429579]]],[[[121.92369275725933,30.87428810914774],[121.92599103495587,30.874285313216433],[121.92599100307739,30.87467837809479],[121.9236927253913,30.874681174026744],[121.92369275725933,30.87428810914774]]],[[[121.92330965300344,30.874681617503942],[121.92599100307739,30.874678378094785],[121.92599097119844,30.875071442928288],[121.92330962113661,30.875074682338198],[121.92330965300344,30.874681617503942]]],[[[121.92254345387292,30.875075549897264],[121.92599097119844,30.875071442928288],[121.92599093931905,30.875464507717137],[121.92254342200881,30.875468614687087],[121.92254345387292,30.875075549897264]]],[[[121.92254342200881,30.875468614687087],[121.92599093931905,30.875464507717137],[121.9259909074392,30.875857572461538],[121.92254339014426,30.87586167943246],[121.92254342200881,30.875468614687087]]],[[[121.92292647752548,30.87586124888879],[121.9259909074392,30.875857572461538],[121.92599087555891,30.876250637161693],[121.92292644565889,30.876254313589808],[121.92292647752548,30.87586124888879]]],[[[121.92292644565889,30.876254313589808],[121.92637389585248,30.876250148772375],[121.92637386396987,30.876643213428377],[121.92292641379186,30.876647378246783],[121.92292644565889,30.876254313589808]]],[[[121.92292641379186,30.876647378246783],[121.92637386396987,30.876643213428377],[121.92637383208682,30.877036278040542],[121.92292638192437,30.87704044285992],[121.92292641379186,30.876647378246783]]],[[[121.92330946179565,30.87704000584376],[121.92675684499208,30.87703578328465],[121.92675681310669,30.877428847853075],[121.9233094299261,30.87743307041315],[121.92330946179565,30.87704000584376]]],[[[121.9233094299261,30.877433070413147],[121.92675681310669,30.87742884785307],[121.92675678122085,30.877821912378064],[121.9233093980561,30.877826134939106],[121.9233094299261,30.877433070413147]]],[[[121.9233093980561,30.877826134939106],[121.92522468524771,30.877823853152478],[121.92522465336876,30.878216917634667],[121.92330936618565,30.878219199421835],[121.9233093980561,30.877826134939106]]],[[[121.92330936618565,30.878219199421835],[121.92522465336876,30.878216917634667],[121.92522462148935,30.878609982073833],[121.92330933431474,30.87861226386154],[121.92330936618565,30.878219199421835]]],[[[121.92330933431474,30.87861226386154],[121.92522462148935,30.878609982073833],[121.9252245896095,30.879003046470178],[121.92330930244337,30.879005328258426],[121.92330933431474,30.87861226386154]]]]}},{"type":"Feature","properties":{"parcel_id":"lingang:parcel:0010","geometry_method":"road_barrier_raster_plus_buildings","functional_type":"residential","dominant_type":"residential","confidence":1,"building_count":1,"avg_building_area_m2":608,"centroid_lng":121.917761,"centroid_lat":30.875014,"parcel_area_m2":22290,"safety_clipped":false,"classification_source":"osm_tags+building_morphology+spatial_prior","synthetic_classification":true,"qc_flags":""},"geometry":{"type":"MultiPolygon","coordinates":[[[[121.91334708081126,30.875083919790935],[121.91373035090533,30.875083646872003],[121.91373031906895,30.875476711664465],[121.91334704897572,30.875476984583514],[121.91334708081126,30.875083919790935]]],[[[121.91296377120285,30.875477250874884],[121.91411358148497,30.875476432120006],[121.91411354964727,30.8758694968679],[121.91296373936765,30.875870315623132],[121.91296377120285,30.875477250874884]]],[[[121.91258045391392,30.875870575284996],[121.91373028723211,30.875869776412475],[121.91373025539484,30.876262841116237],[121.91258042207903,30.87626363998912],[121.91258045391392,30.875870575284996]]],[[[121.91219712894271,30.876263893019864],[121.91334698530326,30.876263114035527],[121.91334695346637,30.876656178695367],[121.9121970971081,30.876656957680066],[121.91219712894271,30.876263893019864]]],[[[121.91181379628784,30.87665720407841],[121.9129636756959,30.876656444987095],[121.91296364385934,30.877049509603214],[121.91181376445351,30.877050268694894],[121.91181379628784,30.87665720407841]]],[[[121.91219706527306,30.877050022296427],[121.91258035840791,30.87704976926544],[121.91258032657167,30.877442833838046],[121.91219703343755,30.877443086869153],[121.91219706527306,30.877050022296427]]]]}},{"type":"Feature","properties":{"parcel_id":"lingang:parcel:0011","geometry_method":"road_barrier_raster_plus_buildings","functional_type":"mixed","dominant_type":"office","confidence":0.53,"building_count":2,"avg_building_area_m2":608,"centroid_lng":121.925,"centroid_lat":30.879924,"parcel_area_m2":200612,"safety_clipped":false,"classification_source":"osm_tags+building_morphology+spatial_prior","synthetic_classification":true,"qc_flags":"low_confidence"},"geometry":{"type":"MultiPolygon","coordinates":[[[[121.920627808414,30.876256799426432],[121.92101093348462,30.87625640138911],[121.92101090162517,30.87664946604664],[121.92062777655596,30.876649864084072],[121.920627808414,30.876256799426432]]],[[[121.92024464391807,30.876650255593354],[121.92139401913535,30.876649061489577],[121.92139398727397,30.877042126103156],[121.92024461206097,30.877043320207267],[121.92024464391807,30.876650255593354]]],[[[121.9198614718465,30.877043705180323],[121.92139398727397,30.877042126103156],[121.92139395541216,30.877435190673097],[121.91986143999031,30.877436769750712],[121.9198614718465,30.877043705180323]]],[[[121.91909513679488,30.87743752005689],[121.92177706537035,30.87743477960502],[121.9217770335066,30.87782784413142],[121.91909510494088,30.877830584584075],[121.91909513679488,30.87743752005689]]],[[[121.91947826033498,30.877830212706744],[121.9217770335066,30.87782784413142],[121.92177700164238,30.87822090861459],[121.91947822847922,30.878223277190585],[121.91947826033498,30.877830212706744]]],[[[121.91947822847922,30.878223277190585],[121.92177700164238,30.87822090861459],[121.92177696977772,30.878613973054737],[121.919478196623,30.878616341631403],[121.91947822847922,30.878223277190585]]],[[[121.919478196623,30.878616341631403],[121.92177696977772,30.878613973054737],[121.92177693791261,30.879007037452062],[121.91947816476635,30.8790094060294],[121.919478196623,30.878616341631403]]],[[[121.91756231170301,30.87901119976105],[121.91832867577695,30.87901050197868],[121.91832864392363,30.879403566334403],[121.91756227985206,30.879404264117],[121.91756231170301,30.87901119976105]]],[[[121.91947816476635,30.8790094060294],[121.92177693791261,30.879007037452062],[121.92177690604704,30.879400101806773],[121.91947813290922,30.879402470384782],[121.91947816476635,30.8790094060294]]],[[[121.91717908637098,30.87940460313447],[121.92177690604704,30.879400101806773],[121.92177687418102,30.87979316611907],[121.91717905452073,30.879797667448127],[121.91717908637098,30.87940460313447]]],[[[121.91679585340209,30.879797999875628],[121.92177687418102,30.87979316611907],[121.92177684231456,30.880186230389164],[121.91679582155251,30.88019106414719],[121.91679585340209,30.879797999875628]]],[[[121.91641261279044,30.88019138997948],[121.92139373236675,30.88018664145801],[121.92139370050131,30.88057970568621],[121.91641258094148,30.880584454209156],[121.91641261279044,30.88019138997948]]],[[[121.91679578970248,30.88058412837675],[121.92101058300568,30.88058011024438],[121.92101055114124,30.880973174430892],[121.91679575785199,30.880977192564515],[121.91679578970248,30.88058412837675]]],[[[121.9171789589673,30.880976860136666],[121.92062742608769,30.880973572469554],[121.92062739422423,30.881366636614583],[121.91717892711524,30.881369924282723],[121.9171789589673,30.880976860136666]]],[[[121.91756212059062,30.88136958526467],[121.92062739422423,30.881366636614583],[121.9206273623603,30.881759700718224],[121.91756208873697,30.88176264936922],[121.91756212059062,30.88136958526467]]],[[[121.91794527457861,30.881762303766543],[121.9206273623603,30.881759700718224],[121.92062733049593,30.88215276478068],[121.91794524272333,30.882155367829792],[121.91794527457861,30.881762303766543]]],[[[121.91832842093777,30.882155015648383],[121.92101045554521,30.882152366741682],[121.92101042367896,30.88254543076305],[121.91832838908083,30.88254807967054],[121.91832842093777,30.882155015648383]]],[[[121.91909472265746,30.88254735559688],[121.9206272986311,30.882545828802158],[121.92062726676583,30.88293889278286],[121.91909469079756,30.882940419578034],[121.91909472265746,30.88254735559688]]],[[[121.91947784617479,30.882940047699226],[121.91986099395616,30.88293966926868],[121.9198609620932,30.883332733209038],[121.91947781431314,30.883333111639697],[121.91947784617479,30.882940047699226]]]]}},{"type":"Feature","properties":{"parcel_id":"lingang:parcel:0012","geometry_method":"road_barrier_raster_plus_buildings","functional_type":"residential","dominant_type":"residential","confidence":0.81,"building_count":1,"avg_building_area_m2":608,"centroid_lng":121.880211,"centroid_lat":30.884382,"parcel_area_m2":337538,"safety_clipped":false,"classification_source":"osm_tags+building_morphology+spatial_prior","synthetic_classification":true,"qc_flags":""},"geometry":{"type":"MultiPolygon","coordinates":[[[[121.87306223920821,30.877828383750487],[121.87344625679974,30.877828757014736],[121.873446224882,30.87822182151499],[121.87306220728827,30.878221448250898],[121.87306223920821,30.877828383750487]]],[[[121.87267818380178,30.87822106988031],[121.87421424225421,30.878222552606164],[121.8742142103404,30.878615617063076],[121.87267815187914,30.878614134337855],[121.87267818380178,30.87822106988031]]],[[[121.87191008736231,30.878613362396504],[121.87459821005316,30.878615974831852],[121.87459817814104,30.879009039245787],[121.87191005543464,30.879006426811547],[121.87191008736231,30.878613362396504]]],[[[121.87152601447431,30.879006033300882],[121.87536615945224,30.87900973908623],[121.87536612754388,30.879402803457232],[121.87152598254387,30.87939909767347],[121.87152601447431,30.879006033300882]]],[[[121.87114193582866,30.879398699176665],[121.87536612754388,30.879402803457232],[121.87536609563509,30.879795867785823],[121.87114190389543,30.879791763507],[121.87114193582866,30.879398699176665]]],[[[121.87075785146104,30.879791360054703],[121.87459811431545,30.879795167946014],[121.87459808240197,30.88018823223271],[121.87075781952498,30.880184424342993],[121.87075785146104,30.879791360054703]]],[[[121.8703737614074,30.880184015966087],[121.87383007696423,30.88018751150234],[121.87383004504596,30.88058057574735],[121.8703737294685,30.880577080212532],[121.8703737614074,30.880184015966087]]],[[[121.8703737294685,30.88057708021253],[121.8734460333661,30.88058020762014],[121.87344600144519,30.880973271823514],[121.87037369752915,30.88097014441718],[121.8703737294685,30.88057708021253]]],[[[121.87613398876576,30.880582675038298],[121.8769019210772,30.880583332420006],[121.87690188917519,30.880976396621964],[121.87613395685973,30.880975739240565],[121.87613398876576,30.880582675038298]]],[[[121.87075775565151,30.880970552793766],[121.87344600144519,30.880973271823514],[121.87344596952383,30.88136633598529],[121.87075772371409,30.881363616956662],[121.87075775565151,30.880970552793766]]],[[[121.8757499814465,30.880975402533554],[121.87728584601366,30.880976717241744],[121.87728581411318,30.88136978140195],[121.87574994953796,30.881368466694386],[121.8757499814465,30.880975402533554]]],[[[121.87075772371409,30.881363616956662],[121.87344596952383,30.88136633598529],[121.87344593760201,30.88175940010568],[121.87075769177622,30.88175668107817],[121.87075772371409,30.881363616956662]]],[[[121.87498198035797,30.881367777386497],[121.8776697646988,30.88137009660499],[121.87766973279979,30.88176316072365],[121.87498194844481,30.881760841506253],[121.87498198035797,30.881367777386497]]],[[[121.87114174422244,30.881757084529664],[121.87344593760201,30.88175940010568],[121.87344590567974,30.882152464184884],[121.87114171228649,30.882150148609824],[121.87114174422244,30.881757084529664]]],[[[121.8745979547435,30.881760488961522],[121.87805367710133,30.881763470483293],[121.8780536452038,30.882156534560618],[121.87459792282776,30.88215355304025],[121.8745979547435,30.881760488961522]]],[[[121.87152575901807,30.88215054710551],[121.8788215148297,30.882157137644562],[121.87882148293548,30.882550201680598],[121.87152572708399,30.882543611144534],[121.87152575901807,30.88215054710551]]],[[[121.8719097680652,30.88254400465376],[121.87882148293548,30.882550201680598],[121.8788214510408,30.88294326567586],[121.87190973613298,30.88293706865185],[121.8719097680652,30.88254400465376]]],[[[121.87229377132822,30.88293745714421],[121.87843751939779,30.882942966882077],[121.8784374875008,30.883336030836922],[121.87229373939785,30.883330521101566],[121.87229377132822,30.88293745714421]]],[[[121.87229373939785,30.883330521101563],[121.8780535495085,30.883335726547532],[121.87805351760915,30.88372879046217],[121.87229370746702,30.883723585018558],[121.87229373939785,30.883330521101563]]],[[[121.87267773684336,30.883723968463723],[121.87728562270068,30.883728165501196],[121.877285590797,30.884121229375985],[121.87267770491434,30.8841170323404],[121.87267773684336,30.883723968463723]]],[[[121.87306172843451,30.8841174107086],[121.87690163394274,30.88412090875745],[121.87690160203664,30.88451397259244],[121.87306169650729,30.884510474545166],[121.87306172843451,30.8841174107086]]],[[[121.8734457141366,30.88451084780672],[121.87651763895674,30.884513646584395],[121.87651760704819,30.88490671037979],[121.87344568221114,30.884903911603374],[121.8734457141366,30.88451084780672]]],[[[121.87382969391518,30.884904279728836],[121.87613363777437,30.884906379009408],[121.87613360586334,30.88529944276542],[121.87382966199148,30.885297343485792],[121.87382969391518,30.884904279728836]]],[[[121.87382966199148,30.885297343485792],[121.8753656488642,30.885298764047466],[121.8753656169486,30.885691827764457],[121.87382963006732,30.885690407203413],[121.87382966199148,30.885297343485792]]],[[[121.87421363581414,30.88569077016343],[121.87498162928813,30.885691480472527],[121.87498159736997,30.886084544150542],[121.8742136038917,30.88608383384176],[121.87421363581414,30.88569077016343]]]]}},{"type":"Feature","properties":{"parcel_id":"lingang:parcel:0013","geometry_method":"road_barrier_raster_plus_buildings","functional_type":"residential","dominant_type":"residential","confidence":0.94,"building_count":2,"avg_building_area_m2":608,"centroid_lng":121.884199,"centroid_lat":30.878996,"parcel_area_m2":20698,"safety_clipped":false,"classification_source":"osm_tags+building_morphology+spatial_prior","synthetic_classification":true,"qc_flags":""},"geometry":{"type":"MultiPolygon","coordinates":[[[[121.8784378702348,30.878619260656112],[121.87882180185724,30.878619559451593],[121.8788217699671,30.87901262386381],[121.8784378383428,30.879012325068487],[121.8784378702348,30.878619260656112]]],[[[121.87805390037136,30.8790120207774],[121.87920569521404,30.879012917137512],[121.8792056633253,30.879405981506963],[121.878053868477,30.87940508514731],[121.87805390037136,30.8790120207774]]],[[[121.87843780645034,30.879405389438247],[121.8795895821668,30.879406269233286],[121.87958955027942,30.87979933356017],[121.87843777455743,30.87979845376559],[121.87843780645034,30.879405389438247]]],[[[121.8792056314361,30.879799045834],[121.87997346268583,30.87979961571379],[121.8799734307998,30.880192679998316],[121.87920559954644,30.880192110118834],[121.8792056314361,30.879799045834]]],[[[121.87958951839158,30.880192397844848],[121.88074123618867,30.880193227487638],[121.88074120430568,30.880586291729852],[121.87958948650329,30.880585462087524],[121.87958951839158,30.880192397844848]]],[[[121.8799733989133,30.880585744240832],[121.88035730485709,30.88058602079654],[121.8803572729719,30.880979084997108],[121.87997336702635,30.880978808441554],[121.8799733989133,30.880585744240832]]]]}},{"type":"Feature","properties":{"parcel_id":"lingang:parcel:0014","geometry_method":"road_barrier_raster_plus_buildings","functional_type":"mixed","dominant_type":"residential","confidence":0.49,"building_count":3,"avg_building_area_m2":608,"centroid_lng":121.9095,"centroid_lat":30.884253,"parcel_area_m2":1248253,"safety_clipped":false,"classification_source":"osm_tags+building_morphology+spatial_prior","synthetic_classification":true,"qc_flags":"low_confidence"},"geometry":{"type":"MultiPolygon","coordinates":[[[[121.90682993180722,30.879804319448194],[121.9072133324662,30.87980415923832],[121.90721330063427,30.88019722351291],[121.90682989997558,30.880197383722912],[121.90682993180722,30.879804319448194]]],[[[121.90682989997558,30.880197383722912],[121.90721330063427,30.88019722351291],[121.90721326880187,30.8805902877455],[121.90682986814348,30.880590447955626],[121.90682989997558,30.880197383722912]]],[[[121.90567962021177,30.880590888905832],[121.90721326880187,30.880590287745495],[121.90721323696903,30.880983351936283],[121.90567958837994,30.88098395309713],[121.90567962021177,30.880590888905832]]],[[[121.9052961571002,30.880984086867223],[121.90759662996055,30.880983185106842],[121.90759659812691,30.88137624925591],[121.90529612526807,30.881377151017055],[121.9052961571002,30.880984086867223]]],[[[121.90491268634614,30.881377278188026],[121.90759659812691,30.88137624925591],[121.90759656629284,30.88176931336359],[121.90491265451371,30.881770342296598],[121.90491268634614,30.881377278188026]]],[[[121.9045292079555,30.881770462873416],[121.90797995161334,30.88176913991171],[121.90797991977844,30.88216220397808],[121.90452917612274,30.88216352694093],[121.9045292079555,30.881770462873416]]],[[[121.90376226012309,30.882163748333497],[121.90836329742488,30.882162023901213],[121.90836326558914,30.882555087926477],[121.90376222828999,30.882556812360292],[121.90376226012309,30.882163748333497]]],[[[121.90337875886233,30.882556913187614],[121.9087466355585,30.882554901222278],[121.90874660372188,30.882947965206647],[121.9033787270288,30.882949977173762],[121.90337875886233,30.882556913187614]]],[[[121.90299524999237,30.88295007143008],[121.90912996601155,30.882947771873102],[121.90912993417403,30.883340835816778],[121.90299521815837,30.88334313537579],[121.90299524999237,30.88295007143008]]],[[[121.90261173352104,30.8833432230677],[121.90951328878172,30.8833406358522],[121.90951325694326,30.883733699755386],[121.90261170168654,30.88373628697318],[121.90261173352104,30.8833432230677]]],[[[121.90261170168654,30.88373628697318],[121.90989660386715,30.88373349315843],[121.90989657202773,30.884126557021332],[121.90261166985158,30.884129350838496],[121.90261170168654,30.88373628697318]]],[[[121.90222817762142,30.884129431973065],[121.91027991126631,30.884126343790967],[121.91027987942589,30.884519407613794],[121.90222814578595,30.88452249579856],[121.90222817762142,30.884129431973065]]],[[[121.90222814578595,30.88452249579856],[121.9110465348438,30.884518961250503],[121.91104650300173,30.884912025033337],[121.90222811395002,30.884915559584307],[121.90222814578595,30.88452249579856]]],[[[121.90184461413558,30.884915634168784],[121.91142981918004,30.88491179190001],[121.91142978733687,30.88530485564318],[121.90184458229909,30.88530869791512],[121.90184461413558,30.884915634168784]]],[[[121.90146107490936,30.88530876595695],[121.91181309582781,30.88530461587564],[121.91181306398352,30.88569767957935],[121.90146104307227,30.885701829664082],[121.90146107490936,30.88530876595695]]],[[[121.90069400560488,30.885701946151585],[121.91219636478755,30.885697433178223],[121.91219633294209,30.886090496842684],[121.90069397376698,30.88609500981985],[121.90069400560488,30.885701946151585]]],[[[121.90069397376698,30.88609500981985],[121.91257962606,30.886090243808923],[121.91257959421335,30.886483307434336],[121.90069394192862,30.886488073449193],[121.90069397376698,30.88609500981985]]],[[[121.90031041187049,30.88648812191176],[121.91296287964634,30.88648304776922],[121.91296284779848,30.8868761113558],[121.90031038003146,30.886881185502517],[121.90031041187049,30.88648812191176]]],[[[121.8999268424376,30.886881227455977],[121.91372939561727,30.886875572138443],[121.91372936376732,30.887268635686265],[121.89992681059785,30.887274291008353],[121.8999268424376,30.886881227455977]]],[[[121.89954326547905,30.88727432646189],[121.91411262615746,30.88726835613824],[121.9141125943062,30.887661419647635],[121.89954323363855,30.88766738997609],[121.89954326547905,30.88727432646189]]],[[[121.89915968100604,30.887667418939216],[121.91449584902007,30.8876611334767],[121.91449581716746,30.88805419694788],[121.89915964916477,30.88806048241545],[121.89915968100604,30.887667418939216]]],[[[121.89915964916477,30.88806048241545],[121.9148790642082,30.888053904156976],[121.91487903235421,30.88844696759014],[121.89915961732305,30.888453545853793],[121.89915964916477,30.88806048241545]]],[[[121.898776057188,30.88845356833647],[121.9144957853144,30.888447260381167],[121.91449575346088,30.888840323776762],[121.89877602534547,30.88884663173726],[121.898776057188,30.88845356833647]]],[[[121.89877602534547,30.88884663173726],[121.9141124987497,30.88884060994805],[121.91411246689663,30.889233673306286],[121.89877599350248,30.889239695100567],[121.89877602534547,30.88884663173726]]],[[[121.89839242587679,30.889239711112946],[121.91411246689663,30.889233673306286],[121.91411243504311,30.889626736627246],[121.89839239403298,30.889632774439114],[121.89839242587679,30.889239711112946]]],[[[121.89800881892928,30.88963278399153],[121.91372917265814,30.889627016175982],[121.91372914080502,30.89002007945999],[121.89800878708459,30.890025847280768],[121.89800881892928,30.88963278399153]]],[[[121.89800878708459,30.890025847280768],[121.91372914080502,30.89002007945999],[121.91372910895146,30.890413142707143],[121.89800875523945,30.890418910533143],[121.89800878708459,30.890025847280768]]],[[[121.89762517267,30.890418913636527],[121.91372910895146,30.890413142707143],[121.91372907709743,30.890806205917638],[121.89762514082396,30.890811976852383],[121.89762517267,30.890418913636527]]],[[[121.89762514082396,30.890811976852383],[121.91334580703662,30.890806478841345],[121.91334577518299,30.891199542015514],[121.89762510897748,30.891205040031792],[121.89762514082396,30.890811976852383]]],[[[121.89724151895523,30.89120503669725],[121.91334577518299,30.891199542015514],[121.91334574332889,30.89159260515344],[121.8972414871078,30.891598099840557],[121.89724151895523,30.89120503669725]]],[[[121.9118125862648,30.891593630554787],[121.91296246558882,30.89159287144972],[121.91296243373507,30.891985934551737],[121.91181255441327,30.891986693657167],[121.9118125862648,30.891593630554787]]]]}},{"type":"Feature","properties":{"parcel_id":"lingang:parcel:0015","geometry_method":"road_barrier_raster_plus_buildings","functional_type":"office","dominant_type":"office","confidence":0.89,"building_count":1,"avg_building_area_m2":608,"centroid_lng":121.930152,"centroid_lat":30.884252,"parcel_area_m2":433067,"safety_clipped":false,"classification_source":"osm_tags+building_morphology+spatial_prior","synthetic_classification":true,"qc_flags":""},"geometry":{"type":"MultiPolygon","coordinates":[[[[121.93250090831684,30.880172123149443],[121.93594672893869,30.880166553998496],[121.93594669699566,30.880559618222748],[121.93250087639603,30.88056518737458],[121.93250090831684,30.880172123149443]]],[[[121.93096921700405,30.880567504395984],[121.93594669699566,30.880559618222744],[121.93594666505216,30.880952682405198],[121.93096918509191,30.880960568579727],[121.93096921700405,30.880567504395984]]],[[[121.9294374108739,30.88096278664428],[121.93594666505216,30.880952682405198],[121.9359466331082,30.881345746546057],[121.92943737896996,30.881355850786836],[121.9294374108739,30.88096278664428]]],[[[121.92867144842377,30.881356922380192],[121.9359466331082,30.881345746546057],[121.9359466011638,30.881738810645526],[121.92867141652354,30.88174998648157],[121.92867144842377,30.881356922380192]]],[[[121.92713946785048,30.88175205417394],[121.9359466011638,30.881738810645526],[121.93594656921894,30.882131874703813],[121.92713943595774,30.88214511823455],[121.92713946785048,30.88175205417394]]],[[[121.92675643044664,30.88214561934482],[121.93594656921894,30.882131874703813],[121.93594653727364,30.88252493872112],[121.92675639855537,30.88253868336455],[121.92675643044664,30.88214561934482]]],[[[121.92560733774864,30.88254014852457],[121.93594653727364,30.88252493872112],[121.93594650532786,30.88291800269765],[121.92560730586246,30.88293321250385],[121.92560733774864,30.88254014852457]]],[[[121.92484122828091,30.882934157338575],[121.93441509951771,30.882920538139125],[121.93441506758165,30.88331360207548],[121.92484119639784,30.883327221277497],[121.92484122828091,30.882934157338575]]],[[[121.92445814645212,30.883327684076118],[121.93135191915877,30.88331838279442],[121.93135188724122,30.88371144669121],[121.92445811457033,30.883720747974785],[121.92445814645212,30.883327684076118]]],[[[121.92407505717053,30.88372120434517],[121.93058602896939,30.88371258054909],[121.93058599705583,30.88410564440592],[121.92407502528997,30.88411426820379],[121.92407505717053,30.88372120434517]]],[[[121.92292580823211,30.884115598632444],[121.92905419400647,30.88410783756781],[121.929054162101,30.8845009013851],[121.92292577635601,30.884508662451438],[121.92292580823211,30.884115598632444]]],[[[121.92215959414573,30.884509517061318],[121.92828821702926,30.884501960432466],[121.92828818512743,30.884895024210216],[121.9221595622723,30.88490258084078],[121.92215959414573,30.884509517061318]]],[[[121.92177645988157,30.88490299841257],[121.92675620719814,30.884897066633876],[121.92675617530368,30.8852901303725],[121.92177642800921,30.8852960621526],[121.92177645988157,30.88490299841257]]],[[[121.92139331808072,30.885296473222894],[121.92599014218695,30.88529111352238],[121.92599011029577,30.88568417722188],[121.9213932862094,30.8856895369237],[121.92139331808072,30.885296473222894]]],[[[121.9217763961364,30.885689125853297],[121.92522404758256,30.885685134854725],[121.92522401569454,30.88607819851531],[121.92177636426312,30.886082189514863],[121.9217763961364,30.885689125853297]]],[[[121.9221594666493,30.88608177194274],[121.92484097320357,30.886078667731276],[121.92484094131686,30.88647173135304],[121.92215943477407,30.88647483556527],[121.9221594666493,30.88608177194274]]],[[[121.92254252963012,30.886474411500924],[121.92445789138499,30.886472194152525],[121.92445785949957,30.88686525773568],[121.92254249775289,30.886867475084625],[121.92254252963012,30.886474411500924]]],[[[121.92292558508994,30.886867044537876],[121.92369173725808,30.886866164038402],[121.92369170537557,30.88725922758326],[121.92292555321067,30.887260108082955],[121.92292558508994,30.886867044537876]]]]}},{"type":"Feature","properties":{"parcel_id":"lingang:parcel:0016","geometry_method":"road_barrier_raster_plus_buildings","functional_type":"residential","dominant_type":"residential","confidence":0.81,"building_count":1,"avg_building_area_m2":608,"centroid_lng":121.940831,"centroid_lat":30.876654,"parcel_area_m2":655969,"safety_clipped":false,"classification_source":"osm_tags+building_morphology+spatial_prior","synthetic_classification":true,"qc_flags":""},"geometry":{"type":"MultiPolygon","coordinates":[[[[121.93747802451135,30.880163923547393],[121.93977476452699,30.880159802756793],[121.93977473255659,30.880552866980096],[121.93747799255769,30.88055698777126],[121.93747802451135,30.880163923547393]]],[[[121.93747799255769,30.880556987771257],[121.94207123364824,30.88054854049446],[121.94207120165964,30.88094160467541],[121.93747796060359,30.880950051953324],[121.93747799255769,30.880556987771257]]],[[[121.93747796060359,30.880950051953324],[121.94321936450787,30.880939365950802],[121.9432193325096,30.881332430089888],[121.93747792864902,30.8813431160938],[121.93747796060359,30.880950051953324]]],[[[121.93747792864902,30.8813431160938],[121.94436743795656,30.881330141971805],[121.94436740594838,30.881723206069232],[121.937477896694,30.881736180192885],[121.93747792864902,30.8813431160938]]],[[[121.937477896694,30.881736180192885],[121.94551545482658,30.88172086928157],[121.94551542280826,30.882113933337546],[121.93747786473853,30.882129244250788],[121.937477896694,30.881736180192885]]],[[[121.93747786473853,30.882129244250788],[121.94628075772158,30.88211234880789],[121.94628072569621,30.88250541282271],[121.9374778327826,30.88252230826771],[121.93747786473853,30.882129244250788]]],[[[121.9374778327826,30.88252230826771],[121.94704603610698,30.882503807219546],[121.94704600407448,30.88289687119342],[121.93747780082622,30.882915372243858],[121.9374778327826,30.88252230826771]]],[[[121.93939176749227,30.882911952671495],[121.94819392433263,30.882894423781593],[121.94819389228945,30.883287487714636],[121.93939173552154,30.8833050166066],[121.93939176749227,30.882911952671495]]],[[[121.94207100971855,30.883299988894805],[121.94895914261878,30.883285830446013],[121.94895911056821,30.883678894338523],[121.94207097772677,30.883693052788903],[121.94207100971855,30.883299988894805]]],[[[121.942836426,30.8836915658278],[121.94934172688224,30.883678058095963],[121.94934169482772,30.88407112194823],[121.94283639400166,30.884084629681556],[121.942836426,30.8836915658278]]],[[[121.9447499030724,30.884080816237656],[121.95010690993007,30.884069434399194],[121.95010687786802,30.884462498211334],[121.94474987105784,30.884473880051008],[121.9447499030724,30.884080816237656]]],[[[121.94551523068876,30.884472316820013],[121.95087206984267,30.884460790783507],[121.950872037773,30.884853854555733],[121.94551519866724,30.884865380593443],[121.94551523068876,30.884472316820013]]],[[[121.94628053353446,30.884863796062554],[121.9516372069091,30.884852127500267],[121.95163717483169,30.885245191232784],[121.94628050150591,30.885256859796268],[121.94628053353446,30.884863796062554]]],[[[121.94704581186987,30.885255254191883],[121.95201975092597,30.885244320424235],[121.95201971884445,30.88563738411733],[121.94704577983417,30.885648317886083],[121.94704581186987,30.885255254191883]]],[[[121.94781106596021,30.885646691438843],[121.95278485427119,30.885635628099884],[121.95278482218181,30.886028691753687],[121.94781103391728,30.88603975509374],[121.94781106596021,30.885646691438843]]],[[[121.94857629607561,30.88603810803848],[121.95316738158935,30.886027806610027],[121.95316734949579,30.88642087022482],[121.94857626402533,30.886431171654284],[121.94857629607561,30.88603810803848]]],[[[121.94895888620151,30.886430340473144],[121.95354990341544,30.886419980368398],[121.95354987131765,30.886813043944393],[121.94895885414729,30.88682340405014],[121.94895888620151,30.886430340473144]]],[[[121.9493414704333,30.886822567806902],[121.95393241978759,30.88681214940843],[121.95393238768557,30.88720521294583],[121.94934143837513,30.8872156313453],[121.9493414704333,30.886822567806902]]],[[[121.94972404880606,30.887214790070473],[121.95431493074436,30.88720431376378],[121.95431489863807,30.887597377262793],[121.9497240167439,30.88760785357048],[121.94972404880606,30.887214790070473]]],[[[121.950489220186,30.887606156049465],[121.95469743632445,30.88759647346834],[121.9546974042139,30.88798953692917],[121.95048918811626,30.8879992195112],[121.950489220186,30.887606156049465]]],[[[121.95087178119913,30.88799836332731],[121.95507993656695,30.887988628556236],[121.95507990445208,30.888381691979088],[121.95087174912534,30.888391426751067],[121.95087178119913,30.88799836332731]]],[[[121.95125433649645,30.888390565660163],[121.9554624315111,30.888380779061823],[121.9554623993919,30.88877384244691],[121.95125430441858,30.88878362904615],[121.95125433649645,30.888390565660163]]],[[[121.95163688611454,30.888782763080002],[121.95584492119649,30.88877292501969],[121.95584488907296,30.889165988367218],[121.95163685403259,30.889175826428424],[121.95163688611454,30.888782763080002]]],[[[121.95201943009019,30.889174955619044],[121.95622740566294,30.889165066464653],[121.95622737353504,30.889558129774823],[121.9520193980041,30.88956801893011],[121.95201943009019,30.889174955619044]]],[[[121.95240196846052,30.889567143309755],[121.95622737353504,30.88955812977482],[121.95622734140667,30.88995119304792],[121.95240193637028,30.88996020658367],[121.95240196846052,30.889567143309755]]],[[[121.95278450126287,30.88995932618484],[121.95660985281827,30.889950266704766],[121.95660982068551,30.89034332994093],[121.95278446916846,30.89035238942181],[121.95278450126287,30.88995932618484]]],[[[121.95316702853492,30.89035150427725],[121.95699232696298,30.890342399192317],[121.95699229482581,30.890735462391746],[121.95316699643632,30.890744567477483],[121.95316702853492,30.89035150427725]]],[[[121.95354955031463,30.890743677620165],[121.95699229482581,30.890735462391746],[121.95699226268819,30.891128525554727],[121.95354951821183,30.89113674078387],[121.95354955031463,30.890743677620165]]],[[[121.95354951821183,30.89113674078387],[121.95737476386819,30.89112759043586],[121.95737473172613,30.891520653562523],[121.95354948610856,30.891529803911336],[121.95354951821183,30.89113674078387]]],[[[121.95393203453314,30.891528909374397],[121.95660972428452,30.89152251943032],[121.95660969214994,30.891915582521108],[121.95393200242563,30.89192197246575],[121.95393203453314,30.891528909374397]]],[[[121.95393200242563,30.89192197246575],[121.95584466419538,30.891917430767787],[121.95584463206819,30.892310493822908],[121.95393197031767,30.892315035521275],[121.95393200242563,30.89192197246575]]],[[[121.95431451332702,30.892314136338165],[121.95507958327826,30.892312324168916],[121.95507955115836,30.89270538718858],[121.9543144812148,30.89270719935799],[121.95431451332702,30.892314136338165]]]]}},{"type":"Feature","properties":{"parcel_id":"lingang:parcel:0017","geometry_method":"road_barrier_raster_plus_buildings","functional_type":"residential","dominant_type":"residential","confidence":0.81,"building_count":1,"avg_building_area_m2":608,"centroid_lng":121.865452,"centroid_lat":30.889994,"parcel_area_m2":649601,"safety_clipped":false,"classification_source":"osm_tags+building_morphology+spatial_prior","synthetic_classification":true,"qc_flags":""},"geometry":{"type":"MultiPolygon","coordinates":[[[[121.86730087264678,30.882932024305234],[121.86806907177008,30.882932912904568],[121.8680690398132,30.883325976863702],[121.86730084068478,30.88332508826469],[121.86730087264678,30.882932024305234]]],[[[121.86691673308414,30.883324636993997],[121.8680690398132,30.8833259768637],[121.86806900785585,30.883719040782463],[121.8669167011191,30.883717700913255],[121.86691673308414,30.883324636993997]]],[[[121.86653258820971,30.883717245039396],[121.86845309930962,30.88371947804498],[121.86845306735435,30.884112541923425],[121.8665325562416,30.884110308918657],[121.86653258820971,30.883717245039396]]],[[[121.86576431465481,30.884109383494955],[121.86883715335136,30.88411297445117],[121.86883712139814,30.8845060382895],[121.86576428268096,30.884502447334594],[121.86576431465481,30.884109383494955]]],[[[121.86538015408206,30.884501977852125],[121.86922120190071,30.88450646605021],[121.86922116994953,30.88489952984863],[121.86538012210508,30.88489504165218],[121.86538015408206,30.884501977852125]]],[[[121.86499598835435,30.88489456770129],[121.86960524492027,30.884899952810276],[121.86960521297108,30.88529301656899],[121.86499595637422,30.885287631461967],[121.86499598835435,30.88489456770129]]],[[[121.86461181751153,30.88528715307688],[121.86998928237283,30.885293434699754],[121.8699892504256,30.885686498418973],[121.86461178552823,30.885680216798384],[121.86461181751153,30.88528715307688]]],[[[121.86384349263024,30.885679246863347],[121.8703733142215,30.885686911687277],[121.87037328227625,30.886079975367203],[121.86384346064098,30.88607231054605],[121.86384349263024,30.885679246863347]]],[[[121.8634593066866,30.88607181906556],[121.87037328227625,30.886079975367203],[121.87037325033053,30.8864730390082],[121.86345927469411,30.886464882709507],[121.8634593066866,30.88607181906556]]],[[[121.86307511578956,30.88646438693374],[121.87075730848632,30.88647344738253],[121.87075727654255,30.886866510984653],[121.86307508379382,30.886857450539132],[121.86307511578956,30.88646438693374]]],[[[121.86269091998011,30.88685695050333],[121.87114132901951,30.886866914434062],[121.87114129707764,30.887259977997513],[121.86269088798109,30.887250014070375],[121.86269091998011,30.88685695050333]]],[[[121.86192254579439,30.887249001360427],[121.87152534383966,30.887260376491113],[121.87152531189969,30.887653440016095],[121.86192251378921,30.8876420648895],[121.86192254579439,30.887249001360427]]],[[[121.86153833549945,30.887641552286812],[121.871909352911,30.887653833523242],[121.87190932097289,30.88804689700996],[121.86153830349093,30.888034615777954],[121.86153833549945,30.887641552286812]]],[[[121.86115412045844,30.888034099058142],[121.87190932097289,30.88804689700996],[121.87190928903432,30.88843996045879],[121.86115408844657,30.888427162511558],[121.86115412045844,30.888034099058142]]],[[[121.86076990071354,30.888426641710833],[121.87190928903432,30.88843996045879],[121.8719092570953,30.88883302386993],[121.86076986869828,30.88881970512673],[121.86076990071354,30.888426641710833]]],[[[121.86038567630708,30.88881918028149],[121.87152521607702,30.888832630363257],[121.87152518413521,30.889225693737075],[121.86038564428844,30.889212243660072],[121.86038567630708,30.88881918028149]]],[[[121.86038564428844,30.889212243660072],[121.87114113736148,30.889225295244277],[121.87114110541688,30.88961835858098],[121.86038561226935,30.88960530700138],[121.86038564428844,30.889212243660072]]],[[[121.86076980466643,30.889605831846275],[121.87037299474846,30.88961754675964],[121.87037296279865,30.8900106100596],[121.86076977264982,30.889998895150345],[121.86076980466643,30.889605831846275]]],[[[121.8615381434415,30.88999993266937],[121.86998889897623,30.890010196793067],[121.86998886702357,30.890403260056324],[121.86153811143026,30.890392995936242],[121.8615381434415,30.88999993266937]]],[[[121.86230646326818,30.890394016985965],[121.86960479759017,30.89040284192766],[121.8696047656346,30.890795905154427],[121.86230643126221,30.89078708021585],[121.86230646326818,30.890394016985965]]],[[[121.86269059996934,30.890787584474754],[121.869220690627,30.89079548219521],[121.86922065866854,30.89118854538569],[121.86269056796577,30.891180647668026],[121.86269059996934,30.890787584474754]]],[[[121.86384304473916,30.8911821349541],[121.86845249208176,30.891187685102906],[121.86845246011784,30.891580748257468],[121.86384301274352,30.891575198110633],[121.86384304473916,30.8911821349541]]],[[[121.86422716174829,30.891575685258324],[121.86768427168751,30.89157986903683],[121.86768423971806,30.891972932155685],[121.86422712975497,30.89196874837866],[121.86422716174829,30.891575685258324]]],[[[121.86499541264229,30.891969709543158],[121.86730013740575,30.891972485525066],[121.86730010543329,30.892365548608257],[121.86499538065395,30.892362772627337],[121.86499541264229,30.891969709543158]]],[[[121.86537951445594,30.892363246575087],[121.86576364310835,30.892363716054263],[121.86576361112493,30.89275677910249],[121.86537948246985,30.89275630962348],[121.86537951445594,30.892363246575087]]]]}},{"type":"Feature","properties":{"parcel_id":"lingang:parcel:0018","geometry_method":"road_barrier_raster_plus_buildings","functional_type":"residential","dominant_type":"residential","confidence":1,"building_count":1,"avg_building_area_m2":608,"centroid_lng":121.940636,"centroid_lat":30.883584,"parcel_area_m2":448989,"safety_clipped":false,"classification_source":"osm_tags+building_morphology+spatial_prior","synthetic_classification":true,"qc_flags":""},"geometry":{"type":"MultiPolygon","coordinates":[[[[121.93709485938905,30.884488294191996],[121.94015717941086,30.884482800010847],[121.94015714743256,30.884875863785545],[121.93709482743309,30.884881357967444],[121.93709485938905,30.884488294191996]]],[[[121.93709482743309,30.884881357967444],[121.94207088174872,30.884872244231058],[121.94207084975513,30.885265307965753],[121.93709479547668,30.885274421703354],[121.93709482743309,30.884881357967444]]],[[[121.93709479547668,30.885274421703354],[121.94283629800387,30.885263821003925],[121.94283626600368,30.885656884699102],[121.93709476351981,30.885667485399924],[121.93709479547668,30.885274421703354]]],[[[121.93709476351981,30.885667485399924],[121.94398439038686,30.885654612963116],[121.94398435837685,30.886047676618894],[121.9370947315625,30.886060549057365],[121.93709476351981,30.885667485399924]]],[[[121.9370947315625,30.886060549057365],[121.94513242590827,30.886045355969596],[121.9451323938882,30.88643841958618],[121.93709469960471,30.88645361267588],[121.9370947315625,30.886060549057365]]],[[[121.93709469960471,30.886453612675876],[121.94589774107561,30.88643684567641],[121.94589770904854,30.886829909254097],[121.93709466764648,30.886846676255672],[121.93709469960471,30.886453612675876]]],[[[121.9393914477645,30.886842590230824],[121.9466630316014,30.88682831415711],[121.94666299956724,30.88722137769611],[121.93939141578923,30.88723565377154],[121.9393914477645,30.886842590230824]]],[[[121.94130521569379,30.887232090751255],[121.94704565168682,30.887220572273634],[121.94704561964885,30.88761363577424],[121.94130518370349,30.8876251542532],[121.94130521569379,30.887232090751255]]],[[[121.94283610599598,30.887622202592134],[121.94781090574097,30.887612009326133],[121.94781087369574,30.888005072788467],[121.94283607399308,30.888015266055614],[121.94283610599598,30.887622202592134]]],[[[121.94360149656819,30.8880137570345],[121.94857613581966,30.88800342573235],[121.9485761037671,30.888396489156616],[121.94360146455861,30.888406820459906],[121.94360149656819,30.8880137570345]]],[[[121.94474955088707,30.88840451603237],[121.94895872592588,30.888395657975057],[121.94895869386939,30.88878872136155],[121.94474951886748,30.888797579419823],[121.94474955088707,30.88840451603237]]],[[[121.94551487842705,30.88879601618688],[121.94934131013788,30.888787885117885],[121.94934127807743,30.889180948466812],[121.94551484640053,30.88918907953667],[121.94551487842705,30.88879601618688]]],[[[121.94589751687653,30.889188289918675],[121.94972388849072,30.889180107191564],[121.94972385642629,30.88957317050313],[121.94589748484627,30.889581353231105],[121.94589751687653,30.889188289918675]]],[[[121.94666280735267,30.88957975813289],[121.9501064610198,30.889572324227057],[121.95010642895136,30.889965387501473],[121.94666277531532,30.889972821408076],[121.94666280735267,30.88957975813289]]],[[[121.94704542741141,30.88997201598499],[121.95048902776074,30.8899645362556],[121.95048899568826,30.890357599493072],[121.94704539537024,30.89036507922323],[121.94704542741141,30.88997201598499]]],[[[121.9474280414048,30.890364268589327],[121.95087158874954,30.890356743308676],[121.95087155667301,30.890749806509408],[121.9474280093598,30.890757331790827],[121.9474280414048,30.890364268589327]]],[[[121.94781064936643,30.890756515975326],[121.9512541440224,30.890748945418],[121.9512541119418,30.891142008582204],[121.94781061731756,30.891149579140293],[121.94781064936643,30.890756515975326]]],[[[121.94819325133015,30.891148758172687],[121.9516366936159,30.891141142615552],[121.95163666153118,30.891534205743433],[121.9481932192774,30.891541821301324],[121.94819325133015,30.891148758172687]]],[[[121.94857584733019,30.891540995211354],[121.95163666153118,30.891534205743433],[121.95163662944601,30.89192726883528],[121.94857581527353,30.891934058303875],[121.94857584733019,30.891540995211354]]],[[[121.94895843740099,30.891933227121545],[121.95201920547795,30.89192639802532],[121.95201917338866,30.892319461081254],[121.94895840534039,30.892326290178154],[121.94895843740099,30.891933227121545]]],[[[121.94895840534039,30.89232629017815],[121.95240174381925,30.89231858546032],[121.95240171172581,30.892711648480553],[121.94895837327932,30.89271935319914],[121.94895840534039,30.89232629017815]]],[[[121.9493409895128,30.892718516954627],[121.95278427659241,30.892710768081148],[121.95278424449481,30.89310383106589],[121.94934095744777,30.893111579940122],[121.9493409895128,30.892718516954627]]],[[[121.9497235678258,30.893110738664024],[121.95278424449481,30.89310383106589],[121.95278421239674,30.89349689401543],[121.9497235357568,30.89350380161423],[121.9497235678258,30.893110738664024]]],[[[121.9501061403148,30.893502955337315],[121.95201907711805,30.893498650036182],[121.95201904502694,30.893891712950893],[121.9501061082418,30.89389601825244],[121.9501061403148,30.893502955337315]]],[[[121.95048870701544,30.893895167005727],[121.95087130004433,30.893894310820574],[121.95087126796369,30.894287373700745],[121.9504886749384,30.894288229885984],[121.95048870701544,30.893895167005727]]]]}},{"type":"Feature","properties":{"parcel_id":"lingang:parcel:0019","geometry_method":"road_barrier_raster_plus_buildings","functional_type":"mixed","dominant_type":"office","confidence":0.53,"building_count":2,"avg_building_area_m2":608,"centroid_lng":121.922858,"centroid_lat":30.892816,"parcel_area_m2":421922,"safety_clipped":false,"classification_source":"osm_tags+building_morphology+spatial_prior","synthetic_classification":true,"qc_flags":"low_confidence"},"geometry":{"type":"MultiPolygon","coordinates":[[[[121.91947752753795,30.8868706853122],[121.92062694808814,30.886869530392453],[121.92062691621788,30.887262593938196],[121.91947749567177,30.887263748858278],[121.91947752753795,30.8868706853122]]],[[[121.91909434030886,30.887264120738333],[121.92101004124865,30.887262195897744],[121.9210100093765,30.88765525940507],[121.91909430844353,30.88765718424622],[121.91909434030886,30.887264120738333]]],[[[121.91909430844353,30.88765718424622],[121.92139312684597,30.887654854844886],[121.92139309497192,30.888047918313998],[121.91909427657775,30.888050247716006],[121.91909430844353,30.88765718424622]]],[[[121.91871111361304,30.888050613037343],[121.9221593072686,30.888047089670255],[121.92215927539111,30.888440153101254],[121.91871108174809,30.88844367646935],[121.91871111361304,30.888050613037343]]],[[[121.9183279111725,30.888444035224975],[121.92215927539111,30.888440153101254],[121.92215924351315,30.88883321649456],[121.91832787930831,30.88883709861941],[121.9183279111725,30.888444035224975]]],[[[121.91794470111441,30.888837450802768],[121.92177614113758,30.888833634067456],[121.9217761092607,30.889226697423393],[121.91794466925097,30.889230514159834],[121.91794470111441,30.888837450802768]]],[[[121.91794466925097,30.889230514159834],[121.92139299934708,30.889227108494794],[121.92139296747122,30.88962017181357],[121.9179446373871,30.889623577479625],[121.91794466925097,30.889230514159834]]],[[[121.91717825811763,30.88962426210507],[121.92100985000903,30.889620576374305],[121.92100981813418,30.89001363965612],[121.91717822625561,30.890017325388026],[121.91717825811763,30.88962426210507]]],[[[121.91679502516591,30.890017657818536],[121.92062669311338,30.890014037697355],[121.9206266612395,30.890407100942426],[121.91679499330456,30.890410721064743],[121.91679502516591,30.890017657818536]]],[[[121.91641178457061,30.89041104690005],[121.92024352865035,30.890407492455637],[121.9202434967774,30.89080055566416],[121.91641175270989,30.89080411010972],[121.91641178457061,30.89041104690005]]],[[[121.91641175270989,30.89080411010972],[121.9198603566106,30.89080094064116],[121.91986032473856,30.89119400381335],[121.91641172084873,30.891197173282944],[121.91641175270989,30.89080411010972]]],[[[121.91602850446603,30.891197492518256],[121.91986032473856,30.89119400381335],[121.91986029286609,30.891587066949302],[121.91602847260546,30.891590555655355],[121.91602850446603,30.891197492518256]]],[[[121.91602847260546,30.891590555655355],[121.91947714511397,30.891587445382335],[121.91947711324237,30.891980508482366],[121.91602844074443,30.891983618756424],[121.91602847260546,30.891590555655355]]],[[[121.9156452167078,30.891983931387152],[121.91909395789506,30.891980880363782],[121.91909392602429,30.8923739434281],[121.91564518484734,30.892376994452512],[121.9156452167078,30.891983931387152]]],[[[121.91564518484734,30.89237699445251],[121.91871076307355,30.89237430875069],[121.9187107312036,30.892767371779506],[121.91564515298643,30.89277005748225],[121.91564518484734,30.89237699445251]]],[[[121.91564515298643,30.89277005748225],[121.9187107312036,30.892767371779506],[121.9187106993332,30.89316043477291],[121.91564512112507,30.893163120476576],[121.91564515298643,30.89277005748225]]],[[[121.91526188943064,30.893163426498592],[121.9187106993332,30.89316043477291],[121.91871066746235,30.893553497731112],[121.9152618575698,30.893556489457836],[121.91526188943064,30.893163426498592]]],[[[121.91487861821119,30.89355678886698],[121.91871066746235,30.893553497731112],[121.91871063559105,30.893946560654317],[121.91487858635087,30.893949851791348],[121.91487861821119,30.89355678886698]]],[[[121.91487858635087,30.893949851791348],[121.9183274650328,30.89394691941154],[121.91832743316228,30.894339982300075],[121.91487855449009,30.894342914680923],[121.91487858635087,30.893949851791348]]],[[[121.91487855449009,30.894342914680923],[121.91832743316228,30.894339982300075],[121.91832740129131,30.894733045154027],[121.91487852262885,30.894735977535923],[121.91487855449009,30.894342914680923]]],[[[121.91449527560385,30.89473627032884],[121.9179442231155,30.894733397339103],[121.91794419124528,30.895126460158796],[121.91449524374309,30.89512933314958],[121.91449527560385,30.89473627032884]]],[[[121.91449524374309,30.89512933314958],[121.91794419124528,30.895126460158796],[121.91794415937461,30.895519522944326],[121.91449521188188,30.89552239593616],[121.91449524374309,30.89512933314958]]],[[[121.91449521188188,30.895522395936155],[121.91794415937461,30.895519522944323],[121.91794412750349,30.895912585695896],[121.91449518002023,30.89591545868878],[121.91449521188188,30.895522395936155]]],[[[121.91411192532513,30.895915744862204],[121.91756094170418,30.895912931302714],[121.91756090983378,30.896305994020654],[121.91411189346391,30.896308807581196],[121.91411192532513,30.895915744862204]]],[[[121.91411189346391,30.896308807581196],[121.91756090983378,30.896305994020654],[121.91756087796293,30.896699056705053],[121.91411186160224,30.89670187026665],[121.91411189346391,30.896308807581196]]],[[[121.91411186160224,30.89670187026665],[121.91756087796293,30.896699056705053],[121.91756084609162,30.89709211935612],[121.91411182974012,30.89709493291877],[121.91411186160224,30.89670187026665]]],[[[121.91411182974012,30.89709493291877],[121.91756084609162,30.89709211935612],[121.91756081421987,30.897485181974066],[121.91411179787754,30.897487995537766],[121.91411182974012,30.89709493291877]]],[[[121.91372853550983,30.89748827508889],[121.91756081421987,30.897485181974066],[121.91756078234765,30.897878244559095],[121.91372850364766,30.897881337675088],[121.91372853550983,30.89748827508889]]],[[[121.91372850364766,30.897881337675088],[121.91756078234765,30.897878244559095],[121.91756075047499,30.89827130711142],[121.91372847178503,30.898274400228583],[121.91372850364766,30.897881337675088]]],[[[121.91372847178503,30.89827440022858],[121.91756075047499,30.898271307111415],[121.91756071860188,30.89866436963124],[121.91372843992197,30.89866746274958],[121.91372847178503,30.89827440022858]]]]}},{"type":"Feature","properties":{"parcel_id":"lingang:parcel:0020","geometry_method":"road_barrier_raster_plus_buildings","functional_type":"office","dominant_type":"office","confidence":0.55,"building_count":4,"avg_building_area_m2":608,"centroid_lng":121.932473,"centroid_lat":30.899588,"parcel_area_m2":38212,"safety_clipped":true,"classification_source":"osm_tags+building_morphology+spatial_prior","synthetic_classification":true,"qc_flags":"safety_clipped"},"geometry":{"type":"MultiPolygon","coordinates":[[[[121.93556324897423,30.888028473596727],[121.93594608999157,30.88802783077555],[121.93594605803943,30.888420894202817],[121.9355632170247,30.888421537024094],[121.93556324897423,30.888028473596727]]],[[[121.93364890769803,30.888424661333957],[121.9355632170247,30.888421537024094],[121.9355631850747,30.888814600413774],[121.93364887576053,30.888817724724127],[121.93364890769803,30.888424661333957]]],[[[121.93403175160046,30.8888171119017],[121.93518033714332,30.888815237275725],[121.93518030519543,30.88920830062802],[121.93403171966006,30.889210175254295],[121.93403175160046,30.8888171119017]]],[[[121.93096685427973,30.90965415502624],[121.93211560901672,30.909652426454787],[121.93211557706418,30.91004548811921],[121.930966822334,30.910047216690966],[121.93096685427973,30.90965415502624]]],[[[121.9313497477309,30.91004664666262],[121.93249848104087,30.910044899639317],[121.93249844908554,30.910437961277438],[121.93134971578247,30.910439708301045],[121.9313497477309,30.91004664666262]]],[[[121.93249844908554,30.910437961277438],[121.93288134596077,30.910437366682633],[121.93288131400261,30.910830428294666],[121.93249841712975,30.91083102288957],[121.93249844908554,30.910437961277438]]],[[[121.9233074531292,30.901802997044747],[121.92369052540396,30.901802553560024],[121.92369049350421,30.902195615794984],[121.9233074212311,30.902196059279813],[121.9233074531292,30.901802997044747]]],[[[121.92369049350421,30.902195615794984],[121.92407355829437,30.902195165859272],[121.9240735263925,30.902588228063713],[121.92369046160402,30.902588677999532],[121.92369049350421,30.902195615794984]]],[[[121.92369046160402,30.902588677999532],[121.9240735263925,30.902588228063713],[121.92407349449019,30.90298129023796],[121.92369042970337,30.902981740173885],[121.92369046160402,30.902588677999532]]],[[[121.92483944213022,30.90494568148277],[121.92522248453663,30.904945212261644],[121.9252224526264,30.90533827425879],[121.92483941022175,30.90533874348002],[121.92483944213022,30.90494568148277]]],[[[121.9252224526264,30.90533827425879],[121.92560548760072,30.905337798633067],[121.92560545568824,30.905730860601373],[121.9252224207157,30.905731336227202],[121.9252224526264,30.90533827425879]]],[[[121.9252224207157,30.905731336227202],[121.92598848324457,30.905730378583453],[121.9259884513298,30.906123440523135],[121.92522238880457,30.906124398167098],[121.9252224207157,30.905731336227202]]],[[[121.92560542377531,30.90612392254116],[121.9259884513298,30.906123440523135],[121.9259884194146,30.90651650243451],[121.92560539186192,30.90651698445264],[121.92560542377531,30.90612392254116]]]]}},{"type":"Feature","properties":{"parcel_id":"lingang:parcel:0021","geometry_method":"road_barrier_raster_plus_buildings","functional_type":"mixed","dominant_type":"residential","confidence":0.52,"building_count":4,"avg_building_area_m2":608,"centroid_lng":121.865724,"centroid_lat":30.894078,"parcel_area_m2":187875,"safety_clipped":false,"classification_source":"osm_tags+building_morphology+spatial_prior","synthetic_classification":true,"qc_flags":"low_confidence"},"geometry":{"type":"MultiPolygon","coordinates":[[[[121.85654334559078,30.8907790340413],[121.85731181453056,30.89078015686875],[121.85731178248548,30.891173220064378],[121.85654331353949,30.89117209723727],[121.85654334559078,30.8907790340413]]],[[[121.85615907278172,30.89117153035596],[121.85808023437528,30.891174328056007],[121.8580802023359,30.891567391215055],[121.85615904072684,30.89156459351586],[121.85615907278172,30.89117153035596]]],[[[121.85654328148773,30.891565160396997],[121.85846442177716,30.891567939552477],[121.85846438974036,30.891961002675323],[121.85654324943552,30.891958223520692],[121.85654328148773,30.891565160396997]]],[[[121.85692748602456,30.891958786769273],[121.85884860478828,30.89196154719015],[121.85884857275406,30.892354610277],[121.856927453975,30.892351849856972],[121.85692748602456,30.891958786769273]]],[[[121.856927453975,30.89235184985697],[121.85923278336489,30.892355150931735],[121.85923275133322,30.8927482139828],[121.85692742192501,30.89274491290905],[121.856927453975,30.89235184985697]]],[[[121.8573116543006,30.892745472486556],[121.85961695746346,30.89274875074014],[121.85961692543432,30.893141813755623],[121.85731162225325,30.893138535503056],[121.8573116543006,30.892745472486556]]],[[[121.85731162225325,30.893138535503056],[121.86000112704063,30.893142346578426],[121.86000109501403,30.893535409558538],[121.85731159020543,30.89353159848435],[121.85731162225325,30.893138535503056]]],[[[121.85769581832301,30.89353215435261],[121.86038529205334,30.89353593840985],[121.86038526002922,30.8939290013548],[121.85769578627782,30.89392521729874],[121.85769581832301,30.89353215435261]]],[[[121.85769578627782,30.89392521729874],[121.86038526002922,30.8939290013548],[121.86038522800466,30.89432206426496],[121.85769575423217,30.894318280210083],[121.85769578627782,30.89392521729874]]],[[[121.8580799780474,30.89431883233108],[121.86076942043698,30.894322589107844],[121.8607693884149,30.894715651983255],[121.85807994600437,30.894711895207674],[121.8580799780474,30.89431883233108]]],[[[121.85807994600437,30.894711895207674],[121.86115357619462,30.894716172781294],[121.86115354417501,30.89510923562217],[121.85807991396086,30.895104958049895],[121.85807994600437,30.894711895207674]]],[[[121.85846413342956,30.895105506385793],[121.86153772725969,30.895109752338964],[121.8615376952425,30.895502815145505],[121.85846410138866,30.89549856919368],[121.85846413342956,30.895105506385793]]],[[[121.85846410138866,30.895498569193677],[121.86230604715504,30.89550383619088],[121.86230601514315,30.89589689896313],[121.8584640693473,30.895891631967608],[121.85846410138866,30.895498569193677]]],[[[121.8584640693473,30.895891631967608],[121.86230601514315,30.89589689896313],[121.8623059831308,30.89628996170163],[121.85846403730548,30.896284694707788],[121.8584640693473,30.895891631967608]]],[[[121.85884825238674,30.896285239220756],[121.8619218095599,30.89628945325593],[121.86192177754423,30.896682515961057],[121.8588482203475,30.896678301927228],[121.85884825238674,30.896285239220756]]],[[[121.8588482203475,30.896678301927228],[121.86192177754423,30.896682515961057],[121.86192174552811,30.897075578632855],[121.85884818830779,30.897071364600368],[121.8588482203475,30.896678301927228]]],[[[121.85923239895476,30.897071905253082],[121.86153756716922,30.89707506603418],[121.86153753514976,30.897468128673022],[121.85923236691762,30.89746496789293],[121.85923239895476,30.897071905253082]]],[[[121.86000077472282,30.897466037469194],[121.8611533520477,30.897467611957232],[121.86115332002487,30.897860674563322],[121.86000074269118,30.89785910007579],[121.86000077472282,30.897466037469194]]]]}},{"type":"Feature","properties":{"parcel_id":"lingang:parcel:0022","geometry_method":"road_barrier_raster_plus_buildings","functional_type":"residential","dominant_type":"residential","confidence":1,"building_count":1,"avg_building_area_m2":608,"centroid_lng":121.915207,"centroid_lat":30.897312,"parcel_area_m2":512675,"safety_clipped":false,"classification_source":"osm_tags+building_morphology+spatial_prior","synthetic_classification":true,"qc_flags":""},"geometry":{"type":"MultiPolygon","coordinates":[[[[121.90337793104341,30.892776564177414],[121.90989587144587,30.892773952261763],[121.90989583959605,30.893167015257895],[121.90337789919812,30.8931696271757],[121.90337793104341,30.892776564177414]]],[[[121.90337789919812,30.8931696271757],[121.91142915037851,30.893166122520135],[121.91142911852583,30.893559185480576],[121.90337786735238,30.893562690138783],[121.90337789919812,30.8931696271757]]],[[[121.90337786735238,30.893562690138783],[121.91219572779251,30.893558699306936],[121.91219569593801,30.89395176223214],[121.90337783550616,30.89395575306687],[121.90337786735238,30.893562690138783]]],[[[121.90337783550616,30.89395575306687],[121.91219569593801,30.89395176223214],[121.91219566408306,30.894344825122552],[121.90337780365951,30.894348815960168],[121.90337783550616,30.89395575306687]]],[[[121.90337780365951,30.894348815960168],[121.91219566408306,30.894344825122552],[121.91219563222765,30.894737887978387],[121.9033777718124,30.894741878818888],[121.90337780365951,30.894348815960168]]],[[[121.9033777718124,30.894741878818888],[121.91181233143986,30.894738134382298],[121.9118122995847,30.895131197203877],[121.90337773996485,30.895134941643235],[121.9033777718124,30.894741878818888]]],[[[121.90337773996485,30.895134941643235],[121.9118122995847,30.895131197203877],[121.91181226772909,30.895524259991298],[121.90337770811684,30.895528004433416],[121.90337773996485,30.895134941643235]]],[[[121.90337770811684,30.895528004433412],[121.91181226772909,30.895524259991294],[121.91181223587303,30.895917322744754],[121.90337767626838,30.89592106718964],[121.90337770811684,30.895528004433412]]],[[[121.90337767626838,30.89592106718964],[121.91181223587303,30.895917322744754],[121.91181220401653,30.896310385464467],[121.90337764441946,30.896314129912117],[121.90337767626838,30.89592106718964]]],[[[121.90337764441946,30.896314129912117],[121.91181220401653,30.896310385464467],[121.91181217215956,30.89670344815064],[121.90337761257008,30.896707192601053],[121.90337764441946,30.896314129912117]]],[[[121.90337761257008,30.896707192601053],[121.91142886368819,30.8967036879217],[121.91142883183143,30.897096750574665],[121.90337758072027,30.89710025525666],[121.90337761257008,30.896707192601053]]],[[[121.90337758072027,30.89710025525666],[121.91142883183143,30.897096750574665],[121.91142879997425,30.897489813194504],[121.90337754887,30.897493317879142],[121.90337758072027,30.89710025525666]]],[[[121.90337754887,30.897493317879142],[121.91142879997425,30.897489813194504],[121.9114287681166,30.897882875781427],[121.90337751701927,30.89788638046871],[121.90337754887,30.897493317879142]]],[[[121.90337751701927,30.89788638046871],[121.9114287681166,30.897882875781427],[121.91142873625849,30.898275938335644],[121.9033774851681,30.898279443025572],[121.90337751701927,30.89788638046871]]],[[[121.9033774851681,30.89827944302557],[121.91142873625849,30.89827593833564],[121.91142870439994,30.89866900085736],[121.90337745331645,30.898672505549932],[121.9033774851681,30.89827944302557]]]]}},{"type":"Feature","properties":{"parcel_id":"lingang:parcel:0023","geometry_method":"road_barrier_raster_plus_buildings","functional_type":"residential","dominant_type":"residential","confidence":0.81,"building_count":1,"avg_building_area_m2":608,"centroid_lng":121.925275,"centroid_lat":30.897266,"parcel_area_m2":17514,"safety_clipped":false,"classification_source":"osm_tags+building_morphology+spatial_prior","synthetic_classification":true,"qc_flags":""},"geometry":{"type":"MultiPolygon","coordinates":[[[[121.92062621495757,30.895909982619],[121.92100933995701,30.89590958457609],[121.9210093080749,30.89630264729301],[121.92062618307689,30.89630304533603],[121.92062621495757,30.895909982619]]],[[[121.92062618307689,30.89630304533603],[121.9210093080749,30.89630264729301],[121.92100927619235,30.896695709976388],[121.92062615119576,30.896696108019523],[121.92062618307689,30.89630304533603]]],[[[121.92024301862891,30.896696499534528],[121.92100927619235,30.896695709976388],[121.92100924430933,30.897088772626436],[121.92024298674872,30.8970895621848],[121.92024301862891,30.896696499534528]]],[[[121.92024298674872,30.8970895621848],[121.92062611931418,30.89708917066968],[121.92062608743214,30.897482233286716],[121.92024295486807,30.897482624801945],[121.92024298674872,30.8970895621848]]],[[[121.92024295486807,30.897482624801945],[121.92062608743214,30.897482233286716],[121.92062605554965,30.89787529587084],[121.92024292298697,30.89787568738618],[121.92024295486807,30.897482624801945]]],[[[121.92024292298697,30.89787568738618],[121.92062605554965,30.89787529587084],[121.9206260236667,30.898268358422253],[121.92024289110543,30.898268749937706],[121.92024292298697,30.89787568738618]]],[[[121.9198597509645,30.898269134916838],[121.9206260236667,30.89826835842225],[121.92062599178331,30.898661420941167],[121.91985971908387,30.898662197435982],[121.9198597509645,30.898269134916838]]],[[[121.91985971908387,30.898662197435982],[121.92062599178331,30.898661420941167],[121.92062595989945,30.899054483427793],[121.91985968720277,30.899055259922832],[121.91985971908387,30.898662197435982]]]]}},{"type":"Feature","properties":{"parcel_id":"lingang:parcel:0024","geometry_method":"road_barrier_raster_plus_buildings","functional_type":"office","dominant_type":"office","confidence":0.89,"building_count":1,"avg_building_area_m2":608,"centroid_lng":121.95723,"centroid_lat":30.911586,"parcel_area_m2":436252,"safety_clipped":false,"classification_source":"osm_tags+building_morphology+spatial_prior","synthetic_classification":true,"qc_flags":""},"geometry":{"type":"MultiPolygon","coordinates":[[[[121.95584398942808,30.900171747721917],[121.9566090172179,30.900169899471884],[121.95660898507325,30.90056296182254],[121.95584395729126,30.90056481007273],[121.95584398942808,30.900171747721917]]],[[[121.95584395729126,30.90056481007273],[121.95966889425864,30.900555395457737],[121.95966886208132,30.900948457776522],[121.95584392515399,30.9009578723923],[121.95584395729126,30.90056481007273]]],[[[121.95584392515399,30.9009578723923],[121.95966886208132,30.900948457776522],[121.95966882990353,30.901341520064268],[121.95584389301627,30.901350934680835],[121.95584392515399,30.9009578723923]]],[[[121.95584389301627,30.90135093468083],[121.95966882990353,30.901341520064264],[121.95966879772529,30.90173458232119],[121.95584386087808,30.901743996938542],[121.95584389301627,30.90135093468083]]],[[[121.95584386087808,30.901743996938542],[121.95966879772529,30.90173458232119],[121.95966876554658,30.902127644547495],[121.95584382873943,30.902137059165636],[121.95584386087808,30.901743996938542]]],[[[121.95584382873943,30.902137059165636],[121.95928629415039,30.90212860513605],[121.95928626197532,30.902521667332028],[121.95584379660032,30.902530121362325],[121.95584382873943,30.902137059165636]]],[[[121.95584379660032,30.902530121362325],[121.95928626197532,30.902521667332028],[121.9592862297998,30.902914729497805],[121.95584376446077,30.902923183528813],[121.95584379660032,30.902530121362325]]],[[[121.95584376446077,30.902923183528813],[121.9592862297998,30.902914729497805],[121.95928619762381,30.9033077916336],[121.95584373232074,30.903316245665316],[121.95584376446077,30.902923183528813]]],[[[121.95584373232074,30.903316245665316],[121.95928619762381,30.9033077916336],[121.95928616544738,30.903700853739615],[121.95584370018027,30.90370930777204],[121.95584373232074,30.903316245665316]]],[[[121.95546117852349,30.903710225202307],[121.95928616544738,30.903700853739615],[121.95928613327048,30.904093915816063],[121.95546114638645,30.904103287279543],[121.95546117852349,30.903710225202307]]],[[[121.95546114638645,30.90410328727954],[121.95890365705385,30.904094872251147],[121.95890362488058,30.904487934298313],[121.95546111424895,30.90449634932742],[121.95546114638645,30.90410328727954]]],[[[121.95546111424895,30.90449634932742],[121.95890362488058,30.904487934298313],[121.95890359270685,30.904880996316333],[121.95546108211099,30.90488941134615],[121.95546111424895,30.90449634932742]]],[[[121.95507855521446,30.904890324266795],[121.95852111161528,30.904881948561155],[121.95852107944513,30.905275010550312],[121.95507852307992,30.905283386256666],[121.95507855521446,30.904890324266795]]],[[[121.95507852307992,30.905283386256666],[121.95852107944513,30.905275010550312],[121.95852104727454,30.905668072510743],[121.95507849094491,30.90567644821781],[121.95507852307992,30.905283386256666]]],[[[121.95507849094491,30.90567644821781],[121.95813856126601,30.905669020528933],[121.95813852909899,30.90606208246092],[121.95507845880944,30.906069510150438],[121.95507849094491,30.90567644821781]]],[[[121.95469592663336,30.906070418527086],[121.95813852909899,30.90606208246092],[121.95813849693151,30.906455144364603],[121.95469589450128,30.906463480431487],[121.95469592663336,30.906070418527086]]],[[[121.95431335699853,30.906464384229828],[121.95775600596423,30.906456088120017],[121.9577559738003,30.90684914999568],[121.95431332486982,30.90685744610621],[121.95431335699853,30.906464384229828]]],[[[121.95431332486982,30.90685744610621],[121.9577559738003,30.90684914999568],[121.95775594163592,30.907242211843453],[121.95431329274066,30.907250507954704],[121.95431332486982,30.90685744610621]]],[[[121.95431329274066,30.9072505079547],[121.95775594163592,30.90724221184345],[121.95775590947109,30.90763527366355],[121.95431326061104,30.90764356977552],[121.95431329274066,30.9072505079547]]],[[[121.95393071775003,30.9076444689618],[121.95737341350755,30.907636213120327],[121.95737338134626,30.90802927491304],[121.95393068562376,30.908037530755234],[121.95393071775003,30.9076444689618]]],[[[121.95393068562376,30.908037530755234],[121.95737338134626,30.90802927491304],[121.95737334918451,30.9084223366785],[121.95393065349703,30.908430592521412],[121.95393068562376,30.908037530755234]]],[[[121.95354810523506,30.908431487061858],[121.9569908481794,30.908423271800846],[121.95699081602118,30.908816333539338],[121.95354807311165,30.908824548801075],[121.95354810523506,30.908431487061858]]],[[[121.95316551940628,30.90882543866216],[121.95660830992956,30.90881726429168],[121.95660827777482,30.909210326003418],[121.95316548728618,30.909218500374624],[121.95316551940628,30.90882543866216]]],[[[121.9527829280991,30.90921938552313],[121.95622576655595,30.909211252350477],[121.95622573440468,30.909604314035672],[121.95278289598228,30.909612447209053],[121.9527829280991,30.90921938552313]]],[[[121.95240033127541,30.909613327612007],[121.95622573440468,30.909604314035672],[121.95622570225296,30.909997375694452],[121.95240029916185,30.910006389271597],[121.95240033127541,30.909613327612007]]],[[[121.95201772889742,30.91000726489625],[121.95584318587032,30.90999829760125],[121.95584315372206,30.91039135923391],[121.95201769678708,30.910400326529725],[121.95201772889742,30.91000726489625]]],[[[121.95201769678708,30.910400326529725],[121.95546063213145,30.91039227666554],[121.95546059998662,30.91078533827229],[121.9520176646763,30.91079338813721],[121.95201769678708,30.910400326529725]]],[[[121.95125250732869,30.91079512492197],[121.95507807314816,30.910786251194143],[121.95507804100673,30.911179312775197],[121.95125247522478,30.911188186503843],[121.95125250732869,30.91079512492197]]],[[[121.95163505671292,30.911187320532946],[121.95469550888069,30.911180221152893],[121.95469547674267,30.91157328270846],[121.9516350246049,30.911580382089166],[121.95163505671292,30.911187320532946]]],[[[121.95201760045337,30.911579511275054],[121.95469547674267,30.91157328270846],[121.95469544460418,30.911966344238667],[121.95201756834122,30.911972572805837],[121.95201760045337,30.911579511275054]]],[[[121.95240013858718,30.911971697180768],[121.954312907155,30.911967248038145],[121.9543128750199,30.91236030954329],[121.95240010647088,30.912364758686323],[121.95240013858718,30.911971697180768]]],[[[121.95278267115172,30.912363878282793],[121.95354778398041,30.912362103271807],[121.95354775185244,30.91275516475218],[121.95278263903124,30.91275693976333],[121.95278267115172,30.912363878282793]]]]}},{"type":"Feature","properties":{"parcel_id":"lingang:parcel:0025","geometry_method":"road_barrier_raster_plus_buildings","functional_type":"commercial","dominant_type":"commercial","confidence":0.61,"building_count":4,"avg_building_area_m2":608,"centroid_lng":121.943411,"centroid_lat":30.933287,"parcel_area_m2":117820,"safety_clipped":true,"classification_source":"osm_tags+building_morphology+spatial_prior","synthetic_classification":true,"qc_flags":"safety_clipped"},"geometry":{"type":"MultiPolygon","coordinates":[[[[121.944746090137,30.93085518794665],[121.94512877268166,30.930854408997146],[121.94512874060956,30.93124746954728],[121.94474605806815,30.931248248496875],[121.944746090137,30.93085518794665]]],[[[121.94627678309759,30.930852040143346],[121.94665944093838,30.930851239950876],[121.94665940885308,30.93124430050066],[121.94627675101563,30.931245100693218],[121.94627678309759,30.930852040143346]]],[[[121.94436336927043,30.931249022065987],[121.94512874060956,30.93124746954728],[121.94512870853701,30.931640530082706],[121.94436333720434,30.931642082601595],[121.94436336927043,30.931249022065987]]],[[[121.94627675101563,30.931245100693218],[121.94704206059639,30.931243495068436],[121.94704202850728,30.93163655560343],[121.94627671893322,30.93163816122838],[121.94627675101563,30.931245100693218]]],[[[121.94436333720434,30.931642082601595],[121.94512870853701,30.931640530082706],[121.94512867646401,30.932033590603645],[121.94436330513777,30.93203514312271],[121.94436333720434,30.931642082601595]]],[[[121.94627671893322,30.93163816122838],[121.94704202850728,30.93163655560343],[121.94704199641771,30.932029616123927],[121.94627668685035,30.932031221749057],[121.94627671893322,30.93163816122838]]],[[[121.94436330513777,30.93203514312271],[121.94512867646401,30.932033590603645],[121.94512864439055,30.93242665111031],[121.94436327307076,30.93242820362955],[121.94436330513777,30.93203514312271]]],[[[121.94627668685035,30.932031221749057],[121.94704199641771,30.932029616123927],[121.94704196432768,30.93242267663015],[121.94627665476702,30.932424282255454],[121.94627668685035,30.932031221749057]]],[[[121.94474596185884,30.93242743006017],[121.94512864439055,30.93242665111031],[121.94512861231662,30.932819711602907],[121.94474592978816,30.932820490552857],[121.94474596185884,30.93242743006017]]],[[[121.94627665476702,30.932424282255454],[121.94665931259445,30.93242348206263],[121.94665928050733,30.932816542554882],[121.94627662268324,30.93281734274779],[121.94627665476702,30.932424282255454]]],[[[121.92866589095011,30.949749636159286],[121.92943182077262,30.949748564529944],[121.92943178878919,30.950141624621057],[121.92866585897085,30.95014269625061],[121.92866589095011,30.949749636159286]]],[[[121.94397916673418,30.949723623229616],[121.94512723270581,30.9497213025371],[121.9451272006118,30.950114362624298],[121.9439791346498,30.95011668331708],[121.94397916673418,30.949723623229616]]],[[[121.92866585897085,30.95014269625061],[121.92904882751782,30.9501421635689],[121.92904879553602,30.950535223655766],[121.92866582699112,30.950535756337583],[121.92866585897085,30.95014269625061]]],[[[121.94359643339702,30.950117446047727],[121.94550987677202,30.95011357831761],[121.94550984467426,30.95050663840037],[121.94359640131533,30.950510506130932],[121.94359643339702,30.950117446047727]]],[[[121.9451271685173,30.950507422707147],[121.94589251463763,30.950505848768653],[121.94589248253614,30.950898908847194],[121.94512713642236,30.950900482785865],[121.9451271685173,30.950507422707147]]],[[[121.94512713642236,30.950900482785865],[121.94589248253614,30.950898908847194],[121.94589245043417,30.95129196892182],[121.94512710432696,30.951293542860665],[121.94512713642236,30.950900482785865]]],[[[121.94512710432696,30.951293542860665],[121.94589245043417,30.95129196892182],[121.94589241833177,30.951685028992745],[121.9451270722311,30.95168660293177],[121.94512710432696,30.951293542860665]]],[[[121.94359630506756,30.95168968635662],[121.94550974837827,30.951685818624725],[121.94550971627869,30.95207887869226],[121.94359627298405,30.952082746424598],[121.94359630506756,30.95168968635662]]],[[[121.94397897422101,30.952081983693503],[121.94512704013479,30.952079662999388],[121.94512700803801,30.952472723063746],[121.94397894213388,30.952475043758128],[121.94397897422101,30.952081983693503]]],[[[121.93747364262319,30.934013419862705],[121.93823924878393,30.934012069409068],[121.93823921676244,30.934405129849218],[121.93747361060719,30.93440648030304],[121.93747364262319,30.934013419862705]]],[[[121.93977038034086,30.934009298994653],[121.94015314655987,30.9340085920458],[121.94015311452418,30.934401652485477],[121.93977034830806,30.934402359434422],[121.93977038034086,30.934009298994653]]],[[[121.93747367463872,30.93362035940917],[121.93823928080496,30.933619008955723],[121.93823924878393,30.93401206940907],[121.93747364262319,30.93401341986271],[121.93747367463872,30.93362035940917]]],[[[121.93977041237319,30.93361623854168],[121.94015317859511,30.93361553159292],[121.94015314655987,30.934008592045803],[121.93977038034086,30.934009298994656],[121.93977041237319,30.93361623854168]]],[[[121.93747370665382,30.933227298942214],[121.93823931282553,30.933225948488957],[121.93823928080496,30.933619008955723],[121.93747367463872,30.93362035940917],[121.93747370665382,30.933227298942214]]],[[[121.93977044440508,30.93322317807529],[121.94015321062989,30.933222471126623],[121.94015317859511,30.93361553159292],[121.93977041237319,30.93361623854168],[121.93977044440508,30.93322317807529]]],[[[121.93785641707184,30.93440580799124],[121.93823921676244,30.934405129849218],[121.9382391847405,30.934798190276375],[121.93785638505265,30.934798868418493],[121.93785641707184,30.93440580799124]]],[[[121.93785654514403,30.932833566150205],[121.93823934484566,30.93283288800856],[121.93823931282553,30.933225948488957],[121.93785651312668,30.9332266266307],[121.93785654514403,30.932833566150205]]],[[[121.9286659868852,30.948570455857062],[121.92904895544045,30.948569923175764],[121.92904892346047,30.948962983281334],[121.9286659549073,30.94896351596273],[121.9286659868852,30.948570455857062]]],[[[121.9286659549073,30.948963515962728],[121.92943188473814,30.948962444333798],[121.92943185275561,30.949355504434262],[121.92866592292894,30.949356576063398],[121.9286659549073,30.948963515962728]]],[[[121.92866592292894,30.949356576063398],[121.92943185275561,30.949355504434262],[121.92943182077262,30.949748564529944],[121.92866589095011,30.949749636159286],[121.92866592292894,30.949356576063398]]],[[[121.92866659437902,30.94110231261146],[121.92904956297355,30.94110177993213],[121.9290495310022,30.941494840173814],[121.92866656240976,30.941495372853247],[121.92866659437902,30.94110231261146]]],[[[121.92866656240976,30.941495372853247],[121.92943249231972,30.941494301228243],[121.92943246034584,30.941887361460715],[121.92866653044004,30.94188843308592],[121.92866656240976,30.941495372853247]]],[[[121.92866653044004,30.94188843308592],[121.92943246034584,30.941887361460715],[121.9294324283715,30.94228042168429],[121.92866649846987,30.942281493309707],[121.92866653044004,30.94188843308592]]],[[[121.92866649846987,30.942281493309707],[121.9294324283715,30.94228042168429],[121.9294323963967,30.942673481899188],[121.92866646649924,30.94267455352481],[121.92866649846987,30.942281493309707]]],[[[121.92866646649924,30.94267455352481],[121.92904943508549,30.942674020845068],[121.92904940311234,30.94306708105161],[121.92866643452815,30.943067613731454],[121.92866646649924,30.94267455352481]]],[[[121.93364599952459,30.92419330168424],[121.93402887514453,30.92419268885293],[121.93402884316322,30.924585749688543],[121.93364596754571,30.924586362519953],[121.93364599952459,30.92419330168424]]],[[[121.92866780887411,30.926166014545238],[121.92905077754716,30.926165481869845],[121.92905074559312,30.926558542617183],[121.92866777692213,30.92655907529268],[121.92866780887411,30.926166014545238]]],[[[121.92866784082564,30.925772953780303],[121.92943377090212,30.925771882163573],[121.92943373894643,30.9261649429283],[121.92866780887411,30.926166014545238],[121.92866784082564,30.925772953780303]]],[[[121.92866787277671,30.925379892997668],[121.92943380285736,30.925378821381145],[121.92943377090212,30.925771882163573],[121.92866784082564,30.925772953780303],[121.92866787277671,30.925379892997668]]],[[[121.92866790472735,30.924986832197114],[121.92943383481214,30.924985760580796],[121.92943380285736,30.925378821381145],[121.92866787277671,30.925379892997668],[121.92866790472735,30.924986832197114]]],[[[121.92866793667751,30.924593771378433],[121.92905090535882,30.924593238703455],[121.9290508734066,30.924986299522036],[121.92866790472735,30.924986832197117],[121.92866793667751,30.924593771378433]]]]}},{"type":"Feature","properties":{"parcel_id":"lingang:parcel:0026","geometry_method":"road_barrier_raster_plus_buildings","functional_type":"residential","dominant_type":"residential","confidence":1,"building_count":3,"avg_building_area_m2":608,"centroid_lng":121.888656,"centroid_lat":30.93496,"parcel_area_m2":25475,"safety_clipped":true,"classification_source":"osm_tags+building_morphology+spatial_prior","synthetic_classification":true,"qc_flags":"safety_clipped"},"geometry":{"type":"MultiPolygon","coordinates":[[[[121.8626866921653,30.938741088445493],[121.86307085635173,30.938741588459322],[121.86307082429529,30.939134648783703],[121.86268666010604,30.939134148770037],[121.8626866921653,30.938741088445493]]],[[[121.88342359422252,30.93876118793573],[121.88380744093105,30.938761413008297],[121.8838074089934,30.939154473324123],[121.88342356228334,30.939154248251704],[121.88342359422252,30.93876118793573]]],[[[121.86268666010604,30.939134148770037],[121.86345498357552,30.939135144537197],[121.86345495152143,30.939528204851005],[121.86268662804632,30.939527209084176],[121.86268666010604,30.939134148770037]]],[[[121.86268662804632,30.939527209084176],[121.86345495152143,30.939528204851005],[121.8634549194669,30.939921265154624],[121.86268659598615,30.93992026938813],[121.86268662804632,30.939527209084176]]],[[[121.86268659598615,30.939920269388125],[121.8634549194669,30.93992126515462],[121.8634548874119,30.940314325448266],[121.86268656392552,30.940313329682105],[121.86268659598615,30.939920269388125]]],[[[121.88342349840363,30.939940368852657],[121.88380734511674,30.939940593924774],[121.88380731317773,30.940333654210036],[121.88342346646309,30.940333429138068],[121.88342349840363,30.939940368852657]]],[[[121.86268656392552,30.940313329682105],[121.86307072812326,30.94031382969527],[121.863070696065,30.940706889979328],[121.86268653186443,30.940706389966326],[121.86268656392552,30.940313329682105]]],[[[121.88342346646309,30.940333429138068],[121.88380731317773,30.940333654210036],[121.88380728123826,30.94072671448554],[121.88342343452209,30.94072648941372],[121.88342346646309,30.940333429138068]]],[[[121.88304025178444,30.93247199040372],[121.88342410518754,30.932472221289423],[121.88342407325564,30.932865281801146],[121.88304021985098,30.93286505091559],[121.88304025178444,30.93247199040372]]],[[[121.88304021985098,30.93286505091559],[121.88342407325564,30.932865281801146],[121.88342404132328,30.933258342299023],[121.88304018791706,30.93325811141362],[121.88304021985098,30.93286505091559]]],[[[121.88342365809952,30.937975067271704],[121.88380750480499,30.937975292344568],[121.88380747286824,30.93836835268185],[121.88342362616125,30.938368127609134],[121.88342365809952,30.937975067271704]]],[[[121.88342362616125,30.938368127609134],[121.88380747286824,30.93836835268185],[121.88380744093105,30.938761413008297],[121.88342359422252,30.93876118793573],[121.88342362616125,30.938368127609134]]],[[[121.88342343452209,30.94072648941372],[121.88380728123826,30.94072671448554],[121.88380724929834,30.941119774751503],[121.88342340258065,30.941119549679833],[121.88342343452209,30.94072648941372]]]]}},{"type":"Feature","properties":{"parcel_id":"lingang:parcel:0027","geometry_method":"road_barrier_raster_plus_buildings","functional_type":"residential","dominant_type":"residential","confidence":1,"building_count":1,"avg_building_area_m2":608,"centroid_lng":121.88649,"centroid_lat":30.914218,"parcel_area_m2":708511,"safety_clipped":false,"classification_source":"osm_tags+building_morphology+spatial_prior","synthetic_classification":true,"qc_flags":""},"geometry":{"type":"MultiPolygon","coordinates":[[[[121.87382838467079,30.901019863711007],[121.87997174019064,30.90102503207498],[121.87997170828011,30.90141809438636],[121.87382835272845,30.90141292602488],[121.87382838467079,30.901019863711007]]],[[[121.87421235856227,30.901413288978567],[121.88035561431754,30.90141837093396],[121.88035558240833,30.901811433214363],[121.87421232662166,30.901806351261456],[121.87421235856227,30.901413288978567]]],[[[121.87459632646127,30.901806709020924],[121.8807394819509,30.90181170413944],[121.88073945004297,30.902204766389072],[121.87459629452236,30.902199771273036],[121.87459632646127,30.901806709020924]]],[[[121.87498028833419,30.902200123809585],[121.88073945004297,30.902204766389072],[121.88073941813457,30.9025978286083],[121.87498025639695,30.902593186031133],[121.87498028833419,30.902200123809585]]],[[[121.87536424414776,30.902593533316306],[121.88112331115532,30.90259809388618],[121.8811232792482,30.902991156075057],[121.87536421221216,30.902986595507503],[121.87536424414776,30.902593533316306]]],[[[121.87574819386896,30.902986937513106],[121.8811232792482,30.902991156075057],[121.88112324734062,30.903384218233946],[121.87574816193498,30.903379999674158],[121.87574819386896,30.902986937513106]]],[[[121.8761321374651,30.903380336372248],[121.88150713381108,30.903384477840387],[121.88150710190473,30.903777539969347],[121.87613210553273,30.903773398503365],[121.8761321374651,30.903380336372248]]],[[[121.87651607490379,30.903773729866256],[121.88150710190473,30.903777539969347],[121.88150706999794,30.90417060206874],[121.876516042973,30.904166791967647],[121.87651607490379,30.903773729866256]]],[[[121.87690000615292,30.904167117967898],[121.88189094989,30.904170855979775],[121.88189091798442,30.904563918049657],[121.87689997422366,30.904560180039777],[121.87690000615292,30.904167117967898]]],[[[121.87728393118064,30.904560500650224],[121.88189091798442,30.904563918049657],[121.88189088607837,30.90495698009039],[121.87728389925292,30.9049535626928],[121.87728393118064,30.904560500650224]]],[[[121.87728389925292,30.9049535626928],[121.88189088607837,30.90495698009039],[121.88189085417187,30.905350042102185],[121.87728386732473,30.905346624706436],[121.87728389925292,30.9049535626928]]],[[[121.87766781802927,30.905346939900003],[121.88227472745936,30.905350290293978],[121.88227469555405,30.905743352276897],[121.87766778610258,30.905740001884755],[121.87766781802927,30.905346939900003]]],[[[121.87805173052148,30.90574031163495],[121.88265856220623,30.905743594726335],[121.88265853030207,30.90613665668058],[121.87805169859627,30.90613337359103],[121.87805173052148,30.90574031163495]]],[[[121.87843563669867,30.906133677871455],[121.88265853030207,30.90613665668058],[121.88265849839745,30.90652971860652],[121.8784356047749,30.906526739799073],[121.87843563669867,30.906133677871455]]],[[[121.87881953653024,30.906527038583604],[121.88304235838878,30.906529955290324],[121.88304232648528,30.906923017188014],[121.87881950460789,30.90692010048297],[121.87881953653024,30.906527038583604]]],[[[121.87920342998588,30.906920393745747],[121.88342617978739,30.906923248083473],[121.883426147885,30.907316309953128],[121.87920339806492,30.90731345561707],[121.87920342998588,30.906920393745747]]],[[[121.87920339806492,30.907313455617068],[121.883426147885,30.907316309953124],[121.88342611598215,30.907709371795104],[121.8792033661435,30.907706517460717],[121.87920339806492,30.907313455617068]]],[[[121.87958728511605,30.907706805175984],[121.88380996257008,30.907709596879496],[121.8838099306683,30.90810265869386],[121.879587253196,30.908099866992014],[121.87958728511605,30.907706805175984]]],[[[121.87997116573155,30.908100149134604],[121.8841937705144,30.908102877945048],[121.88419373861366,30.908495939732006],[121.87997113381283,30.908493210923226],[121.87997116573155,30.908100149134604]]],[[[121.87997113381283,30.908493210923226],[121.88419373861366,30.908495939732006],[121.88419370671248,30.908889001491918],[121.87997110189367,30.9088862726848],[121.87997113381283,30.908493210923226]]],[[[121.88035500796471,30.9088865492295],[121.8845775397924,30.90888921488775],[121.88457750789223,30.90928227662068],[121.88035497604686,30.909279610964088],[121.88035500796471,30.9088865492295]]],[[[121.88073887562253,30.909279881886267],[121.88457750789223,30.90928227662068],[121.88457747599162,30.909675338326984],[121.88073884370597,30.909672943594078],[121.88073887562253,30.909279881886267]]],[[[121.88073884370597,30.909672943594078],[121.88457747599162,30.909675338326984],[121.88457744409054,30.91006840000688],[121.88073881178896,30.91006600527548],[121.88073884370597,30.909672943594078]]],[[[121.88073881178896,30.910066005275475],[121.88496127038019,30.910068607525478],[121.8849612384801,30.91046166917902],[121.88073877987149,30.910459066930674],[121.88073881178896,30.910066005275475]]],[[[121.88112267292654,30.910459332205512],[121.8849612384801,30.91046166917902],[121.88496120657956,30.910854730806577],[121.88112264101034,30.910852393834567],[121.88112267292654,30.910459332205512]]],[[[121.88112264101034,30.910852393834567],[121.88496120657956,30.910854730806577],[121.88496117467857,30.911247792408354],[121.88112260909368,30.911245455437847],[121.88112264101034,30.910852393834567]]],[[[121.8815064955979,30.91124571504125],[121.88496117467857,30.911247792408354],[121.88496114277712,30.91164085398456],[121.88150646368248,30.91163877661881],[121.8815064955979,30.91124571504125]]],[[[121.88150646368248,30.91163877661881],[121.8853449622527,30.91164105560435],[121.8853449303522,30.912034117155052],[121.88150643176661,30.91203183817101],[121.88150646368248,30.91163877661881]]],[[[121.88189031169192,30.91203209207902],[121.8853449303522,30.912034117155052],[121.88534489845127,30.912427178680613],[121.88189027977724,30.912425153605927],[121.88189031169192,30.91203209207902]]],[[[121.88189027977724,30.912425153605927],[121.88534489845127,30.912427178680613],[121.88534486654987,30.912820240181237],[121.88189024786212,30.912818215107897],[121.88189027977724,30.912425153605927]]],[[[121.88227412118067,30.91281846329682],[121.88572867918498,30.912820435881212],[121.88572864728452,30.913213497356967],[121.88227408926673,30.91321152477392],[121.88227412118067,30.91281846329682]]],[[[121.88227408926673,30.913211524773917],[121.88572864728452,30.913213497356963],[121.8857286153836,30.91360655880821],[121.88227405735233,30.913604586226505],[121.88227408926673,30.913211524773917]]],[[[121.88265792403666,30.91360482867293],[121.88611242115233,30.913606748567666],[121.88611238925232,30.913999809994465],[121.88265789212342,30.91399789010107],[121.88265792403666,30.91360482867293]]],[[[121.88265789212342,30.91399789010107],[121.88611238925232,30.913999809994465],[121.88611235735185,30.914392871397176],[121.88265786020973,30.914390951505123],[121.88265789212342,30.91399789010107]]],[[[121.88265786020973,30.914390951505123],[121.88611235735185,30.914392871397176],[121.88611232545094,30.914785932776013],[121.88265782829558,30.9147840128853],[121.88265786020973,30.914390951505123]]],[[[121.88304168832009,30.91478424956594],[121.88649612433039,30.91478611657423],[121.88649609243035,30.915179177929254],[121.88304165640707,30.915177310922303],[121.88304168832009,30.91478424956594]]],[[[121.88304165640707,30.915177310922303],[121.88649609243035,30.915179177929254],[121.88649606052986,30.91557223926083],[121.88304162449359,30.915570372255218],[121.88304165640707,30.915177310922303]]],[[[121.88304162449359,30.915570372255218],[121.88649606052986,30.91557223926083],[121.88649602862891,30.915965300569166],[121.88304159257966,30.91596343356489],[121.88304162449359,30.915570372255218]]],[[[121.8834254459175,30.915963664456896],[121.88649602862891,30.915965300569166],[121.8864959967275,30.91635836185447],[121.88342541400466,30.91635672574339],[121.8834254459175,30.915963664456896]]],[[[121.88342541400466,30.916356725743388],[121.88572839206448,30.916357988298415],[121.88572836015993,30.916751049561203],[121.88342538209137,30.916749787007067],[121.88342541400466,30.916356725743388]]],[[[121.88342538209137,30.916749787007067],[121.88457690170279,30.916750444728773],[121.88457686979353,30.917143505969403],[121.88342535017763,30.917142848248144],[121.88342538209137,30.916749787007067]]]]}},{"type":"Feature","properties":{"parcel_id":"lingang:parcel:0028","geometry_method":"road_barrier_raster_plus_buildings","functional_type":"residential","dominant_type":"residential","confidence":1,"building_count":1,"avg_building_area_m2":608,"centroid_lng":121.886334,"centroid_lat":30.897671,"parcel_area_m2":569993,"safety_clipped":false,"classification_source":"osm_tags+building_morphology+spatial_prior","synthetic_classification":true,"qc_flags":""},"geometry":{"type":"MultiPolygon","coordinates":[[[[121.88189120511842,30.901026358346204],[121.8926370661875,30.901031067269674],[121.8926370343207,30.9014241295762],[121.88189117321646,30.901419420656826],[121.88189120511842,30.901026358346204]]],[[[121.88189117321646,30.901419420656822],[121.8926370343207,30.901424129576196],[121.89263700245344,30.901817191851894],[121.88189114131404,30.901812482936617],[121.88189117321646,30.901419420656822]]],[[[121.88227501458682,30.90181273112977],[121.89263700245344,30.901817191851894],[121.89263697058574,30.90221025409698],[121.88227498268559,30.902205793378798],[121.88227501458682,30.90181273112977]]],[[[121.88227498268559,30.902205793378798],[121.89263697058574,30.90221025409698],[121.89263693871757,30.902603316311655],[121.88227495078391,30.902598855597418],[121.88227498268559,30.902205793378798]]],[[[121.88265881742323,30.902599098048064],[121.8922532531544,30.90260323043887],[121.89225322128492,30.90299629262349],[121.8826587855227,30.902992160236334],[121.88265881742323,30.902599098048064]]],[[[121.8826587855227,30.902992160236334],[121.89225322128492,30.90299629262349],[121.89225318941499,30.903389354778124],[121.88265875362171,30.903385222394622],[121.8826587855227,30.902992160236334]]],[[[121.8830426136004,30.903385459079626],[121.89225318941499,30.903389354778124],[121.8922531575446,30.903782416902978],[121.88304258170054,30.903778521207983],[121.8830426136004,30.903385459079626]]],[[[121.88304258170054,30.903778521207983],[121.8922531575446,30.903782416902978],[121.89225312567375,30.904175478998265],[121.88304254980022,30.90417158330677],[121.88304258170054,30.903778521207983]]],[[[121.88342640309146,30.904171814203274],[121.89225312567375,30.904175478998262],[121.89225309380247,30.90456854106419],[121.88342637119224,30.904564876272556],[121.88342640309146,30.904171814203274]]],[[[121.88342637119224,30.904564876272556],[121.89225309380247,30.90456854106419],[121.89225306193072,30.904961603100972],[121.88342633929257,30.904957938312688],[121.88342637119224,30.904564876272556]]],[[[121.88381018586983,30.90495816339813],[121.89225306193072,30.904961603100972],[121.89225303005851,30.905354665108813],[121.88381015397123,30.905351225409174],[121.88381018586983,30.90495816339813]]],[[[121.88419399380683,30.90535144466141],[121.89225303005851,30.905354665108813],[121.89225299818585,30.905747727087928],[121.88419396190928,30.905744506643575],[121.88419399380683,30.90535144466141]]],[[[121.88419396190928,30.905744506643575],[121.89225299818585,30.905747727087928],[121.89225296631275,30.90614078903852],[121.88419393001126,30.906137568597224],[121.88419396190928,30.905744506643575]]],[[[121.8845777630809,30.906137781994094],[121.89225296631275,30.90614078903852],[121.8922529344392,30.90653385096081],[121.88457773118391,30.906530843919285],[121.8845777630809,30.906137781994094]]],[[[121.88496155746058,30.906531051439224],[121.89263662001103,30.90653393683218],[121.89263658813789,30.90692699872623],[121.88496152556458,30.90692411333617],[121.88496155746058,30.906531051439224]]]]}},{"type":"Feature","properties":{"parcel_id":"lingang:parcel:0029","geometry_method":"road_barrier_raster_plus_buildings","functional_type":"commercial","dominant_type":"commercial","confidence":0.92,"building_count":2,"avg_building_area_m2":608,"centroid_lng":121.902098,"centroid_lat":30.898233,"parcel_area_m2":127373,"safety_clipped":false,"classification_source":"osm_tags+building_morphology+spatial_prior","synthetic_classification":true,"qc_flags":""},"geometry":{"type":"MultiPolygon","coordinates":[[[[121.89417173575897,30.901031347961204],[121.90184330846844,30.901031217715534],[121.9018432766134,30.901424280018787],[121.89417170389534,30.90142441026717],[121.89417173575897,30.901031347961204]]],[[[121.89417170389534,30.901424410267165],[121.9018432766134,30.901424280018784],[121.90184324475791,30.90181734229121],[121.89417167203126,30.901817472542305],[121.89417170389534,30.901424410267165]]],[[[121.89417167203126,30.901817472542305],[121.90184324475791,30.90181734229121],[121.90184321290197,30.90221040453302],[121.89417164016672,30.90221053478683],[121.89417167203126,30.901817472542305]]],[[[121.89417164016672,30.90221053478683],[121.90184321290197,30.90221040453302],[121.90184318104556,30.90260346674442],[121.89417160830172,30.902603597000944],[121.89417164016672,30.90221053478683]]]]}},{"type":"Feature","properties":{"parcel_id":"lingang:parcel:0030","geometry_method":"road_barrier_raster_plus_buildings","functional_type":"residential","dominant_type":"residential","confidence":0.81,"building_count":1,"avg_building_area_m2":608,"centroid_lng":121.908037,"centroid_lat":30.897688,"parcel_area_m2":133741,"safety_clipped":false,"classification_source":"osm_tags+building_morphology+spatial_prior","synthetic_classification":true,"qc_flags":""},"geometry":{"type":"MultiPolygon","coordinates":[[[[121.90337726219717,30.901030880025353],[121.9114285132391,30.901027375316925],[121.91142848137738,30.90142043761701],[121.90337723034236,30.90142394232808],[121.90337726219717,30.901030880025353]]],[[[121.90337723034236,30.901423942328076],[121.91142848137738,30.901420437617006],[121.9114284495152,30.901813499886266],[121.9033771984871,30.90181700459998],[121.90337723034236,30.901423942328076]]],[[[121.9033771984871,30.90181700459998],[121.9114284495152,30.901813499886266],[121.91142841765257,30.90220656212491],[121.9033771666314,30.902210066841267],[121.9033771984871,30.90181700459998]]],[[[121.9033771666314,30.902210066841267],[121.91142841765257,30.90220656212491],[121.91142838578949,30.902599624333146],[121.90337713477524,30.902603129052146],[121.9033771666314,30.902210066841267]]]]}},{"type":"Feature","properties":{"parcel_id":"lingang:parcel:0031","geometry_method":"road_barrier_raster_plus_buildings","functional_type":"residential","dominant_type":"residential","confidence":1,"building_count":3,"avg_building_area_m2":608,"centroid_lng":121.921889,"centroid_lat":30.907333,"parcel_area_m2":407593,"safety_clipped":false,"classification_source":"osm_tags+building_morphology+spatial_prior","synthetic_classification":true,"qc_flags":""},"geometry":{"type":"MultiPolygon","coordinates":[[[[121.913728248734,30.901025837204806],[121.91756052735367,30.901022744079437],[121.91756049547737,30.901415806377628],[121.91372821686777,30.90141889950417],[121.913728248734,30.901025837204806]]],[[[121.91372821686777,30.901418899504165],[121.91756049547737,30.901415806377624],[121.91756046360064,30.901808868644988],[121.91372818500106,30.901811961772705],[121.91372821686777,30.901418899504165]]],[[[121.91411144735928,30.901811682220274],[121.91756046360064,30.901808868644988],[121.91756043172344,30.902201930881738],[121.91411141549126,30.902204744458075],[121.91411144735928,30.901811682220274]]],[[[121.91411141549126,30.902204744458075],[121.91756043172344,30.902201930881738],[121.9175603998458,30.90259499308808],[121.9141113836228,30.90259780666547],[121.91411141549126,30.902204744458075]]],[[[121.9141113836228,30.90259780666547],[121.9175603998458,30.90259499308808],[121.9175603679677,30.902988055264224],[121.91411135175389,30.902990868842668],[121.9141113836228,30.90259780666547]]],[[[121.91411135175389,30.902990868842668],[121.9175603679677,30.902988055264224],[121.91756033608915,30.90338111741038],[121.91411131988451,30.90338393098988],[121.91411135175389,30.902990868842668]]],[[[121.91411131988451,30.90338393098988],[121.9179435218661,30.903380771801377],[121.91794348998593,30.90377383391764],[121.91411128801468,30.90377699310731],[121.91411131988451,30.90338393098988]]],[[[121.91449454269188,30.903776706931513],[121.91794348998593,30.90377383391764],[121.9179434581053,30.904166896004337],[121.91449451082072,30.90416976901926],[121.91449454269188,30.903776706931513]]],[[[121.91449451082072,30.904169769019255],[121.9179434581053,30.904166896004334],[121.91794342622421,30.90455995806167],[121.91449447894908,30.90456283107764],[121.91449451082072,30.904169769019255]]],[[[121.91487772595093,30.90456253828177],[121.91794342622421,30.90455995806167],[121.91794339434267,30.90495302008986],[121.91487769407793,30.904955600310892],[121.91487772595093,30.90456253828177]]],[[[121.91487769407793,30.904955600310892],[121.91832657248708,30.904952667901803],[121.91832654060389,30.90534572990094],[121.91487766220447,30.905348662311074],[121.91487769407793,30.904955600310892]]],[[[121.91487766220447,30.905348662311074],[121.91832654060389,30.90534572990094],[121.91832650872023,30.90573879187135],[121.91487763033057,30.905741724282528],[121.91487766220447,30.905348662311074]]],[[[121.9152608696595,30.90574142486973],[121.91870967924132,30.9057384331107],[121.91870964735597,30.906131495052474],[121.91526083778419,30.906134486812547],[121.9152608696595,30.90574142486973]]],[[[121.91526083778419,30.906134486812547],[121.91870964735597,30.906131495052474],[121.91870961547018,30.906524556965945],[121.91526080590842,30.90652754872706],[121.91526083778419,30.906134486812547]]],[[[121.91564403756922,30.906527242701053],[121.91909277837522,30.906524191639257],[121.91909274648769,30.906917253524515],[121.915644005692,30.90692030458735],[121.91564403756922,30.906527242701053]]],[[[121.915644005692,30.90692030458735],[121.91947590178557,30.90691688163879],[121.9194758698963,30.907309943496045],[121.91564397381434,30.907313366445756],[121.915644005692,30.90692030458735]]],[[[121.91602719781119,30.90731305381046],[121.9194758698963,30.907309943496042],[121.91947583800656,30.907703005325622],[121.91602716593205,30.907706115641073],[121.91602719781119,30.90731305381046]]],[[[121.91602716593205,30.907706115641073],[121.91947583800656,30.907703005325622],[121.91947580611638,30.908096067127737],[121.91602713405246,30.90809917744422],[121.91602716593205,30.907706115641073]]],[[[121.91602713405246,30.90809917744422],[121.91985895381255,30.908095688689958],[121.91985892192058,30.908488750464706],[121.91602710217241,30.908492239220116],[121.91602713405246,30.90809917744422]]],[[[121.91641031850884,30.908491919979678],[121.92024206202605,30.90848836548264],[121.92024203013226,30.90888142723023],[121.91641028662728,30.90888498172841],[121.91641031850884,30.908491919979678]]],[[[121.91679349531036,30.90888465588764],[121.9206251626559,30.908881035711744],[121.92062513076027,30.909274097432387],[121.91679346342727,30.909277717609424],[121.91679349531036,30.90888465588764]]],[[[121.91717666446239,30.90927738517324],[121.92062513076027,30.909274097432387],[121.92062509886418,30.909667159126407],[121.91717663257774,30.909670446868283],[121.91717666446239,30.90927738517324]]],[[[121.91717663257774,30.909670446868283],[121.92100822381373,30.909666761079585],[121.92100819191576,30.91005982274708],[121.91717660069263,30.91006350853691],[121.91717663257774,30.909670446868283]]],[[[121.91755979408443,30.910063169510437],[121.92139130930225,30.91005941818054],[121.92139127740238,30.910452479821725],[121.91755976219771,30.91045623115275],[121.91755979408443,30.910063169510437]]],[[[121.9179429479535,30.91045588554168],[121.92177438723573,30.91045206874433],[121.92177435533391,30.910845130359412],[121.91794291606516,30.910848947157888],[121.9179429479535,30.91045588554168]]],[[[121.91832609419146,30.91084859496811],[121.92177435533391,30.910845130359412],[121.92177432343163,30.911238191948712],[121.91832606230146,30.911241656558428],[121.91832609419146,30.91084859496811]]],[[[121.91870923280521,30.91124129779618],[121.92139121360125,30.91123860302633],[121.92139118170002,30.91163166459018],[121.91870920091351,30.911634359360814],[121.91870923280521,30.91124129779618]]],[[[121.91909236380204,30.91163399403265],[121.92062493937694,30.911632467204537],[121.92062490747811,30.91202552874325],[121.91909233190863,30.912027055571812],[121.91909236380204,30.91163399403265]]],[[[121.9194754871896,30.912026683684612],[121.92024177496563,30.912025920262632],[121.92024174306778,30.91241898177631],[121.91947545529442,30.91241974519852],[121.9194754871896,30.912026683684612]]]]}},{"type":"Feature","properties":{"parcel_id":"lingang:parcel:0032","geometry_method":"road_barrier_raster_plus_buildings","functional_type":"mixed","dominant_type":"residential","confidence":0.54,"building_count":2,"avg_building_area_m2":608,"centroid_lng":121.906012,"centroid_lat":30.905321,"parcel_area_m2":262706,"safety_clipped":false,"classification_source":"osm_tags+building_morphology+spatial_prior","synthetic_classification":true,"qc_flags":"low_confidence"},"geometry":{"type":"MultiPolygon","coordinates":[[[[121.89378785624095,30.903782722741056],[121.90184308547364,30.903782653198284],[121.90184305361542,30.904175715290158],[121.8937878243734,30.904175784835783],[121.89378785624095,30.903782722741056]]],[[[121.8937878243734,30.90417578483578],[121.90184305361542,30.904175715290155],[121.90184302175676,30.90456877735267],[121.89378779250539,30.904568846901142],[121.8937878243734,30.90417578483578]]],[[[121.89378779250539,30.904568846901142],[121.90184302175676,30.90456877735267],[121.90184298989764,30.904961839386033],[121.89378776063694,30.904961908937363],[121.89378779250539,30.904568846901142]]],[[[121.89378776063694,30.904961908937363],[121.90184298989764,30.904961839386033],[121.90184295803807,30.90535490139046],[121.89378772876803,30.90535497094464],[121.89378776063694,30.904961908937363]]],[[[121.89378772876803,30.90535497094464],[121.90184295803807,30.90535490139046],[121.90184292617805,30.90574796336616],[121.89378769689867,30.905748032923192],[121.89378772876803,30.90535497094464]]],[[[121.89417135336548,30.90574809364438],[121.90184292617805,30.90574796336616],[121.90184289431757,30.90614102531334],[121.89417132149642,30.906141155594273],[121.89417135336548,30.90574809364438]]],[[[121.89417132149642,30.906141155594273],[121.90184289431757,30.90614102531334],[121.90184286245665,30.906534087232213],[121.89417128962688,30.90653421751586],[121.89417132149642,30.906141155594273]]],[[[121.89417128962688,30.90653421751586],[121.90184286245665,30.906534087232213],[121.90184283059526,30.90692714912299],[121.89417125775691,30.906927279409345],[121.89417128962688,30.90653421751586]]]]}},{"type":"Feature","properties":{"parcel_id":"lingang:parcel:0033","geometry_method":"road_barrier_raster_plus_buildings","functional_type":"residential","dominant_type":"residential","confidence":1,"building_count":1,"avg_building_area_m2":608,"centroid_lng":121.925898,"centroid_lat":30.905185,"parcel_area_m2":6369,"safety_clipped":false,"classification_source":"osm_tags+building_morphology+spatial_prior","synthetic_classification":true,"qc_flags":""},"geometry":{"type":"MultiPolygon","coordinates":[[[[121.92254087141302,30.90691367136568],[121.92292395866956,30.90691324081333],[121.92292392676717,30.907306302669586],[121.92254083951222,30.907306733222043],[121.92254087141302,30.90691367136568]]],[[[121.92254083951222,30.90730673322204],[121.92330700651456,30.907305865644997],[121.92330697461011,30.90769892747346],[121.92254080761096,30.90769979505073],[121.92254083951222,30.90730673322204]]],[[[121.92292389486433,30.90769936449816],[121.92330697461011,30.90769892747346],[121.92330694270522,30.908091989274464],[121.92292386296104,30.90809242629927],[121.92292389486433,30.90769936449816]]]]}},{"type":"Feature","properties":{"parcel_id":"lingang:parcel:0034","geometry_method":"road_barrier_raster_plus_buildings","functional_type":"residential","dominant_type":"residential","confidence":0.81,"building_count":1,"avg_building_area_m2":608,"centroid_lng":121.891888,"centroid_lat":30.914158,"parcel_area_m2":437844,"safety_clipped":false,"classification_source":"osm_tags+building_morphology+spatial_prior","synthetic_classification":true,"qc_flags":""},"geometry":{"type":"MultiPolygon","coordinates":[[[[121.89110170690043,30.908105803324137],[121.89263649251573,30.908106184241895],[121.89263646064077,30.908499246025656],[121.89110167502183,30.908498865108466],[121.89110170690043,30.908105803324137]]],[[[121.88572903006015,30.908496757969758],[121.89263646064077,30.908499246025656],[121.89263642876537,30.908892307782377],[121.88572899816467,30.908889819729076],[121.88572903006015,30.908496757969758]]],[[[121.88572899816467,30.908889819729076],[121.89263642876537,30.908892307782377],[121.8926363968895,30.90928536951226],[121.88572896626874,30.90928288146156],[121.88572899816467,30.908889819729076]]],[[[121.88611277202253,30.909283071222642],[121.8926363968895,30.90928536951226],[121.89263636501319,30.909678431215525],[121.88611274012752,30.909676132928354],[121.88611277202253,30.909283071222642]]],[[[121.88611274012752,30.909676132928354],[121.8930200433422,30.909678510820612],[121.89302001146628,30.91007157249732],[121.88611270823203,30.910069194607658],[121.88611274012752,30.909676132928354]]],[[[121.88611270823203,30.910069194607654],[121.89302001146628,30.910071572497316],[121.8930199795899,30.910464634147825],[121.8861126763361,30.910462256260754],[121.88611270823203,30.910069194607654]]],[[[121.8861126763361,30.910462256260754],[121.8930199795899,30.910464634147825],[121.89301994771304,30.910857695772343],[121.88611264443972,30.910855317887865],[121.8861126763361,30.910462256260754]]],[[[121.88649644330587,30.910855501687557],[121.89301994771304,30.910857695772343],[121.89301991583575,30.911250757371082],[121.88649641141038,30.91124856328874],[121.88649644330587,30.910855501687557]]],[[[121.88649641141038,30.91124856328874],[121.89340358690046,30.911250830695277],[121.89340355502353,30.91164389226831],[121.88649637951441,30.91164162486436],[121.88649641141038,30.91124856328874]]],[[[121.88688017146639,30.911641802682677],[121.89340355502353,30.91164389226831],[121.89340352314613,30.91203695381598],[121.88688013957128,30.91203486423279],[121.88688017146639,30.911641802682677]]],[[[121.88688013957128,30.91203486423279],[121.89340352314613,30.91203695381598],[121.89340349126829,30.91243001533851],[121.88688010767572,30.91242792575776],[121.88688013957128,30.91203486423279]]],[[[121.88688010767572,30.91242792575776],[121.89340349126829,30.91243001533851],[121.89340345938999,30.91282307683611],[121.8868800757797,30.912820987257795],[121.88688010767572,30.91242792575776]]],[[[121.88726386079523,30.912821159074607],[121.89340345938999,30.91282307683611],[121.89340342751125,30.913216138308982],[121.88726382890003,30.913214220549776],[121.88726386079523,30.912821159074607]]],[[[121.88726382890003,30.913214220549772],[121.89378709129467,30.91321620533727],[121.89378705941624,30.913609266785496],[121.88726379700438,30.913607282000427],[121.88726382890003,30.913214220549772]]],[[[121.88726379700438,30.913607282000427],[121.89378705941624,30.913609266785496],[121.89378702753736,30.91400232820942],[121.88726376510827,30.914000343426785],[121.88726379700438,30.913607282000427]]],[[[121.88764754316415,30.914000509222397],[121.89263601434378,30.914002108254657],[121.89263598246202,30.914395169654917],[121.88764751126884,30.914393570624522],[121.88764754316415,30.914000509222397]]],[[[121.88764751126884,30.914393570624522],[121.89110119678838,30.914394788746236],[121.89110116490254,30.91478785012319],[121.88764747937307,30.914786632002773],[121.88764751126884,30.914393570624522]]],[[[121.88803125044515,30.914786791757933],[121.88956626442827,30.914787369999303],[121.88956623253785,30.915180431353164],[121.88803121855014,30.915179853112374],[121.88803125044515,30.914786791757933]]],[[[121.88803121855014,30.915179853112374],[121.88879873964866,30.915180154425794],[121.88879870775554,30.915573215756496],[121.88803118665469,30.915572914443363],[121.88803121855014,30.915179853112374]]]]}},{"type":"Feature","properties":{"parcel_id":"lingang:parcel:0035","geometry_method":"road_barrier_raster_plus_buildings","functional_type":"office","dominant_type":"office","confidence":0.89,"building_count":1,"avg_building_area_m2":608,"centroid_lng":121.866243,"centroid_lat":30.937316,"parcel_area_m2":2549046,"safety_clipped":false,"classification_source":"osm_tags+building_morphology+spatial_prior","synthetic_classification":true,"qc_flags":""},"geometry":{"type":"MultiPolygon","coordinates":[[[[121.85500485047322,30.909250679548684],[121.85538910363239,30.90925125708756],[121.85538907155015,30.909644318806095],[121.8550048183878,30.909643741267388],[121.85500485047322,30.909250679548684]]],[[[121.8550048183878,30.909643741267388],[121.85538907155015,30.909644318806095],[121.85538903946745,30.910037380498213],[121.8550047863019,30.910036802959677],[121.8550048183878,30.909643741267388]]],[[[121.8550047863019,30.910036802959674],[121.85577328859245,30.910037954520387],[121.85577325651246,30.910431016186138],[121.85500475421557,30.910429864625765],[121.8550047863019,30.910036802959674]]],[[[121.85500475421557,30.910429864625765],[121.85577325651246,30.910431016186138],[121.85577322443203,30.910824077825893],[121.85500472212877,30.910822926265865],[121.85500475421557,30.910429864625765]]],[[[121.85500472212877,30.910822926265865],[121.85615746947751,30.91082464829254],[121.85615743739976,30.91121770990635],[121.85500469004151,30.911215987880187],[121.85500472212877,30.910822926265865]]],[[[121.85500469004151,30.911215987880187],[121.85615743739976,30.91121770990635],[121.85615740532157,30.911610771494587],[121.8550046579538,30.91160904946894],[121.85500469004151,30.911215987880187]]],[[[121.8550046579538,30.91160904946894],[121.85654164624242,30.911611338367027],[121.8565416141669,30.912004399929742],[121.85500462586563,30.912002111032336],[121.8550046579538,30.91160904946894]]],[[[121.85500462586563,30.912002111032336],[121.8565416141669,30.912004399929742],[121.85654158209093,30.91239746146731],[121.855004593777,30.912395172570587],[121.85500462586563,30.912002111032336]]],[[[121.855004593777,30.912395172570587],[121.85654158209093,30.91239746146731],[121.85654155001448,30.912790522979947],[121.85500456168792,30.912788234083905],[121.855004593777,30.912395172570587]]],[[[121.85500456168792,30.912788234083905],[121.85692578676887,30.9127910862195],[121.8569257546951,30.91318414770724],[121.85500452959838,30.913181295572503],[121.85500456168792,30.912788234083905]]],[[[121.85500452959838,30.9131812955725],[121.85730998723203,30.913184707275903],[121.8573099551609,30.913577768738964],[121.85500449750838,30.913574357036584],[121.85500452959838,30.9131812955725]]],[[[121.85500449750838,30.913574357036584],[121.8573099551609,30.913577768738964],[121.85730992308932,30.91397083017773],[121.8550044654179,30.91396741847637],[121.85500449750838,30.913574357036584]]],[[[121.8550044654179,30.91396741847637],[121.85769415136733,30.913971386037154],[121.85769411929839,30.91436444745166],[121.855004433327,30.91436047989207],[121.8550044654179,30.91396741847637]]],[[[121.855004433327,30.91436047989207],[121.85769411929839,30.91436444745166],[121.85769408722898,30.914757508842293],[121.85500440123562,30.914753541283897],[121.855004433327,30.91436047989207]]],[[[121.85500440123562,30.914753541283897],[121.85769408722898,30.914757508842293],[121.85769405515912,30.91515057020926],[121.85500436914378,30.915146602652058],[121.85500440123562,30.914753541283897]]],[[[121.85500436914378,30.915146602652058],[121.85769405515912,30.91515057020926],[121.8576940230888,30.915543631552776],[121.8550043370515,30.915539663996768],[121.85500436914378,30.915146602652058]]],[[[121.8550043370515,30.915539663996768],[121.85807824706968,30.915544183664615],[121.85807821500197,30.915937244984722],[121.85500430495875,30.91593272531824],[121.8550043370515,30.915539663996768]]],[[[121.85500430495875,30.91593272531824],[121.85807821500197,30.915937244984722],[121.85807818293381,30.9163303062818],[121.85500427286554,30.91632578661668],[121.85500430495875,30.91593272531824]]],[[[121.85500427286554,30.916325786616678],[121.8584624025672,30.91633085460855],[121.85846237050163,30.916723915882645],[121.85500424077189,30.91671884789231],[121.85500427286554,30.916325786616678]]],[[[121.85500424077189,30.91671884789231],[121.85846237050163,30.916723915882645],[121.8584623384356,30.91711697713414],[121.85500420867777,30.917111909145333],[121.85500424077189,30.91671884789231]]],[[[121.85500420867777,30.917111909145333],[121.85884655367755,30.91711752163814],[121.8588465216141,30.91751058286707],[121.8550041765832,30.917504970375965],[121.85500420867777,30.917111909145333]]],[[[121.8550041765832,30.917504970375965],[121.8588465216141,30.91751058286707],[121.85884648955019,30.917903644073828],[121.85500414448816,30.917898031584425],[121.8550041765832,30.917504970375965]]],[[[121.85500414448816,30.917898031584425],[121.85884648955019,30.917903644073828],[121.85884645748582,30.918296705258616],[121.85500411239266,30.918291092770914],[121.85500414448816,30.917898031584425]]],[[[121.85500411239266,30.918291092770914],[121.85884645748582,30.918296705258616],[121.858846425421,30.91868976642165],[121.85500408029671,30.91868415393565],[121.85500411239266,30.918291092770914]]],[[[121.85500408029671,30.91868415393565],[121.85923063623376,30.918690307065074],[121.85923060417149,30.919083368206397],[121.8550040482003,30.919077215078847],[121.85500408029671,30.91868415393565]]],[[[121.8550040482003,30.919077215078843],[121.85923060417149,30.919083368206394],[121.85923057210877,30.91947642932639],[121.85500401610344,30.919470276200713],[121.8550040482003,30.919077215078843]]],[[[121.85500401610344,30.919470276200713],[121.85923057210877,30.91947642932639],[121.85923054004559,30.919869490425274],[121.85500398400612,30.919863337301464],[121.85500401610344,30.919470276200713]]],[[[121.85500398400612,30.919863337301464],[121.85961474638252,30.919870027170973],[121.85961471432189,30.92026308824878],[121.85500395190833,30.920256398381312],[121.85500398400612,30.919863337301464]]],[[[121.85500395190833,30.920256398381312],[121.85961471432189,30.92026308824878],[121.8596146822608,30.920656149305902],[121.8550039198101,30.920649459440472],[121.85500395190833,30.920256398381312]]],[[[121.8550039198101,30.920649459440472],[121.8596146822608,30.920656149305902],[121.85961465019925,30.921049210342545],[121.8550038877114,30.921042520479155],[121.8550039198101,30.920649459440472]]],[[[121.8550038877114,30.921042520479155],[121.85999885201694,30.92104974315339],[121.85999881995791,30.921442804169597],[121.85500385561225,30.921435581497576],[121.8550038877114,30.921042520479155]]],[[[121.85500385561225,30.921435581497576],[121.85999881995791,30.921442804169597],[121.85999878789842,30.921835865165757],[121.85500382351263,30.921828642495942],[121.85500385561225,30.921435581497576]]],[[[121.85500382351263,30.921828642495942],[121.85999878789842,30.921835865165757],[121.85999875583848,30.92222892614208],[121.85500379141257,30.92222170347447],[121.85500382351263,30.921828642495942]]],[[[121.85500379141257,30.922221703474467],[121.85999875583848,30.922228926142076],[121.85999872377808,30.922621987098772],[121.85500375931204,30.922614764433373],[121.85500379141257,30.922221703474467]]],[[[121.85500375931204,30.922614764433373],[121.85999872377808,30.922621987098772],[121.85999869171722,30.92301504803606],[121.85500372721106,30.923007825372867],[121.85500375931204,30.922614764433373]]],[[[121.85500372721106,30.923007825372867],[121.85999869171722,30.92301504803606],[121.85999865965591,30.923408108954145],[121.85500369510962,30.92340088629316],[121.85500372721106,30.923007825372867]]],[[[121.85500369510962,30.92340088629316],[121.86038285692008,30.923408637792676],[121.86038282486128,30.92380169869161],[121.85500366300771,30.92379394719447],[121.85500369510962,30.92340088629316]]],[[[121.85500366300771,30.92379394719447],[121.86038282486128,30.92380169869161],[121.86038279280201,30.92419475957177],[121.85500363090536,30.924187008077006],[121.85500366300771,30.92379394719447]]],[[[121.85500363090536,30.924187008077006],[121.86076698545777,30.92419528440189],[121.860766953401,30.924588345263324],[121.85500359880254,30.924580068940987],[121.85500363090536,30.924187008077006]]],[[[121.85500359880254,30.924580068940987],[121.860766953401,30.924588345263324],[121.86076692134375,30.924981406106415],[121.85500356669927,30.924973129786622],[121.85500359880254,30.924580068940987]]],[[[121.85500356669927,30.92497312978662],[121.86076692134375,30.92498140610641],[121.86076688928607,30.925374466931373],[121.85500353459553,30.92536619061412],[121.85500356669927,30.92497312978662]]],[[[121.85500353459553,30.92536619061412],[121.86076688928607,30.925374466931373],[121.86076685722792,30.925767527738415],[121.85500350249134,30.92575925142371],[121.85500353459553,30.92536619061412]]],[[[121.85500350249134,30.92575925142371],[121.8611510452384,30.925768048523203],[121.86115101318272,30.926161109312375],[121.85500347038669,30.926152312215592],[121.85500350249134,30.92575925142371]]],[[[121.85500347038669,30.926152312215592],[121.86115101318272,30.926161109312375],[121.86115098112658,30.926554170084056],[121.85500343828159,30.926545372989985],[121.85500347038669,30.926152312215592]]],[[[121.85500343828159,30.926545372989985],[121.86115098112658,30.926554170084056],[121.86115094906998,30.92694723083846],[121.85500340617602,30.9269384337471],[121.85500343828159,30.926545372989985]]],[[[121.85500340617602,30.9269384337471],[121.86115094906998,30.92694723083846],[121.86115091701292,30.927340291575803],[121.85500337407001,30.927331494487152],[121.85500340617602,30.9269384337471]]],[[[121.85500337407001,30.927331494487152],[121.86115091701292,30.927340291575803],[121.86115088495542,30.927733352296297],[121.85500334196352,30.927724555210357],[121.85500337407001,30.927331494487152]]],[[[121.85500334196352,30.927724555210357],[121.86153506828096,30.927733868999194],[121.8615350362259,30.928126929702884],[121.85500330985658,30.928117615916932],[121.85500334196352,30.927724555210357]]],[[[121.85500330985658,30.92811761591693],[121.8615350362259,30.92812692970288],[121.86153500417038,30.928519990390154],[121.85500327774919,30.92851067660708],[121.85500330985658,30.92811761591693]]],[[[121.85500327774919,30.92851067660708],[121.86153500417038,30.928519990390154],[121.8615349721144,30.92891305106122],[121.85500324564134,30.928903737281022],[121.85500327774919,30.92851067660708]]],[[[121.85500324564134,30.928903737281022],[121.8615349721144,30.92891305106122],[121.86153494005796,30.929306111716294],[121.85500321353302,30.929296797938974],[121.85500324564134,30.928903737281022]]],[[[121.85500321353302,30.929296797938974],[121.86191911865325,30.929306624301255],[121.86191908659924,30.92969968494038],[121.85500318142427,30.92968985858115],[121.85500321353302,30.929296797938974]]],[[[121.85500318142427,30.92968985858115],[121.86191908659924,30.92969968494038],[121.86191905454477,30.930092745563947],[121.85500314931504,30.930082919207763],[121.85500318142427,30.92968985858115]]],[[[121.85500314931504,30.930082919207763],[121.86191905454477,30.930092745563947],[121.86191902248986,30.930485806172165],[121.85500311720536,30.930475979819025],[121.85500314931504,30.930082919207763]]],[[[121.85500311720536,30.930475979819025],[121.86230319630988,30.930486314603343],[121.86230316425737,30.930879375196255],[121.8550030850952,30.930869040415153],[121.85500311720536,30.930475979819025]]],[[[121.8550030850952,30.93086904041515],[121.86230316425737,30.930879375196252],[121.8623031322044,30.931272435774247],[121.85500305298461,30.931262100996356],[121.8550030850952,30.93086904041515]]],[[[121.85500305298461,30.931262100996356],[121.8623031322044,30.931272435774247],[121.86230310015097,30.931665496337533],[121.85500302087355,30.93165516156286],[121.85500305298461,30.931262100996356]]],[[[121.85500302087355,30.93165516156286],[121.86230310015097,30.931665496337533],[121.86230306809709,30.932058556886332],[121.85500298876204,30.93204822211487],[121.85500302087355,30.93165516156286]]],[[[121.85500298876204,30.93204822211487],[121.86230306809709,30.932058556886332],[121.86230303604276,30.932451617420853],[121.85500295665005,30.932441282652604],[121.85500298876204,30.93204822211487]]],[[[121.85500295665005,30.932441282652604],[121.86230303604276,30.932451617420853],[121.86230300398796,30.93284467794131],[121.85500292453763,30.93283434317628],[121.85500295665005,30.932441282652604]]],[[[121.85500292453763,30.93283434317628],[121.86230300398796,30.93284467794131],[121.8623029719327,30.933237738447925],[121.85500289242474,30.933227403686104],[121.85500292453763,30.93283434317628]]],[[[121.85500289242474,30.933227403686104],[121.86191879809262,30.933237230017916],[121.86191876603405,30.93363029051106],[121.85500286031139,30.933620464182294],[121.85500289242474,30.933227403686104]]],[[[121.85500286031139,30.933620464182294],[121.86191876603405,30.93363029051106],[121.86191873397502,30.934023350990792],[121.85500282819758,30.934013524665072],[121.85500286031139,30.933620464182294]]],[[[121.85500282819758,30.93401352466507],[121.86191873397502,30.93402335099079],[121.86191870191553,30.934416411457313],[121.85500279608331,30.934406585134642],[121.85500282819758,30.93401352466507]]],[[[121.85500279608331,30.934406585134642],[121.86191870191553,30.934416411457313],[121.86191866985558,30.934809471910853],[121.8550027639686,30.934799645591227],[121.85500279608331,30.934406585134642]]],[[[121.8550027639686,30.934799645591227],[121.86191866985558,30.934809471910853],[121.86191863779517,30.93520253235162],[121.85500273185342,30.93519270603504],[121.8550027639686,30.934799645591227]]],[[[121.85500273185342,30.93519270603504],[121.86191863779517,30.93520253235162],[121.86191860573432,30.93559559277983],[121.85500269973778,30.935585766466296],[121.85500273185342,30.93519270603504]]],[[[121.85500269973778,30.935585766466296],[121.86191860573432,30.93559559277983],[121.861918573673,30.935988653195697],[121.85500266762168,30.935978826885208],[121.85500269973778,30.935585766466296]]],[[[121.85500266762168,30.935978826885208],[121.861918573673,30.935988653195697],[121.86191854161123,30.936381713599435],[121.85500263550513,30.936371887291994],[121.85500266762168,30.935978826885208]]],[[[121.85500263550513,30.936371887291994],[121.86191854161123,30.936381713599435],[121.861918509549,30.936774773991264],[121.85500260338812,30.936764947686868],[121.85500263550513,30.936371887291994]]],[[[121.85500260338812,30.936764947686868],[121.861918509549,30.936774773991264],[121.86191847748631,30.937167834371394],[121.85500257127065,30.937158008070046],[121.85500260338812,30.936764947686868]]],[[[121.85500257127065,30.937158008070043],[121.86191847748631,30.93716783437139],[121.86191844542316,30.93756089474004],[121.85500253915271,30.93755106844174],[121.85500257127065,30.937158008070043]]],[[[121.85500253915271,30.93755106844174],[121.86153426676728,30.93756038215859],[121.86153423470078,30.93795344251614],[121.85500250703433,30.93794412880217],[121.85500253915271,30.93755106844174]]],[[[121.85500250703433,30.93794412880217],[121.86153423470078,30.93795344251614],[121.86153420263385,30.93834650286264],[121.85500247491548,30.938337189151547],[121.85500250703433,30.93794412880217]]],[[[121.85500247491548,30.938337189151547],[121.86153420263385,30.93834650286264],[121.86153417056644,30.938739563198304],[121.85500244279618,30.938730249490092],[121.85500247491548,30.938337189151547]]],[[[121.85500244279618,30.938730249490092],[121.86153417056644,30.938739563198304],[121.86153413849858,30.939132623523353],[121.85500241067642,30.93912330981802],[121.85500244279618,30.938730249490092]]],[[[121.85500241067642,30.93912330981802],[121.86153413849858,30.939132623523353],[121.86153410643027,30.939525683837992],[121.8550023785562,30.93951637013554],[121.85500241067642,30.93912330981802]]],[[[121.8550023785562,30.93951637013554],[121.86153410643027,30.939525683837992],[121.86153407436149,30.939918744142446],[121.85500234643551,30.93990943044287],[121.8550023785562,30.93951637013554]]],[[[121.85500234643551,30.939909430442867],[121.86153407436149,30.939918744142442],[121.86153404229226,30.940311804436924],[121.85500231431438,30.940302490740226],[121.85500234643551,30.939909430442867]]],[[[121.85500231431438,30.940302490740226],[121.86153404229226,30.940311804436924],[121.86153401022257,30.940704864721646],[121.85500228219279,30.94069555102783],[121.85500231431438,30.940302490740226]]],[[[121.85500228219279,30.94069555102783],[121.86114982680114,30.940704348024276],[121.86114979472809,30.941097408299626],[121.85500225007074,30.94108861130589],[121.85500228219279,30.94069555102783]]],[[[121.85500225007074,30.94108861130589],[121.86114979472809,30.941097408299626],[121.86114976265458,30.94149046856565],[121.85500221794823,30.94148167157463],[121.85500225007074,30.94108861130589]]],[[[121.85500221794823,30.94148167157463],[121.86114976265458,30.94149046856565],[121.86114973058062,30.941883528822565],[121.85500218582526,30.941874731834254],[121.85500221794823,30.94148167157463]]],[[[121.85500218582526,30.941874731834254],[121.86114973058062,30.941883528822565],[121.8611496985062,30.942276589070588],[121.85500215370183,30.942267792084987],[121.85500218582526,30.941874731834254]]],[[[121.85500215370183,30.942267792084987],[121.8611496985062,30.942276589070588],[121.86114966643132,30.94266964930993],[121.85500212157794,30.94266085232704],[121.85500215370183,30.942267792084987]]],[[[121.85500212157794,30.94266085232704],[121.86114966643132,30.94266964930993],[121.86114963435597,30.94306270954081],[121.85500208945359,30.943053912560636],[121.85500212157794,30.94266085232704]]],[[[121.85500208945359,30.943053912560632],[121.86114963435597,30.943062709540808],[121.86114960228018,30.943455769763442],[121.8550020573288,30.94344697278598],[121.85500208945359,30.943053912560632]]],[[[121.8550020573288,30.94344697278598],[121.86114960228018,30.943455769763442],[121.86114957020392,30.94384882997805],[121.85500202520353,30.943840033003298],[121.8550020573288,30.94344697278598]]],[[[121.85500202520353,30.943840033003298],[121.86114957020392,30.94384882997805],[121.86114953812721,30.944241890184845],[121.85500199307782,30.944233093212805],[121.85500202520353,30.943840033003298]]],[[[121.85500199307782,30.944233093212805],[121.86114953812721,30.944241890184845],[121.86114950605004,30.94463495038404],[121.85500196095164,30.944626153414713],[121.85500199307782,30.944233093212805]]],[[[121.85500196095164,30.944626153414713],[121.86114950605004,30.94463495038404],[121.86114947397242,30.945028010575854],[121.855001928825,30.94501921360924],[121.85500196095164,30.944626153414713]]],[[[121.855001928825,30.94501921360924],[121.86114947397242,30.945028010575854],[121.86114944189434,30.945421070760506],[121.85500189669791,30.945412273796602],[121.855001928825,30.94501921360924]]],[[[121.85500189669791,30.945412273796602],[121.8607652537376,30.9454205499841],[121.86076522165614,30.94581361016197],[121.85500186457037,30.945805333977017],[121.85500189669791,30.945412273796602]]],[[[121.85500186457037,30.945805333977013],[121.86076522165614,30.945813610161967],[121.86076518957421,30.946206670333105],[121.85500183244235,30.946198394150695],[121.85500186457037,30.945805333977013]]],[[[121.85500183244235,30.946198394150695],[121.86076518957421,30.946206670333105],[121.86076515749184,30.946599730497727],[121.85500180031389,30.94659145431786],[121.85500183244235,30.946198394150695]]],[[[121.85500180031389,30.94659145431786],[121.86076515749184,30.946599730497727],[121.860765125409,30.94699279065605],[121.85500176818496,30.94698451447873],[121.85500180031389,30.94659145431786]]],[[[121.85500176818496,30.94698451447873],[121.860765125409,30.94699279065605],[121.8607650933257,30.947385850808292],[121.85500173605557,30.947377574633514],[121.85500176818496,30.94698451447873]]],[[[121.85500173605557,30.947377574633514],[121.8607650933257,30.947385850808292],[121.86076506124195,30.947778910954664],[121.85500170392572,30.94777063478243],[121.85500173605557,30.947377574633514]]],[[[121.85500170392572,30.94777063478243],[121.86076506124195,30.947778910954664],[121.86076502915773,30.94817197109539],[121.85500167179542,30.9481636949257],[121.85500170392572,30.94777063478243]]],[[[121.85500167179542,30.9481636949257],[121.86076502915773,30.94817197109539],[121.86076499707308,30.948565031230682],[121.85500163966466,30.948556755063535],[121.85500167179542,30.9481636949257]]],[[[121.85500163966466,30.948556755063535],[121.86076499707308,30.948565031230682],[121.86076496498795,30.94895809136076],[121.85500160753345,30.948949815196155],[121.85500163966466,30.948556755063535]]],[[[121.85500160753345,30.94894981519615],[121.86076496498795,30.948958091360755],[121.86076493290237,30.94935115148583],[121.85500157540177,30.949342875323772],[121.85500160753345,30.94894981519615]]],[[[121.85500157540177,30.949342875323772],[121.86076493290237,30.94935115148583],[121.86076490081632,30.949744211606124],[121.85500154326964,30.94973593544661],[121.85500157540177,30.949342875323772]]],[[[121.85500154326964,30.94973593544661],[121.86076490081632,30.949744211606124],[121.86076486872983,30.95013727172185],[121.85500151113705,30.95012899556488],[121.85500154326964,30.94973593544661]]],[[[121.85500151113705,30.95012899556488],[121.86076486872983,30.95013727172185],[121.86076483664287,30.950530331833228],[121.85500147900399,30.950522055678803],[121.85500151113705,30.95012899556488]]],[[[121.85500147900399,30.950522055678803],[121.86076483664287,30.950530331833228],[121.86076480455546,30.950923391940474],[121.85500144687047,30.950915115788593],[121.85500147900399,30.950522055678803]]],[[[121.85500144687047,30.950915115788593],[121.86076480455546,30.950923391940474],[121.86076477246759,30.9513164520438],[121.8550014147365,30.951308175894468],[121.85500144687047,30.950915115788593]]],[[[121.8550014147365,30.951308175894468],[121.86076477246759,30.9513164520438],[121.86076474037927,30.951709512143434],[121.85500138260208,30.951701235996644],[121.8550014147365,30.951308175894468]]],[[[121.85500138260208,30.95170123599664],[121.8603805475174,30.95170898732507],[121.86038051542566,30.952102047421388],[121.8550013504672,30.952094296095336],[121.85500138260208,30.95170123599664]]],[[[121.8550013504672,30.952094296095336],[121.86038051542566,30.952102047421388],[121.86038048333347,30.95249510751444],[121.85500131833186,30.952487356190765],[121.8550013504672,30.952094296095336]]],[[[121.85500131833186,30.952487356190765],[121.86038048333347,30.95249510751444],[121.86038045124083,30.952888167604446],[121.85500128619606,30.952880416283147],[121.85500131833186,30.952487356190765]]],[[[121.85500128619606,30.952880416283147],[121.86038045124083,30.952888167604446],[121.86038041914772,30.953281227691622],[121.85500125405979,30.9532734763727],[121.85500128619606,30.952880416283147]]],[[[121.85500125405979,30.9532734763727],[121.86038041914772,30.953281227691622],[121.86038038705416,30.953674287776185],[121.85500122192308,30.95366653645964],[121.85500125405979,30.9532734763727]]],[[[121.85500122192308,30.95366653645964],[121.86038038705416,30.953674287776185],[121.86038035496014,30.954067347858352],[121.8550011897859,30.95405959654418],[121.85500122192308,30.95366653645964]]],[[[121.8550011897859,30.95405959654418],[121.85961195539666,30.95406628623625],[121.85961192329623,30.954459346316575],[121.85500115764826,30.954452656626543],[121.8550011897859,30.95405959654418]]],[[[121.85500115764826,30.954452656626543],[121.85884350560781,30.954458268957673],[121.85884347350091,30.954851329036373],[121.85500112551016,30.954845716706945],[121.85500115764826,30.954452656626543]]],[[[121.85500112551016,30.95484571670694],[121.85807503803467,30.95485023623846],[121.85807500592121,30.955243296315754],[121.85500109337161,30.955238776785603],[121.85500112551016,30.95484571670694]]],[[[121.85500109337161,30.955238776785603],[121.85692232015812,30.955241628828993],[121.85692228803492,30.95563468890527],[121.8550010612326,30.955631836862732],[121.85500109337161,30.955238776785603]]],[[[121.8550010612326,30.955631836862732],[121.85615380966723,30.95563355883094],[121.8561537775373,30.956026618906247],[121.85500102909312,30.956024896938555],[121.8550010612326,30.955631836862732]]]]}},{"type":"Feature","properties":{"parcel_id":"lingang:parcel:0036","geometry_method":"road_barrier_raster_plus_buildings","functional_type":"residential","dominant_type":"residential","confidence":1,"building_count":1,"avg_building_area_m2":608,"centroid_lng":121.95036,"centroid_lat":30.911365,"parcel_area_m2":364604,"safety_clipped":false,"classification_source":"osm_tags+building_morphology+spatial_prior","synthetic_classification":true,"qc_flags":""},"geometry":{"type":"MultiPolygon","coordinates":[[[[121.94933938570233,30.912371627193906],[121.95048719890045,30.912369088382004],[121.95048716680192,30.912762149863042],[121.94933935361446,30.912764688675196],[121.94933938570233,30.912371627193906]]],[[[121.94895673755975,30.912765524924055],[121.95086975965802,30.91276129367386],[121.95086972755543,30.913154355130093],[121.94895670547494,30.913158586380707],[121.94895673755975,30.912765524924055]]],[[[121.94857408353545,30.91315941756765],[121.95125231469831,30.913153494033914],[121.95125228259164,30.91354655546555],[121.94857405145368,30.91355247899988],[121.94857408353545,30.91315941756765]]],[[[121.94780878977751,30.913554126067165],[121.95201743988802,30.913544818679625],[121.95201740777358,30.9139378800868],[121.94780875770216,30.913947187475266],[121.94780878977751,30.913554126067165]]],[[[121.94704347206502,30.91394881393497],[121.95201740777358,30.9139378800868],[121.95201737565868,30.914330941469885],[121.94704343999601,30.914341875319156],[121.94704347206502,30.91394881393497]]],[[[121.9462781301272,30.91434348093644],[121.9516347998359,30.914331812284576],[121.95163476772422,30.91472487364387],[121.94627809806443,30.91473654229693],[121.9462781301272,30.91434348093644]]],[[[121.94513008724425,30.914738911139906],[121.9512521862689,30.91472573961552],[121.95125215416041,30.915118800951234],[121.94513005519087,30.915131972476996],[121.94513008724425,30.914738911139906]]],[[[121.94474737251679,30.91513275142296],[121.95048697420118,30.915120518237508],[121.95048694209946,30.915513579549938],[121.9447473404662,30.915525812736682],[121.94474737251679,30.91513275142296]]],[[[121.94283383265744,30.91552962621643],[121.94972173916351,30.915515277082932],[121.94972170706845,30.91590833837229],[121.94283380062218,30.915922687507365],[121.94283383265744,30.91552962621643]]],[[[121.94168561927714,30.915924909634846],[121.94895648086847,30.91591001590285],[121.94895644878001,30.91630307716935],[121.94168558725059,30.916317970903023],[121.94168561927714,30.915924909634846]]],[[[121.93938904835584,30.91632226351751],[121.94780856524046,30.916305555425463],[121.94780853316192,30.916698616669407],[121.93938901634641,30.91671532476343],[121.93938904835584,30.91632226351751]]],[[[121.93938901634641,30.91671532476343],[121.94742589338021,30.916699432490606],[121.94742586130462,30.917092493712033],[121.93938898433655,30.917108385986747],[121.93938901634641,30.91671532476343]]],[[[121.93938898433655,30.917108385986747],[121.9466605636358,30.917094109780923],[121.9466605315665,30.91748717098013],[121.93938895232621,30.91750144718767],[121.93938898433655,30.917108385986747]]],[[[121.93938895232621,30.91750144718767],[121.94551253929212,30.9174895557151],[121.9455125072323,30.917882616892395],[121.93938892031542,30.91789450836642],[121.93938895232621,30.91750144718767]]],[[[121.93938892031542,30.91789450836642],[121.94474714815306,30.91788418013843],[121.94474711609926,30.918277241293932],[121.9393888883042,30.9182875695232],[121.93938892031542,30.91789450836642]]],[[[121.9393888883042,30.9182875695232],[121.94321632263838,30.918280303003463],[121.94321629059682,30.918673364137575],[121.9393888562925,30.918680630658226],[121.9393888883042,30.9182875695232]]],[[[121.9393888562925,30.918680630658226],[121.94168539508165,30.918676338040406],[121.9416853630519,30.91906939915334],[121.93938882428034,30.919073691771715],[121.9393888562925,30.918680630658226]]]]}},{"type":"Feature","properties":{"parcel_id":"lingang:parcel:0037","geometry_method":"road_barrier_raster_plus_buildings","functional_type":"office","dominant_type":"office","confidence":0.89,"building_count":1,"avg_building_area_m2":608,"centroid_lng":121.93876,"centroid_lat":30.918039,"parcel_area_m2":334353,"safety_clipped":false,"classification_source":"osm_tags+building_morphology+spatial_prior","synthetic_classification":true,"qc_flags":""},"geometry":{"type":"MultiPolygon","coordinates":[[[[121.92368963203984,30.9128082853331],[121.92445575405876,30.912807379016062],[121.92445572214295,30.913200440478874],[121.9236896001274,30.91320134679613],[121.92368963203984,30.9128082853331]]],[[[121.92330652790024,30.91320179028401],[121.92483877195706,30.91319997767205],[121.92483874003905,30.913593039110246],[121.92330649598898,30.91359485172264],[121.92330652790024,30.91320179028401]]],[[[121.92330649598898,30.91359485172264],[121.92598784486317,30.913591612238733],[121.92598781293934,30.91398467365231],[121.92330646407729,30.913987913136967],[121.92330649598898,30.91359485172264]]],[[[121.92254029712916,30.913988780717737],[121.92637083305505,30.913984185252783],[121.92637080112891,30.914377246642164],[121.92254026522019,30.9143818421082],[121.92254029712916,30.913988780717737]]],[[[121.92215717047407,30.914382266180368],[121.9271368192095,30.91437625075729],[121.9271367872791,30.914769312122584],[121.92215713856619,30.914775327547066],[121.92215717047407,30.914382266180368]]],[[[121.9229233205357,30.91477447292024],[121.9282857592607,30.914767770786042],[121.92828572732392,30.91516083212736],[121.92292328862425,30.915167534263055],[121.9229233205357,30.91477447292024]]],[[[121.92330636833944,30.915167097236278],[121.92905167207614,30.915159773063795],[121.9290516401348,30.915552834381455],[121.92330633642592,30.91556015855553],[121.92330636833944,30.915167097236278]]],[[[121.92407247337655,30.915559265127587],[121.92981755579129,30.915551750253343],[121.92981752384529,30.915944811547558],[121.92407244145927,30.915952326423383],[121.92407247337655,30.915559265127587]]],[[[121.92445549871955,30.915951870044122],[121.93249800166316,30.915940821578356],[121.93249796970102,30.916333882848832],[121.92445546680011,30.916344931316782],[121.92445549871955,30.915951870044122]]],[[[121.92522155895561,30.916343999284855],[121.93402951467525,30.916331467959907],[121.93402948270302,30.91672452920717],[121.92522152703222,30.916737060534484],[121.92522155895561,30.916343999284855]]],[[[121.92637060956251,30.916735614484484],[121.93402948270302,30.91672452920717],[121.93402945073036,30.91711759043183],[121.9263705776332,30.917128675711187],[121.92637060956251,30.916735614484484]]],[[[121.92713659568717,30.917127679824834],[121.93402945073036,30.91711759043183],[121.93402941875723,30.9175106516341],[121.9271365637536,30.917520741028937],[121.92713659568717,30.917127679824834]]],[[[121.92790255237693,30.91751971978553],[121.93402941875723,30.9175106516341],[121.93402938678366,30.91790371281419],[121.92790252043898,30.917912780967246],[121.92790255237693,30.91751971978553]]],[[[121.92866847976086,30.917911734480008],[121.93402938678366,30.91790371281419],[121.93402935480962,30.918296773972315],[121.92866844781842,30.91830479563955],[121.92866847976086,30.917911734480008]]],[[[121.93020027910833,30.9183026274119],[121.93402935480962,30.918296773972315],[121.93402932283513,30.918689835108687],[121.93020024715699,30.918695688549278],[121.93020027910833,30.9183026274119]]],[[[121.93134904476042,30.918693997029933],[121.93402932283513,30.918689835108687],[121.9340292908602,30.919082896223518],[121.931349012802,30.919087058145465],[121.93134904476042,30.918693997029933]]],[[[121.93364641520844,30.919083509053543],[121.9340292908602,30.919082896223514],[121.93402925888479,30.91947595731702],[121.9336463832355,30.919476570147143],[121.93364641520844,30.919083509053543]]]]}},{"type":"Feature","properties":{"parcel_id":"lingang:parcel:0038","geometry_method":"road_barrier_raster_plus_buildings","functional_type":"residential","dominant_type":"residential","confidence":0.76,"building_count":2,"avg_building_area_m2":608,"centroid_lng":121.892165,"centroid_lat":30.928344,"parcel_area_m2":2740105,"safety_clipped":false,"classification_source":"osm_tags+building_morphology+spatial_prior","synthetic_classification":true,"qc_flags":""},"geometry":{"type":"MultiPolygon","coordinates":[[[[121.89301956515563,30.915574433316266],[121.89455420566898,30.91557468877775],[121.8945541737893,30.91596775008308],[121.89301953327289,30.915967494622155],[121.89301956515563,30.915574433316266]]],[[[121.89186847651315,30.915967237033698],[121.89493781562041,30.91596779813868],[121.89493778374097,30.916360859420845],[121.89186844462736,30.916360298316985],[121.89186847651315,30.915967237033698]]],[[[121.89110103735457,30.916360095396477],[121.89493778374097,30.91636085942084],[121.89493775186108,30.91675392068019],[121.89110100546645,30.91675315665723],[121.89110103735457,30.916360095396477]]],[[[121.88994984078884,30.9167528058092],[121.89532138634169,30.91675396238394],[121.895321354462,30.917147023620547],[121.88994980889723,30.917145867047783],[121.88994984078884,30.9167528058092]]],[[[121.88879858017857,30.917145460849014],[121.895321354462,30.917147023620547],[121.89532132258186,30.917540084834762],[121.88879854828319,30.917538522065637],[121.88879858017857,30.917145460849014]]],[[[121.88687969299208,30.917537723390463],[121.8872634780229,30.917537895205516],[121.88726344612226,30.917930956400543],[121.88687966109016,30.917930784585636],[121.88687969299208,30.917537723390463]]],[[[121.88879854828319,30.917538522065637],[121.89532132258186,30.917540084834762],[121.89532129070126,30.9179331460268],[121.88879851638737,30.91793158326008],[121.88879854828319,30.917538522065637]]],[[[121.88572826444356,30.917930233214797],[121.8876472241906,30.917931122194695],[121.88764719229074,30.91832418336761],[121.8857282325372,30.918323294388443],[121.88572826444356,30.917930233214797]]],[[[121.88879851638737,30.91793158326008],[121.89570491781625,30.91793318136525],[121.89570488593581,30.918326242535183],[121.88879848449108,30.91832464443256],[121.88879851638737,30.91793158326008]]],[[[121.88457677406308,30.918322689557794],[121.88764719229074,30.91832418336761],[121.88764716039044,30.918717244518774],[121.884576742152,30.918715750710135],[121.88457677406308,30.918322689557794]]],[[[121.88918223448161,30.91832478595249],[121.89570488593581,30.918326242535183],[121.89570485405494,30.918719303683364],[121.889182202586,30.918717847103068],[121.88918223448161,30.91832478595249]]],[[[121.88380906914878,30.918715318070873],[121.88764716039044,30.918717244518774],[121.88764712848969,30.919110305648392],[121.88380903723429,30.91910837920197],[121.88380906914878,30.918715318070873]]],[[[121.889182202586,30.918717847103068],[121.89608847378821,30.918719332643647],[121.89608844190748,30.91911239377015],[121.88918217068993,30.91911090823211],[121.889182202586,30.918717847103068]]],[[[121.88419287712233,30.919108598448975],[121.88803089957516,30.919110465401946],[121.88803086767516,30.919503526510095],[121.88419284520889,30.919501659558595],[121.88419287712233,30.919108598448975]]],[[[121.88918217068993,30.919110908232106],[121.89608844190748,30.919112393770146],[121.8960884100263,30.919505454875317],[121.88918213879343,30.919503969339818],[121.88918217068993,30.919110908232106]]],[[[121.88419284520889,30.919501659558595],[121.88803086767516,30.919503526510095],[121.88803083577471,30.919896587597126],[121.884192813295,30.9198947206471],[121.88419284520889,30.919501659558595]]],[[[121.88918213879343,30.919503969339818],[121.89647202236276,30.91950547744475],[121.89647199048169,30.91989853852867],[121.88918210689646,30.919897030426412],[121.88918213879343,30.919503969339818]]],[[[121.884192813295,30.9198947206471],[121.88803083577471,30.919896587597126],[121.8880308038738,30.920289648663253],[121.88419278138065,30.920287781714702],[121.884192813295,30.9198947206471]]],[[[121.88956584981739,30.919897165830964],[121.89647199048169,30.91989853852867],[121.89647195860016,30.92029159959169],[121.88956581792107,30.920290226896512],[121.88956584981739,30.919897165830964]]],[[[121.88419278138065,30.920287781714702],[121.8880308038738,30.920289648663253],[121.88803077197245,30.920682709708693],[121.88419274946585,30.920680842761616],[121.88419278138065,30.920287781714702]]],[[[121.88956581792107,30.920290226896512],[121.89685556352515,30.9202916157579],[121.89685553164372,30.920684676800093],[121.88956578602429,30.920683287941372],[121.88956581792107,30.920290226896512]]],[[[121.8845765825899,30.920681056152976],[121.88841453605372,30.920682863402405],[121.88841450415309,30.92107592442722],[121.88457655067612,30.92107411717926],[121.8845765825899,30.920681056152976]]],[[[121.88956578602429,30.920683287941372],[121.89723912914238,30.920684686551162],[121.897239097261,30.92107774757274],[121.88956575412706,30.921076348965755],[121.88956578602429,30.920683287941372]]],[[[121.88457655067612,30.92107411717926],[121.88841450415309,30.92107592442722],[121.88841447225202,30.921468985431773],[121.88457651876188,30.92146717818528],[121.88457655067612,30.92107411717926]]],[[[121.8899494899561,30.92107647823716],[121.89762268731944,30.92107775089693],[121.89762265543807,30.921470811898107],[121.88994945805948,30.921469539241137],[121.8899494899561,30.92107647823716]]],[[[121.88457651876188,30.92146717818528],[121.88841447225202,30.921468985431773],[121.8884144403505,30.921862046416273],[121.88457648684718,30.921860239171252],[121.88457651876188,30.92146717818528]]],[[[121.88994945805948,30.921469539241137],[121.89800623804274,30.921470808783994],[121.89800620616137,30.92186386976498],[121.88994942616242,30.921862600225058],[121.88994945805948,30.921469539241137]]],[[[121.88457648684718,30.921860239171252],[121.8887981974041,30.921862194031483],[121.88879816550327,30.922255254996],[121.88457645493203,30.922253300137385],[121.88457648684718,30.921860239171252]]],[[[121.88994942616242,30.921862600225058],[121.89800620616137,30.92186386976498],[121.89800617427954,30.92225693072613],[121.8899493942649,30.922255661189144],[121.88994942616242,30.921862600225058]]],[[[121.88457645493203,30.92225330013738],[121.88879816550327,30.922255254995996],[121.88879813360201,30.92264831594089],[121.88457642301643,30.922646361083892],[121.88457645493203,30.92225330013738]]],[[[121.89033312298122,30.92225578430979],[121.89838974941772,30.922256921162468],[121.89838971753585,30.92264998210386],[121.8903330910843,30.922648845254106],[121.89033312298122,30.92225578430979]]],[[[121.88457642301643,30.922646361083892],[121.88879813360201,30.92264831594089],[121.88879810170027,30.923041376866372],[121.88457639110038,30.923039422010987],[121.88457642301643,30.922646361083892]]],[[[121.8903330910843,30.922648845254106],[121.89877328519424,30.92264996608],[121.89877325331231,30.923043027001846],[121.89033305918691,30.92304190617901],[121.8903330910843,30.922648845254106]]],[[[121.88457639110038,30.923039422010987],[121.88918185170438,30.923041518384565],[121.88918181980333,30.923434579290703],[121.88457635918387,30.923432482918884],[121.88457639110038,30.923039422010987]]],[[[121.89033305918691,30.92304190617901],[121.89915681347851,30.923043004507324],[121.89915678159649,30.923436065409835],[121.89033302728909,30.923434967084717],[121.89033305918691,30.92304190617901]]],[[[121.88457635918387,30.923432482918884],[121.88918181980333,30.923434579290703],[121.88918178790182,30.923827640177855],[121.8845763272669,30.923825543807798],[121.88457635918387,30.923432482918884]]],[[[121.89033302728909,30.923434967084717],[121.89915678159649,30.923436065409835],[121.89915674971401,30.92382912629336],[121.8903329953908,30.92382802797144],[121.89033302728909,30.923434967084717]]],[[[121.8845763272669,30.923825543807798],[121.88918178790182,30.923827640177855],[121.88918175599986,30.924220701046234],[121.88457629534949,30.92421860467794],[121.8845763272669,30.923825543807798]]],[[[121.89071671697491,30.923828144923874],[121.89954030237627,30.923829097317885],[121.89954027049366,30.924222158182506],[121.8907166850772,30.92422120579168],[121.89071671697491,30.923828144923874]]],[[[121.8849601216911,30.92421881219119],[121.88918175599986,30.924220701046234],[121.88918172409745,30.924613761896058],[121.88496008977467,30.924611873042622],[121.8849601216911,30.92421881219119]]],[[[121.8907166850772,30.92422120579168],[121.89992381563997,30.924222122716387],[121.89992378375719,30.924615183562317],[121.89071665317901,30.92461426664093],[121.8907166850772,30.92422120579168]]],[[[121.88496008977467,30.924611873042622],[121.88918172409745,30.924613761896058],[121.88918169219458,30.925006822727536],[121.88496005785778,30.925004933875712],[121.88496008977467,30.924611873042622]]],[[[121.89071665317901,30.92461426664093],[121.90030732137619,30.924615141596043],[121.90030728949323,30.92500820242349],[121.89071662128038,30.925007327471835],[121.89071665317901,30.92461426664093]]],[[[121.88496005785778,30.92500493387571],[121.88956543512984,30.92500695813021],[121.88956540322762,30.925400018943414],[121.88496002594044,30.925397994690666],[121.88496005785778,30.92500493387571]]],[[[121.89110033571114,30.92500743823919],[121.90030728949323,30.925008202423488],[121.90030725760981,30.925401263232807],[121.89110030381305,30.92540049905182],[121.89110033571114,30.92500743823919]]],[[[121.88496002594044,30.925397994690666],[121.88956540322762,30.925400018943414],[121.88956537132495,30.9257930797387],[121.88495999402267,30.925791055487707],[121.88496002594044,30.925397994690666]]],[[[121.89110030381305,30.92540049905182],[121.90069078769082,30.92540121475706],[121.90069075580718,30.925794275548327],[121.89110027191448,30.925793559846532],[121.89110030381305,30.92540049905182]]],[[[121.88495999402267,30.925791055487707],[121.88994910716686,30.92579320900838],[121.88994907526481,30.926186269785816],[121.88495996210442,30.926184116267045],[121.88495999402267,30.925791055487707]]],[[[121.89110027191448,30.925793559846532],[121.90107427833932,30.925794220554373],[121.90107424645544,30.926187281327806],[121.89110024001548,30.92618662062354],[121.89110027191448,30.925793559846532]]],[[[121.88495996210442,30.926184116267045],[121.90184126883267,30.926187151751556],[121.90184123694864,30.926580212507233],[121.88495993018572,30.926577177028893],[121.88495996210442,30.926184116267045]]],[[[121.88495993018572,30.926577177028893],[121.90222473677446,30.92658013790882],[121.90222470489007,30.92697319864709],[121.88495989826657,30.926970237773464],[121.88495993018572,30.926577177028893]]],[[[121.88495989826657,30.926970237773464],[121.90260819712856,30.926973117498232],[121.9026081652438,30.92736617821931],[121.88495986634696,30.92736329850097],[121.88495989826657,30.926970237773464]]],[[[121.88495986634696,30.92736329850097],[121.90222467300525,30.9273662593683],[121.90222464111996,30.927759320072656],[121.88495983442691,30.92775635921163],[121.88495986634696,30.92736329850097]]],[[[121.88495983442691,30.92775635921163],[121.90184114129381,30.927759394671465],[121.90184110940797,30.92815245535932],[121.88495980250639,30.928149419905658],[121.88495983442691,30.92775635921163]]],[[[121.88495980250639,30.928149419905655],[121.90145760200315,30.928152523415523],[121.90145757011672,30.92854558408709],[121.88495977058543,30.92854248058326],[121.88495980250639,30.928149419905655]]],[[[121.88495977058543,30.92854248058326],[121.90107405514259,30.92854564560859],[121.90107402325552,30.928938706264084],[121.884959738664,30.92893554124466],[121.88495977058543,30.92854248058326]]],[[[121.88534355820185,30.92893574285792],[121.90069050072177,30.928938761259097],[121.90069046883406,30.92933182189873],[121.88534352628139,30.929328803503182],[121.88534355820185,30.92893574285792]]],[[[121.88534352628139,30.929328803503182],[121.90030693875073,30.92933187037581],[121.90030690686234,30.9297249309998],[121.88534349436048,30.929721864132663],[121.88534352628139,30.929328803503182]]],[[[121.88534349436048,30.929721864132663],[121.89992336923993,30.929724972967808],[121.89992333735081,30.93011803357637],[121.88534346243911,30.93011492474658],[121.88534349436048,30.929721864132663]]],[[[121.88534346243911,30.93011492474658],[121.89953979220012,30.930118069044497],[121.89953976031025,30.93051112963784],[121.8853434305173,30.930507985345148],[121.88534346243911,30.93011492474658]]],[[[121.8853434305173,30.930507985345148],[121.89877264746954,30.930511181112678],[121.89877261557855,30.93090424169116],[121.88534339859501,30.930901045928582],[121.8853434305173,30.930507985345148]]],[[[121.88534339859501,30.93090104592858],[121.89838904791208,30.93090425771785],[121.89838901602025,30.93129731828154],[121.88534336667229,30.931294106497095],[121.88534339859501,30.93090104592858]]],[[[121.88534336667229,30.931294106497095],[121.89800544087251,30.931297327848316],[121.89800540897981,30.931690388397442],[121.8853433347491,30.931687167050903],[121.88534336667229,30.931294106497095]]],[[[121.8853433347491,30.931687167050903],[121.89762182636353,30.931690391515087],[121.89762179446994,30.932083452049856],[121.88534330282546,30.93208022759022],[121.8853433347491,30.931687167050903]]],[[[121.88534330282546,30.93208022759022],[121.89723820439814,30.93208344872948],[121.8972381725036,30.932476509250105],[121.88534327090136,30.932473288115258],[121.88534330282546,30.93208022759022]]],[[[121.88534327090136,30.932473288115258],[121.89685457498973,30.93247649950313],[121.89685454309424,30.932869560009834],[121.88534323897682,30.932866348626238],[121.88534327090136,30.932473288115258]]],[[[121.88534323897682,30.932866348626238],[121.89647093815204,30.932869543848007],[121.89647090625554,30.933262604341],[121.88534320705182,30.93325940912337],[121.88534323897682,30.932866348626238]]],[[[121.88572701975909,30.933259604815653],[121.8957036741438,30.933262552821187],[121.89570364224569,30.93365561330082],[121.88572698783501,30.933652665299004],[121.88572701975909,30.933259604815653]]],[[[121.88572698783501,30.933652665299004],[121.89532001510558,30.9336555779679],[121.89531998320639,30.93404863843426],[121.8857269559105,30.93404572576894],[121.88572698783501,30.933652665299004]]],[[[121.8857269559105,30.934045725768936],[121.89493634869679,30.9340485967366],[121.89493631679649,30.93444165718989],[121.88572692398552,30.934438786225666],[121.8857269559105,30.934045725768936]]],[[[121.88572692398552,30.934438786225666],[121.894552674933,30.93444160914082],[121.89455264303156,30.934834669581264],[121.88572689206009,30.93483184666941],[121.88572692398552,30.934438786225666]]],[[[121.88572689206009,30.93483184666941],[121.89378533730799,30.93483455448355],[121.89378530540462,30.9352276149115],[121.8857268601342,30.935224907100384],[121.88572689206009,30.93483184666941]]],[[[121.8857268601342,30.935224907100384],[121.8934016415776,30.935227547891053],[121.893401609673,30.935620608306586],[121.88572682820786,30.935617967518795],[121.8857268601342,30.935224907100384]]],[[[121.88572682820786,30.935617967518795],[121.89301793855819,30.935620534991102],[121.89301790665233,30.936013595394435],[121.88572679628108,30.936011027924867],[121.88572682820786,30.935617967518795]]],[[[121.88572679628108,30.936011027924867],[121.89263422826716,30.936013515798784],[121.89263419636,30.93640657619013],[121.88572676435383,30.936404088318813],[121.88572679628108,30.936011027924867]]],[[[121.88572676435383,30.936404088318813],[121.89225051072222,30.936406490329492],[121.89225047881375,30.936799550709065],[121.88572673242612,30.936797148700844],[121.88572676435383,30.936404088318813]]],[[[121.88572673242612,30.936797148700844],[121.89186678594152,30.93679945859893],[121.8918667540317,30.93719251896695],[121.88572670049797,30.93719020907118],[121.88572673242612,30.936797148700844]]],[[[121.88572670049797,30.937190209071176],[121.89148305394347,30.937192420623102],[121.89148302203226,30.937585480979784],[121.88572666856936,30.93758326943003],[121.88572670049797,30.937190209071176]]],[[[121.88572666856936,30.93758326943003],[121.89109931474692,30.937585376418337],[121.8910992828343,30.937978436763892],[121.8857266366403,30.93797632977762],[121.88572666856936,30.93758326943003]]],[[[121.88611044249333,30.937976519527925],[121.89033184675034,30.93797820905396],[121.89033181483528,30.93837126938875],[121.88611041056517,30.938369579864315],[121.88611044249333,30.937976519527925]]],[[[121.88611041056517,30.938369579864315],[121.89033181483528,30.93837126938875],[121.89033178291974,30.938764329712704],[121.88611037863656,30.93876264018987],[121.88611041056517,30.938369579864315]]],[[[121.88611037863656,30.93876264018987],[121.88956431828223,30.93876407733315],[121.88956428636412,30.939157137646774],[121.8861103467075,30.939155700504806],[121.88611037863656,30.93876264018987]]],[[[121.8861103467075,30.939155700504806],[121.88918054338917,30.939157002249292],[121.8891805114695,30.939550062552655],[121.88611031477798,30.939548760809338],[121.8861103467075,30.939155700504806]]],[[[121.88611031477798,30.939548760809338],[121.88879676141788,30.939549921040538],[121.88879672949663,30.939942981333857],[121.886110282848,30.93994182110368],[121.88611031477798,30.939548760809338]]],[[[121.886110282848,30.939941821103677],[121.88802920825012,30.939942680038726],[121.88802917632606,30.940335740322364],[121.88611025091757,30.940334881388047],[121.886110282848,30.939941821103677]]],[[[121.88611025091757,30.940334881388047],[121.88764540517484,30.940335580576676],[121.88764537324911,30.9407286408507],[121.88611021898669,30.940727941662658],[121.88611025091757,30.940334881388047]]],[[[121.88611021898669,30.940727941662658],[121.88726159510848,30.940728475065026],[121.88726156318106,30.941121535329657],[121.88611018705535,30.94112100192773],[121.88611021898669,30.940727941662658]]],[[[121.88649398602402,30.941121185716085],[121.88687777807374,30.94112136352339],[121.88687774614459,30.941514423778845],[121.88649395409357,30.941514245971685],[121.88649398602402,30.941121185716085]]]]}},{"type":"Feature","properties":{"parcel_id":"lingang:parcel:0039","geometry_method":"road_barrier_raster_plus_buildings","functional_type":"residential","dominant_type":"residential","confidence":0.81,"building_count":1,"avg_building_area_m2":608,"centroid_lng":121.910098,"centroid_lat":30.913223,"parcel_area_m2":60502,"safety_clipped":false,"classification_source":"osm_tags+building_morphology+spatial_prior","synthetic_classification":true,"qc_flags":""},"geometry":{"type":"MultiPolygon","coordinates":[[[[121.90529325852418,30.91675278014157],[121.9060601134014,30.916752505974245],[121.90606008152771,30.917145567207132],[121.90529322665087,30.917145841374712],[121.90529325852418,30.91675278014157]]],[[[121.90490978774183,30.917145968557357],[121.90682690578073,30.91714526660719],[121.90682687390608,30.91753832781743],[121.9049097558682,30.91753902976824],[121.90490978774183,30.917145968557357]]],[[[121.9049097558682,30.91753902976824],[121.90759366749735,30.917538000754284],[121.90759363562164,30.9179310619421],[121.90490972399414,30.91793209095694],[121.9049097558682,30.91753902976824]]],[[[121.90529316290288,30.917931963774038],[121.90797702090894,30.917930888478672],[121.9079769890324,30.918323949644392],[121.90529313102822,30.918325024940643],[121.90529316290288,30.917931963774038]]],[[[121.90605998590394,30.918324750772296],[121.90836036664277,30.918323769556018],[121.90836033476539,30.91871683069986],[121.90605995402844,30.918717811916895],[121.90605998590394,30.918324750772296]]],[[[121.90797695715541,30.91871701078836],[121.90874370469577,30.918716643984194],[121.90874367281751,30.919109705106372],[121.90797692527796,30.919110071910787],[121.90797695715541,30.91871701078836]]],[[[121.90836030288754,30.91910989182216],[121.90951038962875,30.91910931178555],[121.9095103577491,30.91950237288615],[121.90836027100926,30.919502952923132],[121.90836030288754,30.91910989182216]]],[[[121.90912700318614,30.91950257286212],[121.90989370462589,30.91950216627796],[121.90989367274526,30.919895227357323],[121.90912697130652,30.919895633941724],[121.90912700318614,30.91950257286212]]],[[[121.909510325869,30.919895433965635],[121.91027701193387,30.91989501411576],[121.91027698005223,30.920288075174096],[121.90951029398843,30.920288495024217],[121.909510325869,30.919895433965635]]],[[[121.90989364086417,30.92028828841578],[121.91066031155161,30.920287855298465],[121.91066027966895,30.920680916335986],[121.90989360898264,30.92068134945355],[121.90989364086417,30.92028828841578]]]]}},{"type":"Feature","properties":{"parcel_id":"lingang:parcel:0040","geometry_method":"road_barrier_raster_plus_buildings","functional_type":"commercial","dominant_type":"commercial","confidence":0.86,"building_count":1,"avg_building_area_m2":608,"centroid_lng":121.942974,"centroid_lat":30.915941,"parcel_area_m2":82792,"safety_clipped":false,"classification_source":"osm_tags+building_morphology+spatial_prior","synthetic_classification":true,"qc_flags":""},"geometry":{"type":"MultiPolygon","coordinates":[[[[121.93517806771318,30.916722654560317],[121.93824065727829,30.916717393931105],[121.93824062527685,30.917110455154706],[121.935178035733,30.917115715784686],[121.93517806771318,30.916722654560317]]],[[[121.935178035733,30.917115715784686],[121.93824062527685,30.917110455154706],[121.93824059327495,30.91750351635591],[121.93517800375238,30.91750877698666],[121.935178035733,30.917115715784686]]],[[[121.93517800375238,30.91750877698666],[121.93824059327495,30.91750351635591],[121.9382405612726,30.91789657753494],[121.9351779717713,30.917901838166458],[121.93517800375238,30.91750877698666]]],[[[121.93556081951337,30.91790120129731],[121.9382405612726,30.91789657753494],[121.93824052926979,30.918289638692006],[121.93556078752927,30.918294262455042],[121.93556081951337,30.91790120129731]]],[[[121.93556078752927,30.918294262455042],[121.93824052926979,30.918289638692006],[121.93824049726652,30.918682699827315],[121.93556075554471,30.918687323591023],[121.93556078752927,30.918294262455042]]],[[[121.93556075554471,30.918687323591023],[121.93824049726652,30.918682699827315],[121.93824046526281,30.919075760941084],[121.9355607235597,30.919080384705463],[121.93556075554471,30.918687323591023]]],[[[121.9355607235597,30.91908038470546],[121.93824046526281,30.91907576094108],[121.93824043325863,30.91946882203352],[121.93556069157424,30.91947344579857],[121.9355607235597,30.91908038470546]]]]}},{"type":"Feature","properties":{"parcel_id":"lingang:parcel:0041","geometry_method":"road_barrier_raster_plus_buildings","functional_type":"residential","dominant_type":"residential","confidence":1,"building_count":1,"avg_building_area_m2":608,"centroid_lng":121.913343,"centroid_lat":30.921065,"parcel_area_m2":315247,"safety_clipped":false,"classification_source":"osm_tags+building_morphology+spatial_prior","synthetic_classification":true,"qc_flags":""},"geometry":{"type":"MultiPolygon","coordinates":[[[[121.90337582828288,30.91871865611346],[121.904142759516,30.91871844785754],[121.90414272764076,30.91911150898124],[121.90337579640769,30.919111717237417],[121.90337582828288,30.91871865611346]]],[[[121.90337579640769,30.919111717237413],[121.90452618182147,30.919111394981137],[121.9045261499457,30.919504456083377],[121.90337576453206,30.91950477834004],[121.90337579640769,30.919111717237413]]],[[[121.90299228749431,30.919504872608474],[121.9049095964933,30.919504335494207],[121.90490956461696,30.9198973965752],[121.90299225561822,30.91989793369012],[121.90299228749431,30.919504872608474]]],[[[121.90337573265597,30.919897839421555],[121.9072100832773,30.919896534397818],[121.90721005139919,30.92028959545715],[121.90337570077943,30.92029090048217],[121.90337573265597,30.919897839421555]]],[[[121.90145823963675,30.920291306251567],[121.90184174703879,30.920291238198],[121.90184171516155,30.920684299238445],[121.90145820775938,30.920684367292147],[121.90145823963675,30.920291306251567]]],[[[121.90375917020548,30.920290799642377],[121.90759344435777,30.92028942861512],[121.90759341247887,30.920682489653633],[121.90375913832847,30.920683860682168],[121.90375917020548,30.920290799642377]]],[[[121.90107469278864,30.920684428810997],[121.90222521498576,30.920684224642006],[121.90222518310819,30.92107728566184],[121.90107466091064,30.92107748983123],[121.90107469278864,30.920684428810997]]],[[[121.90452605431564,30.92068363926426],[121.90797679776367,30.920682316189332],[121.90797676588394,30.921075377207245],[121.90452602243805,30.921076700283315],[121.90452605431564,30.92068363926426]]],[[[121.90107466091064,30.92107748983123],[121.90260867534552,30.92107720451495],[121.90260864346756,30.92147026551439],[121.9010746290322,30.9214705508312],[121.90107466091064,30.92107748983123]]],[[[121.90490946898522,30.92107657969363],[121.90874351341941,30.92107501040158],[121.90874348153844,30.92146807139898],[121.90490943710707,30.921469640692294],[121.90490946898522,30.92107657969363]]],[[[121.90030757642356,30.92147065429811],[121.90299212810929,30.9214701778098],[121.90299209623092,30.921863238789058],[121.90030754454422,30.921863715278292],[121.90030757642356,30.92147065429811]]],[[[121.90529287601454,30.921469513508235],[121.90912684378351,30.92146787805326],[121.90912681190161,30.921860939030484],[121.9052928441358,30.92186257448672],[121.90529287601454,30.921469513508235]]],[[[121.90030754454422,30.921863715278292],[121.90337557326875,30.921863144519843],[121.90337554138995,30.922256205479133],[121.90030751266444,30.922256776238637],[121.90030754454422,30.921863715278292]]],[[[121.9052928441358,30.92186257448672],[121.908743449657,30.921861132376325],[121.90874341777511,30.922254193333835],[121.9052928122566,30.922255635445364],[121.9052928441358,30.92186257448672]]],[[[121.90069104274359,30.92225672776395],[121.9037590108159,30.92225610463869],[121.90375897893662,30.922649165578225],[121.90069101086358,30.922649788704536],[121.90069104274359,30.92225672776395]]],[[[121.9052928122566,30.92225563544536],[121.90836004784855,30.92225438005062],[121.90836001596662,30.92264744098863],[121.90529278037694,30.922648696384382],[121.9052928122566,30.92225563544536]]],[[[121.90107453339412,30.922649733711644],[121.90797663836058,30.92264762107838],[121.9079766064786,30.9230406819971],[121.90107450151386,30.923042794632686],[121.90107453339412,30.922649733711644]]],[[[121.9014580164856,30.92304273311304],[121.90759322119598,30.92304085546216],[121.90759318931391,30.923433916361805],[121.90145798460506,30.92343579401475],[121.9014580164856,30.92304273311304]]],[[[121.90184149200822,30.92343572596013],[121.90720979635798,30.923434083204842],[121.90720976447578,30.92382714408563],[121.90184146012736,30.923828786842726],[121.90184149200822,30.92343572596013]]],[[[121.90222495995242,30.923828712245232],[121.90682636385017,30.92382730430965],[121.90682633196784,30.924220365171795],[121.90222492807122,30.924221773108922],[121.90222495995242,30.923828712245232]]],[[[121.90222492807122,30.924221773108922],[121.90644292367658,30.92422051878013],[121.90644289179406,30.92461357962384],[121.90222489618955,30.924614833954056],[121.90222492807122,30.924221773108922]]],[[[121.90260838842758,30.924614752805983],[121.90567605223244,30.924613867008286],[121.90567602034989,30.92500692783391],[121.90260835654554,30.925007813632643],[121.90260838842758,30.924614752805983]]],[[[121.90299184118767,30.92500772592687],[121.9052925890895,30.925007061618327],[121.90529255720668,30.925400122425945],[121.90299180930523,30.925400786735267],[121.90299184118767,30.92500772592687]]],[[[121.90337528634319,30.925400692464876],[121.90490911830061,30.925400249611286],[121.90490908641748,30.925793310401115],[121.9033752544603,30.925793753255228],[121.90337528634319,30.925400692464876]]],[[[121.90375872388611,30.925793652413617],[121.90452563987164,30.925793430992346],[121.90452560798815,30.926186491764604],[121.90375869200275,30.92618671318613],[121.90375872388611,30.925793652413617]]]]}},{"type":"Feature","properties":{"parcel_id":"lingang:parcel:0042","geometry_method":"road_barrier_raster_plus_buildings","functional_type":"residential","dominant_type":"residential","confidence":1,"building_count":1,"avg_building_area_m2":608,"centroid_lng":121.926331,"centroid_lat":30.920911,"parcel_area_m2":71647,"safety_clipped":false,"classification_source":"osm_tags+building_morphology+spatial_prior","synthetic_classification":true,"qc_flags":""},"geometry":{"type":"MultiPolygon","coordinates":[[[[121.91947481729575,30.920280970522317],[121.91985796495061,30.92028059208104],[121.91985793304458,30.92067365311574],[121.91947478539106,30.92067403155713],[121.91947481729575,30.920280970522317]]],[[[121.91909163013872,30.920674403446824],[121.92024107310777,30.920673268130184],[121.92024104119993,30.921066329144296],[121.91909159823489,30.921067464461274],[121.91909163013872,30.920674403446824]]],[[[121.91870843537686,30.921067829792168],[121.92100729858853,30.921065539572268],[121.9210072666774,30.92145860056589],[121.91870840347381,30.921460890786467],[121.91870843537686,30.921067829792168]]],[[[121.91794205490864,30.921461601744554],[121.9210072666774,30.92145860056589],[121.92100723476584,30.921851661539463],[121.9179420230076,30.92185466271903],[121.91794205490864,30.921461601744554]]],[[[121.91870837157033,30.921853951760717],[121.92139035210862,30.92185125696959],[121.92139032019513,30.922244317923212],[121.9187083396664,30.922247012715125],[121.91870837157033,30.921853951760717]]],[[[121.91909150252062,30.922246647383886],[121.92215653223042,30.922243489260186],[121.92215650031346,30.92263655019396],[121.91909147061496,30.922639708318556],[121.91909150252062,30.922246647383886]]],[[[121.91947462586077,30.922639336428297],[121.92177339806842,30.922636967776366],[121.92177336615255,30.923030028690842],[121.91947459395335,30.923032397343444],[121.91947462586077,30.922639336428297]]],[[[121.91985774159888,30.923032018901374],[121.9213902563668,30.92303043977179],[121.92139022445195,30.923423500667177],[121.91985770968968,30.92342507979721],[121.91985774159888,30.923032018901374]]],[[[121.92024084974332,30.923424694810866],[121.921007107115,30.923423905237495],[121.92100707520116,30.92381696611401],[121.9202408178323,30.923817755687605],[121.92024084974332,30.923424694810866]]]]}},{"type":"Feature","properties":{"parcel_id":"lingang:parcel:0043","geometry_method":"road_barrier_raster_plus_buildings","functional_type":"office","dominant_type":"office","confidence":0.89,"building_count":1,"avg_building_area_m2":608,"centroid_lng":121.93202,"centroid_lat":30.939817,"parcel_area_m2":36620,"safety_clipped":true,"classification_source":"osm_tags+building_morphology+spatial_prior","synthetic_classification":true,"qc_flags":"safety_clipped"},"geometry":{"type":"MultiPolygon","coordinates":[[[[121.92675295162688,30.924989401057264],[121.92713595692938,30.924988899935496],[121.92713592498671,30.925381960736466],[121.92675291968614,30.925382461858344],[121.92675295162688,30.924989401057264]]],[[[121.92675291968614,30.925382461858344],[121.92713592498671,30.925381960736466],[121.9271358930436,30.925775021519524],[121.92675288774494,30.925775522641505],[121.92675291968614,30.925382461858344]]],[[[121.92330569806022,30.923421380342752],[121.92368877024471,30.923420936852033],[121.92368873832001,30.923813997727773],[121.92330566613717,30.923814441218603],[121.92330569806022,30.923421380342752]]],[[[121.92675288774494,30.925775522641505],[121.9271358930436,30.925775021519524],[121.92713586110003,30.926168082284875],[121.92675285580329,30.92616858340696],[121.92675288774494,30.925775522641505]]],[[[121.92292258645743,30.923814878247786],[121.92330566613717,30.923814441218603],[121.92330563421366,30.92420750207568],[121.92292255453553,30.924207939104974],[121.92292258645743,30.923814878247786]]],[[[121.92215637264114,30.92420879373708],[121.92292255453553,30.924207939104974],[121.92292252261319,30.924600999943603],[121.92215634072193,30.92460185457593],[121.92215637264114,30.92420879373708]]],[[[121.90260704899168,30.941123294373828],[121.90299053363569,30.941123206662702],[121.90299050173465,30.94151626691233],[121.9026070170906,30.941516354623584],[121.90260704899168,30.941123294373828]]],[[[121.92713464690767,30.941104380366987],[121.92751764477296,30.941103872901625],[121.92751761280972,30.941496933143725],[121.92713461494638,30.94149744060919],[121.92713464690767,30.941104380366987]]],[[[121.92675160972439,30.941497941735392],[121.92751761280972,30.941496933143725],[121.92751758084603,30.941889993376712],[121.92675157776456,30.941891001968592],[121.92675160972439,30.941497941735392]]],[[[121.92675157776456,30.941891001968592],[121.92751758084603,30.941889993376712],[121.92751754888187,30.94228305360081],[121.92675154580428,30.9422840621929],[121.92675157776456,30.941891001968592]]],[[[121.92675154580428,30.9422840621929],[121.92751754888187,30.94228305360081],[121.92751751691726,30.94267611381623],[121.92675151384353,30.94267712240853],[121.92675154580428,30.9422840621929]]],[[[121.92713451905978,30.94267662128201],[121.92751751691726,30.94267611381623],[121.9275174849522,30.943069174023186],[121.92713448709667,30.943069681489074],[121.92713451905978,30.94267662128201]]],[[[121.90260717659147,30.939551053279384],[121.9029906612353,30.939550965568785],[121.90299062933607,30.939944025857006],[121.9026071446922,30.93994411356774],[121.90260717659147,30.939551053279384]]],[[[121.9026071446922,30.939944113567737],[121.90337410637456,30.939943931581794],[121.9033740744749,30.940336991859915],[121.90260711279248,30.940337173846117],[121.9026071446922,30.939944113567737]]],[[[121.90260711279248,30.940337173846117],[121.9033740744749,30.940336991859915],[121.90337404257478,30.94073005212828],[121.90260708089231,30.940730234114742],[121.90260711279248,30.940337173846117]]],[[[121.90260708089231,30.940730234114742],[121.90337404257478,30.94073005212828],[121.90337401067421,30.941123112387103],[121.90260704899168,30.941123294373828],[121.90260708089231,30.940730234114742]]]]}},{"type":"Feature","properties":{"parcel_id":"lingang:parcel:0044","geometry_method":"road_barrier_raster_plus_buildings","functional_type":"residential","dominant_type":"residential","confidence":1,"building_count":1,"avg_building_area_m2":608,"centroid_lng":121.938776,"centroid_lat":30.921172,"parcel_area_m2":9553,"safety_clipped":false,"classification_source":"osm_tags+building_morphology+spatial_prior","synthetic_classification":true,"qc_flags":""},"geometry":{"type":"MultiPolygon","coordinates":[[[[121.93288038701866,30.922229204689295],[121.93402903504428,30.922227384392215],[121.93402900306523,30.922620445322757],[121.93288035504686,30.92262226562013],[121.93288038701866,30.922229204689295]]],[[[121.93288035504686,30.92262226562013],[121.93402900306523,30.922620445322757],[121.93402897108574,30.923013506233882],[121.93288032307463,30.923015326531555],[121.93288035504686,30.92262226562013]]]]}},{"type":"Feature","properties":{"parcel_id":"lingang:parcel:0045","geometry_method":"road_barrier_raster_plus_buildings","functional_type":"commercial","dominant_type":"commercial","confidence":0.63,"building_count":3,"avg_building_area_m2":608,"centroid_lng":121.897094,"centroid_lat":30.942792,"parcel_area_m2":1756151,"safety_clipped":false,"classification_source":"osm_tags+building_morphology+spatial_prior","synthetic_classification":true,"qc_flags":""},"geometry":{"type":"MultiPolygon","coordinates":[[[[121.90145728311836,30.932083129427635],[121.90184079052456,30.93208306137011],[121.90184075863372,30.93247612188913],[121.90145725122738,30.932476189946787],[121.90145728311836,30.932083129427635]]],[[[121.90145725122738,30.932476189946787],[121.90184075863372,30.93247612188913],[121.90184072674244,30.93286918239409],[121.90145721933595,30.932869250451873],[121.90145725122738,30.932476189946787]]],[[[121.9006901818242,30.93286936697117],[121.90184072674244,30.93286918239409],[121.90184069485069,30.9332622428852],[121.90069014993196,30.933262427462676],[121.9006901818242,30.93286936697117]]],[[[121.90030661984632,30.933262475941085],[121.90184069485069,30.9332622428852],[121.9018406629585,30.933655303362677],[121.9003065879534,30.933655536419092],[121.90030661984632,30.933262475941085]]],[[[121.89992305032835,30.933655578388436],[121.9018406629585,30.933655303362677],[121.90184063106585,30.934048363826737],[121.8999230184347,30.93404863885316],[121.89992305032835,30.933655578388436]]],[[[121.8991559206104,30.93404870330159],[121.90184063106585,30.934048363826733],[121.90184059917276,30.93444142427759],[121.89915588871568,30.934441763753377],[121.8991559206104,30.93404870330159]]],[[[121.8987723285392,30.934441786251806],[121.90184059917276,30.93444142427759],[121.9018405672792,30.934834484715463],[121.89877229664366,30.93483484669074],[121.8987723285392,30.934441786251806]]],[[[121.89838872897333,30.934834862718787],[121.9018405672792,30.934834484715463],[121.90184053538519,30.93522754514056],[121.89838869707697,30.935227923145085],[121.89838872897333,30.934834862718787]]],[[[121.89762153930478,30.93522793583208],[121.90184053538519,30.93522754514056],[121.90184050349073,30.9356206055531],[121.8976215074071,30.935620996246094],[121.89762153930478,30.93522793583208]]],[[[121.89723791733101,30.935620992926946],[121.90184050349073,30.9356206055531],[121.9018404715958,30.936013665953297],[121.89723788543239,30.93601405332875],[121.89723791733101,30.935620992926946]]],[[[121.89723788543239,30.93601405332875],[121.9018404715958,30.936013665953297],[121.90184043970044,30.93640672634137],[121.89723785353333,30.93640711371843],[121.89723788543239,30.93601405332875]]],[[[121.89647065106733,30.936407087812228],[121.90184043970044,30.93640672634137],[121.90184040780461,30.93679978671753],[121.89647061916676,30.93680014819027],[121.89647065106733,30.936407087812228]]],[[[121.8960870068053,30.93680012562688],[121.90184040780461,30.93679978671753],[121.90184037590834,30.93719284708199],[121.89608697490371,30.93719318599336],[121.8960870068053,30.93680012562688]]],[[[121.89570335514232,30.93719315703955],[121.90184037590834,30.937192847081988],[121.90184034401162,30.93758590743497],[121.89570332323969,30.93758621739469],[121.89570335514232,30.93719315703955]]],[[[121.89493606157774,30.93758614036674],[121.90184034401162,30.93758590743497],[121.90184031211443,30.937978967776683],[121.89493602967336,30.93797920071089],[121.89493606157774,30.93758614036674]]],[[[121.89455238780367,30.93797915266307],[121.90145680470614,30.937979035836182],[121.90145677280837,30.93837209616698],[121.89455235589814,30.938372212996306],[121.89455238780367,30.93797915266307]]],[[[121.89416870669031,30.938372158610697],[121.90145677280837,30.93837209616698],[121.90145674091015,30.93876515648694],[121.8941686747836,30.938765218933238],[121.89416870669031,30.938372158610697]]],[[[121.89378501825391,30.938765158223788],[121.90145674091015,30.93876515648694],[121.90145670901146,30.939158216796283],[121.893784986346,30.939158218535848],[121.89378501825391,30.938765158223788]]],[[[121.8930176513891,30.93915807820258],[121.90145670901146,30.939158216796283],[121.90145667711232,30.93955127709522],[121.89301761947915,30.93955113850452],[121.8930176513891,30.93915807820258]]],[[[121.89263394108644,30.939551058910137],[121.90145667711232,30.93955127709522],[121.90145664521273,30.939944337383967],[121.8926339091752,30.93994411920203],[121.89263394108644,30.939551058910137]]],[[[121.8922502235296,30.93994403334266],[121.90145664521273,30.939944337383963],[121.90145661331269,30.94033739766274],[121.89225019161705,30.94033709362472],[121.8922502235296,30.93994403334266]]],[[[121.89186649873673,30.940337001515857],[121.90145661331269,30.94033739766274],[121.90145658141219,30.94073045793176],[121.89186646682283,30.9407300617883],[121.89186649873673,30.940337001515857]]],[[[121.89148276672626,30.94072996344574],[121.90145658141219,30.94073045793176],[121.90145654951125,30.941123518191237],[121.89148273481096,30.941123023708784],[121.89148276672626,30.94072996344574]]],[[[121.89071531304582,30.94112280838711],[121.90145654951125,30.941123518191237],[121.90145651760984,30.94151657844139],[121.89071528112812,30.941515868641115],[121.89071531304582,30.94112280838711]]],[[[121.89033155949832,30.941515751695118],[121.90145651760984,30.94151657844139],[121.90145648570798,30.941909638682436],[121.89033152757916,30.941908811940156],[121.89033155949832,30.941515751695118]]],[[[121.88994779881062,30.941908688826683],[121.90145648570798,30.941909638682436],[121.90145645380568,30.942302698914585],[121.88994776688996,30.94230174906297],[121.88994779881062,30.941908688826683]]],[[[121.88956403100296,30.942301619799334],[121.90145645380568,30.942302698914585],[121.9014564219029,30.942695759138054],[121.88956399908076,30.94269468002709],[121.88956403100296,30.942301619799334]]],[[[121.88918025609588,30.942694544630903],[121.9014564219029,30.942695759138054],[121.9014563899997,30.943088819353065],[121.88918022417214,30.94308760485034],[121.88918025609588,30.942694544630903]]],[[[121.88879647411032,30.94308746333952],[121.9014563899997,30.94308881935306],[121.90145635809601,30.943481879559826],[121.88879644218498,30.943480523550857],[121.88879647411032,30.94308746333952]]],[[[121.88879644218498,30.943480523550857],[121.90145635809601,30.943481879559826],[121.90145632619189,30.94387493975856],[121.8887964102592,30.94387358375416],[121.88879644218498,30.943480523550857]]],[[[121.88802888898917,30.943873282461936],[121.90145632619189,30.94387493975856],[121.90145629428731,30.94426799994948],[121.88802885706058,30.94426634265772],[121.88802888898917,30.943873282461936]]],[[[121.88764508589716,30.94426618291349],[121.90145629428731,30.94426799994948],[121.90145626238228,30.944661060132805],[121.88764505396689,30.94465924310182],[121.88764508589716,30.94426618291349]]],[[[121.886877490695,30.944658905512657],[121.90145626238228,30.944661060132805],[121.90145623047678,30.94505412030875],[121.88687745876176,30.945051965693903],[121.886877490695,30.944658905512657]]],[[[121.886493666699,30.945051787888065],[121.90145623047678,30.94505412030875],[121.90145619857084,30.94544718047753],[121.886493634764,30.94544484806229],[121.886493666699,30.945051787888065]]],[[[121.886493634764,30.94544484806229],[121.90145619857084,30.94544718047753],[121.90145616666446,30.94584024063936],[121.88649360282854,30.945837908229567],[121.886493634764,30.94544484806229]]],[[[121.88649360282854,30.945837908229564],[121.90145616666446,30.945840240639356],[121.90145613475761,30.946233300794454],[121.88649357089263,30.94623096839011],[121.88649360282854,30.945837908229564]]],[[[121.88649357089263,30.94623096839011],[121.90145613475761,30.946233300794454],[121.9014561028503,30.946626360943036],[121.88649353895626,30.94662402854414],[121.88649357089263,30.94623096839011]]],[[[121.88649353895626,30.94662402854414],[121.9014561028503,30.946626360943036],[121.90145607094254,30.947019421085322],[121.88649350701944,30.94701708869187],[121.88649353895626,30.94662402854414]]],[[[121.88687729908872,30.94701726649697],[121.8968533945543,30.947019730701363],[121.89685336264202,30.947412790839177],[121.88687726715276,30.947410326638472],[121.88687729908872,30.94701726649697]]],[[[121.89800416481059,30.947019740635536],[121.90145607094254,30.947019421085322],[121.90145603903434,30.947412481221523],[121.89800413289974,30.947412800772945],[121.89800416481059,30.947019740635536]]],[[[121.88687726715276,30.947410326638472],[121.89685336264202,30.947412790839177],[121.89685333072929,30.947805850971125],[121.88687723521633,30.947803386774105],[121.88687726715276,30.947410326638472]]],[[[121.89800413289974,30.947412800772945],[121.90145603903434,30.947412481221523],[121.90145600712567,30.947805541351855],[121.89800410098843,30.947805860904484],[121.89800413289974,30.947412800772945]]],[[[121.88687723521633,30.947803386774105],[121.89685333072929,30.947805850971125],[121.8968532988161,30.948198911097425],[121.88687720327945,30.94819644690409],[121.88687723521633,30.947803386774105]]],[[[121.89800410098843,30.947805860904484],[121.90145600712567,30.947805541351855],[121.90145597521655,30.94819860147654],[121.89800406907668,30.94819892103037],[121.89800410098843,30.947805860904484]]],[[[121.88687720327945,30.94819644690409],[121.8968532988161,30.948198911097425],[121.89685326690245,30.94859197121829],[121.88687717134212,30.948589507028643],[121.88687720327945,30.94819644690409]]],[[[121.89800406907668,30.94819892103037],[121.90145597521655,30.94819860147654],[121.90145594330698,30.948591661595795],[121.89800403716447,30.94859198115083],[121.89800406907668,30.94819892103037]]],[[[121.88687717134212,30.948589507028643],[121.89685326690245,30.94859197121829],[121.89685323498836,30.948985031333937],[121.88687713940433,30.94898256714798],[121.88687717134212,30.948589507028643]]],[[[121.89800403716447,30.94859198115083],[121.9010724283242,30.94859172312404],[121.90107239641401,30.948984783238206],[121.8980040052518,30.94898504126607],[121.89800403716447,30.94859198115083]]],[[[121.88687713940433,30.948982567147976],[121.89685323498836,30.948985031333933],[121.8968532030738,30.949378091444583],[121.88687710746609,30.949375627262313],[121.88687713940433,30.948982567147976]]],[[[121.8980040052518,30.948985041266067],[121.90107239641401,30.948984783238203],[121.90107236450336,30.94937784334737],[121.89800397333869,30.949378101376308],[121.8980040052518,30.948985041266067]]],[[[121.88687710746609,30.949375627262313],[121.8968532030738,30.949378091444583],[121.8968531711588,30.94977115155045],[121.8868770755274,30.949768687371865],[121.88687710746609,30.949375627262313]]],[[[121.89800397333869,30.949378101376308],[121.90107236450336,30.94937784334737],[121.90107233259225,30.949770903451757],[121.89800394142512,30.949771161481767],[121.89800397333869,30.949378101376308]]],[[[121.8868770755274,30.949768687371865],[121.89071461075171,30.949770132203724],[121.89071457882403,30.950163192307265],[121.88687704358824,30.95016174747685],[121.8868770755274,30.949768687371865]]],[[[121.9003052799525,30.9497710069378],[121.90107233259225,30.949770903451757],[121.9010723006807,30.950163963551578],[121.90030524804051,30.95016406703789],[121.9003052799525,30.9497710069378]]],[[[121.88687704358824,30.95016174747685],[121.8895633924729,30.9501628229932],[121.88956336054162,30.95055588309282],[121.88687701164864,30.95055480757749],[121.88687704358824,30.95016174747685]]],[[[121.88687701164864,30.95055480757749],[121.88879586745132,30.950555606191454],[121.88879583551736,30.95094866628723],[121.88687697970857,30.950947867673996],[121.88687701164864,30.95055480757749]]],[[[121.88687697970857,30.950947867673996],[121.888028314205,30.95094836500023],[121.88802828226822,30.951341425092384],[121.88687694776806,30.951340927766587],[121.88687697970857,30.950947867673996]]],[[[121.88687694776806,30.951340927766587],[121.88726073290856,30.951341099569046],[121.88726070096887,30.95173415965779],[121.8868769158271,30.95173398785548],[121.88687694776806,30.951340927766587]]]]}},{"type":"Feature","properties":{"parcel_id":"lingang:parcel:0046","geometry_method":"road_barrier_raster_plus_buildings","functional_type":"commercial","dominant_type":"commercial","confidence":0.86,"building_count":1,"avg_building_area_m2":608,"centroid_lng":121.932308,"centroid_lat":30.947192,"parcel_area_m2":335946,"safety_clipped":false,"classification_source":"osm_tags+building_morphology+spatial_prior","synthetic_classification":true,"qc_flags":""},"geometry":{"type":"MultiPolygon","coordinates":[[[[121.91717372917563,30.9454389772444],[121.91755692246424,30.94543863820754],[121.9175568905367,30.94583169836418],[121.91717369724924,30.945832037401154],[121.91717372917563,30.9454389772444]]],[[[121.91717369724924,30.94583203740115],[121.91832325420518,30.945831000542782],[121.9183232222748,30.946224060692458],[121.9171736653224,30.94622509755117],[121.91717369724924,30.94583203740115]]],[[[121.9171736653224,30.94622509755117],[121.91908955544481,30.94622333658187],[121.91908952351146,30.946616396724803],[121.9171736333951,30.946618157694676],[121.9171736653224,30.94622509755117]]],[[[121.91679043246592,30.94661849014186],[121.91985582624328,30.94661564637878],[121.91985579430684,30.947008706515188],[121.91679040053928,30.94701155027918],[121.91679043246592,30.94661849014186]]],[[[121.91679040053928,30.94701155027918],[121.92023893427857,30.94700832152209],[121.92023890234032,30.947401381652302],[121.91679036861218,30.94740461041042],[121.91679040053928,30.94701155027918]]],[[[121.91679036861218,30.94740461041042],[121.92100515953976,30.94740059206527],[121.92100512759822,30.947793652189393],[121.91679033668464,30.947797670535792],[121.91679036861218,30.94740461041042]]],[[[121.91679033668464,30.947797670535792],[121.92215445668447,30.947792418934743],[121.92215442473801,30.94818547905288],[121.91679030475665,30.948190730655515],[121.91679033668464,30.947797670535792]]],[[[121.91679030475665,30.948190730655515],[121.92292060644132,30.948184624407357],[121.92292057449127,30.948577684519844],[121.9167902728282,30.948583790769806],[121.91679030475665,30.948190730655515]]],[[[121.9167902728282,30.948583790769806],[121.9275170373936,30.948572016153175],[121.92751700542172,30.948965076259157],[121.91679024089927,30.948976850878882],[121.9167902728282,30.948583790769806]]],[[[121.91640703232679,30.948977176731496],[121.92751700542172,30.948965076259153],[121.92751697344937,30.94935813636014],[121.91640700039851,30.949370236835687],[121.91640703232679,30.948977176731496]]],[[[121.91640700039851,30.949370236835687],[121.92751697344937,30.94935813636014],[121.92751694147658,30.94975119645634],[121.91640696846977,30.949763296935096],[121.91640700039851,30.949370236835687]]],[[[121.91640696846977,30.949763296935096],[121.92751694147658,30.94975119645634],[121.92751690950334,30.950144256547976],[121.9164069365406,30.95015635702994],[121.91640696846977,30.949763296935096]]],[[[121.9164069365406,30.95015635702994],[121.92751690950334,30.950144256547976],[121.92751687752963,30.95053731663526],[121.91640690461095,30.95054941712043],[121.9164069365406,30.95015635702994]]]]}},{"type":"Feature","properties":{"parcel_id":"lingang:parcel:0047","geometry_method":"road_barrier_raster_plus_buildings","functional_type":"mixed","dominant_type":"residential","confidence":0.54,"building_count":2,"avg_building_area_m2":608,"centroid_lng":121.887564,"centroid_lat":30.949469,"parcel_area_m2":1826206,"safety_clipped":false,"classification_source":"osm_tags+building_morphology+spatial_prior","synthetic_classification":true,"qc_flags":"low_confidence"},"geometry":{"type":"MultiPolygon","coordinates":[[[[121.88419067402953,30.94622977667572],[121.88457450724925,30.946229990057393],[121.88457447530594,30.946623050212164],[121.88419064208473,30.946622836830638],[121.88419067402953,30.94622977667572]]],[[[121.88342295535263,30.946622392524514],[121.88457447530594,30.946623050212164],[121.88457444336217,30.947016110360632],[121.88342292340435,30.947015452673433],[121.88342295535263,30.946622392524514]]],[[[121.88265520978946,30.947014985124973],[121.88457444336217,30.947016110360632],[121.88457441141796,30.947409170503022],[121.8826551778376,30.94740804526811],[121.88265520978946,30.947014985124973]]],[[[121.88150355747729,30.947407300764652],[121.88457441141796,30.947409170503022],[121.88457437947328,30.947802230639542],[121.88150352552006,30.947800360902377],[121.88150355747729,30.947407300764652]]],[[[121.88073574564044,30.947799836052713],[121.88457437947328,30.947802230639542],[121.88457434752816,30.948195290770414],[121.88073571367934,30.94819289618509],[121.88073574564044,30.947799836052713]]],[[[121.87996790768297,30.948192348748595],[121.88457434752816,30.948195290770414],[121.88457431558257,30.948588350895854],[121.8799678757179,30.948585408875843],[121.87996790768297,30.948192348748595]]],[[[121.87920004383513,30.94858483904973],[121.88457431558257,30.948588350895854],[121.88457428363652,30.948981411016074],[121.87920001186598,30.94897789917207],[121.87920004383513,30.94858483904973]]],[[[121.8784321543322,30.94897730715788],[121.88457428363652,30.94898141101607],[121.88457425169004,30.949374471131293],[121.87843212235886,30.949370367275527],[121.8784321543322,30.94897730715788]]],[[[121.87728028849119,30.94936943810291],[121.88457425169004,30.949374471131293],[121.88457421974309,30.949767531241733],[121.87728025651161,30.94976249821624],[121.87728028849119,30.94936943810291]]],[[[121.87651233591468,30.949761851641505],[121.88457421974309,30.949767531241733],[121.88457418779569,30.950160591347608],[121.87651230393067,30.95015491175058],[121.87651233591468,30.949761851641505]]],[[[121.87536037663915,30.95015390173987],[121.88457418779569,30.950160591347608],[121.88457415584783,30.950553651449134],[121.87536034464851,30.950546961845067],[121.87536037663915,30.95015390173987]]],[[[121.8745923625672,30.95054626206189],[121.88457415584783,30.950553651449134],[121.88457412389953,30.950946711546525],[121.87459233057186,30.95093932216327],[121.8745923625672,30.95054626206189]]],[[[121.87382432435466,30.950938601489757],[121.88457412389953,30.950946711546525],[121.88457409195075,30.95133977164],[121.87382429235451,30.951331661587535],[121.87382432435466,30.950938601489757]]],[[[121.87305626227055,30.95133092025428],[121.88457409195075,30.95133977164],[121.88457406000153,30.95173283172978],[121.87305623026552,30.951723980348678],[121.87305626227055,30.95133092025428]]],[[[121.87190414099105,30.95172283012581],[121.88457406000153,30.951732831729778],[121.88457402805186,30.952125891816074],[121.87190410897874,30.952115890217204],[121.87190414099105,30.95172283012581]]],[[[121.87075196756729,30.95211469484638],[121.88457402805186,30.952125891816074],[121.88457399610172,30.952518951899105],[121.87075193554746,30.952507754934988],[121.87075196756729,30.95211469484638]]],[[[121.86998381278326,30.952506933346775],[121.88495782254735,30.952519159401653],[121.88495779059821,30.952912219481487],[121.86998378075816,30.952899993432663],[121.86998381278326,30.952506933346775]]],[[[121.86921563554051,30.952899152396014],[121.88495779059821,30.952912219481487],[121.88495775864861,30.953305279558492],[121.86921560351006,30.95329221247939],[121.86921563554051,30.952899152396014]]],[[[121.86844743613472,30.953291352247863],[121.88495775864861,30.953305279558492],[121.88495772669856,30.953698339632886],[121.8684474040988,30.953684412328954],[121.86844743613472,30.953291352247863]]],[[[121.86729511214946,30.953683086554754],[121.88495772669856,30.953698339632886],[121.88495769474805,30.954091399704883],[121.86729508010542,30.954076146633934],[121.86729511214946,30.953683086554754]]],[[[121.86652685866004,30.95407523954813],[121.88495769474805,30.954091399704883],[121.8849576627971,30.9544844597747],[121.86652682661031,30.954468299625457],[121.86652685866004,30.95407523954813]]],[[[121.86575858407531,30.95446737426053],[121.8849576627971,30.9544844597747],[121.88495763084569,30.954877519842558],[121.86575855201983,30.95486043433623],[121.86575858407531,30.95446737426053]]],[[[121.86460614936485,30.954859012605823],[121.88495763084569,30.954877519842555],[121.88495759889382,30.955270579908664],[121.8646061173008,30.95525207268027],[121.86460614936485,30.954859012605823]]],[[[121.86383782342799,30.95525110280383],[121.88495759889382,30.955270579908664],[121.8849575669415,30.95566363997325],[121.86383779135795,30.955644162877082],[121.86383782342799,30.95525110280383]]],[[[121.86306947751252,30.955643175679448],[121.8849575669415,30.95566363997325],[121.88495753498871,30.956056700036523],[121.86306944543644,30.95603623575172],[121.86306947751252,30.955643175679448]]],[[[121.86230111194611,30.956035231513983],[121.88495753498871,30.956056700036523],[121.8849575030355,30.956449760098707],[121.8623010798639,30.9564282915855],[121.86230111194611,30.956035231513983]]],[[[121.86153272706008,30.95642727059192],[121.8849575030355,30.956449760098707],[121.8849574710818,30.956842820160013],[121.86153269497164,30.956820330662893],[121.86153272706008,30.95642727059192]]],[[[121.86153269497164,30.956820330662893],[121.88265441085647,30.95684148744216],[121.88265437889325,30.957234547503706],[121.86153266288275,30.95721339073321],[121.86153269497164,30.956820330662893]]],[[[121.86153266288275,30.95721339073321],[121.88073497844856,30.957233278169216],[121.88073494647655,30.95762633823108],[121.86153263079339,30.957606450803087],[121.86153266288275,30.95721339073321]]],[[[121.86153263079339,30.957606450803087],[121.87843145081374,30.957624628975445],[121.87843141883039,30.958017689038005],[121.86153259870359,30.957999510872742],[121.86153263079339,30.957606450803087]]],[[[121.86153259870359,30.95799951087274],[121.87651166415465,30.958016113307412],[121.87651163216107,30.958409173370743],[121.86153256661332,30.958392570942387],[121.86153259870359,30.95799951087274]]],[[[121.86153256661332,30.958392570942387],[121.87420772242395,30.958407105856267],[121.87420769041734,30.958800165920756],[121.8615325345226,30.95878563101225],[121.86153256661332,30.958392570942387]]],[[[121.8615325345226,30.95878563101225],[121.87267163014927,30.958798683324936],[121.87267159813332,30.959191743390488],[121.8615325024314,30.959178691082542],[121.8615325345226,30.95878563101225]]],[[[121.8615325024314,30.959178691082542],[121.87036733254224,30.959189367807788],[121.87036730051182,30.959582427874953],[121.86153247033977,30.959571751153483],[121.8615325024314,30.959178691082542]]],[[[121.86153247033977,30.959571751153483],[121.86844692350533,30.95958031337946],[121.86844689146211,30.959973373448292],[121.86153243824766,30.959964811225287],[121.86153247033977,30.959571751153483]]],[[[121.86153243824766,30.959964811225287],[121.86614225917786,30.959970680189016],[121.86614222711864,30.960363740259915],[121.8615324061551,30.96035787129818],[121.86153243824766,30.959964811225287]]],[[[121.8615324061551,30.96035787129818],[121.86383740648195,30.960360883716138],[121.86383737440597,30.960753943789328],[121.8615323740621,30.96075093137237],[121.8615324061551,30.96035787129818]]]]}},{"type":"Feature","properties":{"parcel_id":"lingang:parcel:0048","geometry_method":"road_barrier_raster_plus_buildings","functional_type":"office","dominant_type":"office","confidence":0.75,"building_count":2,"avg_building_area_m2":608,"centroid_lng":121.926543,"centroid_lat":30.950102,"parcel_area_m2":92345,"safety_clipped":false,"classification_source":"osm_tags+building_morphology+spatial_prior","synthetic_classification":true,"qc_flags":""},"geometry":{"type":"MultiPolygon","coordinates":[[[[121.91640677688785,30.952121657443247],[121.92751674963027,30.952109556945246],[121.92751671765429,30.952502617014037],[121.91640674495595,30.95251471751525],[121.91640677688785,30.952121657443247]]],[[[121.91640674495595,30.95251471751525],[121.92751671765429,30.952502617014037],[121.92751668567786,30.952895677079784],[121.91640671302358,30.9529077775842],[121.91640674495595,30.95251471751525]]]]}},{"type":"Feature","properties":{"parcel_id":"lingang:parcel:0049","geometry_method":"road_barrier_raster_plus_buildings","functional_type":"mixed","dominant_type":"residential","confidence":0.54,"building_count":2,"avg_building_area_m2":608,"centroid_lng":121.904175,"centroid_lat":30.957797,"parcel_area_m2":2800608,"safety_clipped":false,"classification_source":"osm_tags+building_morphology+spatial_prior","synthetic_classification":true,"qc_flags":"low_confidence"},"geometry":{"type":"MultiPolygon","coordinates":[[[[121.89339991807975,30.956452798020237],[121.89493452965533,30.956453028156773],[121.89493449772915,30.956846088214345],[121.89339988615065,30.956845858078367],[121.89339991807975,30.956452798020237]]],[[[121.89033031431451,30.956845096638656],[121.89953762265608,30.956846165705425],[121.89953759073536,30.957239225760706],[121.89033028237763,30.957238156697265],[121.89033031431451,30.956845096638656]]],[[[121.90068823556679,30.95684603976459],[121.9010717581148,30.956845984760154],[121.90107172619507,30.957239044814898],[121.90068820364687,30.957239099819464],[121.90068823556679,30.95684603976459]]],[[[121.88879532451215,30.95723762743476],[121.89915403804557,30.95723925474759],[121.89915400612406,30.957632314802563],[121.88879529257045,30.957630687493506],[121.88879532451215,30.95723762743476]]],[[[121.90068820364687,30.957239099819464],[121.90644024396299,30.957237586161053],[121.90644021204236,30.95763064621354],[121.90068817172647,30.957632159873903],[121.90068820364687,30.957239099819464]]],[[[121.88687643665803,30.95762988889266],[121.89915400612406,30.957632314802563],[121.89915397420212,30.95802537485731],[121.88687640470978,30.95802294895191],[121.88687643665803,30.95762988889266]]],[[[121.90068817172647,30.957632159873903],[121.91065728067369,30.957628592094654],[121.91065724874792,30.95802165214555],[121.90068813980564,30.958025219928118],[121.90068817172647,30.957632159873903]]],[[[121.88687640470978,30.958022948951907],[121.89915397420212,30.958025374857307],[121.89915394227971,30.95841843491205],[121.8868763727611,30.958416009011152],[121.88687640470978,30.958022948951907]]],[[[121.90030460970542,30.958025268414907],[121.91295707587321,30.95802019351166],[121.91295704394284,30.958413253561826],[121.90030457778388,30.95841832846925],[121.90030460970542,30.958025268414907]]],[[[121.8868763727611,30.958416009011152],[121.89915394227971,30.95841843491205],[121.89915391035686,30.95881149496701],[121.88687634081194,30.95880906907061],[121.8868763727611,30.958416009011152]]],[[[121.90030457778388,30.95841832846925],[121.92291977559218,30.958404186200717],[121.9229197436303,30.958797246248107],[121.90030454586191,30.958811388523806],[121.90030457778388,30.95841832846925]]],[[[121.88687634081194,30.95880906907061],[121.89915391035686,30.95881149496701],[121.89915387843355,30.959204555022396],[121.88687630886233,30.9592021291305],[121.88687634081194,30.95880906907061]]],[[[121.90030454586191,30.958811388523806],[121.92751620597676,30.95879157784798],[121.92751617399304,30.959184637894513],[121.90030451393949,30.95920444857879],[121.90030454586191,30.958811388523806]]],[[[121.88687630886233,30.9592021291305],[121.89915387843355,30.959204555022396],[121.89915384650978,30.959597615078433],[121.88687627691228,30.959595189191035],[121.88687630886233,30.9592021291305]]],[[[121.90030451393949,30.95920444857879],[121.92751617399304,30.959184637894513],[121.92751614200887,30.959577697941697],[121.9003044820166,30.959597508634424],[121.90030451393949,30.95920444857879]]],[[[121.88687627691228,30.959595189191035],[121.92751614200887,30.959577697941697],[121.92751611002424,30.959970757989744],[121.88687624496175,30.959988249252437],[121.88687627691228,30.959595189191035]]],[[[121.88687624496175,30.959988249252437],[121.92751611002424,30.959970757989744],[121.92751607803916,30.96036381803888],[121.8868762130108,30.96038130931492],[121.88687624496175,30.959988249252437]]],[[[121.8868762130108,30.96038130931492],[121.92751607803916,30.96036381803888],[121.92751604605363,30.96075687808931],[121.88687618105936,30.960774369378704],[121.8868762130108,30.96038130931492]]],[[[121.88687618105936,30.9607743693787],[121.92751604605363,30.960756878089306],[121.92751601406765,30.961149938141258],[121.88687614910748,30.961167429444007],[121.88687618105936,30.9607743693787]]],[[[121.88687614910748,30.961167429444007],[121.92751601406765,30.961149938141258],[121.9275159820812,30.961542998194947],[121.88687611715515,30.961560489511047],[121.88687614910748,30.961167429444007]]],[[[121.88649232503758,30.96156031171138],[121.92713298431723,30.961543505665777],[121.92713295233227,30.961936565721523],[121.88649229308349,30.96195337178052],[121.88649232503758,30.96156031171138]]],[[[121.88649229308349,30.96195337178052],[121.92713295233227,30.961936565721523],[121.92713292034688,30.962329625779443],[121.88649226112894,30.962346431851838],[121.88649229308349,30.96195337178052]]],[[[121.88649226112894,30.962346431851838],[121.92713292034688,30.962329625779443],[121.92713288836102,30.962722685839754],[121.88649222917394,30.962739491925543],[121.88649226112894,30.962346431851838]]],[[[121.88649222917394,30.962739491925543],[121.92713288836102,30.962722685839754],[121.9271328563747,30.963115745902673],[121.88649219721847,30.963132552001856],[121.88649222917394,30.962739491925543]]],[[[121.88649219721847,30.963132552001856],[121.92674985125821,30.96311624703468],[121.92674981927335,30.96350930710053],[121.88649216526257,30.963525612080993],[121.88649219721847,30.963132552001856]]],[[[121.88649216526257,30.963525612080993],[121.92674981927335,30.96350930710053],[121.92674978728805,30.963902367169425],[121.88649213330619,30.963918672163178],[121.88649216526257,30.963525612080993]]],[[[121.88649213330619,30.963918672163175],[121.9263667747994,30.963902861948718],[121.92636674281553,30.96429592202098],[121.88649210134938,30.964311732248618],[121.88649213330619,30.963918672163175]]]]}}]}