{"type":"FeatureCollection","features":[{"type":"Feature","properties":{"parcel_id":"zhangjiang:parcel:0001","geometry_method":"road_barrier_raster_plus_buildings","functional_type":"commercial","dominant_type":"commercial","confidence":0.86,"building_count":1,"avg_building_area_m2":606,"centroid_lng":121.599027,"centroid_lat":31.174141,"parcel_area_m2":619415,"safety_clipped":false,"classification_source":"osm_tags+building_morphology+spatial_prior","synthetic_classification":true,"qc_flags":""},"geometry":{"type":"MultiPolygon","coordinates":[[[[121.5924687434929,31.173811515464774],[121.59318308589229,31.173811515464774],[121.59318308589229,31.174145090693226],[121.5924687434929,31.174145090693226],[121.5924687434929,31.173811515464774]]],[[[121.59211157229322,31.174145090693226],[121.59604045548983,31.174145090693226],[121.59604045548983,31.17447866592168],[121.59211157229322,31.17447866592168],[121.59211157229322,31.174145090693226]]],[[[121.59175440109352,31.17447866592168],[121.59854065388767,31.17447866592168],[121.59854065388767,31.174812241150132],[121.59175440109352,31.174812241150132],[121.59175440109352,31.17447866592168]]],[[[121.59139722989383,31.17481224115013],[121.59889782508736,31.17481224115013],[121.59889782508736,31.17514581637858],[121.59139722989383,31.17514581637858],[121.59139722989383,31.17481224115013]]],[[[121.59104005869413,31.17514581637858],[121.59925499628706,31.17514581637858],[121.59925499628706,31.175479391607034],[121.59104005869413,31.175479391607034],[121.59104005869413,31.17514581637858]]],[[[121.59104005869413,31.175479391607034],[121.59961216748675,31.175479391607034],[121.59961216748675,31.175812966835487],[121.59104005869413,31.175812966835487],[121.59104005869413,31.175479391607034]]],[[[121.59068288749445,31.175812966835487],[121.59961216748675,31.175812966835487],[121.59961216748675,31.17614654206394],[121.59068288749445,31.17614654206394],[121.59068288749445,31.175812966835487]]],[[[121.59032571629476,31.17614654206394],[121.60032650988613,31.17614654206394],[121.60032650988613,31.176480117292392],[121.59032571629476,31.176480117292392],[121.59032571629476,31.17614654206394]]],[[[121.58996854509506,31.176480117292392],[121.60104085228552,31.176480117292392],[121.60104085228552,31.176813692520845],[121.58996854509506,31.176813692520845],[121.58996854509506,31.176480117292392]]],[[[121.58996854509506,31.176813692520845],[121.60104085228552,31.176813692520845],[121.60104085228552,31.177147267749298],[121.58996854509506,31.177147267749298],[121.58996854509506,31.176813692520845]]],[[[121.58961137389537,31.177147267749298],[121.60104085228552,31.177147267749298],[121.60104085228552,31.17748084297775],[121.58961137389537,31.17748084297775],[121.58961137389537,31.177147267749298]]],[[[121.58925420269568,31.17748084297775],[121.60104085228552,31.17748084297775],[121.60104085228552,31.177814418206204],[121.58925420269568,31.177814418206204],[121.58925420269568,31.17748084297775]]],[[[121.58925420269568,31.177814418206204],[121.60104085228552,31.177814418206204],[121.60104085228552,31.178147993434656],[121.58925420269568,31.178147993434656],[121.58925420269568,31.177814418206204]]],[[[121.58889703149599,31.178147993434656],[121.60104085228552,31.178147993434656],[121.60104085228552,31.17848156866311],[121.58889703149599,31.17848156866311],[121.58889703149599,31.178147993434656]]],[[[121.58889703149599,31.178481568663106],[121.60104085228552,31.178481568663106],[121.60104085228552,31.17881514389156],[121.58889703149599,31.17881514389156],[121.58889703149599,31.178481568663106]]],[[[121.58961137389537,31.17881514389156],[121.60104085228552,31.17881514389156],[121.60104085228552,31.17914871912001],[121.58961137389537,31.17914871912001],[121.58961137389537,31.17881514389156]]],[[[121.59068288749445,31.17914871912001],[121.60104085228552,31.17914871912001],[121.60104085228552,31.179482294348464],[121.59068288749445,31.179482294348464],[121.59068288749445,31.17914871912001]]],[[[121.59211157229322,31.179482294348464],[121.60104085228552,31.179482294348464],[121.60104085228552,31.179815869576917],[121.59211157229322,31.179815869576917],[121.59211157229322,31.179482294348464]]],[[[121.59425459949136,31.179815869576917],[121.60104085228552,31.179815869576917],[121.60104085228552,31.18014944480537],[121.59425459949136,31.18014944480537],[121.59425459949136,31.179815869576917]]],[[[121.5971119690889,31.18014944480537],[121.59996933868645,31.18014944480537],[121.59996933868645,31.180483020033822],[121.5971119690889,31.180483020033822],[121.5971119690889,31.18014944480537]]]]}},{"type":"Feature","properties":{"parcel_id":"zhangjiang:parcel:0002","geometry_method":"road_barrier_raster_plus_buildings","functional_type":"office","dominant_type":"office","confidence":0.94,"building_count":2,"avg_building_area_m2":606,"centroid_lng":121.626131,"centroid_lat":31.174361,"parcel_area_m2":722233,"safety_clipped":false,"classification_source":"osm_tags+building_morphology+spatial_prior","synthetic_classification":true,"qc_flags":""},"geometry":{"type":"MultiPolygon","coordinates":[[[[121.62211395306736,31.173811515464774],[121.63032889066028,31.173811515464774],[121.63032889066028,31.174145090693226],[121.62211395306736,31.174145090693226],[121.62211395306736,31.173811515464774]]],[[[121.62211395306736,31.174145090693226],[121.63032889066028,31.174145090693226],[121.63032889066028,31.17447866592168],[121.62211395306736,31.17447866592168],[121.62211395306736,31.174145090693226]]],[[[121.62247112426705,31.17447866592168],[121.63032889066028,31.17447866592168],[121.63032889066028,31.174812241150132],[121.62247112426705,31.174812241150132],[121.62247112426705,31.17447866592168]]],[[[121.62247112426705,31.17481224115013],[121.63032889066028,31.17481224115013],[121.63032889066028,31.17514581637858],[121.62247112426705,31.17514581637858],[121.62247112426705,31.17481224115013]]],[[[121.62247112426705,31.17514581637858],[121.63032889066028,31.17514581637858],[121.63032889066028,31.175479391607034],[121.62247112426705,31.175479391607034],[121.62247112426705,31.17514581637858]]],[[[121.62247112426705,31.175479391607034],[121.63032889066028,31.175479391607034],[121.63032889066028,31.175812966835487],[121.62247112426705,31.175812966835487],[121.62247112426705,31.175479391607034]]],[[[121.62247112426705,31.175812966835487],[121.63032889066028,31.175812966835487],[121.63032889066028,31.17614654206394],[121.62247112426705,31.17614654206394],[121.62247112426705,31.175812966835487]]],[[[121.62247112426705,31.17614654206394],[121.63032889066028,31.17614654206394],[121.63032889066028,31.176480117292392],[121.62247112426705,31.176480117292392],[121.62247112426705,31.17614654206394]]],[[[121.62247112426705,31.176480117292392],[121.63032889066028,31.176480117292392],[121.63032889066028,31.176813692520845],[121.62247112426705,31.176813692520845],[121.62247112426705,31.176480117292392]]],[[[121.62247112426705,31.176813692520845],[121.63032889066028,31.176813692520845],[121.63032889066028,31.177147267749298],[121.62247112426705,31.177147267749298],[121.62247112426705,31.176813692520845]]],[[[121.62282829546675,31.177147267749298],[121.63032889066028,31.177147267749298],[121.63032889066028,31.17748084297775],[121.62282829546675,31.17748084297775],[121.62282829546675,31.177147267749298]]],[[[121.62282829546675,31.17748084297775],[121.63032889066028,31.17748084297775],[121.63032889066028,31.177814418206204],[121.62282829546675,31.177814418206204],[121.62282829546675,31.17748084297775]]],[[[121.62282829546675,31.177814418206204],[121.63032889066028,31.177814418206204],[121.63032889066028,31.178147993434656],[121.62282829546675,31.178147993434656],[121.62282829546675,31.177814418206204]]],[[[121.62282829546675,31.178147993434656],[121.63032889066028,31.178147993434656],[121.63032889066028,31.17848156866311],[121.62282829546675,31.17848156866311],[121.62282829546675,31.178147993434656]]],[[[121.62282829546675,31.178481568663106],[121.63032889066028,31.178481568663106],[121.63032889066028,31.17881514389156],[121.62282829546675,31.17881514389156],[121.62282829546675,31.178481568663106]]],[[[121.62282829546675,31.17881514389156],[121.63032889066028,31.17881514389156],[121.63032889066028,31.17914871912001],[121.62282829546675,31.17914871912001],[121.62282829546675,31.17881514389156]]],[[[121.62318546666643,31.17914871912001],[121.63032889066028,31.17914871912001],[121.63032889066028,31.179482294348464],[121.62318546666643,31.179482294348464],[121.62318546666643,31.17914871912001]]],[[[121.62318546666643,31.179482294348464],[121.63032889066028,31.179482294348464],[121.63032889066028,31.179815869576917],[121.62318546666643,31.179815869576917],[121.62318546666643,31.179482294348464]]],[[[121.62354263786612,31.179815869576917],[121.63032889066028,31.179815869576917],[121.63032889066028,31.18014944480537],[121.62354263786612,31.18014944480537],[121.62354263786612,31.179815869576917]]],[[[121.62354263786612,31.18014944480537],[121.63032889066028,31.18014944480537],[121.63032889066028,31.180483020033822],[121.62354263786612,31.180483020033822],[121.62354263786612,31.18014944480537]]],[[[121.62389980906582,31.180483020033822],[121.63032889066028,31.180483020033822],[121.63032889066028,31.180816595262275],[121.62389980906582,31.180816595262275],[121.62389980906582,31.180483020033822]]],[[[121.62389980906582,31.180816595262275],[121.63032889066028,31.180816595262275],[121.63032889066028,31.181150170490728],[121.62389980906582,31.181150170490728],[121.62389980906582,31.180816595262275]]],[[[121.62425698026551,31.181150170490728],[121.63032889066028,31.181150170490728],[121.63032889066028,31.18148374571918],[121.62425698026551,31.18148374571918],[121.62425698026551,31.181150170490728]]],[[[121.62461415146521,31.18148374571918],[121.63032889066028,31.18148374571918],[121.63032889066028,31.181817320947633],[121.62461415146521,31.181817320947633],[121.62461415146521,31.18148374571918]]],[[[121.62461415146521,31.181817320947633],[121.63032889066028,31.181817320947633],[121.63032889066028,31.182150896176086],[121.62461415146521,31.182150896176086],[121.62461415146521,31.181817320947633]]],[[[121.62532849386459,31.182150896176083],[121.63032889066028,31.182150896176083],[121.63032889066028,31.182484471404535],[121.62532849386459,31.182484471404535],[121.62532849386459,31.182150896176083]]],[[[121.62568566506428,31.182484471404535],[121.63032889066028,31.182484471404535],[121.63032889066028,31.18281804663299],[121.62568566506428,31.18281804663299],[121.62568566506428,31.182484471404535]]],[[[121.62604283626398,31.18281804663299],[121.63032889066028,31.18281804663299],[121.63032889066028,31.18315162186144],[121.62604283626398,31.18315162186144],[121.62604283626398,31.18281804663299]]],[[[121.62675717866335,31.18315162186144],[121.63032889066028,31.18315162186144],[121.63032889066028,31.183485197089894],[121.62675717866335,31.183485197089894],[121.62675717866335,31.18315162186144]]],[[[121.62747152106274,31.183485197089894],[121.62997171946058,31.183485197089894],[121.62997171946058,31.183818772318347],[121.62747152106274,31.183818772318347],[121.62747152106274,31.183485197089894]]],[[[121.62818586346212,31.183818772318347],[121.62997171946058,31.183818772318347],[121.62997171946058,31.1841523475468],[121.62818586346212,31.1841523475468],[121.62818586346212,31.183818772318347]]],[[[121.62890020586151,31.1841523475468],[121.62997171946058,31.1841523475468],[121.62997171946058,31.184485922775252],[121.62890020586151,31.184485922775252],[121.62890020586151,31.1841523475468]]],[[[121.62961454826089,31.184485922775252],[121.62997171946058,31.184485922775252],[121.62997171946058,31.184819498003705],[121.62961454826089,31.184819498003705],[121.62961454826089,31.184485922775252]]]]}},{"type":"Feature","properties":{"parcel_id":"zhangjiang:parcel:0004","geometry_method":"road_barrier_raster_plus_buildings","functional_type":"residential","dominant_type":"residential","confidence":1,"building_count":2,"avg_building_area_m2":606,"centroid_lng":121.586858,"centroid_lat":31.183238,"parcel_area_m2":595592,"safety_clipped":false,"classification_source":"osm_tags+building_morphology+spatial_prior","synthetic_classification":true,"qc_flags":""},"geometry":{"type":"MultiPolygon","coordinates":[[[[121.5838966347003,31.178147993434656],[121.58425380589999,31.178147993434656],[121.58425380589999,31.17848156866311],[121.5838966347003,31.17848156866311],[121.5838966347003,31.178147993434656]]],[[[121.5838966347003,31.178481568663106],[121.58532531949906,31.178481568663106],[121.58532531949906,31.17881514389156],[121.5838966347003,31.17881514389156],[121.5838966347003,31.178481568663106]]],[[[121.5838966347003,31.17881514389156],[121.58603966189845,31.17881514389156],[121.58603966189845,31.17914871912001],[121.5838966347003,31.17914871912001],[121.5838966347003,31.17881514389156]]],[[[121.5835394635006,31.17914871912001],[121.58675400429783,31.17914871912001],[121.58675400429783,31.179482294348464],[121.5835394635006,31.179482294348464],[121.5835394635006,31.17914871912001]]],[[[121.5835394635006,31.179482294348464],[121.5881826890966,31.179482294348464],[121.5881826890966,31.179815869576917],[121.5835394635006,31.179815869576917],[121.5835394635006,31.179482294348464]]],[[[121.5835394635006,31.179815869576917],[121.58889703149599,31.179815869576917],[121.58889703149599,31.18014944480537],[121.5835394635006,31.18014944480537],[121.5835394635006,31.179815869576917]]],[[[121.5835394635006,31.18014944480537],[121.58996854509506,31.18014944480537],[121.58996854509506,31.180483020033822],[121.5835394635006,31.180483020033822],[121.5835394635006,31.18014944480537]]],[[[121.5831822923009,31.180483020033822],[121.59104005869413,31.180483020033822],[121.59104005869413,31.180816595262275],[121.5831822923009,31.180816595262275],[121.5831822923009,31.180483020033822]]],[[[121.5831822923009,31.180816595262275],[121.59211157229322,31.180816595262275],[121.59211157229322,31.181150170490728],[121.5831822923009,31.181150170490728],[121.5831822923009,31.180816595262275]]],[[[121.5831822923009,31.181150170490728],[121.59211157229322,31.181150170490728],[121.59211157229322,31.18148374571918],[121.5831822923009,31.18148374571918],[121.5831822923009,31.181150170490728]]],[[[121.58282512110122,31.18148374571918],[121.59211157229322,31.18148374571918],[121.59211157229322,31.181817320947633],[121.58282512110122,31.181817320947633],[121.58282512110122,31.18148374571918]]],[[[121.58282512110122,31.181817320947633],[121.59175440109352,31.181817320947633],[121.59175440109352,31.182150896176086],[121.58282512110122,31.182150896176086],[121.58282512110122,31.181817320947633]]],[[[121.58282512110122,31.182150896176083],[121.59175440109352,31.182150896176083],[121.59175440109352,31.182484471404535],[121.58282512110122,31.182484471404535],[121.58282512110122,31.182150896176083]]],[[[121.58282512110122,31.182484471404535],[121.59175440109352,31.182484471404535],[121.59175440109352,31.18281804663299],[121.58282512110122,31.18281804663299],[121.58282512110122,31.182484471404535]]],[[[121.58246794990153,31.18281804663299],[121.59175440109352,31.18281804663299],[121.59175440109352,31.18315162186144],[121.58246794990153,31.18315162186144],[121.58246794990153,31.18281804663299]]],[[[121.58246794990153,31.18315162186144],[121.59175440109352,31.18315162186144],[121.59175440109352,31.183485197089894],[121.58246794990153,31.183485197089894],[121.58246794990153,31.18315162186144]]],[[[121.58246794990153,31.183485197089894],[121.59139722989383,31.183485197089894],[121.59139722989383,31.183818772318347],[121.58246794990153,31.183818772318347],[121.58246794990153,31.183485197089894]]],[[[121.58246794990153,31.183818772318347],[121.59139722989383,31.183818772318347],[121.59139722989383,31.1841523475468],[121.58246794990153,31.1841523475468],[121.58246794990153,31.183818772318347]]],[[[121.58211077870183,31.1841523475468],[121.59139722989383,31.1841523475468],[121.59139722989383,31.184485922775252],[121.58211077870183,31.184485922775252],[121.58211077870183,31.1841523475468]]],[[[121.58211077870183,31.184485922775252],[121.59139722989383,31.184485922775252],[121.59139722989383,31.184819498003705],[121.58211077870183,31.184819498003705],[121.58211077870183,31.184485922775252]]],[[[121.58211077870183,31.184819498003705],[121.59139722989383,31.184819498003705],[121.59139722989383,31.185153073232158],[121.58211077870183,31.185153073232158],[121.58211077870183,31.184819498003705]]],[[[121.5838966347003,31.185153073232158],[121.59104005869413,31.185153073232158],[121.59104005869413,31.18548664846061],[121.5838966347003,31.18548664846061],[121.5838966347003,31.185153073232158]]],[[[121.58496814829937,31.18548664846061],[121.59104005869413,31.18548664846061],[121.59104005869413,31.185820223689063],[121.58496814829937,31.185820223689063],[121.58496814829937,31.18548664846061]]],[[[121.58675400429783,31.18582022368906],[121.59104005869413,31.18582022368906],[121.59104005869413,31.186153798917513],[121.58675400429783,31.186153798917513],[121.58675400429783,31.18582022368906]]],[[[121.5885398602963,31.186153798917513],[121.59104005869413,31.186153798917513],[121.59104005869413,31.186487374145965],[121.5885398602963,31.186487374145965],[121.5885398602963,31.186153798917513]]]]}},{"type":"Feature","properties":{"parcel_id":"zhangjiang:parcel:0005","geometry_method":"road_barrier_raster_plus_buildings","functional_type":"office","dominant_type":"office","confidence":0.89,"building_count":1,"avg_building_area_m2":606,"centroid_lng":121.601976,"centroid_lat":31.18084,"parcel_area_m2":950439,"safety_clipped":false,"classification_source":"osm_tags+building_morphology+spatial_prior","synthetic_classification":true,"qc_flags":""},"geometry":{"type":"MultiPolygon","coordinates":[[[[121.60318387948367,31.179482294348464],[121.60461256428245,31.179482294348464],[121.60461256428245,31.179815869576917],[121.60318387948367,31.179815869576917],[121.60318387948367,31.179482294348464]]],[[[121.60282670828398,31.179815869576917],[121.60604124908122,31.179815869576917],[121.60604124908122,31.18014944480537],[121.60282670828398,31.18014944480537],[121.60282670828398,31.179815869576917]]],[[[121.60282670828398,31.18014944480537],[121.60711276268029,31.18014944480537],[121.60711276268029,31.180483020033822],[121.60282670828398,31.180483020033822],[121.60282670828398,31.18014944480537]]],[[[121.60282670828398,31.180483020033822],[121.60818427627936,31.180483020033822],[121.60818427627936,31.180816595262275],[121.60282670828398,31.180816595262275],[121.60282670828398,31.180483020033822]]],[[[121.60282670828398,31.180816595262275],[121.60854144747906,31.180816595262275],[121.60854144747906,31.181150170490728],[121.60282670828398,31.181150170490728],[121.60282670828398,31.180816595262275]]],[[[121.60282670828398,31.181150170490728],[121.60925578987843,31.181150170490728],[121.60925578987843,31.18148374571918],[121.60282670828398,31.18148374571918],[121.60282670828398,31.181150170490728]]],[[[121.60282670828398,31.18148374571918],[121.61032730347752,31.18148374571918],[121.61032730347752,31.181817320947633],[121.60282670828398,31.181817320947633],[121.60282670828398,31.18148374571918]]],[[[121.60282670828398,31.181817320947633],[121.61068447467721,31.181817320947633],[121.61068447467721,31.182150896176086],[121.60282670828398,31.182150896176086],[121.60282670828398,31.181817320947633]]],[[[121.60282670828398,31.182150896176083],[121.61139881707659,31.182150896176083],[121.61139881707659,31.182484471404535],[121.60282670828398,31.182484471404535],[121.60282670828398,31.182150896176083]]],[[[121.60282670828398,31.182484471404535],[121.61175598827629,31.182484471404535],[121.61175598827629,31.18281804663299],[121.60282670828398,31.18281804663299],[121.60282670828398,31.182484471404535]]],[[[121.60282670828398,31.18281804663299],[121.61247033067566,31.18281804663299],[121.61247033067566,31.18315162186144],[121.60282670828398,31.18315162186144],[121.60282670828398,31.18281804663299]]],[[[121.60282670828398,31.18315162186144],[121.61247033067566,31.18315162186144],[121.61247033067566,31.183485197089894],[121.60282670828398,31.183485197089894],[121.60282670828398,31.18315162186144]]],[[[121.60282670828398,31.183485197089894],[121.61247033067566,31.183485197089894],[121.61247033067566,31.183818772318347],[121.60282670828398,31.183818772318347],[121.60282670828398,31.183485197089894]]],[[[121.60282670828398,31.183818772318347],[121.61247033067566,31.183818772318347],[121.61247033067566,31.1841523475468],[121.60282670828398,31.1841523475468],[121.60282670828398,31.183818772318347]]],[[[121.60282670828398,31.1841523475468],[121.61247033067566,31.1841523475468],[121.61247033067566,31.184485922775252],[121.60282670828398,31.184485922775252],[121.60282670828398,31.1841523475468]]],[[[121.60282670828398,31.184485922775252],[121.61247033067566,31.184485922775252],[121.61247033067566,31.184819498003705],[121.60282670828398,31.184819498003705],[121.60282670828398,31.184485922775252]]],[[[121.60282670828398,31.184819498003705],[121.61247033067566,31.184819498003705],[121.61247033067566,31.185153073232158],[121.60282670828398,31.185153073232158],[121.60282670828398,31.184819498003705]]],[[[121.60282670828398,31.185153073232158],[121.61247033067566,31.185153073232158],[121.61247033067566,31.18548664846061],[121.60282670828398,31.18548664846061],[121.60282670828398,31.185153073232158]]],[[[121.60282670828398,31.18548664846061],[121.61247033067566,31.18548664846061],[121.61247033067566,31.185820223689063],[121.60282670828398,31.185820223689063],[121.60282670828398,31.18548664846061]]],[[[121.60282670828398,31.18582022368906],[121.61247033067566,31.18582022368906],[121.61247033067566,31.186153798917513],[121.60282670828398,31.186153798917513],[121.60282670828398,31.18582022368906]]],[[[121.60282670828398,31.186153798917513],[121.61247033067566,31.186153798917513],[121.61247033067566,31.186487374145965],[121.60282670828398,31.186487374145965],[121.60282670828398,31.186153798917513]]],[[[121.60282670828398,31.186487374145965],[121.61247033067566,31.186487374145965],[121.61247033067566,31.186820949374418],[121.60282670828398,31.186820949374418],[121.60282670828398,31.186487374145965]]],[[[121.60246953708429,31.186820949374418],[121.61247033067566,31.186820949374418],[121.61247033067566,31.18715452460287],[121.60246953708429,31.18715452460287],[121.60246953708429,31.186820949374418]]],[[[121.60246953708429,31.18715452460287],[121.61211315947598,31.18715452460287],[121.61211315947598,31.187488099831324],[121.60246953708429,31.187488099831324],[121.60246953708429,31.18715452460287]]],[[[121.60246953708429,31.187488099831324],[121.61211315947598,31.187488099831324],[121.61211315947598,31.187821675059777],[121.60246953708429,31.187821675059777],[121.60246953708429,31.187488099831324]]],[[[121.60246953708429,31.187821675059777],[121.61211315947598,31.187821675059777],[121.61211315947598,31.18815525028823],[121.60246953708429,31.18815525028823],[121.60246953708429,31.187821675059777]]],[[[121.60246953708429,31.18815525028823],[121.61211315947598,31.18815525028823],[121.61211315947598,31.188488825516682],[121.60246953708429,31.188488825516682],[121.60246953708429,31.18815525028823]]],[[[121.60246953708429,31.188488825516682],[121.61211315947598,31.188488825516682],[121.61211315947598,31.188822400745135],[121.60246953708429,31.188822400745135],[121.60246953708429,31.188488825516682]]],[[[121.60246953708429,31.188822400745135],[121.61211315947598,31.188822400745135],[121.61211315947598,31.189155975973588],[121.60246953708429,31.189155975973588],[121.60246953708429,31.188822400745135]]],[[[121.60318387948367,31.189155975973588],[121.61211315947598,31.189155975973588],[121.61211315947598,31.18948955120204],[121.60318387948367,31.18948955120204],[121.60318387948367,31.189155975973588]]],[[[121.60461256428245,31.189489551202037],[121.61211315947598,31.189489551202037],[121.61211315947598,31.18982312643049],[121.60461256428245,31.18982312643049],[121.60461256428245,31.189489551202037]]],[[[121.60568407788152,31.18982312643049],[121.61211315947598,31.18982312643049],[121.61211315947598,31.190156701658942],[121.60568407788152,31.190156701658942],[121.60568407788152,31.18982312643049]]],[[[121.60818427627936,31.190156701658942],[121.61175598827629,31.190156701658942],[121.61175598827629,31.190490276887395],[121.60818427627936,31.190490276887395],[121.60818427627936,31.190156701658942]]],[[[121.61032730347752,31.190490276887395],[121.61175598827629,31.190490276887395],[121.61175598827629,31.190823852115848],[121.61032730347752,31.190823852115848],[121.61032730347752,31.190490276887395]]]]}},{"type":"Feature","properties":{"parcel_id":"zhangjiang:parcel:0007","geometry_method":"road_barrier_raster_plus_buildings","functional_type":"residential","dominant_type":"residential","confidence":1,"building_count":1,"avg_building_area_m2":606,"centroid_lng":121.64748,"centroid_lat":31.188946,"parcel_area_m2":545437,"safety_clipped":false,"classification_source":"osm_tags+building_morphology+spatial_prior","synthetic_classification":true,"qc_flags":""},"geometry":{"type":"MultiPolygon","coordinates":[[[[121.64783027944519,31.182484471404535],[121.64818745064488,31.182484471404535],[121.64818745064488,31.18281804663299],[121.64783027944519,31.18281804663299],[121.64783027944519,31.182484471404535]]],[[[121.64783027944519,31.18281804663299],[121.64854462184458,31.18281804663299],[121.64854462184458,31.18315162186144],[121.64783027944519,31.18315162186144],[121.64783027944519,31.18281804663299]]],[[[121.64783027944519,31.18315162186144],[121.64890179304427,31.18315162186144],[121.64890179304427,31.183485197089894],[121.64783027944519,31.183485197089894],[121.64783027944519,31.18315162186144]]],[[[121.64783027944519,31.183485197089894],[121.64961613544365,31.183485197089894],[121.64961613544365,31.183818772318347],[121.64783027944519,31.183818772318347],[121.64783027944519,31.183485197089894]]],[[[121.64783027944519,31.183818772318347],[121.65104482024242,31.183818772318347],[121.65104482024242,31.1841523475468],[121.64783027944519,31.1841523475468],[121.64783027944519,31.183818772318347]]],[[[121.64783027944519,31.1841523475468],[121.6521163338415,31.1841523475468],[121.6521163338415,31.184485922775252],[121.64783027944519,31.184485922775252],[121.64783027944519,31.1841523475468]]],[[[121.64783027944519,31.184485922775252],[121.65354501864027,31.184485922775252],[121.65354501864027,31.184819498003705],[121.64783027944519,31.184819498003705],[121.64783027944519,31.184485922775252]]],[[[121.64783027944519,31.184819498003705],[121.65425936103965,31.184819498003705],[121.65425936103965,31.185153073232158],[121.64783027944519,31.185153073232158],[121.64783027944519,31.184819498003705]]],[[[121.6474731082455,31.185153073232158],[121.65533087463874,31.185153073232158],[121.65533087463874,31.18548664846061],[121.6474731082455,31.18548664846061],[121.6474731082455,31.185153073232158]]],[[[121.6474731082455,31.18548664846061],[121.65747390183688,31.18548664846061],[121.65747390183688,31.185820223689063],[121.6474731082455,31.185820223689063],[121.6474731082455,31.18548664846061]]],[[[121.6474731082455,31.18582022368906],[121.65711673063718,31.18582022368906],[121.65711673063718,31.186153798917513],[121.6474731082455,31.186153798917513],[121.6474731082455,31.18582022368906]]],[[[121.6474731082455,31.186153798917513],[121.65711673063718,31.186153798917513],[121.65711673063718,31.186487374145965],[121.6474731082455,31.186487374145965],[121.6474731082455,31.186153798917513]]],[[[121.6474731082455,31.186487374145965],[121.65711673063718,31.186487374145965],[121.65711673063718,31.186820949374418],[121.6474731082455,31.186820949374418],[121.6474731082455,31.186487374145965]]],[[[121.6474731082455,31.186820949374418],[121.65711673063718,31.186820949374418],[121.65711673063718,31.18715452460287],[121.6474731082455,31.18715452460287],[121.6474731082455,31.186820949374418]]],[[[121.64783027944519,31.18715452460287],[121.6567595594375,31.18715452460287],[121.6567595594375,31.187488099831324],[121.64783027944519,31.187488099831324],[121.64783027944519,31.18715452460287]]],[[[121.64818745064488,31.187488099831324],[121.6567595594375,31.187488099831324],[121.6567595594375,31.187821675059777],[121.64818745064488,31.187821675059777],[121.64818745064488,31.187488099831324]]],[[[121.64854462184458,31.187821675059777],[121.6567595594375,31.187821675059777],[121.6567595594375,31.18815525028823],[121.64854462184458,31.18815525028823],[121.64854462184458,31.187821675059777]]],[[[121.64854462184458,31.18815525028823],[121.6567595594375,31.18815525028823],[121.6567595594375,31.188488825516682],[121.64854462184458,31.188488825516682],[121.64854462184458,31.18815525028823]]],[[[121.64890179304427,31.188488825516682],[121.65640238823781,31.188488825516682],[121.65640238823781,31.188822400745135],[121.64890179304427,31.188822400745135],[121.64890179304427,31.188488825516682]]],[[[121.64925896424396,31.188822400745135],[121.65640238823781,31.188822400745135],[121.65640238823781,31.189155975973588],[121.64925896424396,31.189155975973588],[121.64925896424396,31.188822400745135]]],[[[121.64961613544365,31.189155975973588],[121.65640238823781,31.189155975973588],[121.65640238823781,31.18948955120204],[121.64961613544365,31.18948955120204],[121.64961613544365,31.189155975973588]]],[[[121.65033047784304,31.189489551202037],[121.65640238823781,31.189489551202037],[121.65640238823781,31.18982312643049],[121.65033047784304,31.18982312643049],[121.65033047784304,31.189489551202037]]],[[[121.65140199144211,31.18982312643049],[121.65640238823781,31.18982312643049],[121.65640238823781,31.190156701658942],[121.65140199144211,31.190156701658942],[121.65140199144211,31.18982312643049]]],[[[121.65247350504119,31.190156701658942],[121.65604521703811,31.190156701658942],[121.65604521703811,31.190490276887395],[121.65247350504119,31.190490276887395],[121.65247350504119,31.190156701658942]]],[[[121.65354501864027,31.190490276887395],[121.65604521703811,31.190490276887395],[121.65604521703811,31.190823852115848],[121.65354501864027,31.190823852115848],[121.65354501864027,31.190490276887395]]],[[[121.65425936103965,31.190823852115848],[121.65604521703811,31.190823852115848],[121.65604521703811,31.1911574273443],[121.65425936103965,31.1911574273443],[121.65425936103965,31.190823852115848]]],[[[121.65497370343904,31.1911574273443],[121.65604521703811,31.1911574273443],[121.65604521703811,31.191491002572754],[121.65497370343904,31.191491002572754],[121.65497370343904,31.1911574273443]]]]}},{"type":"Feature","properties":{"parcel_id":"zhangjiang:parcel:0012","geometry_method":"road_barrier_raster_plus_buildings","functional_type":"residential","dominant_type":"residential","confidence":0.94,"building_count":2,"avg_building_area_m2":606,"centroid_lng":121.641685,"centroid_lat":31.196846,"parcel_area_m2":787435,"safety_clipped":false,"classification_source":"osm_tags+building_morphology+spatial_prior","synthetic_classification":true,"qc_flags":""},"geometry":{"type":"MultiPolygon","coordinates":[[[[121.64032968425165,31.189489551202037],[121.64175836905042,31.189489551202037],[121.64175836905042,31.18982312643049],[121.64032968425165,31.18982312643049],[121.64032968425165,31.189489551202037]]],[[[121.64032968425165,31.18982312643049],[121.64247271144981,31.18982312643049],[121.64247271144981,31.190156701658942],[121.64032968425165,31.190156701658942],[121.64032968425165,31.18982312643049]]],[[[121.63997251305197,31.190156701658942],[121.64282988264951,31.190156701658942],[121.64282988264951,31.190490276887395],[121.63997251305197,31.190490276887395],[121.63997251305197,31.190156701658942]]],[[[121.63997251305197,31.190490276887395],[121.64354422504888,31.190490276887395],[121.64354422504888,31.190823852115848],[121.63997251305197,31.190823852115848],[121.63997251305197,31.190490276887395]]],[[[121.63997251305197,31.190823852115848],[121.64390139624858,31.190823852115848],[121.64390139624858,31.1911574273443],[121.63997251305197,31.1911574273443],[121.63997251305197,31.190823852115848]]],[[[121.63997251305197,31.1911574273443],[121.64390139624858,31.1911574273443],[121.64390139624858,31.191491002572754],[121.63997251305197,31.191491002572754],[121.63997251305197,31.1911574273443]]],[[[121.63997251305197,31.191491002572754],[121.64425856744828,31.191491002572754],[121.64425856744828,31.191824577801206],[121.63997251305197,31.191824577801206],[121.63997251305197,31.191491002572754]]],[[[121.63997251305197,31.191824577801206],[121.64425856744828,31.191824577801206],[121.64425856744828,31.19215815302966],[121.63997251305197,31.19215815302966],[121.63997251305197,31.191824577801206]]],[[[121.63961534185228,31.19215815302966],[121.64425856744828,31.19215815302966],[121.64425856744828,31.192491728258112],[121.63961534185228,31.192491728258112],[121.63961534185228,31.19215815302966]]],[[[121.63961534185228,31.192491728258112],[121.64425856744828,31.192491728258112],[121.64425856744828,31.192825303486565],[121.63961534185228,31.192825303486565],[121.63961534185228,31.192491728258112]]],[[[121.63961534185228,31.192825303486565],[121.64425856744828,31.192825303486565],[121.64425856744828,31.193158878715018],[121.63961534185228,31.193158878715018],[121.63961534185228,31.192825303486565]]],[[[121.63961534185228,31.193158878715014],[121.64425856744828,31.193158878715014],[121.64425856744828,31.193492453943467],[121.63961534185228,31.193492453943467],[121.63961534185228,31.193158878715014]]],[[[121.63961534185228,31.193492453943467],[121.64425856744828,31.193492453943467],[121.64425856744828,31.19382602917192],[121.63961534185228,31.19382602917192],[121.63961534185228,31.193492453943467]]],[[[121.63925817065258,31.19382602917192],[121.64425856744828,31.19382602917192],[121.64425856744828,31.194159604400372],[121.63925817065258,31.194159604400372],[121.63925817065258,31.19382602917192]]],[[[121.63925817065258,31.194159604400372],[121.64425856744828,31.194159604400372],[121.64425856744828,31.194493179628825],[121.63925817065258,31.194493179628825],[121.63925817065258,31.194159604400372]]],[[[121.63925817065258,31.194493179628825],[121.64425856744828,31.194493179628825],[121.64425856744828,31.194826754857278],[121.63925817065258,31.194826754857278],[121.63925817065258,31.194493179628825]]],[[[121.63925817065258,31.194826754857278],[121.64425856744828,31.194826754857278],[121.64425856744828,31.19516033008573],[121.63925817065258,31.19516033008573],[121.63925817065258,31.194826754857278]]],[[[121.63925817065258,31.19516033008573],[121.64425856744828,31.19516033008573],[121.64425856744828,31.195493905314184],[121.63925817065258,31.195493905314184],[121.63925817065258,31.19516033008573]]],[[[121.63925817065258,31.195493905314184],[121.64425856744828,31.195493905314184],[121.64425856744828,31.195827480542636],[121.63925817065258,31.195827480542636],[121.63925817065258,31.195493905314184]]],[[[121.63925817065258,31.195827480542636],[121.64425856744828,31.195827480542636],[121.64425856744828,31.19616105577109],[121.63925817065258,31.19616105577109],[121.63925817065258,31.195827480542636]]],[[[121.63890099945289,31.19616105577109],[121.64390139624858,31.19616105577109],[121.64390139624858,31.196494630999542],[121.63890099945289,31.196494630999542],[121.63890099945289,31.19616105577109]]],[[[121.63890099945289,31.19649463099954],[121.64390139624858,31.19649463099954],[121.64390139624858,31.19682820622799],[121.63890099945289,31.19682820622799],[121.63890099945289,31.19649463099954]]],[[[121.63890099945289,31.19682820622799],[121.64390139624858,31.19682820622799],[121.64390139624858,31.197161781456444],[121.63890099945289,31.197161781456444],[121.63890099945289,31.19682820622799]]],[[[121.63890099945289,31.197161781456444],[121.64390139624858,31.197161781456444],[121.64390139624858,31.197495356684897],[121.63890099945289,31.197495356684897],[121.63890099945289,31.197161781456444]]],[[[121.63890099945289,31.197495356684897],[121.64390139624858,31.197495356684897],[121.64390139624858,31.19782893191335],[121.63890099945289,31.19782893191335],[121.63890099945289,31.197495356684897]]],[[[121.63854382825319,31.19782893191335],[121.64390139624858,31.19782893191335],[121.64390139624858,31.198162507141802],[121.63854382825319,31.198162507141802],[121.63854382825319,31.19782893191335]]],[[[121.63854382825319,31.198162507141802],[121.64390139624858,31.198162507141802],[121.64390139624858,31.198496082370255],[121.63854382825319,31.198496082370255],[121.63854382825319,31.198162507141802]]],[[[121.63818665705351,31.198496082370255],[121.64390139624858,31.198496082370255],[121.64390139624858,31.198829657598708],[121.63818665705351,31.198829657598708],[121.63818665705351,31.198496082370255]]],[[[121.63782948585381,31.198829657598708],[121.64390139624858,31.198829657598708],[121.64390139624858,31.19916323282716],[121.63782948585381,31.19916323282716],[121.63782948585381,31.198829657598708]]],[[[121.63782948585381,31.19916323282716],[121.64390139624858,31.19916323282716],[121.64390139624858,31.199496808055613],[121.63782948585381,31.199496808055613],[121.63782948585381,31.19916323282716]]],[[[121.63747231465412,31.199496808055613],[121.64390139624858,31.199496808055613],[121.64390139624858,31.199830383284066],[121.63747231465412,31.199830383284066],[121.63747231465412,31.199496808055613]]],[[[121.63747231465412,31.199830383284066],[121.64390139624858,31.199830383284066],[121.64390139624858,31.20016395851252],[121.63747231465412,31.20016395851252],[121.63747231465412,31.199830383284066]]],[[[121.63711514345442,31.200163958512515],[121.64390139624858,31.200163958512515],[121.64390139624858,31.20049753374097],[121.63711514345442,31.20049753374097],[121.63711514345442,31.200163958512515]]],[[[121.63675797225474,31.20049753374097],[121.64354422504888,31.20049753374097],[121.64354422504888,31.20083110896942],[121.63675797225474,31.20083110896942],[121.63675797225474,31.20049753374097]]],[[[121.63675797225474,31.20083110896942],[121.64354422504888,31.20083110896942],[121.64354422504888,31.201164684197874],[121.63675797225474,31.201164684197874],[121.63675797225474,31.20083110896942]]],[[[121.63675797225474,31.201164684197874],[121.64354422504888,31.201164684197874],[121.64354422504888,31.201498259426327],[121.63675797225474,31.201498259426327],[121.63675797225474,31.201164684197874]]],[[[121.63675797225474,31.201498259426327],[121.64354422504888,31.201498259426327],[121.64354422504888,31.20183183465478],[121.63675797225474,31.20183183465478],[121.63675797225474,31.201498259426327]]],[[[121.63640080105505,31.20183183465478],[121.64354422504888,31.20183183465478],[121.64354422504888,31.202165409883232],[121.63640080105505,31.202165409883232],[121.63640080105505,31.20183183465478]]],[[[121.63604362985535,31.202165409883232],[121.64318705384919,31.202165409883232],[121.64318705384919,31.202498985111685],[121.63604362985535,31.202498985111685],[121.63604362985535,31.202165409883232]]],[[[121.63711514345442,31.202498985111685],[121.64318705384919,31.202498985111685],[121.64318705384919,31.202832560340138],[121.63711514345442,31.202832560340138],[121.63711514345442,31.202498985111685]]],[[[121.63782948585381,31.202832560340138],[121.64318705384919,31.202832560340138],[121.64318705384919,31.20316613556859],[121.63782948585381,31.20316613556859],[121.63782948585381,31.202832560340138]]],[[[121.63890099945289,31.20316613556859],[121.64318705384919,31.20316613556859],[121.64318705384919,31.203499710797043],[121.63890099945289,31.203499710797043],[121.63890099945289,31.20316613556859]]],[[[121.63961534185228,31.203499710797043],[121.64318705384919,31.203499710797043],[121.64318705384919,31.203833286025496],[121.63961534185228,31.203833286025496],[121.63961534185228,31.203499710797043]]],[[[121.64068685545135,31.203833286025493],[121.64318705384919,31.203833286025493],[121.64318705384919,31.204166861253945],[121.64068685545135,31.204166861253945],[121.64068685545135,31.203833286025493]]],[[[121.64140119785074,31.204166861253945],[121.64318705384919,31.204166861253945],[121.64318705384919,31.204500436482398],[121.64140119785074,31.204500436482398],[121.64140119785074,31.204166861253945]]],[[[121.64211554025012,31.204500436482398],[121.64318705384919,31.204500436482398],[121.64318705384919,31.20483401171085],[121.64211554025012,31.20483401171085],[121.64211554025012,31.204500436482398]]],[[[121.64282988264951,31.20483401171085],[121.64318705384919,31.20483401171085],[121.64318705384919,31.205167586939304],[121.64282988264951,31.205167586939304],[121.64282988264951,31.20483401171085]]]]}},{"type":"Feature","properties":{"parcel_id":"zhangjiang:parcel:0013","geometry_method":"road_barrier_raster_plus_buildings","functional_type":"commercial","dominant_type":"commercial","confidence":0.86,"building_count":1,"avg_building_area_m2":606,"centroid_lng":121.636831,"centroid_lat":31.197324,"parcel_area_m2":516597,"safety_clipped":false,"classification_source":"osm_tags+building_morphology+spatial_prior","synthetic_classification":true,"qc_flags":""},"geometry":{"type":"MultiPolygon","coordinates":[[[[121.62961454826089,31.18982312643049],[121.63104323305966,31.18982312643049],[121.63104323305966,31.190156701658942],[121.62961454826089,31.190156701658942],[121.62961454826089,31.18982312643049]]],[[[121.62925737706121,31.190156701658942],[121.63354343145751,31.190156701658942],[121.63354343145751,31.190490276887395],[121.62925737706121,31.190490276887395],[121.62925737706121,31.190156701658942]]],[[[121.62890020586151,31.190490276887395],[121.63711514345442,31.190490276887395],[121.63711514345442,31.190823852115848],[121.62890020586151,31.190823852115848],[121.62890020586151,31.190490276887395]]],[[[121.62890020586151,31.190823852115848],[121.63854382825319,31.190823852115848],[121.63854382825319,31.1911574273443],[121.62890020586151,31.1911574273443],[121.62890020586151,31.190823852115848]]],[[[121.62890020586151,31.1911574273443],[121.63854382825319,31.1911574273443],[121.63854382825319,31.191491002572754],[121.62890020586151,31.191491002572754],[121.62890020586151,31.1911574273443]]],[[[121.62890020586151,31.191491002572754],[121.63854382825319,31.191491002572754],[121.63854382825319,31.191824577801206],[121.62890020586151,31.191824577801206],[121.62890020586151,31.191491002572754]]],[[[121.62854303466182,31.191824577801206],[121.63854382825319,31.191824577801206],[121.63854382825319,31.19215815302966],[121.62854303466182,31.19215815302966],[121.62854303466182,31.191824577801206]]],[[[121.62818586346212,31.19215815302966],[121.63854382825319,31.19215815302966],[121.63854382825319,31.192491728258112],[121.62818586346212,31.192491728258112],[121.62818586346212,31.19215815302966]]],[[[121.62818586346212,31.192491728258112],[121.63854382825319,31.192491728258112],[121.63854382825319,31.192825303486565],[121.62818586346212,31.192825303486565],[121.62818586346212,31.192491728258112]]],[[[121.62818586346212,31.192825303486565],[121.63818665705351,31.192825303486565],[121.63818665705351,31.193158878715018],[121.62818586346212,31.193158878715018],[121.62818586346212,31.192825303486565]]],[[[121.62782869226243,31.193158878715014],[121.63818665705351,31.193158878715014],[121.63818665705351,31.193492453943467],[121.62782869226243,31.193492453943467],[121.62782869226243,31.193158878715014]]],[[[121.62782869226243,31.193492453943467],[121.63818665705351,31.193492453943467],[121.63818665705351,31.19382602917192],[121.62782869226243,31.19382602917192],[121.62782869226243,31.193492453943467]]],[[[121.62818586346212,31.19382602917192],[121.63818665705351,31.19382602917192],[121.63818665705351,31.194159604400372],[121.62818586346212,31.194159604400372],[121.62818586346212,31.19382602917192]]],[[[121.63032889066028,31.194159604400372],[121.63818665705351,31.194159604400372],[121.63818665705351,31.194493179628825],[121.63032889066028,31.194493179628825],[121.63032889066028,31.194159604400372]]],[[[121.63140040425935,31.194493179628825],[121.63818665705351,31.194493179628825],[121.63818665705351,31.194826754857278],[121.63140040425935,31.194826754857278],[121.63140040425935,31.194493179628825]]],[[[121.63211474665874,31.194826754857278],[121.63782948585381,31.194826754857278],[121.63782948585381,31.19516033008573],[121.63211474665874,31.19516033008573],[121.63211474665874,31.194826754857278]]],[[[121.63354343145751,31.19516033008573],[121.63782948585381,31.19516033008573],[121.63782948585381,31.195493905314184],[121.63354343145751,31.195493905314184],[121.63354343145751,31.19516033008573]]],[[[121.63461494505658,31.195493905314184],[121.63782948585381,31.195493905314184],[121.63782948585381,31.195827480542636],[121.63461494505658,31.195827480542636],[121.63461494505658,31.195493905314184]]],[[[121.63532928745597,31.195827480542636],[121.63782948585381,31.195827480542636],[121.63782948585381,31.19616105577109],[121.63532928745597,31.19616105577109],[121.63532928745597,31.195827480542636]]],[[[121.63604362985535,31.19616105577109],[121.63782948585381,31.19616105577109],[121.63782948585381,31.196494630999542],[121.63604362985535,31.196494630999542],[121.63604362985535,31.19616105577109]]],[[[121.63675797225474,31.19649463099954],[121.63747231465412,31.19649463099954],[121.63747231465412,31.19682820622799],[121.63675797225474,31.19682820622799],[121.63675797225474,31.19649463099954]]]]}},{"type":"Feature","properties":{"parcel_id":"zhangjiang:parcel:0014","geometry_method":"road_barrier_raster_plus_buildings","functional_type":"residential","dominant_type":"residential","confidence":0.62,"building_count":3,"avg_building_area_m2":606,"centroid_lng":121.565041,"centroid_lat":31.200973,"parcel_area_m2":2127830,"safety_clipped":false,"classification_source":"osm_tags+building_morphology+spatial_prior","synthetic_classification":true,"qc_flags":""},"geometry":{"type":"MultiPolygon","coordinates":[[[[121.55996616432093,31.190490276887395],[121.56282353391846,31.190490276887395],[121.56282353391846,31.190823852115848],[121.55996616432093,31.190823852115848],[121.55996616432093,31.190490276887395]]],[[[121.55996616432093,31.190823852115848],[121.5653237323163,31.190823852115848],[121.5653237323163,31.1911574273443],[121.55996616432093,31.1911574273443],[121.55996616432093,31.190823852115848]]],[[[121.55996616432093,31.1911574273443],[121.56782393071414,31.1911574273443],[121.56782393071414,31.191491002572754],[121.55996616432093,31.191491002572754],[121.55996616432093,31.1911574273443]]],[[[121.55996616432093,31.191491002572754],[121.570324129112,31.191491002572754],[121.570324129112,31.191824577801206],[121.55996616432093,31.191824577801206],[121.55996616432093,31.191491002572754]]],[[[121.55996616432093,31.191824577801206],[121.57139564271107,31.191824577801206],[121.57139564271107,31.19215815302966],[121.55996616432093,31.19215815302966],[121.55996616432093,31.191824577801206]]],[[[121.55996616432093,31.19215815302966],[121.57282432750984,31.19215815302966],[121.57282432750984,31.192491728258112],[121.55996616432093,31.192491728258112],[121.55996616432093,31.19215815302966]]],[[[121.55996616432093,31.192491728258112],[121.57389584110891,31.192491728258112],[121.57389584110891,31.192825303486565],[121.55996616432093,31.192825303486565],[121.55996616432093,31.192491728258112]]],[[[121.55996616432093,31.192825303486565],[121.5746101835083,31.192825303486565],[121.5746101835083,31.193158878715018],[121.55996616432093,31.193158878715018],[121.55996616432093,31.192825303486565]]],[[[121.55996616432093,31.193158878715014],[121.57568169710737,31.193158878715014],[121.57568169710737,31.193492453943467],[121.55996616432093,31.193492453943467],[121.55996616432093,31.193158878715014]]],[[[121.55996616432093,31.193492453943467],[121.57675321070646,31.193492453943467],[121.57675321070646,31.19382602917192],[121.55996616432093,31.19382602917192],[121.55996616432093,31.193492453943467]]],[[[121.55996616432093,31.19382602917192],[121.57711038190614,31.19382602917192],[121.57711038190614,31.194159604400372],[121.55996616432093,31.194159604400372],[121.55996616432093,31.19382602917192]]],[[[121.55925182192153,31.194159604400372],[121.57675321070646,31.194159604400372],[121.57675321070646,31.194493179628825],[121.55925182192153,31.194493179628825],[121.55925182192153,31.194159604400372]]],[[[121.55925182192153,31.194493179628825],[121.57675321070646,31.194493179628825],[121.57675321070646,31.194826754857278],[121.55925182192153,31.194826754857278],[121.55925182192153,31.194493179628825]]],[[[121.55925182192153,31.194826754857278],[121.57639603950676,31.194826754857278],[121.57639603950676,31.19516033008573],[121.55925182192153,31.19516033008573],[121.55925182192153,31.194826754857278]]],[[[121.55925182192153,31.19516033008573],[121.57639603950676,31.19516033008573],[121.57639603950676,31.195493905314184],[121.55925182192153,31.195493905314184],[121.55925182192153,31.19516033008573]]],[[[121.55925182192153,31.195493905314184],[121.57639603950676,31.195493905314184],[121.57639603950676,31.195827480542636],[121.55925182192153,31.195827480542636],[121.55925182192153,31.195493905314184]]],[[[121.55925182192153,31.195827480542636],[121.57639603950676,31.195827480542636],[121.57639603950676,31.19616105577109],[121.55925182192153,31.19616105577109],[121.55925182192153,31.195827480542636]]],[[[121.55925182192153,31.19616105577109],[121.57639603950676,31.19616105577109],[121.57639603950676,31.196494630999542],[121.55925182192153,31.196494630999542],[121.55925182192153,31.19616105577109]]],[[[121.55925182192153,31.19649463099954],[121.57603886830707,31.19649463099954],[121.57603886830707,31.19682820622799],[121.55925182192153,31.19682820622799],[121.55925182192153,31.19649463099954]]],[[[121.55925182192153,31.19682820622799],[121.57603886830707,31.19682820622799],[121.57603886830707,31.197161781456444],[121.55925182192153,31.197161781456444],[121.55925182192153,31.19682820622799]]],[[[121.55925182192153,31.197161781456444],[121.57603886830707,31.197161781456444],[121.57603886830707,31.197495356684897],[121.55925182192153,31.197495356684897],[121.55925182192153,31.197161781456444]]],[[[121.55925182192153,31.197495356684897],[121.57603886830707,31.197495356684897],[121.57603886830707,31.19782893191335],[121.55925182192153,31.19782893191335],[121.55925182192153,31.197495356684897]]],[[[121.55925182192153,31.19782893191335],[121.57603886830707,31.19782893191335],[121.57603886830707,31.198162507141802],[121.55925182192153,31.198162507141802],[121.55925182192153,31.19782893191335]]],[[[121.55925182192153,31.198162507141802],[121.57603886830707,31.198162507141802],[121.57603886830707,31.198496082370255],[121.55925182192153,31.198496082370255],[121.55925182192153,31.198162507141802]]],[[[121.55925182192153,31.198496082370255],[121.57568169710737,31.198496082370255],[121.57568169710737,31.198829657598708],[121.55925182192153,31.198829657598708],[121.55925182192153,31.198496082370255]]],[[[121.55925182192153,31.198829657598708],[121.57568169710737,31.198829657598708],[121.57568169710737,31.19916323282716],[121.55925182192153,31.19916323282716],[121.55925182192153,31.198829657598708]]],[[[121.55925182192153,31.19916323282716],[121.57568169710737,31.19916323282716],[121.57568169710737,31.199496808055613],[121.55925182192153,31.199496808055613],[121.55925182192153,31.19916323282716]]],[[[121.55925182192153,31.199496808055613],[121.57532452590769,31.199496808055613],[121.57532452590769,31.199830383284066],[121.55925182192153,31.199830383284066],[121.55925182192153,31.199496808055613]]],[[[121.55925182192153,31.199830383284066],[121.57532452590769,31.199830383284066],[121.57532452590769,31.20016395851252],[121.55925182192153,31.20016395851252],[121.55925182192153,31.199830383284066]]],[[[121.55925182192153,31.200163958512515],[121.57532452590769,31.200163958512515],[121.57532452590769,31.20049753374097],[121.55925182192153,31.20049753374097],[121.55925182192153,31.200163958512515]]],[[[121.55925182192153,31.20049753374097],[121.574967354708,31.20049753374097],[121.574967354708,31.20083110896942],[121.55925182192153,31.20083110896942],[121.55925182192153,31.20049753374097]]],[[[121.55925182192153,31.20083110896942],[121.574967354708,31.20083110896942],[121.574967354708,31.201164684197874],[121.55925182192153,31.201164684197874],[121.55925182192153,31.20083110896942]]],[[[121.55925182192153,31.201164684197874],[121.574967354708,31.201164684197874],[121.574967354708,31.201498259426327],[121.55925182192153,31.201498259426327],[121.55925182192153,31.201164684197874]]],[[[121.55925182192153,31.201498259426327],[121.574967354708,31.201498259426327],[121.574967354708,31.20183183465478],[121.55925182192153,31.20183183465478],[121.55925182192153,31.201498259426327]]],[[[121.55925182192153,31.20183183465478],[121.574967354708,31.20183183465478],[121.574967354708,31.202165409883232],[121.55925182192153,31.202165409883232],[121.55925182192153,31.20183183465478]]],[[[121.56032333552061,31.202165409883232],[121.574967354708,31.202165409883232],[121.574967354708,31.202498985111685],[121.56032333552061,31.202498985111685],[121.56032333552061,31.202165409883232]]],[[[121.56032333552061,31.202498985111685],[121.5746101835083,31.202498985111685],[121.5746101835083,31.202832560340138],[121.56032333552061,31.202832560340138],[121.56032333552061,31.202498985111685]]],[[[121.56425221871723,31.202832560340138],[121.5746101835083,31.202832560340138],[121.5746101835083,31.20316613556859],[121.56425221871723,31.20316613556859],[121.56425221871723,31.202832560340138]]],[[[121.56603807471569,31.20316613556859],[121.5746101835083,31.20316613556859],[121.5746101835083,31.203499710797043],[121.56603807471569,31.203499710797043],[121.56603807471569,31.20316613556859]]],[[[121.56710958831476,31.203499710797043],[121.5742530123086,31.203499710797043],[121.5742530123086,31.203833286025496],[121.56710958831476,31.203833286025496],[121.56710958831476,31.203499710797043]]],[[[121.56818110191384,31.203833286025493],[121.5742530123086,31.203833286025493],[121.5742530123086,31.204166861253945],[121.56818110191384,31.204166861253945],[121.56818110191384,31.203833286025493]]],[[[121.56889544431323,31.204166861253945],[121.5742530123086,31.204166861253945],[121.5742530123086,31.204500436482398],[121.56889544431323,31.204500436482398],[121.56889544431323,31.204166861253945]]],[[[121.5696097867126,31.204500436482398],[121.5742530123086,31.204500436482398],[121.5742530123086,31.20483401171085],[121.5696097867126,31.20483401171085],[121.5696097867126,31.204500436482398]]],[[[121.570324129112,31.20483401171085],[121.5742530123086,31.20483401171085],[121.5742530123086,31.205167586939304],[121.570324129112,31.205167586939304],[121.570324129112,31.20483401171085]]],[[[121.57139564271107,31.205167586939304],[121.5742530123086,31.205167586939304],[121.5742530123086,31.205501162167756],[121.57139564271107,31.205501162167756],[121.57139564271107,31.205167586939304]]],[[[121.57246715631014,31.205501162167756],[121.57389584110891,31.205501162167756],[121.57389584110891,31.20583473739621],[121.57246715631014,31.20583473739621],[121.57246715631014,31.205501162167756]]],[[[121.57353866990923,31.20583473739621],[121.57389584110891,31.20583473739621],[121.57389584110891,31.206168312624662],[121.57353866990923,31.206168312624662],[121.57353866990923,31.20583473739621]]]]}},{"type":"Feature","properties":{"parcel_id":"zhangjiang:parcel:0016","geometry_method":"road_barrier_raster_plus_buildings","functional_type":"residential","dominant_type":"residential","confidence":0.62,"building_count":3,"avg_building_area_m2":606,"centroid_lng":121.649982,"centroid_lat":31.20078,"parcel_area_m2":1883324,"safety_clipped":false,"classification_source":"osm_tags+building_morphology+spatial_prior","synthetic_classification":true,"qc_flags":""},"geometry":{"type":"MultiPolygon","coordinates":[[[[121.64818745064488,31.191491002572754],[121.64854462184458,31.191491002572754],[121.64854462184458,31.191824577801206],[121.64818745064488,31.191824577801206],[121.64818745064488,31.191491002572754]]],[[[121.64783027944519,31.191824577801206],[121.64961613544365,31.191824577801206],[121.64961613544365,31.19215815302966],[121.64783027944519,31.19215815302966],[121.64783027944519,31.191824577801206]]],[[[121.6474731082455,31.19215815302966],[121.65033047784304,31.19215815302966],[121.65033047784304,31.192491728258112],[121.6474731082455,31.192491728258112],[121.6474731082455,31.19215815302966]]],[[[121.6474731082455,31.192491728258112],[121.65104482024242,31.192491728258112],[121.65104482024242,31.192825303486565],[121.6474731082455,31.192825303486565],[121.6474731082455,31.192491728258112]]],[[[121.64711593704581,31.192825303486565],[121.65283067624088,31.192825303486565],[121.65283067624088,31.193158878715018],[121.64711593704581,31.193158878715018],[121.64711593704581,31.192825303486565]]],[[[121.64711593704581,31.193158878715014],[121.65390218983995,31.193158878715014],[121.65390218983995,31.193492453943467],[121.64711593704581,31.193492453943467],[121.64711593704581,31.193158878715014]]],[[[121.64711593704581,31.193492453943467],[121.65461653223934,31.193492453943467],[121.65461653223934,31.19382602917192],[121.64711593704581,31.19382602917192],[121.64711593704581,31.193492453943467]]],[[[121.64711593704581,31.19382602917192],[121.65568804583842,31.19382602917192],[121.65568804583842,31.194159604400372],[121.64711593704581,31.194159604400372],[121.64711593704581,31.19382602917192]]],[[[121.64711593704581,31.194159604400372],[121.65640238823781,31.194159604400372],[121.65640238823781,31.194493179628825],[121.64711593704581,31.194493179628825],[121.64711593704581,31.194159604400372]]],[[[121.64711593704581,31.194493179628825],[121.65711673063718,31.194493179628825],[121.65711673063718,31.194826754857278],[121.64711593704581,31.194826754857278],[121.64711593704581,31.194493179628825]]],[[[121.64675876584612,31.194826754857278],[121.65783107303658,31.194826754857278],[121.65783107303658,31.19516033008573],[121.64675876584612,31.19516033008573],[121.64675876584612,31.194826754857278]]],[[[121.64675876584612,31.19516033008573],[121.65818824423627,31.19516033008573],[121.65818824423627,31.195493905314184],[121.64675876584612,31.195493905314184],[121.64675876584612,31.19516033008573]]],[[[121.64675876584612,31.195493905314184],[121.65818824423627,31.195493905314184],[121.65818824423627,31.195827480542636],[121.64675876584612,31.195827480542636],[121.64675876584612,31.195493905314184]]],[[[121.64675876584612,31.195827480542636],[121.65818824423627,31.195827480542636],[121.65818824423627,31.19616105577109],[121.64675876584612,31.19616105577109],[121.64675876584612,31.195827480542636]]],[[[121.64675876584612,31.19616105577109],[121.65818824423627,31.19616105577109],[121.65818824423627,31.196494630999542],[121.64675876584612,31.196494630999542],[121.64675876584612,31.19616105577109]]],[[[121.64675876584612,31.19649463099954],[121.65818824423627,31.19649463099954],[121.65818824423627,31.19682820622799],[121.64675876584612,31.19682820622799],[121.64675876584612,31.19649463099954]]],[[[121.64675876584612,31.19682820622799],[121.65818824423627,31.19682820622799],[121.65818824423627,31.197161781456444],[121.64675876584612,31.197161781456444],[121.64675876584612,31.19682820622799]]],[[[121.64640159464642,31.197161781456444],[121.65818824423627,31.197161781456444],[121.65818824423627,31.197495356684897],[121.64640159464642,31.197495356684897],[121.64640159464642,31.197161781456444]]],[[[121.64640159464642,31.197495356684897],[121.65818824423627,31.197495356684897],[121.65818824423627,31.19782893191335],[121.64640159464642,31.19782893191335],[121.64640159464642,31.197495356684897]]],[[[121.64640159464642,31.19782893191335],[121.65818824423627,31.19782893191335],[121.65818824423627,31.198162507141802],[121.64640159464642,31.198162507141802],[121.64640159464642,31.19782893191335]]],[[[121.64604442344674,31.198162507141802],[121.65818824423627,31.198162507141802],[121.65818824423627,31.198496082370255],[121.64604442344674,31.198496082370255],[121.64604442344674,31.198162507141802]]],[[[121.64604442344674,31.198496082370255],[121.65818824423627,31.198496082370255],[121.65818824423627,31.198829657598708],[121.64604442344674,31.198829657598708],[121.64604442344674,31.198496082370255]]],[[[121.64604442344674,31.198829657598708],[121.65818824423627,31.198829657598708],[121.65818824423627,31.19916323282716],[121.64604442344674,31.19916323282716],[121.64604442344674,31.198829657598708]]],[[[121.64604442344674,31.19916323282716],[121.6567595594375,31.19916323282716],[121.6567595594375,31.199496808055613],[121.64604442344674,31.199496808055613],[121.64604442344674,31.19916323282716]]],[[[121.65783107303658,31.19916323282716],[121.65818824423627,31.19916323282716],[121.65818824423627,31.199496808055613],[121.65783107303658,31.199496808055613],[121.65783107303658,31.19916323282716]]],[[[121.64604442344674,31.199496808055613],[121.6567595594375,31.199496808055613],[121.6567595594375,31.199830383284066],[121.64604442344674,31.199830383284066],[121.64604442344674,31.199496808055613]]],[[[121.65783107303658,31.199496808055613],[121.65818824423627,31.199496808055613],[121.65818824423627,31.199830383284066],[121.65783107303658,31.199830383284066],[121.65783107303658,31.199496808055613]]],[[[121.64604442344674,31.199830383284066],[121.65640238823781,31.199830383284066],[121.65640238823781,31.20016395851252],[121.64604442344674,31.20016395851252],[121.64604442344674,31.199830383284066]]],[[[121.65783107303658,31.199830383284066],[121.65818824423627,31.199830383284066],[121.65818824423627,31.20016395851252],[121.65783107303658,31.20016395851252],[121.65783107303658,31.199830383284066]]],[[[121.64604442344674,31.200163958512515],[121.65640238823781,31.200163958512515],[121.65640238823781,31.20049753374097],[121.64604442344674,31.20049753374097],[121.64604442344674,31.200163958512515]]],[[[121.65783107303658,31.200163958512515],[121.65818824423627,31.200163958512515],[121.65818824423627,31.20049753374097],[121.65783107303658,31.20049753374097],[121.65783107303658,31.200163958512515]]],[[[121.64604442344674,31.20049753374097],[121.65604521703811,31.20049753374097],[121.65604521703811,31.20083110896942],[121.64604442344674,31.20083110896942],[121.64604442344674,31.20049753374097]]],[[[121.65747390183688,31.20049753374097],[121.65818824423627,31.20049753374097],[121.65818824423627,31.20083110896942],[121.65747390183688,31.20083110896942],[121.65747390183688,31.20049753374097]]],[[[121.64604442344674,31.20083110896942],[121.65604521703811,31.20083110896942],[121.65604521703811,31.201164684197874],[121.64604442344674,31.201164684197874],[121.64604442344674,31.20083110896942]]],[[[121.65747390183688,31.20083110896942],[121.65818824423627,31.20083110896942],[121.65818824423627,31.201164684197874],[121.65747390183688,31.201164684197874],[121.65747390183688,31.20083110896942]]],[[[121.64604442344674,31.201164684197874],[121.65604521703811,31.201164684197874],[121.65604521703811,31.201498259426327],[121.64604442344674,31.201498259426327],[121.64604442344674,31.201164684197874]]],[[[121.65747390183688,31.201164684197874],[121.65818824423627,31.201164684197874],[121.65818824423627,31.201498259426327],[121.65747390183688,31.201498259426327],[121.65747390183688,31.201164684197874]]],[[[121.64604442344674,31.201498259426327],[121.65604521703811,31.201498259426327],[121.65604521703811,31.20183183465478],[121.64604442344674,31.20183183465478],[121.64604442344674,31.201498259426327]]],[[[121.65711673063718,31.201498259426327],[121.65818824423627,31.201498259426327],[121.65818824423627,31.20183183465478],[121.65711673063718,31.20183183465478],[121.65711673063718,31.201498259426327]]],[[[121.64568725224704,31.20183183465478],[121.65818824423627,31.20183183465478],[121.65818824423627,31.202165409883232],[121.64568725224704,31.202165409883232],[121.64568725224704,31.20183183465478]]],[[[121.64568725224704,31.202165409883232],[121.65818824423627,31.202165409883232],[121.65818824423627,31.202498985111685],[121.64568725224704,31.202498985111685],[121.64568725224704,31.202165409883232]]],[[[121.64568725224704,31.202498985111685],[121.65818824423627,31.202498985111685],[121.65818824423627,31.202832560340138],[121.64568725224704,31.202832560340138],[121.64568725224704,31.202498985111685]]],[[[121.64568725224704,31.202832560340138],[121.65818824423627,31.202832560340138],[121.65818824423627,31.20316613556859],[121.64568725224704,31.20316613556859],[121.64568725224704,31.202832560340138]]],[[[121.64568725224704,31.20316613556859],[121.65818824423627,31.20316613556859],[121.65818824423627,31.203499710797043],[121.64568725224704,31.203499710797043],[121.64568725224704,31.20316613556859]]],[[[121.64568725224704,31.203499710797043],[121.65818824423627,31.203499710797043],[121.65818824423627,31.203833286025496],[121.64568725224704,31.203833286025496],[121.64568725224704,31.203499710797043]]],[[[121.64568725224704,31.203833286025493],[121.65818824423627,31.203833286025493],[121.65818824423627,31.204166861253945],[121.64568725224704,31.204166861253945],[121.64568725224704,31.203833286025493]]],[[[121.64568725224704,31.204166861253945],[121.65783107303658,31.204166861253945],[121.65783107303658,31.204500436482398],[121.64568725224704,31.204500436482398],[121.64568725224704,31.204166861253945]]],[[[121.64568725224704,31.204500436482398],[121.65747390183688,31.204500436482398],[121.65747390183688,31.20483401171085],[121.64568725224704,31.20483401171085],[121.64568725224704,31.204500436482398]]],[[[121.64568725224704,31.20483401171085],[121.65747390183688,31.20483401171085],[121.65747390183688,31.205167586939304],[121.64568725224704,31.205167586939304],[121.64568725224704,31.20483401171085]]],[[[121.64568725224704,31.205167586939304],[121.65711673063718,31.205167586939304],[121.65711673063718,31.205501162167756],[121.64568725224704,31.205501162167756],[121.64568725224704,31.205167586939304]]],[[[121.64533008104735,31.205501162167756],[121.65711673063718,31.205501162167756],[121.65711673063718,31.20583473739621],[121.64533008104735,31.20583473739621],[121.64533008104735,31.205501162167756]]],[[[121.64533008104735,31.20583473739621],[121.6567595594375,31.20583473739621],[121.6567595594375,31.206168312624662],[121.64533008104735,31.206168312624662],[121.64533008104735,31.20583473739621]]],[[[121.64533008104735,31.206168312624662],[121.6567595594375,31.206168312624662],[121.6567595594375,31.206501887853115],[121.64533008104735,31.206501887853115],[121.64533008104735,31.206168312624662]]],[[[121.64568725224704,31.206501887853115],[121.65640238823781,31.206501887853115],[121.65640238823781,31.206835463081568],[121.64568725224704,31.206835463081568],[121.64568725224704,31.206501887853115]]],[[[121.64675876584612,31.206835463081568],[121.65640238823781,31.206835463081568],[121.65640238823781,31.20716903831002],[121.64675876584612,31.20716903831002],[121.64675876584612,31.206835463081568]]],[[[121.6474731082455,31.20716903831002],[121.65604521703811,31.20716903831002],[121.65604521703811,31.207502613538473],[121.6474731082455,31.207502613538473],[121.6474731082455,31.20716903831002]]],[[[121.64818745064488,31.20750261353847],[121.65604521703811,31.20750261353847],[121.65604521703811,31.207836188766922],[121.64818745064488,31.207836188766922],[121.64818745064488,31.20750261353847]]],[[[121.64854462184458,31.207836188766922],[121.65568804583842,31.207836188766922],[121.65568804583842,31.208169763995375],[121.64854462184458,31.208169763995375],[121.64854462184458,31.207836188766922]]],[[[121.64890179304427,31.208169763995375],[121.65568804583842,31.208169763995375],[121.65568804583842,31.208503339223828],[121.64890179304427,31.208503339223828],[121.64890179304427,31.208169763995375]]],[[[121.64997330664335,31.208503339223828],[121.65533087463874,31.208503339223828],[121.65533087463874,31.20883691445228],[121.64997330664335,31.20883691445228],[121.64997330664335,31.208503339223828]]],[[[121.65068764904274,31.20883691445228],[121.65497370343904,31.20883691445228],[121.65497370343904,31.209170489680734],[121.65068764904274,31.209170489680734],[121.65068764904274,31.20883691445228]]],[[[121.65104482024242,31.209170489680734],[121.65497370343904,31.209170489680734],[121.65497370343904,31.209504064909186],[121.65104482024242,31.209504064909186],[121.65104482024242,31.209170489680734]]],[[[121.65140199144211,31.209504064909186],[121.65461653223934,31.209504064909186],[121.65461653223934,31.20983764013764],[121.65140199144211,31.20983764013764],[121.65140199144211,31.209504064909186]]],[[[121.6521163338415,31.20983764013764],[121.65425936103965,31.20983764013764],[121.65425936103965,31.210171215366092],[121.6521163338415,31.210171215366092],[121.6521163338415,31.20983764013764]]],[[[121.65247350504119,31.210171215366092],[121.65425936103965,31.210171215366092],[121.65425936103965,31.210504790594545],[121.65247350504119,31.210504790594545],[121.65247350504119,31.210171215366092]]],[[[121.65318784744058,31.210504790594545],[121.65425936103965,31.210504790594545],[121.65425936103965,31.210838365822998],[121.65318784744058,31.210838365822998],[121.65318784744058,31.210504790594545]]]]}},{"type":"Feature","properties":{"parcel_id":"zhangjiang:parcel:0018","geometry_method":"road_barrier_raster_plus_buildings","functional_type":"residential","dominant_type":"residential","confidence":1,"building_count":1,"avg_building_area_m2":606,"centroid_lng":121.627806,"centroid_lat":31.20143,"parcel_area_m2":500297,"safety_clipped":false,"classification_source":"osm_tags+building_morphology+spatial_prior","synthetic_classification":true,"qc_flags":""},"geometry":{"type":"MultiPolygon","coordinates":[[[[121.62711434986305,31.194826754857278],[121.62747152106274,31.194826754857278],[121.62747152106274,31.19516033008573],[121.62711434986305,31.19516033008573],[121.62711434986305,31.194826754857278]]],[[[121.62675717866335,31.19516033008573],[121.62890020586151,31.19516033008573],[121.62890020586151,31.195493905314184],[121.62675717866335,31.195493905314184],[121.62675717866335,31.19516033008573]]],[[[121.62640000746366,31.195493905314184],[121.63032889066028,31.195493905314184],[121.63032889066028,31.195827480542636],[121.62640000746366,31.195827480542636],[121.62640000746366,31.195493905314184]]],[[[121.62604283626398,31.195827480542636],[121.63104323305966,31.195827480542636],[121.63104323305966,31.19616105577109],[121.62604283626398,31.19616105577109],[121.62604283626398,31.195827480542636]]],[[[121.62568566506428,31.19616105577109],[121.63175757545905,31.19616105577109],[121.63175757545905,31.196494630999542],[121.62568566506428,31.196494630999542],[121.62568566506428,31.19616105577109]]],[[[121.62568566506428,31.19649463099954],[121.63318626025782,31.19649463099954],[121.63318626025782,31.19682820622799],[121.62568566506428,31.19682820622799],[121.62568566506428,31.19649463099954]]],[[[121.62568566506428,31.19682820622799],[121.63354343145751,31.19682820622799],[121.63354343145751,31.197161781456444],[121.62568566506428,31.197161781456444],[121.62568566506428,31.19682820622799]]],[[[121.62604283626398,31.197161781456444],[121.63461494505658,31.197161781456444],[121.63461494505658,31.197495356684897],[121.62604283626398,31.197495356684897],[121.62604283626398,31.197161781456444]]],[[[121.62604283626398,31.197495356684897],[121.63568645865566,31.197495356684897],[121.63568645865566,31.19782893191335],[121.62604283626398,31.19782893191335],[121.62604283626398,31.197495356684897]]],[[[121.62604283626398,31.19782893191335],[121.63675797225474,31.19782893191335],[121.63675797225474,31.198162507141802],[121.62604283626398,31.198162507141802],[121.62604283626398,31.19782893191335]]],[[[121.62604283626398,31.198162507141802],[121.63675797225474,31.198162507141802],[121.63675797225474,31.198496082370255],[121.62604283626398,31.198496082370255],[121.62604283626398,31.198162507141802]]],[[[121.62604283626398,31.198496082370255],[121.63640080105505,31.198496082370255],[121.63640080105505,31.198829657598708],[121.62604283626398,31.198829657598708],[121.62604283626398,31.198496082370255]]],[[[121.62604283626398,31.198829657598708],[121.63604362985535,31.198829657598708],[121.63604362985535,31.19916323282716],[121.62604283626398,31.19916323282716],[121.62604283626398,31.198829657598708]]],[[[121.62604283626398,31.19916323282716],[121.63604362985535,31.19916323282716],[121.63604362985535,31.199496808055613],[121.62604283626398,31.199496808055613],[121.62604283626398,31.19916323282716]]],[[[121.62604283626398,31.199496808055613],[121.63568645865566,31.199496808055613],[121.63568645865566,31.199830383284066],[121.62604283626398,31.199830383284066],[121.62604283626398,31.199496808055613]]],[[[121.62675717866335,31.199830383284066],[121.63568645865566,31.199830383284066],[121.63568645865566,31.20016395851252],[121.62675717866335,31.20016395851252],[121.62675717866335,31.199830383284066]]],[[[121.62818586346212,31.200163958512515],[121.63532928745597,31.200163958512515],[121.63532928745597,31.20049753374097],[121.62818586346212,31.20049753374097],[121.62818586346212,31.200163958512515]]],[[[121.62925737706121,31.20049753374097],[121.63497211625628,31.20049753374097],[121.63497211625628,31.20083110896942],[121.62925737706121,31.20083110896942],[121.62925737706121,31.20049753374097]]],[[[121.63032889066028,31.20083110896942],[121.63497211625628,31.20083110896942],[121.63497211625628,31.201164684197874],[121.63032889066028,31.201164684197874],[121.63032889066028,31.20083110896942]]],[[[121.63211474665874,31.201164684197874],[121.63461494505658,31.201164684197874],[121.63461494505658,31.201498259426327],[121.63211474665874,31.201498259426327],[121.63211474665874,31.201164684197874]]],[[[121.63354343145751,31.201498259426327],[121.63461494505658,31.201498259426327],[121.63461494505658,31.20183183465478],[121.63354343145751,31.20183183465478],[121.63354343145751,31.201498259426327]]]]}},{"type":"Feature","properties":{"parcel_id":"zhangjiang:parcel:0020","geometry_method":"road_barrier_raster_plus_buildings","functional_type":"commercial","dominant_type":"commercial","confidence":0.63,"building_count":3,"avg_building_area_m2":606,"centroid_lng":121.579734,"centroid_lat":31.206055,"parcel_area_m2":506566,"safety_clipped":false,"classification_source":"osm_tags+building_morphology+spatial_prior","synthetic_classification":true,"qc_flags":""},"geometry":{"type":"MultiPolygon","coordinates":[[[[121.57782472430553,31.201164684197874],[121.58032492270337,31.201164684197874],[121.58032492270337,31.201498259426327],[121.57782472430553,31.201498259426327],[121.57782472430553,31.201164684197874]]],[[[121.57782472430553,31.201498259426327],[121.58211077870183,31.201498259426327],[121.58211077870183,31.20183183465478],[121.57782472430553,31.20183183465478],[121.57782472430553,31.201498259426327]]],[[[121.57782472430553,31.20183183465478],[121.58282512110122,31.20183183465478],[121.58282512110122,31.202165409883232],[121.57782472430553,31.202165409883232],[121.57782472430553,31.20183183465478]]],[[[121.57782472430553,31.202165409883232],[121.58246794990153,31.202165409883232],[121.58246794990153,31.202498985111685],[121.57782472430553,31.202498985111685],[121.57782472430553,31.202165409883232]]],[[[121.57746755310583,31.202498985111685],[121.58246794990153,31.202498985111685],[121.58246794990153,31.202832560340138],[121.57746755310583,31.202832560340138],[121.57746755310583,31.202498985111685]]],[[[121.57746755310583,31.202832560340138],[121.58246794990153,31.202832560340138],[121.58246794990153,31.20316613556859],[121.57746755310583,31.20316613556859],[121.57746755310583,31.202832560340138]]],[[[121.57746755310583,31.20316613556859],[121.58246794990153,31.20316613556859],[121.58246794990153,31.203499710797043],[121.57746755310583,31.203499710797043],[121.57746755310583,31.20316613556859]]],[[[121.57746755310583,31.203499710797043],[121.58246794990153,31.203499710797043],[121.58246794990153,31.203833286025496],[121.57746755310583,31.203833286025496],[121.57746755310583,31.203499710797043]]],[[[121.57746755310583,31.203833286025493],[121.58211077870183,31.203833286025493],[121.58211077870183,31.204166861253945],[121.57746755310583,31.204166861253945],[121.57746755310583,31.203833286025493]]],[[[121.57711038190614,31.204166861253945],[121.58211077870183,31.204166861253945],[121.58211077870183,31.204500436482398],[121.57711038190614,31.204500436482398],[121.57711038190614,31.204166861253945]]],[[[121.57711038190614,31.204500436482398],[121.58211077870183,31.204500436482398],[121.58211077870183,31.20483401171085],[121.57711038190614,31.20483401171085],[121.57711038190614,31.204500436482398]]],[[[121.57711038190614,31.20483401171085],[121.58211077870183,31.20483401171085],[121.58211077870183,31.205167586939304],[121.57711038190614,31.205167586939304],[121.57711038190614,31.20483401171085]]],[[[121.57711038190614,31.205167586939304],[121.58175360750214,31.205167586939304],[121.58175360750214,31.205501162167756],[121.57711038190614,31.205501162167756],[121.57711038190614,31.205167586939304]]],[[[121.57675321070646,31.205501162167756],[121.58175360750214,31.205501162167756],[121.58175360750214,31.20583473739621],[121.57675321070646,31.20583473739621],[121.57675321070646,31.205501162167756]]],[[[121.57675321070646,31.20583473739621],[121.58175360750214,31.20583473739621],[121.58175360750214,31.206168312624662],[121.57675321070646,31.206168312624662],[121.57675321070646,31.20583473739621]]],[[[121.57675321070646,31.206168312624662],[121.58175360750214,31.206168312624662],[121.58175360750214,31.206501887853115],[121.57675321070646,31.206501887853115],[121.57675321070646,31.206168312624662]]],[[[121.57711038190614,31.206501887853115],[121.58175360750214,31.206501887853115],[121.58175360750214,31.206835463081568],[121.57711038190614,31.206835463081568],[121.57711038190614,31.206501887853115]]],[[[121.57711038190614,31.206835463081568],[121.58175360750214,31.206835463081568],[121.58175360750214,31.20716903831002],[121.57711038190614,31.20716903831002],[121.57711038190614,31.206835463081568]]],[[[121.57711038190614,31.20716903831002],[121.58175360750214,31.20716903831002],[121.58175360750214,31.207502613538473],[121.57711038190614,31.207502613538473],[121.57711038190614,31.20716903831002]]],[[[121.57746755310583,31.20750261353847],[121.58211077870183,31.20750261353847],[121.58211077870183,31.207836188766922],[121.57746755310583,31.207836188766922],[121.57746755310583,31.20750261353847]]],[[[121.57818189550522,31.207836188766922],[121.58246794990153,31.207836188766922],[121.58246794990153,31.208169763995375],[121.57818189550522,31.208169763995375],[121.57818189550522,31.207836188766922]]],[[[121.5785390667049,31.208169763995375],[121.5835394635006,31.208169763995375],[121.5835394635006,31.208503339223828],[121.5785390667049,31.208503339223828],[121.5785390667049,31.208169763995375]]],[[[121.5788962379046,31.208503339223828],[121.58532531949906,31.208503339223828],[121.58532531949906,31.20883691445228],[121.5788962379046,31.20883691445228],[121.5788962379046,31.208503339223828]]],[[[121.5792534091043,31.20883691445228],[121.58675400429783,31.20883691445228],[121.58675400429783,31.209170489680734],[121.5792534091043,31.209170489680734],[121.5792534091043,31.20883691445228]]],[[[121.57996775150369,31.209170489680734],[121.58746834669722,31.209170489680734],[121.58746834669722,31.209504064909186],[121.57996775150369,31.209504064909186],[121.57996775150369,31.209170489680734]]],[[[121.58103926510276,31.209504064909186],[121.58746834669722,31.209504064909186],[121.58746834669722,31.20983764013764],[121.58103926510276,31.20983764013764],[121.58103926510276,31.209504064909186]]],[[[121.58211077870183,31.20983764013764],[121.58746834669722,31.20983764013764],[121.58746834669722,31.210171215366092],[121.58211077870183,31.210171215366092],[121.58211077870183,31.20983764013764]]],[[[121.5831822923009,31.210171215366092],[121.58711117549753,31.210171215366092],[121.58711117549753,31.210504790594545],[121.5831822923009,31.210504790594545],[121.5831822923009,31.210171215366092]]],[[[121.58425380589999,31.210504790594545],[121.58711117549753,31.210504790594545],[121.58711117549753,31.210838365822998],[121.58425380589999,31.210838365822998],[121.58425380589999,31.210504790594545]]],[[[121.58603966189845,31.210838365822998],[121.58675400429783,31.210838365822998],[121.58675400429783,31.21117194105145],[121.58603966189845,31.21117194105145],[121.58603966189845,31.210838365822998]]]]}},{"type":"Feature","properties":{"parcel_id":"zhangjiang:parcel:0021","geometry_method":"road_barrier_raster_plus_buildings","functional_type":"residential","dominant_type":"residential","confidence":1,"building_count":1,"avg_building_area_m2":606,"centroid_lng":121.600065,"centroid_lat":31.204205,"parcel_area_m2":583053,"safety_clipped":false,"classification_source":"osm_tags+building_morphology+spatial_prior","synthetic_classification":true,"qc_flags":""},"geometry":{"type":"MultiPolygon","coordinates":[[[[121.58961137389537,31.20316613556859],[121.59211157229322,31.20316613556859],[121.59211157229322,31.203499710797043],[121.58961137389537,31.203499710797043],[121.58961137389537,31.20316613556859]]],[[[121.58961137389537,31.203499710797043],[121.59354025709199,31.203499710797043],[121.59354025709199,31.203833286025496],[121.58961137389537,31.203833286025496],[121.58961137389537,31.203499710797043]]],[[[121.58961137389537,31.203833286025493],[121.59568328429013,31.203833286025493],[121.59568328429013,31.204166861253945],[121.58961137389537,31.204166861253945],[121.58961137389537,31.203833286025493]]],[[[121.58925420269568,31.204166861253945],[121.59782631148829,31.204166861253945],[121.59782631148829,31.204500436482398],[121.58925420269568,31.204500436482398],[121.58925420269568,31.204166861253945]]],[[[121.58925420269568,31.204500436482398],[121.59925499628706,31.204500436482398],[121.59925499628706,31.20483401171085],[121.58925420269568,31.20483401171085],[121.58925420269568,31.204500436482398]]],[[[121.58925420269568,31.20483401171085],[121.59925499628706,31.20483401171085],[121.59925499628706,31.205167586939304],[121.58925420269568,31.205167586939304],[121.58925420269568,31.20483401171085]]],[[[121.58925420269568,31.205167586939304],[121.59889782508736,31.205167586939304],[121.59889782508736,31.205501162167756],[121.58925420269568,31.205501162167756],[121.58925420269568,31.205167586939304]]],[[[121.58925420269568,31.205501162167756],[121.59889782508736,31.205501162167756],[121.59889782508736,31.20583473739621],[121.58925420269568,31.20583473739621],[121.58925420269568,31.205501162167756]]],[[[121.58889703149599,31.20583473739621],[121.59889782508736,31.20583473739621],[121.59889782508736,31.206168312624662],[121.58889703149599,31.206168312624662],[121.58889703149599,31.20583473739621]]],[[[121.58889703149599,31.206168312624662],[121.59889782508736,31.206168312624662],[121.59889782508736,31.206501887853115],[121.58889703149599,31.206501887853115],[121.58889703149599,31.206168312624662]]],[[[121.58889703149599,31.206501887853115],[121.59889782508736,31.206501887853115],[121.59889782508736,31.206835463081568],[121.58889703149599,31.206835463081568],[121.58889703149599,31.206501887853115]]],[[[121.58889703149599,31.206835463081568],[121.59889782508736,31.206835463081568],[121.59889782508736,31.20716903831002],[121.58889703149599,31.20716903831002],[121.58889703149599,31.206835463081568]]],[[[121.58889703149599,31.20716903831002],[121.59889782508736,31.20716903831002],[121.59889782508736,31.207502613538473],[121.58889703149599,31.207502613538473],[121.58889703149599,31.20716903831002]]],[[[121.58889703149599,31.20750261353847],[121.59889782508736,31.20750261353847],[121.59889782508736,31.207836188766922],[121.58889703149599,31.207836188766922],[121.58889703149599,31.20750261353847]]],[[[121.58889703149599,31.207836188766922],[121.59889782508736,31.207836188766922],[121.59889782508736,31.208169763995375],[121.58889703149599,31.208169763995375],[121.58889703149599,31.207836188766922]]],[[[121.58889703149599,31.208169763995375],[121.59889782508736,31.208169763995375],[121.59889782508736,31.208503339223828],[121.58889703149599,31.208503339223828],[121.58889703149599,31.208169763995375]]],[[[121.59068288749445,31.208503339223828],[121.59889782508736,31.208503339223828],[121.59889782508736,31.20883691445228],[121.59068288749445,31.20883691445228],[121.59068288749445,31.208503339223828]]],[[[121.59211157229322,31.20883691445228],[121.59854065388767,31.20883691445228],[121.59854065388767,31.209170489680734],[121.59211157229322,31.209170489680734],[121.59211157229322,31.20883691445228]]],[[[121.59318308589229,31.209170489680734],[121.59854065388767,31.209170489680734],[121.59854065388767,31.209504064909186],[121.59318308589229,31.209504064909186],[121.59318308589229,31.209170489680734]]],[[[121.59461177069106,31.209504064909186],[121.59854065388767,31.209504064909186],[121.59854065388767,31.20983764013764],[121.59461177069106,31.20983764013764],[121.59461177069106,31.209504064909186]]],[[[121.59675479788922,31.20983764013764],[121.59854065388767,31.20983764013764],[121.59854065388767,31.210171215366092],[121.59675479788922,31.210171215366092],[121.59675479788922,31.20983764013764]]]]}},{"type":"Feature","properties":{"parcel_id":"zhangjiang:parcel:0023","geometry_method":"road_barrier_raster_plus_buildings","functional_type":"office","dominant_type":"office","confidence":0.89,"building_count":1,"avg_building_area_m2":606,"centroid_lng":121.643538,"centroid_lat":31.225485,"parcel_area_m2":848875,"safety_clipped":false,"classification_source":"osm_tags+building_morphology+spatial_prior","synthetic_classification":true,"qc_flags":""},"geometry":{"type":"MultiPolygon","coordinates":[[[[121.63890099945289,31.20583473739621],[121.63925817065258,31.20583473739621],[121.63925817065258,31.206168312624662],[121.63890099945289,31.206168312624662],[121.63890099945289,31.20583473739621]]],[[[121.63890099945289,31.206168312624662],[121.63997251305197,31.206168312624662],[121.63997251305197,31.206501887853115],[121.63890099945289,31.206501887853115],[121.63890099945289,31.206168312624662]]],[[[121.63890099945289,31.206501887853115],[121.64104402665104,31.206501887853115],[121.64104402665104,31.206835463081568],[121.63890099945289,31.206835463081568],[121.63890099945289,31.206501887853115]]],[[[121.63890099945289,31.206835463081568],[121.64175836905042,31.206835463081568],[121.64175836905042,31.20716903831002],[121.63890099945289,31.20716903831002],[121.63890099945289,31.206835463081568]]],[[[121.63890099945289,31.20716903831002],[121.64247271144981,31.20716903831002],[121.64247271144981,31.207502613538473],[121.63890099945289,31.207502613538473],[121.63890099945289,31.20716903831002]]],[[[121.63890099945289,31.20750261353847],[121.64282988264951,31.20750261353847],[121.64282988264951,31.207836188766922],[121.63890099945289,31.207836188766922],[121.63890099945289,31.20750261353847]]],[[[121.63890099945289,31.207836188766922],[121.64282988264951,31.207836188766922],[121.64282988264951,31.208169763995375],[121.63890099945289,31.208169763995375],[121.63890099945289,31.207836188766922]]],[[[121.63890099945289,31.208169763995375],[121.64282988264951,31.208169763995375],[121.64282988264951,31.208503339223828],[121.63890099945289,31.208503339223828],[121.63890099945289,31.208169763995375]]],[[[121.63854382825319,31.208503339223828],[121.64282988264951,31.208503339223828],[121.64282988264951,31.20883691445228],[121.63854382825319,31.20883691445228],[121.63854382825319,31.208503339223828]]],[[[121.63854382825319,31.20883691445228],[121.64282988264951,31.20883691445228],[121.64282988264951,31.209170489680734],[121.63854382825319,31.209170489680734],[121.63854382825319,31.20883691445228]]],[[[121.63854382825319,31.209170489680734],[121.64282988264951,31.209170489680734],[121.64282988264951,31.209504064909186],[121.63854382825319,31.209504064909186],[121.63854382825319,31.209170489680734]]],[[[121.63854382825319,31.209504064909186],[121.64282988264951,31.209504064909186],[121.64282988264951,31.20983764013764],[121.63854382825319,31.20983764013764],[121.63854382825319,31.209504064909186]]],[[[121.63854382825319,31.20983764013764],[121.64282988264951,31.20983764013764],[121.64282988264951,31.210171215366092],[121.63854382825319,31.210171215366092],[121.63854382825319,31.20983764013764]]],[[[121.63854382825319,31.210171215366092],[121.64282988264951,31.210171215366092],[121.64282988264951,31.210504790594545],[121.63854382825319,31.210504790594545],[121.63854382825319,31.210171215366092]]],[[[121.63854382825319,31.210504790594545],[121.64282988264951,31.210504790594545],[121.64282988264951,31.210838365822998],[121.63854382825319,31.210838365822998],[121.63854382825319,31.210504790594545]]],[[[121.63854382825319,31.210838365822998],[121.64282988264951,31.210838365822998],[121.64282988264951,31.21117194105145],[121.63854382825319,31.21117194105145],[121.63854382825319,31.210838365822998]]],[[[121.63854382825319,31.211171941051447],[121.64282988264951,31.211171941051447],[121.64282988264951,31.2115055162799],[121.63854382825319,31.2115055162799],[121.63854382825319,31.211171941051447]]],[[[121.63854382825319,31.2115055162799],[121.64282988264951,31.2115055162799],[121.64282988264951,31.211839091508352],[121.63854382825319,31.211839091508352],[121.63854382825319,31.2115055162799]]],[[[121.63854382825319,31.211839091508352],[121.64282988264951,31.211839091508352],[121.64282988264951,31.212172666736805],[121.63854382825319,31.212172666736805],[121.63854382825319,31.211839091508352]]],[[[121.63854382825319,31.212172666736805],[121.64282988264951,31.212172666736805],[121.64282988264951,31.212506241965258],[121.63854382825319,31.212506241965258],[121.63854382825319,31.212172666736805]]],[[[121.63854382825319,31.212506241965258],[121.64282988264951,31.212506241965258],[121.64282988264951,31.21283981719371],[121.63854382825319,31.21283981719371],[121.63854382825319,31.212506241965258]]],[[[121.63854382825319,31.21283981719371],[121.64282988264951,31.21283981719371],[121.64282988264951,31.213173392422163],[121.63854382825319,31.213173392422163],[121.63854382825319,31.21283981719371]]],[[[121.63854382825319,31.213173392422163],[121.64282988264951,31.213173392422163],[121.64282988264951,31.213506967650616],[121.63854382825319,31.213506967650616],[121.63854382825319,31.213173392422163]]],[[[121.63854382825319,31.213506967650616],[121.64282988264951,31.213506967650616],[121.64282988264951,31.21384054287907],[121.63854382825319,31.21384054287907],[121.63854382825319,31.213506967650616]]],[[[121.63854382825319,31.21384054287907],[121.64282988264951,31.21384054287907],[121.64282988264951,31.214174118107522],[121.63854382825319,31.214174118107522],[121.63854382825319,31.21384054287907]]],[[[121.63854382825319,31.214174118107522],[121.64282988264951,31.214174118107522],[121.64282988264951,31.214507693335975],[121.63854382825319,31.214507693335975],[121.63854382825319,31.214174118107522]]],[[[121.63854382825319,31.214507693335975],[121.64282988264951,31.214507693335975],[121.64282988264951,31.214841268564427],[121.63854382825319,31.214841268564427],[121.63854382825319,31.214507693335975]]],[[[121.63854382825319,31.214841268564424],[121.64282988264951,31.214841268564424],[121.64282988264951,31.215174843792877],[121.63854382825319,31.215174843792877],[121.63854382825319,31.214841268564424]]],[[[121.63854382825319,31.215174843792877],[121.64282988264951,31.215174843792877],[121.64282988264951,31.21550841902133],[121.63854382825319,31.21550841902133],[121.63854382825319,31.215174843792877]]],[[[121.63854382825319,31.21550841902133],[121.64282988264951,31.21550841902133],[121.64282988264951,31.215841994249782],[121.63854382825319,31.215841994249782],[121.63854382825319,31.21550841902133]]],[[[121.63854382825319,31.215841994249782],[121.64282988264951,31.215841994249782],[121.64282988264951,31.216175569478235],[121.63854382825319,31.216175569478235],[121.63854382825319,31.215841994249782]]],[[[121.63854382825319,31.216175569478235],[121.64282988264951,31.216175569478235],[121.64282988264951,31.216509144706688],[121.63854382825319,31.216509144706688],[121.63854382825319,31.216175569478235]]],[[[121.63854382825319,31.216509144706688],[121.64282988264951,31.216509144706688],[121.64282988264951,31.21684271993514],[121.63854382825319,31.21684271993514],[121.63854382825319,31.216509144706688]]],[[[121.63854382825319,31.21684271993514],[121.64282988264951,31.21684271993514],[121.64282988264951,31.217176295163593],[121.63854382825319,31.217176295163593],[121.63854382825319,31.21684271993514]]],[[[121.63854382825319,31.217176295163593],[121.64282988264951,31.217176295163593],[121.64282988264951,31.217509870392046],[121.63854382825319,31.217509870392046],[121.63854382825319,31.217176295163593]]],[[[121.63854382825319,31.217509870392046],[121.64282988264951,31.217509870392046],[121.64282988264951,31.2178434456205],[121.63854382825319,31.2178434456205],[121.63854382825319,31.217509870392046]]],[[[121.63854382825319,31.2178434456205],[121.64282988264951,31.2178434456205],[121.64282988264951,31.21817702084895],[121.63854382825319,31.21817702084895],[121.63854382825319,31.2178434456205]]],[[[121.63854382825319,31.21817702084895],[121.64282988264951,31.21817702084895],[121.64282988264951,31.218510596077405],[121.63854382825319,31.218510596077405],[121.63854382825319,31.21817702084895]]],[[[121.63854382825319,31.2185105960774],[121.64282988264951,31.2185105960774],[121.64282988264951,31.218844171305854],[121.63854382825319,31.218844171305854],[121.63854382825319,31.2185105960774]]],[[[121.63854382825319,31.218844171305854],[121.64282988264951,31.218844171305854],[121.64282988264951,31.219177746534307],[121.63854382825319,31.219177746534307],[121.63854382825319,31.218844171305854]]],[[[121.63854382825319,31.219177746534307],[121.64282988264951,31.219177746534307],[121.64282988264951,31.21951132176276],[121.63854382825319,31.21951132176276],[121.63854382825319,31.219177746534307]]],[[[121.63854382825319,31.21951132176276],[121.64282988264951,31.21951132176276],[121.64282988264951,31.219844896991212],[121.63854382825319,31.219844896991212],[121.63854382825319,31.21951132176276]]],[[[121.63854382825319,31.219844896991212],[121.64282988264951,31.219844896991212],[121.64282988264951,31.220178472219665],[121.63854382825319,31.220178472219665],[121.63854382825319,31.219844896991212]]],[[[121.63854382825319,31.220178472219665],[121.64282988264951,31.220178472219665],[121.64282988264951,31.220512047448118],[121.63854382825319,31.220512047448118],[121.63854382825319,31.220178472219665]]],[[[121.63854382825319,31.220512047448118],[121.64282988264951,31.220512047448118],[121.64282988264951,31.22084562267657],[121.63854382825319,31.22084562267657],[121.63854382825319,31.220512047448118]]],[[[121.63854382825319,31.22084562267657],[121.64282988264951,31.22084562267657],[121.64282988264951,31.221179197905023],[121.63854382825319,31.221179197905023],[121.63854382825319,31.22084562267657]]],[[[121.63854382825319,31.221179197905023],[121.64282988264951,31.221179197905023],[121.64282988264951,31.221512773133476],[121.63854382825319,31.221512773133476],[121.63854382825319,31.221179197905023]]],[[[121.63818665705351,31.221512773133476],[121.64282988264951,31.221512773133476],[121.64282988264951,31.22184634836193],[121.63818665705351,31.22184634836193],[121.63818665705351,31.221512773133476]]],[[[121.63782948585381,31.22184634836193],[121.64282988264951,31.22184634836193],[121.64282988264951,31.22217992359038],[121.63782948585381,31.22217992359038],[121.63782948585381,31.22184634836193]]],[[[121.63282908905812,31.222179923590378],[121.63497211625628,31.222179923590378],[121.63497211625628,31.22251349881883],[121.63282908905812,31.22251349881883],[121.63282908905812,31.222179923590378]]],[[[121.63711514345442,31.222179923590378],[121.64282988264951,31.222179923590378],[121.64282988264951,31.22251349881883],[121.63711514345442,31.22251349881883],[121.63711514345442,31.222179923590378]]],[[[121.63282908905812,31.22251349881883],[121.64282988264951,31.22251349881883],[121.64282988264951,31.222847074047284],[121.63282908905812,31.222847074047284],[121.63282908905812,31.22251349881883]]],[[[121.63354343145751,31.222847074047284],[121.64282988264951,31.222847074047284],[121.64282988264951,31.223180649275736],[121.63354343145751,31.223180649275736],[121.63354343145751,31.222847074047284]]],[[[121.63532928745597,31.223180649275736],[121.64282988264951,31.223180649275736],[121.64282988264951,31.22351422450419],[121.63532928745597,31.22351422450419],[121.63532928745597,31.223180649275736]]],[[[121.63747231465412,31.22351422450419],[121.64247271144981,31.22351422450419],[121.64247271144981,31.223847799732642],[121.63747231465412,31.223847799732642],[121.63747231465412,31.22351422450419]]],[[[121.63854382825319,31.223847799732642],[121.64211554025012,31.223847799732642],[121.64211554025012,31.224181374961095],[121.63854382825319,31.224181374961095],[121.63854382825319,31.223847799732642]]]]}},{"type":"Feature","properties":{"parcel_id":"zhangjiang:parcel:0025","geometry_method":"road_barrier_raster_plus_buildings","functional_type":"residential","dominant_type":"residential","confidence":1,"building_count":2,"avg_building_area_m2":606,"centroid_lng":121.643939,"centroid_lat":31.223323,"parcel_area_m2":847621,"safety_clipped":false,"classification_source":"osm_tags+building_morphology+spatial_prior","synthetic_classification":true,"qc_flags":""},"geometry":{"type":"MultiPolygon","coordinates":[[[[121.64533008104735,31.207836188766922],[121.64568725224704,31.207836188766922],[121.64568725224704,31.208169763995375],[121.64533008104735,31.208169763995375],[121.64533008104735,31.207836188766922]]],[[[121.64533008104735,31.208169763995375],[121.64640159464642,31.208169763995375],[121.64640159464642,31.208503339223828],[121.64533008104735,31.208503339223828],[121.64533008104735,31.208169763995375]]],[[[121.64533008104735,31.208503339223828],[121.64675876584612,31.208503339223828],[121.64675876584612,31.20883691445228],[121.64533008104735,31.20883691445228],[121.64533008104735,31.208503339223828]]],[[[121.64533008104735,31.20883691445228],[121.64711593704581,31.20883691445228],[121.64711593704581,31.209170489680734],[121.64533008104735,31.209170489680734],[121.64533008104735,31.20883691445228]]],[[[121.64533008104735,31.209170489680734],[121.64783027944519,31.209170489680734],[121.64783027944519,31.209504064909186],[121.64533008104735,31.209504064909186],[121.64533008104735,31.209170489680734]]],[[[121.64533008104735,31.209504064909186],[121.64854462184458,31.209504064909186],[121.64854462184458,31.20983764013764],[121.64533008104735,31.20983764013764],[121.64533008104735,31.209504064909186]]],[[[121.64497290984765,31.20983764013764],[121.64925896424396,31.20983764013764],[121.64925896424396,31.210171215366092],[121.64497290984765,31.210171215366092],[121.64497290984765,31.20983764013764]]],[[[121.64497290984765,31.210171215366092],[121.64961613544365,31.210171215366092],[121.64961613544365,31.210504790594545],[121.64497290984765,31.210504790594545],[121.64497290984765,31.210171215366092]]],[[[121.64497290984765,31.210504790594545],[121.65033047784304,31.210504790594545],[121.65033047784304,31.210838365822998],[121.64497290984765,31.210838365822998],[121.64497290984765,31.210504790594545]]],[[[121.64497290984765,31.210838365822998],[121.65104482024242,31.210838365822998],[121.65104482024242,31.21117194105145],[121.64497290984765,31.21117194105145],[121.64497290984765,31.210838365822998]]],[[[121.64497290984765,31.211171941051447],[121.65140199144211,31.211171941051447],[121.65140199144211,31.2115055162799],[121.64497290984765,31.2115055162799],[121.64497290984765,31.211171941051447]]],[[[121.64497290984765,31.2115055162799],[121.65247350504119,31.2115055162799],[121.65247350504119,31.211839091508352],[121.64497290984765,31.211839091508352],[121.64497290984765,31.2115055162799]]],[[[121.64497290984765,31.211839091508352],[121.65318784744058,31.211839091508352],[121.65318784744058,31.212172666736805],[121.64497290984765,31.212172666736805],[121.64497290984765,31.211839091508352]]],[[[121.64497290984765,31.212172666736805],[121.65318784744058,31.212172666736805],[121.65318784744058,31.212506241965258],[121.64497290984765,31.212506241965258],[121.64497290984765,31.212172666736805]]],[[[121.64497290984765,31.212506241965258],[121.65318784744058,31.212506241965258],[121.65318784744058,31.21283981719371],[121.64497290984765,31.21283981719371],[121.64497290984765,31.212506241965258]]],[[[121.64497290984765,31.21283981719371],[121.65283067624088,31.21283981719371],[121.65283067624088,31.213173392422163],[121.64497290984765,31.213173392422163],[121.64497290984765,31.21283981719371]]],[[[121.64497290984765,31.213173392422163],[121.65283067624088,31.213173392422163],[121.65283067624088,31.213506967650616],[121.64497290984765,31.213506967650616],[121.64497290984765,31.213173392422163]]],[[[121.64497290984765,31.213506967650616],[121.65247350504119,31.213506967650616],[121.65247350504119,31.21384054287907],[121.64497290984765,31.21384054287907],[121.64497290984765,31.213506967650616]]],[[[121.64497290984765,31.21384054287907],[121.65247350504119,31.21384054287907],[121.65247350504119,31.214174118107522],[121.64497290984765,31.214174118107522],[121.64497290984765,31.21384054287907]]],[[[121.64497290984765,31.214174118107522],[121.65247350504119,31.214174118107522],[121.65247350504119,31.214507693335975],[121.64497290984765,31.214507693335975],[121.64497290984765,31.214174118107522]]],[[[121.64497290984765,31.214507693335975],[121.6521163338415,31.214507693335975],[121.6521163338415,31.214841268564427],[121.64497290984765,31.214841268564427],[121.64497290984765,31.214507693335975]]],[[[121.64497290984765,31.214841268564424],[121.6521163338415,31.214841268564424],[121.6521163338415,31.215174843792877],[121.64497290984765,31.215174843792877],[121.64497290984765,31.214841268564424]]],[[[121.64497290984765,31.215174843792877],[121.65175916264181,31.215174843792877],[121.65175916264181,31.21550841902133],[121.64497290984765,31.21550841902133],[121.64497290984765,31.215174843792877]]],[[[121.64497290984765,31.21550841902133],[121.65175916264181,31.21550841902133],[121.65175916264181,31.215841994249782],[121.64497290984765,31.215841994249782],[121.64497290984765,31.21550841902133]]],[[[121.64497290984765,31.215841994249782],[121.65140199144211,31.215841994249782],[121.65140199144211,31.216175569478235],[121.64497290984765,31.216175569478235],[121.64497290984765,31.215841994249782]]],[[[121.64497290984765,31.216175569478235],[121.65140199144211,31.216175569478235],[121.65140199144211,31.216509144706688],[121.64497290984765,31.216509144706688],[121.64497290984765,31.216175569478235]]],[[[121.64497290984765,31.216509144706688],[121.65104482024242,31.216509144706688],[121.65104482024242,31.21684271993514],[121.64497290984765,31.21684271993514],[121.64497290984765,31.216509144706688]]],[[[121.64497290984765,31.21684271993514],[121.65104482024242,31.21684271993514],[121.65104482024242,31.217176295163593],[121.64497290984765,31.217176295163593],[121.64497290984765,31.21684271993514]]],[[[121.64497290984765,31.217176295163593],[121.65068764904274,31.217176295163593],[121.65068764904274,31.217509870392046],[121.64497290984765,31.217509870392046],[121.64497290984765,31.217176295163593]]],[[[121.64497290984765,31.217509870392046],[121.65068764904274,31.217509870392046],[121.65068764904274,31.2178434456205],[121.64497290984765,31.2178434456205],[121.64497290984765,31.217509870392046]]],[[[121.64497290984765,31.2178434456205],[121.65033047784304,31.2178434456205],[121.65033047784304,31.21817702084895],[121.64497290984765,31.21817702084895],[121.64497290984765,31.2178434456205]]],[[[121.64497290984765,31.21817702084895],[121.65033047784304,31.21817702084895],[121.65033047784304,31.218510596077405],[121.64497290984765,31.218510596077405],[121.64497290984765,31.21817702084895]]],[[[121.64497290984765,31.2185105960774],[121.64997330664335,31.2185105960774],[121.64997330664335,31.218844171305854],[121.64497290984765,31.218844171305854],[121.64497290984765,31.2185105960774]]],[[[121.64497290984765,31.218844171305854],[121.64997330664335,31.218844171305854],[121.64997330664335,31.219177746534307],[121.64497290984765,31.219177746534307],[121.64497290984765,31.218844171305854]]],[[[121.64497290984765,31.219177746534307],[121.64997330664335,31.219177746534307],[121.64997330664335,31.21951132176276],[121.64497290984765,31.21951132176276],[121.64497290984765,31.219177746534307]]],[[[121.64497290984765,31.21951132176276],[121.64961613544365,31.21951132176276],[121.64961613544365,31.219844896991212],[121.64497290984765,31.219844896991212],[121.64497290984765,31.21951132176276]]],[[[121.64497290984765,31.219844896991212],[121.64925896424396,31.219844896991212],[121.64925896424396,31.220178472219665],[121.64497290984765,31.220178472219665],[121.64497290984765,31.219844896991212]]],[[[121.64497290984765,31.220178472219665],[121.64925896424396,31.220178472219665],[121.64925896424396,31.220512047448118],[121.64497290984765,31.220512047448118],[121.64497290984765,31.220178472219665]]],[[[121.64533008104735,31.220512047448118],[121.64890179304427,31.220512047448118],[121.64890179304427,31.22084562267657],[121.64533008104735,31.22084562267657],[121.64533008104735,31.220512047448118]]],[[[121.64533008104735,31.22084562267657],[121.64890179304427,31.22084562267657],[121.64890179304427,31.221179197905023],[121.64533008104735,31.221179197905023],[121.64533008104735,31.22084562267657]]],[[[121.64533008104735,31.221179197905023],[121.64854462184458,31.221179197905023],[121.64854462184458,31.221512773133476],[121.64533008104735,31.221512773133476],[121.64533008104735,31.221179197905023]]],[[[121.64533008104735,31.221512773133476],[121.64854462184458,31.221512773133476],[121.64854462184458,31.22184634836193],[121.64533008104735,31.22184634836193],[121.64533008104735,31.221512773133476]]],[[[121.64533008104735,31.22184634836193],[121.64818745064488,31.22184634836193],[121.64818745064488,31.22217992359038],[121.64533008104735,31.22217992359038],[121.64533008104735,31.22184634836193]]],[[[121.64533008104735,31.222179923590378],[121.64818745064488,31.222179923590378],[121.64818745064488,31.22251349881883],[121.64533008104735,31.22251349881883],[121.64533008104735,31.222179923590378]]],[[[121.64533008104735,31.22251349881883],[121.64783027944519,31.22251349881883],[121.64783027944519,31.222847074047284],[121.64533008104735,31.222847074047284],[121.64533008104735,31.22251349881883]]],[[[121.64533008104735,31.222847074047284],[121.64783027944519,31.222847074047284],[121.64783027944519,31.223180649275736],[121.64533008104735,31.223180649275736],[121.64533008104735,31.222847074047284]]],[[[121.64533008104735,31.223180649275736],[121.6474731082455,31.223180649275736],[121.6474731082455,31.22351422450419],[121.64533008104735,31.22351422450419],[121.64533008104735,31.223180649275736]]],[[[121.64568725224704,31.22351422450419],[121.64711593704581,31.22351422450419],[121.64711593704581,31.223847799732642],[121.64568725224704,31.223847799732642],[121.64568725224704,31.22351422450419]]],[[[121.64568725224704,31.223847799732642],[121.64711593704581,31.223847799732642],[121.64711593704581,31.224181374961095],[121.64568725224704,31.224181374961095],[121.64568725224704,31.223847799732642]]],[[[121.64604442344674,31.224181374961095],[121.64711593704581,31.224181374961095],[121.64711593704581,31.224514950189548],[121.64604442344674,31.224514950189548],[121.64604442344674,31.224181374961095]]],[[[121.64640159464642,31.224514950189548],[121.64675876584612,31.224514950189548],[121.64675876584612,31.224848525418],[121.64640159464642,31.224848525418],[121.64640159464642,31.224514950189548]]]]}},{"type":"Feature","properties":{"parcel_id":"zhangjiang:parcel:0030","geometry_method":"road_barrier_raster_plus_buildings","functional_type":"office","dominant_type":"office","confidence":0.58,"building_count":4,"avg_building_area_m2":606,"centroid_lng":121.565914,"centroid_lat":31.220468,"parcel_area_m2":920346,"safety_clipped":false,"classification_source":"osm_tags+building_morphology+spatial_prior","synthetic_classification":true,"qc_flags":""},"geometry":{"type":"MultiPolygon","coordinates":[[[[121.56210919151907,31.214174118107522],[121.56246636271877,31.214174118107522],[121.56246636271877,31.214507693335975],[121.56210919151907,31.214507693335975],[121.56210919151907,31.214174118107522]]],[[[121.56210919151907,31.214507693335975],[121.56460938991692,31.214507693335975],[121.56460938991692,31.214841268564427],[121.56210919151907,31.214841268564427],[121.56210919151907,31.214507693335975]]],[[[121.56175202031937,31.214841268564424],[121.56639524591537,31.214841268564424],[121.56639524591537,31.215174843792877],[121.56175202031937,31.215174843792877],[121.56175202031937,31.214841268564424]]],[[[121.56175202031937,31.215174843792877],[121.56782393071414,31.215174843792877],[121.56782393071414,31.21550841902133],[121.56175202031937,31.21550841902133],[121.56175202031937,31.215174843792877]]],[[[121.56175202031937,31.21550841902133],[121.570324129112,31.21550841902133],[121.570324129112,31.215841994249782],[121.56175202031937,31.215841994249782],[121.56175202031937,31.21550841902133]]],[[[121.56175202031937,31.215841994249782],[121.57175281391076,31.215841994249782],[121.57175281391076,31.216175569478235],[121.56175202031937,31.216175569478235],[121.56175202031937,31.215841994249782]]],[[[121.56175202031937,31.216175569478235],[121.57175281391076,31.216175569478235],[121.57175281391076,31.216509144706688],[121.56175202031937,31.216509144706688],[121.56175202031937,31.216175569478235]]],[[[121.56175202031937,31.216509144706688],[121.57175281391076,31.216509144706688],[121.57175281391076,31.21684271993514],[121.56175202031937,31.21684271993514],[121.56175202031937,31.216509144706688]]],[[[121.56175202031937,31.21684271993514],[121.57139564271107,31.21684271993514],[121.57139564271107,31.217176295163593],[121.56175202031937,31.217176295163593],[121.56175202031937,31.21684271993514]]],[[[121.5613948491197,31.217176295163593],[121.57139564271107,31.217176295163593],[121.57139564271107,31.217509870392046],[121.5613948491197,31.217509870392046],[121.5613948491197,31.217176295163593]]],[[[121.5613948491197,31.217509870392046],[121.57139564271107,31.217509870392046],[121.57139564271107,31.2178434456205],[121.5613948491197,31.2178434456205],[121.5613948491197,31.217509870392046]]],[[[121.5613948491197,31.2178434456205],[121.57139564271107,31.2178434456205],[121.57139564271107,31.21817702084895],[121.5613948491197,31.21817702084895],[121.5613948491197,31.2178434456205]]],[[[121.5613948491197,31.21817702084895],[121.57103847151137,31.21817702084895],[121.57103847151137,31.218510596077405],[121.5613948491197,31.218510596077405],[121.5613948491197,31.21817702084895]]],[[[121.5613948491197,31.2185105960774],[121.57103847151137,31.2185105960774],[121.57103847151137,31.218844171305854],[121.5613948491197,31.218844171305854],[121.5613948491197,31.2185105960774]]],[[[121.56103767792,31.218844171305854],[121.57103847151137,31.218844171305854],[121.57103847151137,31.219177746534307],[121.56103767792,31.219177746534307],[121.56103767792,31.218844171305854]]],[[[121.56103767792,31.219177746534307],[121.57103847151137,31.219177746534307],[121.57103847151137,31.21951132176276],[121.56103767792,31.21951132176276],[121.56103767792,31.219177746534307]]],[[[121.56103767792,31.21951132176276],[121.57103847151137,31.21951132176276],[121.57103847151137,31.219844896991212],[121.56103767792,31.219844896991212],[121.56103767792,31.21951132176276]]],[[[121.56103767792,31.219844896991212],[121.57068130031169,31.219844896991212],[121.57068130031169,31.220178472219665],[121.56103767792,31.220178472219665],[121.56103767792,31.219844896991212]]],[[[121.56103767792,31.220178472219665],[121.57068130031169,31.220178472219665],[121.57068130031169,31.220512047448118],[121.56103767792,31.220512047448118],[121.56103767792,31.220178472219665]]],[[[121.5606805067203,31.220512047448118],[121.57068130031169,31.220512047448118],[121.57068130031169,31.22084562267657],[121.5606805067203,31.22084562267657],[121.5606805067203,31.220512047448118]]],[[[121.5606805067203,31.22084562267657],[121.57068130031169,31.22084562267657],[121.57068130031169,31.221179197905023],[121.5606805067203,31.221179197905023],[121.5606805067203,31.22084562267657]]],[[[121.5606805067203,31.221179197905023],[121.57068130031169,31.221179197905023],[121.57068130031169,31.221512773133476],[121.5606805067203,31.221512773133476],[121.5606805067203,31.221179197905023]]],[[[121.5606805067203,31.221512773133476],[121.570324129112,31.221512773133476],[121.570324129112,31.22184634836193],[121.5606805067203,31.22184634836193],[121.5606805067203,31.221512773133476]]],[[[121.56032333552061,31.22184634836193],[121.570324129112,31.22184634836193],[121.570324129112,31.22217992359038],[121.56032333552061,31.22217992359038],[121.56032333552061,31.22184634836193]]],[[[121.56103767792,31.222179923590378],[121.570324129112,31.222179923590378],[121.570324129112,31.22251349881883],[121.56103767792,31.22251349881883],[121.56103767792,31.222179923590378]]],[[[121.56175202031937,31.22251349881883],[121.5699669579123,31.22251349881883],[121.5699669579123,31.222847074047284],[121.56175202031937,31.222847074047284],[121.56175202031937,31.22251349881883]]],[[[121.56246636271877,31.222847074047284],[121.5699669579123,31.222847074047284],[121.5699669579123,31.223180649275736],[121.56246636271877,31.223180649275736],[121.56246636271877,31.222847074047284]]],[[[121.56318070511814,31.223180649275736],[121.5699669579123,31.223180649275736],[121.5699669579123,31.22351422450419],[121.56318070511814,31.22351422450419],[121.56318070511814,31.223180649275736]]],[[[121.56425221871723,31.22351422450419],[121.5699669579123,31.22351422450419],[121.5699669579123,31.223847799732642],[121.56425221871723,31.223847799732642],[121.56425221871723,31.22351422450419]]],[[[121.5649665611166,31.223847799732642],[121.5696097867126,31.223847799732642],[121.5696097867126,31.224181374961095],[121.5649665611166,31.224181374961095],[121.5649665611166,31.223847799732642]]],[[[121.565680903516,31.224181374961095],[121.5696097867126,31.224181374961095],[121.5696097867126,31.224514950189548],[121.565680903516,31.224514950189548],[121.565680903516,31.224181374961095]]],[[[121.56675241711507,31.224514950189548],[121.5696097867126,31.224514950189548],[121.5696097867126,31.224848525418],[121.56675241711507,31.224848525418],[121.56675241711507,31.224514950189548]]],[[[121.56746675951446,31.224848525418],[121.5696097867126,31.224848525418],[121.5696097867126,31.225182100646453],[121.56746675951446,31.225182100646453],[121.56746675951446,31.224848525418]]],[[[121.56818110191384,31.225182100646453],[121.56925261551291,31.225182100646453],[121.56925261551291,31.225515675874906],[121.56818110191384,31.225515675874906],[121.56818110191384,31.225182100646453]]]]}},{"type":"Feature","properties":{"parcel_id":"zhangjiang:parcel:0031","geometry_method":"road_barrier_raster_plus_buildings","functional_type":"mixed","dominant_type":"residential","confidence":0.49,"building_count":3,"avg_building_area_m2":606,"centroid_lng":121.597742,"centroid_lat":31.228642,"parcel_area_m2":1775490,"safety_clipped":false,"classification_source":"osm_tags+building_morphology+spatial_prior","synthetic_classification":true,"qc_flags":"low_confidence"},"geometry":{"type":"MultiPolygon","coordinates":[[[[121.5881826890966,31.214841268564424],[121.5885398602963,31.214841268564424],[121.5885398602963,31.215174843792877],[121.5881826890966,31.215174843792877],[121.5881826890966,31.214841268564424]]],[[[121.5881826890966,31.215174843792877],[121.58889703149599,31.215174843792877],[121.58889703149599,31.21550841902133],[121.5881826890966,31.21550841902133],[121.5881826890966,31.215174843792877]]],[[[121.5881826890966,31.21550841902133],[121.58961137389537,31.21550841902133],[121.58961137389537,31.215841994249782],[121.5881826890966,31.215841994249782],[121.5881826890966,31.21550841902133]]],[[[121.5881826890966,31.215841994249782],[121.58996854509506,31.215841994249782],[121.58996854509506,31.216175569478235],[121.5881826890966,31.216175569478235],[121.5881826890966,31.215841994249782]]],[[[121.5881826890966,31.216175569478235],[121.59032571629476,31.216175569478235],[121.59032571629476,31.216509144706688],[121.5881826890966,31.216509144706688],[121.5881826890966,31.216175569478235]]],[[[121.5881826890966,31.216509144706688],[121.59104005869413,31.216509144706688],[121.59104005869413,31.21684271993514],[121.5881826890966,31.21684271993514],[121.5881826890966,31.216509144706688]]],[[[121.5881826890966,31.21684271993514],[121.5924687434929,31.21684271993514],[121.5924687434929,31.217176295163593],[121.5881826890966,31.217176295163593],[121.5881826890966,31.21684271993514]]],[[[121.5881826890966,31.217176295163593],[121.59318308589229,31.217176295163593],[121.59318308589229,31.217509870392046],[121.5881826890966,31.217509870392046],[121.5881826890966,31.217176295163593]]],[[[121.5881826890966,31.217509870392046],[121.59425459949136,31.217509870392046],[121.59425459949136,31.2178434456205],[121.5881826890966,31.2178434456205],[121.5881826890966,31.217509870392046]]],[[[121.5881826890966,31.2178434456205],[121.59532611309045,31.2178434456205],[121.59532611309045,31.21817702084895],[121.5881826890966,31.21817702084895],[121.5881826890966,31.2178434456205]]],[[[121.5881826890966,31.21817702084895],[121.59604045548983,31.21817702084895],[121.59604045548983,31.218510596077405],[121.5881826890966,31.218510596077405],[121.5881826890966,31.21817702084895]]],[[[121.5881826890966,31.2185105960774],[121.5971119690889,31.2185105960774],[121.5971119690889,31.218844171305854],[121.5881826890966,31.218844171305854],[121.5881826890966,31.2185105960774]]],[[[121.5881826890966,31.218844171305854],[121.59782631148829,31.218844171305854],[121.59782631148829,31.219177746534307],[121.5881826890966,31.219177746534307],[121.5881826890966,31.218844171305854]]],[[[121.5881826890966,31.219177746534307],[121.59782631148829,31.219177746534307],[121.59782631148829,31.21951132176276],[121.5881826890966,31.21951132176276],[121.5881826890966,31.219177746534307]]],[[[121.5881826890966,31.21951132176276],[121.59782631148829,31.21951132176276],[121.59782631148829,31.219844896991212],[121.5881826890966,31.219844896991212],[121.5881826890966,31.21951132176276]]],[[[121.5881826890966,31.219844896991212],[121.59782631148829,31.219844896991212],[121.59782631148829,31.220178472219665],[121.5881826890966,31.220178472219665],[121.5881826890966,31.219844896991212]]],[[[121.5881826890966,31.220178472219665],[121.59782631148829,31.220178472219665],[121.59782631148829,31.220512047448118],[121.5881826890966,31.220512047448118],[121.5881826890966,31.220178472219665]]],[[[121.5881826890966,31.220512047448118],[121.59782631148829,31.220512047448118],[121.59782631148829,31.22084562267657],[121.5881826890966,31.22084562267657],[121.5881826890966,31.220512047448118]]],[[[121.5878255178969,31.22084562267657],[121.59782631148829,31.22084562267657],[121.59782631148829,31.221179197905023],[121.5878255178969,31.221179197905023],[121.5878255178969,31.22084562267657]]],[[[121.5878255178969,31.221179197905023],[121.59782631148829,31.221179197905023],[121.59782631148829,31.221512773133476],[121.5878255178969,31.221512773133476],[121.5878255178969,31.221179197905023]]],[[[121.5878255178969,31.221512773133476],[121.59782631148829,31.221512773133476],[121.59782631148829,31.22184634836193],[121.5878255178969,31.22184634836193],[121.5878255178969,31.221512773133476]]],[[[121.5878255178969,31.22184634836193],[121.5974691402886,31.22184634836193],[121.5974691402886,31.22217992359038],[121.5878255178969,31.22217992359038],[121.5878255178969,31.22184634836193]]],[[[121.5878255178969,31.222179923590378],[121.5974691402886,31.222179923590378],[121.5974691402886,31.22251349881883],[121.5878255178969,31.22251349881883],[121.5878255178969,31.222179923590378]]],[[[121.5878255178969,31.22251349881883],[121.5974691402886,31.22251349881883],[121.5974691402886,31.222847074047284],[121.5878255178969,31.222847074047284],[121.5878255178969,31.22251349881883]]],[[[121.5878255178969,31.222847074047284],[121.5974691402886,31.222847074047284],[121.5974691402886,31.223180649275736],[121.5878255178969,31.223180649275736],[121.5878255178969,31.222847074047284]]],[[[121.5878255178969,31.223180649275736],[121.5974691402886,31.223180649275736],[121.5974691402886,31.22351422450419],[121.5878255178969,31.22351422450419],[121.5878255178969,31.223180649275736]]],[[[121.5878255178969,31.22351422450419],[121.5974691402886,31.22351422450419],[121.5974691402886,31.223847799732642],[121.5878255178969,31.223847799732642],[121.5878255178969,31.22351422450419]]],[[[121.5878255178969,31.223847799732642],[121.5974691402886,31.223847799732642],[121.5974691402886,31.224181374961095],[121.5878255178969,31.224181374961095],[121.5878255178969,31.223847799732642]]],[[[121.5878255178969,31.224181374961095],[121.5974691402886,31.224181374961095],[121.5974691402886,31.224514950189548],[121.5878255178969,31.224514950189548],[121.5878255178969,31.224181374961095]]],[[[121.5878255178969,31.224514950189548],[121.5974691402886,31.224514950189548],[121.5974691402886,31.224848525418],[121.5878255178969,31.224848525418],[121.5878255178969,31.224514950189548]]],[[[121.58746834669722,31.224848525418],[121.5974691402886,31.224848525418],[121.5974691402886,31.225182100646453],[121.58746834669722,31.225182100646453],[121.58746834669722,31.224848525418]]],[[[121.58746834669722,31.225182100646453],[121.5974691402886,31.225182100646453],[121.5974691402886,31.225515675874906],[121.58746834669722,31.225515675874906],[121.58746834669722,31.225182100646453]]],[[[121.58746834669722,31.225515675874906],[121.5971119690889,31.225515675874906],[121.5971119690889,31.22584925110336],[121.58746834669722,31.22584925110336],[121.58746834669722,31.225515675874906]]],[[[121.58711117549753,31.225849251103355],[121.5971119690889,31.225849251103355],[121.5971119690889,31.226182826331808],[121.58711117549753,31.226182826331808],[121.58711117549753,31.225849251103355]]],[[[121.58711117549753,31.226182826331808],[121.5971119690889,31.226182826331808],[121.5971119690889,31.22651640156026],[121.58711117549753,31.22651640156026],[121.58711117549753,31.226182826331808]]],[[[121.58711117549753,31.22651640156026],[121.5971119690889,31.22651640156026],[121.5971119690889,31.226849976788714],[121.58711117549753,31.226849976788714],[121.58711117549753,31.22651640156026]]],[[[121.58675400429783,31.226849976788714],[121.5971119690889,31.226849976788714],[121.5971119690889,31.227183552017166],[121.58675400429783,31.227183552017166],[121.58675400429783,31.226849976788714]]],[[[121.58639683309814,31.227183552017166],[121.5971119690889,31.227183552017166],[121.5971119690889,31.22751712724562],[121.58639683309814,31.22751712724562],[121.58639683309814,31.227183552017166]]],[[[121.58639683309814,31.22751712724562],[121.5971119690889,31.22751712724562],[121.5971119690889,31.227850702474072],[121.58639683309814,31.227850702474072],[121.58639683309814,31.22751712724562]]],[[[121.58603966189845,31.227850702474072],[121.5971119690889,31.227850702474072],[121.5971119690889,31.228184277702525],[121.58603966189845,31.228184277702525],[121.58603966189845,31.227850702474072]]],[[[121.58603966189845,31.228184277702525],[121.5971119690889,31.228184277702525],[121.5971119690889,31.228517852930977],[121.58603966189845,31.228517852930977],[121.58603966189845,31.228184277702525]]],[[[121.58568249069876,31.228517852930977],[121.5971119690889,31.228517852930977],[121.5971119690889,31.22885142815943],[121.58568249069876,31.22885142815943],[121.58568249069876,31.228517852930977]]],[[[121.58568249069876,31.22885142815943],[121.5971119690889,31.22885142815943],[121.5971119690889,31.229185003387883],[121.58568249069876,31.229185003387883],[121.58568249069876,31.22885142815943]]],[[[121.58532531949906,31.229185003387883],[121.5971119690889,31.229185003387883],[121.5971119690889,31.229518578616336],[121.58532531949906,31.229518578616336],[121.58532531949906,31.229185003387883]]],[[[121.58532531949906,31.229518578616332],[121.5971119690889,31.229518578616332],[121.5971119690889,31.229852153844785],[121.58532531949906,31.229852153844785],[121.58532531949906,31.229518578616332]]],[[[121.58496814829937,31.229852153844785],[121.5971119690889,31.229852153844785],[121.5971119690889,31.230185729073238],[121.58496814829937,31.230185729073238],[121.58496814829937,31.229852153844785]]],[[[121.58461097709969,31.230185729073238],[121.5971119690889,31.230185729073238],[121.5971119690889,31.23051930430169],[121.58461097709969,31.23051930430169],[121.58461097709969,31.230185729073238]]],[[[121.58461097709969,31.23051930430169],[121.5971119690889,31.23051930430169],[121.5971119690889,31.230852879530143],[121.58461097709969,31.230852879530143],[121.58461097709969,31.23051930430169]]],[[[121.58425380589999,31.230852879530143],[121.5971119690889,31.230852879530143],[121.5971119690889,31.231186454758596],[121.58425380589999,31.231186454758596],[121.58425380589999,31.230852879530143]]],[[[121.58532531949906,31.231186454758596],[121.5971119690889,31.231186454758596],[121.5971119690889,31.23152002998705],[121.58532531949906,31.23152002998705],[121.58532531949906,31.231186454758596]]],[[[121.58639683309814,31.23152002998705],[121.5971119690889,31.23152002998705],[121.5971119690889,31.231853605215502],[121.58639683309814,31.231853605215502],[121.58639683309814,31.23152002998705]]],[[[121.58746834669722,31.231853605215502],[121.5971119690889,31.231853605215502],[121.5971119690889,31.232187180443955],[121.58746834669722,31.232187180443955],[121.58746834669722,31.231853605215502]]],[[[121.5885398602963,31.232187180443955],[121.5971119690889,31.232187180443955],[121.5971119690889,31.232520755672407],[121.5885398602963,31.232520755672407],[121.5885398602963,31.232187180443955]]],[[[121.58961137389537,31.232520755672407],[121.5971119690889,31.232520755672407],[121.5971119690889,31.23285433090086],[121.58961137389537,31.23285433090086],[121.58961137389537,31.232520755672407]]],[[[121.59068288749445,31.23285433090086],[121.5971119690889,31.23285433090086],[121.5971119690889,31.233187906129313],[121.59068288749445,31.233187906129313],[121.59068288749445,31.23285433090086]]],[[[121.59175440109352,31.23318790612931],[121.5971119690889,31.23318790612931],[121.5971119690889,31.233521481357762],[121.59175440109352,31.233521481357762],[121.59175440109352,31.23318790612931]]],[[[121.5928259146926,31.233521481357762],[121.5971119690889,31.233521481357762],[121.5971119690889,31.233855056586215],[121.5928259146926,31.233855056586215],[121.5928259146926,31.233521481357762]]],[[[121.59354025709199,31.233855056586215],[121.5971119690889,31.233855056586215],[121.5971119690889,31.234188631814668],[121.59354025709199,31.234188631814668],[121.59354025709199,31.233855056586215]]],[[[121.59461177069106,31.234188631814668],[121.5971119690889,31.234188631814668],[121.5971119690889,31.23452220704312],[121.59461177069106,31.23452220704312],[121.59461177069106,31.234188631814668]]],[[[121.59568328429013,31.23452220704312],[121.5971119690889,31.23452220704312],[121.5971119690889,31.234855782271573],[121.59568328429013,31.234855782271573],[121.59568328429013,31.23452220704312]]],[[[121.59639762668952,31.234855782271573],[121.5971119690889,31.234855782271573],[121.5971119690889,31.235189357500026],[121.59639762668952,31.235189357500026],[121.59639762668952,31.234855782271573]]]]}},{"type":"Feature","properties":{"parcel_id":"zhangjiang:parcel:0032","geometry_method":"road_barrier_raster_plus_buildings","functional_type":"mixed","dominant_type":"office","confidence":0.53,"building_count":2,"avg_building_area_m2":606,"centroid_lng":121.626829,"centroid_lat":31.221842,"parcel_area_m2":67709,"safety_clipped":false,"classification_source":"osm_tags+building_morphology+spatial_prior","synthetic_classification":true,"qc_flags":"low_confidence"},"geometry":{"type":"MultiPolygon","coordinates":[[[[121.62640000746366,31.21817702084895],[121.62675717866335,31.21817702084895],[121.62675717866335,31.218510596077405],[121.62640000746366,31.218510596077405],[121.62640000746366,31.21817702084895]]],[[[121.62640000746366,31.2185105960774],[121.62711434986305,31.2185105960774],[121.62711434986305,31.218844171305854],[121.62640000746366,31.218844171305854],[121.62640000746366,31.2185105960774]]],[[[121.62640000746366,31.218844171305854],[121.62747152106274,31.218844171305854],[121.62747152106274,31.219177746534307],[121.62640000746366,31.219177746534307],[121.62640000746366,31.218844171305854]]],[[[121.62640000746366,31.219177746534307],[121.62747152106274,31.219177746534307],[121.62747152106274,31.21951132176276],[121.62640000746366,31.21951132176276],[121.62640000746366,31.219177746534307]]],[[[121.62675717866335,31.21951132176276],[121.62782869226243,31.21951132176276],[121.62782869226243,31.219844896991212],[121.62675717866335,31.219844896991212],[121.62675717866335,31.21951132176276]]],[[[121.62711434986305,31.219844896991212],[121.62818586346212,31.219844896991212],[121.62818586346212,31.220178472219665],[121.62711434986305,31.220178472219665],[121.62711434986305,31.219844896991212]]],[[[121.62747152106274,31.220178472219665],[121.62854303466182,31.220178472219665],[121.62854303466182,31.220512047448118],[121.62747152106274,31.220512047448118],[121.62747152106274,31.220178472219665]]],[[[121.62747152106274,31.220512047448118],[121.62854303466182,31.220512047448118],[121.62854303466182,31.22084562267657],[121.62747152106274,31.22084562267657],[121.62747152106274,31.220512047448118]]],[[[121.62782869226243,31.22084562267657],[121.62925737706121,31.22084562267657],[121.62925737706121,31.221179197905023],[121.62782869226243,31.221179197905023],[121.62782869226243,31.22084562267657]]],[[[121.62782869226243,31.221179197905023],[121.63032889066028,31.221179197905023],[121.63032889066028,31.221512773133476],[121.62782869226243,31.221512773133476],[121.62782869226243,31.221179197905023]]],[[[121.62818586346212,31.221512773133476],[121.63140040425935,31.221512773133476],[121.63140040425935,31.22184634836193],[121.62818586346212,31.22184634836193],[121.62818586346212,31.221512773133476]]],[[[121.62890020586151,31.22184634836193],[121.63175757545905,31.22184634836193],[121.63175757545905,31.22217992359038],[121.62890020586151,31.22217992359038],[121.62890020586151,31.22184634836193]]],[[[121.62961454826089,31.222179923590378],[121.63140040425935,31.222179923590378],[121.63140040425935,31.22251349881883],[121.62961454826089,31.22251349881883],[121.62961454826089,31.222179923590378]]]]}},{"type":"Feature","properties":{"parcel_id":"zhangjiang:parcel:0033","geometry_method":"road_barrier_raster_plus_buildings","functional_type":"residential","dominant_type":"residential","confidence":1,"building_count":1,"avg_building_area_m2":606,"centroid_lng":121.648512,"centroid_lat":31.226585,"parcel_area_m2":516597,"safety_clipped":false,"classification_source":"osm_tags+building_morphology+spatial_prior","synthetic_classification":true,"qc_flags":""},"geometry":{"type":"MultiPolygon","coordinates":[[[[121.65068764904274,31.220512047448118],[121.65104482024242,31.220512047448118],[121.65104482024242,31.22084562267657],[121.65068764904274,31.22084562267657],[121.65068764904274,31.220512047448118]]],[[[121.65068764904274,31.22084562267657],[121.65247350504119,31.22084562267657],[121.65247350504119,31.221179197905023],[121.65068764904274,31.221179197905023],[121.65068764904274,31.22084562267657]]],[[[121.65068764904274,31.221179197905023],[121.65354501864027,31.221179197905023],[121.65354501864027,31.221512773133476],[121.65068764904274,31.221512773133476],[121.65068764904274,31.221179197905023]]],[[[121.65033047784304,31.221512773133476],[121.65604521703811,31.221512773133476],[121.65604521703811,31.22184634836193],[121.65033047784304,31.22184634836193],[121.65033047784304,31.221512773133476]]],[[[121.64997330664335,31.22184634836193],[121.65711673063718,31.22184634836193],[121.65711673063718,31.22217992359038],[121.64997330664335,31.22217992359038],[121.64997330664335,31.22184634836193]]],[[[121.64997330664335,31.222179923590378],[121.65818824423627,31.222179923590378],[121.65818824423627,31.22251349881883],[121.64997330664335,31.22251349881883],[121.64997330664335,31.222179923590378]]],[[[121.64961613544365,31.22251349881883],[121.65854541543595,31.22251349881883],[121.65854541543595,31.222847074047284],[121.64961613544365,31.222847074047284],[121.64961613544365,31.22251349881883]]],[[[121.64925896424396,31.222847074047284],[121.65854541543595,31.222847074047284],[121.65854541543595,31.223180649275736],[121.64925896424396,31.223180649275736],[121.64925896424396,31.222847074047284]]],[[[121.64925896424396,31.223180649275736],[121.65854541543595,31.223180649275736],[121.65854541543595,31.22351422450419],[121.64925896424396,31.22351422450419],[121.64925896424396,31.223180649275736]]],[[[121.64890179304427,31.22351422450419],[121.65854541543595,31.22351422450419],[121.65854541543595,31.223847799732642],[121.64890179304427,31.223847799732642],[121.64890179304427,31.22351422450419]]],[[[121.64890179304427,31.223847799732642],[121.65854541543595,31.223847799732642],[121.65854541543595,31.224181374961095],[121.64890179304427,31.224181374961095],[121.64890179304427,31.223847799732642]]],[[[121.64890179304427,31.224181374961095],[121.65925975783534,31.224181374961095],[121.65925975783534,31.224514950189548],[121.64890179304427,31.224514950189548],[121.64890179304427,31.224181374961095]]],[[[121.64854462184458,31.224514950189548],[121.65925975783534,31.224514950189548],[121.65925975783534,31.224848525418],[121.64854462184458,31.224848525418],[121.64854462184458,31.224514950189548]]],[[[121.64818745064488,31.224848525418],[121.65925975783534,31.224848525418],[121.65925975783534,31.225182100646453],[121.64818745064488,31.225182100646453],[121.64818745064488,31.224848525418]]],[[[121.64818745064488,31.225182100646453],[121.65925975783534,31.225182100646453],[121.65925975783534,31.225515675874906],[121.64818745064488,31.225515675874906],[121.64818745064488,31.225182100646453]]],[[[121.64854462184458,31.225515675874906],[121.65925975783534,31.225515675874906],[121.65925975783534,31.22584925110336],[121.64854462184458,31.22584925110336],[121.64854462184458,31.225515675874906]]],[[[121.65140199144211,31.225849251103355],[121.65925975783534,31.225849251103355],[121.65925975783534,31.226182826331808],[121.65140199144211,31.226182826331808],[121.65140199144211,31.225849251103355]]],[[[121.65318784744058,31.226182826331808],[121.65925975783534,31.226182826331808],[121.65925975783534,31.22651640156026],[121.65318784744058,31.22651640156026],[121.65318784744058,31.226182826331808]]],[[[121.65533087463874,31.22651640156026],[121.65925975783534,31.22651640156026],[121.65925975783534,31.226849976788714],[121.65533087463874,31.226849976788714],[121.65533087463874,31.22651640156026]]],[[[121.65711673063718,31.226849976788714],[121.65925975783534,31.226849976788714],[121.65925975783534,31.227183552017166],[121.65711673063718,31.227183552017166],[121.65711673063718,31.226849976788714]]],[[[121.65890258663565,31.227183552017166],[121.65925975783534,31.227183552017166],[121.65925975783534,31.22751712724562],[121.65890258663565,31.22751712724562],[121.65890258663565,31.227183552017166]]]]}},{"type":"Feature","properties":{"parcel_id":"zhangjiang:parcel:0034","geometry_method":"road_barrier_raster_plus_buildings","functional_type":"residential","dominant_type":"residential","confidence":0.81,"building_count":1,"avg_building_area_m2":606,"centroid_lng":121.60745,"centroid_lat":31.234793,"parcel_area_m2":1093381,"safety_clipped":false,"classification_source":"osm_tags+building_morphology+spatial_prior","synthetic_classification":true,"qc_flags":""},"geometry":{"type":"MultiPolygon","coordinates":[[[[121.60889861867875,31.221179197905023],[121.61068447467721,31.221179197905023],[121.61068447467721,31.221512773133476],[121.60889861867875,31.221512773133476],[121.60889861867875,31.221179197905023]]],[[[121.60854144747906,31.221512773133476],[121.61211315947598,31.221512773133476],[121.61211315947598,31.22184634836193],[121.60854144747906,31.22184634836193],[121.60854144747906,31.221512773133476]]],[[[121.60854144747906,31.22184634836193],[121.61425618667413,31.22184634836193],[121.61425618667413,31.22217992359038],[121.60854144747906,31.22217992359038],[121.60854144747906,31.22184634836193]]],[[[121.60818427627936,31.222179923590378],[121.61604204267259,31.222179923590378],[121.61604204267259,31.22251349881883],[121.60818427627936,31.22251349881883],[121.60818427627936,31.222179923590378]]],[[[121.60818427627936,31.22251349881883],[121.61604204267259,31.22251349881883],[121.61604204267259,31.222847074047284],[121.60818427627936,31.222847074047284],[121.60818427627936,31.22251349881883]]],[[[121.60818427627936,31.222847074047284],[121.61604204267259,31.222847074047284],[121.61604204267259,31.223180649275736],[121.60818427627936,31.223180649275736],[121.60818427627936,31.222847074047284]]],[[[121.60782710507966,31.223180649275736],[121.61604204267259,31.223180649275736],[121.61604204267259,31.22351422450419],[121.60782710507966,31.22351422450419],[121.60782710507966,31.223180649275736]]],[[[121.60782710507966,31.22351422450419],[121.61604204267259,31.22351422450419],[121.61604204267259,31.223847799732642],[121.60782710507966,31.223847799732642],[121.60782710507966,31.22351422450419]]],[[[121.60782710507966,31.223847799732642],[121.61604204267259,31.223847799732642],[121.61604204267259,31.224181374961095],[121.60782710507966,31.224181374961095],[121.60782710507966,31.223847799732642]]],[[[121.60746993387998,31.224181374961095],[121.61604204267259,31.224181374961095],[121.61604204267259,31.224514950189548],[121.60746993387998,31.224514950189548],[121.60746993387998,31.224181374961095]]],[[[121.60746993387998,31.224514950189548],[121.61604204267259,31.224514950189548],[121.61604204267259,31.224848525418],[121.60746993387998,31.224848525418],[121.60746993387998,31.224514950189548]]],[[[121.60746993387998,31.224848525418],[121.61604204267259,31.224848525418],[121.61604204267259,31.225182100646453],[121.60746993387998,31.225182100646453],[121.60746993387998,31.224848525418]]],[[[121.60711276268029,31.225182100646453],[121.61604204267259,31.225182100646453],[121.61604204267259,31.225515675874906],[121.60711276268029,31.225515675874906],[121.60711276268029,31.225182100646453]]],[[[121.60711276268029,31.225515675874906],[121.61604204267259,31.225515675874906],[121.61604204267259,31.22584925110336],[121.60711276268029,31.22584925110336],[121.60711276268029,31.225515675874906]]],[[[121.60711276268029,31.225849251103355],[121.61604204267259,31.225849251103355],[121.61604204267259,31.226182826331808],[121.60711276268029,31.226182826331808],[121.60711276268029,31.225849251103355]]],[[[121.60711276268029,31.226182826331808],[121.61639921387228,31.226182826331808],[121.61639921387228,31.22651640156026],[121.60711276268029,31.22651640156026],[121.60711276268029,31.226182826331808]]],[[[121.60675559148059,31.22651640156026],[121.61639921387228,31.22651640156026],[121.61639921387228,31.226849976788714],[121.60675559148059,31.226849976788714],[121.60675559148059,31.22651640156026]]],[[[121.60675559148059,31.226849976788714],[121.61639921387228,31.226849976788714],[121.61639921387228,31.227183552017166],[121.60675559148059,31.227183552017166],[121.60675559148059,31.226849976788714]]],[[[121.60675559148059,31.227183552017166],[121.61639921387228,31.227183552017166],[121.61639921387228,31.22751712724562],[121.60675559148059,31.22751712724562],[121.60675559148059,31.227183552017166]]],[[[121.6063984202809,31.22751712724562],[121.61639921387228,31.22751712724562],[121.61639921387228,31.227850702474072],[121.6063984202809,31.227850702474072],[121.6063984202809,31.22751712724562]]],[[[121.6063984202809,31.227850702474072],[121.61639921387228,31.227850702474072],[121.61639921387228,31.228184277702525],[121.6063984202809,31.228184277702525],[121.6063984202809,31.227850702474072]]],[[[121.6063984202809,31.228184277702525],[121.61639921387228,31.228184277702525],[121.61639921387228,31.228517852930977],[121.6063984202809,31.228517852930977],[121.6063984202809,31.228184277702525]]],[[[121.6063984202809,31.228517852930977],[121.61639921387228,31.228517852930977],[121.61639921387228,31.22885142815943],[121.6063984202809,31.22885142815943],[121.6063984202809,31.228517852930977]]],[[[121.6063984202809,31.22885142815943],[121.61639921387228,31.22885142815943],[121.61639921387228,31.229185003387883],[121.6063984202809,31.229185003387883],[121.6063984202809,31.22885142815943]]],[[[121.6063984202809,31.229185003387883],[121.61639921387228,31.229185003387883],[121.61639921387228,31.229518578616336],[121.6063984202809,31.229518578616336],[121.6063984202809,31.229185003387883]]],[[[121.60604124908122,31.229518578616332],[121.61639921387228,31.229518578616332],[121.61639921387228,31.229852153844785],[121.60604124908122,31.229852153844785],[121.60604124908122,31.229518578616332]]],[[[121.60604124908122,31.229852153844785],[121.61639921387228,31.229852153844785],[121.61639921387228,31.230185729073238],[121.60604124908122,31.230185729073238],[121.60604124908122,31.229852153844785]]],[[[121.60604124908122,31.230185729073238],[121.61639921387228,31.230185729073238],[121.61639921387228,31.23051930430169],[121.60604124908122,31.23051930430169],[121.60604124908122,31.230185729073238]]],[[[121.60604124908122,31.23051930430169],[121.61639921387228,31.23051930430169],[121.61639921387228,31.230852879530143],[121.60604124908122,31.230852879530143],[121.60604124908122,31.23051930430169]]],[[[121.60604124908122,31.230852879530143],[121.61639921387228,31.230852879530143],[121.61639921387228,31.231186454758596],[121.60604124908122,31.231186454758596],[121.60604124908122,31.230852879530143]]],[[[121.60604124908122,31.231186454758596],[121.61639921387228,31.231186454758596],[121.61639921387228,31.23152002998705],[121.60604124908122,31.23152002998705],[121.60604124908122,31.231186454758596]]],[[[121.60604124908122,31.23152002998705],[121.61532770027321,31.23152002998705],[121.61532770027321,31.231853605215502],[121.60604124908122,31.231853605215502],[121.60604124908122,31.23152002998705]]],[[[121.60604124908122,31.231853605215502],[121.61389901547443,31.231853605215502],[121.61389901547443,31.232187180443955],[121.60604124908122,31.232187180443955],[121.60604124908122,31.231853605215502]]],[[[121.60604124908122,31.232187180443955],[121.61282750187536,31.232187180443955],[121.61282750187536,31.232520755672407],[121.60604124908122,31.232520755672407],[121.60604124908122,31.232187180443955]]],[[[121.60604124908122,31.232520755672407],[121.61175598827629,31.232520755672407],[121.61175598827629,31.23285433090086],[121.60604124908122,31.23285433090086],[121.60604124908122,31.232520755672407]]],[[[121.60604124908122,31.23285433090086],[121.61032730347752,31.23285433090086],[121.61032730347752,31.233187906129313],[121.60604124908122,31.233187906129313],[121.60604124908122,31.23285433090086]]],[[[121.60568407788152,31.23318790612931],[121.60854144747906,31.23318790612931],[121.60854144747906,31.233521481357762],[121.60568407788152,31.233521481357762],[121.60568407788152,31.23318790612931]]],[[[121.60568407788152,31.233521481357762],[121.60746993387998,31.233521481357762],[121.60746993387998,31.233855056586215],[121.60568407788152,31.233855056586215],[121.60568407788152,31.233521481357762]]],[[[121.60568407788152,31.233855056586215],[121.6063984202809,31.233855056586215],[121.6063984202809,31.234188631814668],[121.60568407788152,31.234188631814668],[121.60568407788152,31.233855056586215]]]]}},{"type":"Feature","properties":{"parcel_id":"zhangjiang:parcel:0035","geometry_method":"road_barrier_raster_plus_buildings","functional_type":"residential","dominant_type":"residential","confidence":0.94,"building_count":2,"avg_building_area_m2":606,"centroid_lng":121.632251,"centroid_lat":31.237773,"parcel_area_m2":815020,"safety_clipped":false,"classification_source":"osm_tags+building_morphology+spatial_prior","synthetic_classification":true,"qc_flags":""},"geometry":{"type":"MultiPolygon","coordinates":[[[[121.62675717866335,31.223847799732642],[121.62711434986305,31.223847799732642],[121.62711434986305,31.224181374961095],[121.62675717866335,31.224181374961095],[121.62675717866335,31.223847799732642]]],[[[121.62640000746366,31.224181374961095],[121.62854303466182,31.224181374961095],[121.62854303466182,31.224514950189548],[121.62640000746366,31.224514950189548],[121.62640000746366,31.224181374961095]]],[[[121.62640000746366,31.224514950189548],[121.62997171946058,31.224514950189548],[121.62997171946058,31.224848525418],[121.62640000746366,31.224848525418],[121.62640000746366,31.224514950189548]]],[[[121.62640000746366,31.224848525418],[121.63104323305966,31.224848525418],[121.63104323305966,31.225182100646453],[121.62640000746366,31.225182100646453],[121.62640000746366,31.224848525418]]],[[[121.62640000746366,31.225182100646453],[121.63104323305966,31.225182100646453],[121.63104323305966,31.225515675874906],[121.62640000746366,31.225515675874906],[121.62640000746366,31.225182100646453]]],[[[121.62640000746366,31.225515675874906],[121.63104323305966,31.225515675874906],[121.63104323305966,31.22584925110336],[121.62640000746366,31.22584925110336],[121.62640000746366,31.225515675874906]]],[[[121.62640000746366,31.225849251103355],[121.63068606185998,31.225849251103355],[121.63068606185998,31.226182826331808],[121.62640000746366,31.226182826331808],[121.62640000746366,31.225849251103355]]],[[[121.62640000746366,31.226182826331808],[121.63068606185998,31.226182826331808],[121.63068606185998,31.22651640156026],[121.62640000746366,31.22651640156026],[121.62640000746366,31.226182826331808]]],[[[121.62640000746366,31.22651640156026],[121.63068606185998,31.22651640156026],[121.63068606185998,31.226849976788714],[121.62640000746366,31.226849976788714],[121.62640000746366,31.22651640156026]]],[[[121.62640000746366,31.226849976788714],[121.63068606185998,31.226849976788714],[121.63068606185998,31.227183552017166],[121.62640000746366,31.227183552017166],[121.62640000746366,31.226849976788714]]],[[[121.62640000746366,31.227183552017166],[121.63068606185998,31.227183552017166],[121.63068606185998,31.22751712724562],[121.62640000746366,31.22751712724562],[121.62640000746366,31.227183552017166]]],[[[121.62604283626398,31.22751712724562],[121.63104323305966,31.22751712724562],[121.63104323305966,31.227850702474072],[121.62604283626398,31.227850702474072],[121.62604283626398,31.22751712724562]]],[[[121.62604283626398,31.227850702474072],[121.63104323305966,31.227850702474072],[121.63104323305966,31.228184277702525],[121.62604283626398,31.228184277702525],[121.62604283626398,31.227850702474072]]],[[[121.62604283626398,31.228184277702525],[121.63104323305966,31.228184277702525],[121.63104323305966,31.228517852930977],[121.62604283626398,31.228517852930977],[121.62604283626398,31.228184277702525]]],[[[121.62604283626398,31.228517852930977],[121.63104323305966,31.228517852930977],[121.63104323305966,31.22885142815943],[121.62604283626398,31.22885142815943],[121.62604283626398,31.228517852930977]]],[[[121.62604283626398,31.22885142815943],[121.63104323305966,31.22885142815943],[121.63104323305966,31.229185003387883],[121.62604283626398,31.229185003387883],[121.62604283626398,31.22885142815943]]],[[[121.62604283626398,31.229185003387883],[121.63104323305966,31.229185003387883],[121.63104323305966,31.229518578616336],[121.62604283626398,31.229518578616336],[121.62604283626398,31.229185003387883]]],[[[121.62604283626398,31.229518578616332],[121.63140040425935,31.229518578616332],[121.63140040425935,31.229852153844785],[121.62604283626398,31.229852153844785],[121.62604283626398,31.229518578616332]]],[[[121.62604283626398,31.229852153844785],[121.63140040425935,31.229852153844785],[121.63140040425935,31.230185729073238],[121.62604283626398,31.230185729073238],[121.62604283626398,31.229852153844785]]],[[[121.62604283626398,31.230185729073238],[121.63140040425935,31.230185729073238],[121.63140040425935,31.23051930430169],[121.62604283626398,31.23051930430169],[121.62604283626398,31.230185729073238]]],[[[121.62604283626398,31.23051930430169],[121.63140040425935,31.23051930430169],[121.63140040425935,31.230852879530143],[121.62604283626398,31.230852879530143],[121.62604283626398,31.23051930430169]]],[[[121.62604283626398,31.230852879530143],[121.63175757545905,31.230852879530143],[121.63175757545905,31.231186454758596],[121.62604283626398,31.231186454758596],[121.62604283626398,31.230852879530143]]],[[[121.62604283626398,31.231186454758596],[121.63175757545905,31.231186454758596],[121.63175757545905,31.23152002998705],[121.62604283626398,31.23152002998705],[121.62604283626398,31.231186454758596]]],[[[121.62604283626398,31.23152002998705],[121.63175757545905,31.23152002998705],[121.63175757545905,31.231853605215502],[121.62604283626398,31.231853605215502],[121.62604283626398,31.23152002998705]]],[[[121.62604283626398,31.231853605215502],[121.63175757545905,31.231853605215502],[121.63175757545905,31.232187180443955],[121.62604283626398,31.232187180443955],[121.62604283626398,31.231853605215502]]],[[[121.62604283626398,31.232187180443955],[121.63211474665874,31.232187180443955],[121.63211474665874,31.232520755672407],[121.62604283626398,31.232520755672407],[121.62604283626398,31.232187180443955]]],[[[121.62604283626398,31.232520755672407],[121.63211474665874,31.232520755672407],[121.63211474665874,31.23285433090086],[121.62604283626398,31.23285433090086],[121.62604283626398,31.232520755672407]]],[[[121.62604283626398,31.23285433090086],[121.63211474665874,31.23285433090086],[121.63211474665874,31.233187906129313],[121.62604283626398,31.233187906129313],[121.62604283626398,31.23285433090086]]],[[[121.62604283626398,31.23318790612931],[121.63211474665874,31.23318790612931],[121.63211474665874,31.233521481357762],[121.62604283626398,31.233521481357762],[121.62604283626398,31.23318790612931]]],[[[121.62604283626398,31.233521481357762],[121.63211474665874,31.233521481357762],[121.63211474665874,31.233855056586215],[121.62604283626398,31.233855056586215],[121.62604283626398,31.233521481357762]]],[[[121.62604283626398,31.233855056586215],[121.63247191785842,31.233855056586215],[121.63247191785842,31.234188631814668],[121.62604283626398,31.234188631814668],[121.62604283626398,31.233855056586215]]],[[[121.62604283626398,31.234188631814668],[121.63211474665874,31.234188631814668],[121.63211474665874,31.23452220704312],[121.62604283626398,31.23452220704312],[121.62604283626398,31.234188631814668]]],[[[121.62604283626398,31.23452220704312],[121.63211474665874,31.23452220704312],[121.63211474665874,31.234855782271573],[121.62604283626398,31.234855782271573],[121.62604283626398,31.23452220704312]]],[[[121.62604283626398,31.234855782271573],[121.63211474665874,31.234855782271573],[121.63211474665874,31.235189357500026],[121.62604283626398,31.235189357500026],[121.62604283626398,31.234855782271573]]],[[[121.62604283626398,31.235189357500026],[121.63211474665874,31.235189357500026],[121.63211474665874,31.23552293272848],[121.62604283626398,31.23552293272848],[121.62604283626398,31.235189357500026]]],[[[121.62604283626398,31.23552293272848],[121.63211474665874,31.23552293272848],[121.63211474665874,31.23585650795693],[121.62604283626398,31.23585650795693],[121.62604283626398,31.23552293272848]]],[[[121.62604283626398,31.23585650795693],[121.63211474665874,31.23585650795693],[121.63211474665874,31.236190083185384],[121.62604283626398,31.236190083185384],[121.62604283626398,31.23585650795693]]],[[[121.62604283626398,31.236190083185384],[121.63211474665874,31.236190083185384],[121.63211474665874,31.236523658413837],[121.62604283626398,31.236523658413837],[121.62604283626398,31.236190083185384]]],[[[121.62604283626398,31.236523658413834],[121.63211474665874,31.236523658413834],[121.63211474665874,31.236857233642287],[121.62604283626398,31.236857233642287],[121.62604283626398,31.236523658413834]]],[[[121.62604283626398,31.236857233642287],[121.63211474665874,31.236857233642287],[121.63211474665874,31.23719080887074],[121.62604283626398,31.23719080887074],[121.62604283626398,31.236857233642287]]],[[[121.62604283626398,31.23719080887074],[121.63211474665874,31.23719080887074],[121.63211474665874,31.237524384099192],[121.62604283626398,31.237524384099192],[121.62604283626398,31.23719080887074]]],[[[121.62604283626398,31.237524384099192],[121.63211474665874,31.237524384099192],[121.63211474665874,31.237857959327645],[121.62604283626398,31.237857959327645],[121.62604283626398,31.237524384099192]]],[[[121.62604283626398,31.237857959327645],[121.63247191785842,31.237857959327645],[121.63247191785842,31.238191534556098],[121.62604283626398,31.238191534556098],[121.62604283626398,31.237857959327645]]],[[[121.62604283626398,31.238191534556098],[121.63247191785842,31.238191534556098],[121.63247191785842,31.23852510978455],[121.62604283626398,31.23852510978455],[121.62604283626398,31.238191534556098]]]]}},{"type":"Feature","properties":{"parcel_id":"zhangjiang:parcel:0036","geometry_method":"road_barrier_raster_plus_buildings","functional_type":"mixed","dominant_type":"office","confidence":0.53,"building_count":2,"avg_building_area_m2":606,"centroid_lng":121.634771,"centroid_lat":31.233164,"parcel_area_m2":1245100,"safety_clipped":false,"classification_source":"osm_tags+building_morphology+spatial_prior","synthetic_classification":true,"qc_flags":"low_confidence"},"geometry":{"type":"MultiPolygon","coordinates":[[[[121.63211474665874,31.225182100646453],[121.63390060265719,31.225182100646453],[121.63390060265719,31.225515675874906],[121.63211474665874,31.225515675874906],[121.63211474665874,31.225182100646453]]],[[[121.63211474665874,31.225515675874906],[121.63568645865566,31.225515675874906],[121.63568645865566,31.22584925110336],[121.63211474665874,31.22584925110336],[121.63211474665874,31.225515675874906]]],[[[121.63211474665874,31.225849251103355],[121.63747231465412,31.225849251103355],[121.63747231465412,31.226182826331808],[121.63211474665874,31.226182826331808],[121.63211474665874,31.225849251103355]]],[[[121.63211474665874,31.226182826331808],[121.63961534185228,31.226182826331808],[121.63961534185228,31.22651640156026],[121.63211474665874,31.22651640156026],[121.63211474665874,31.226182826331808]]],[[[121.63211474665874,31.22651640156026],[121.64032968425165,31.22651640156026],[121.64032968425165,31.226849976788714],[121.63211474665874,31.226849976788714],[121.63211474665874,31.22651640156026]]],[[[121.63211474665874,31.226849976788714],[121.64104402665104,31.226849976788714],[121.64104402665104,31.227183552017166],[121.63211474665874,31.227183552017166],[121.63211474665874,31.226849976788714]]],[[[121.63211474665874,31.227183552017166],[121.64140119785074,31.227183552017166],[121.64140119785074,31.22751712724562],[121.63211474665874,31.22751712724562],[121.63211474665874,31.227183552017166]]],[[[121.63211474665874,31.22751712724562],[121.64175836905042,31.22751712724562],[121.64175836905042,31.227850702474072],[121.63211474665874,31.227850702474072],[121.63211474665874,31.22751712724562]]],[[[121.63211474665874,31.227850702474072],[121.64211554025012,31.227850702474072],[121.64211554025012,31.228184277702525],[121.63211474665874,31.228184277702525],[121.63211474665874,31.227850702474072]]],[[[121.63247191785842,31.228184277702525],[121.64211554025012,31.228184277702525],[121.64211554025012,31.228517852930977],[121.63247191785842,31.228517852930977],[121.63247191785842,31.228184277702525]]],[[[121.63247191785842,31.228517852930977],[121.64247271144981,31.228517852930977],[121.64247271144981,31.22885142815943],[121.63247191785842,31.22885142815943],[121.63247191785842,31.228517852930977]]],[[[121.63247191785842,31.22885142815943],[121.64247271144981,31.22885142815943],[121.64247271144981,31.229185003387883],[121.63247191785842,31.229185003387883],[121.63247191785842,31.22885142815943]]],[[[121.63282908905812,31.229185003387883],[121.64282988264951,31.229185003387883],[121.64282988264951,31.229518578616336],[121.63282908905812,31.229518578616336],[121.63282908905812,31.229185003387883]]],[[[121.63282908905812,31.229518578616332],[121.64282988264951,31.229518578616332],[121.64282988264951,31.229852153844785],[121.63282908905812,31.229852153844785],[121.63282908905812,31.229518578616332]]],[[[121.63282908905812,31.229852153844785],[121.64282988264951,31.229852153844785],[121.64282988264951,31.230185729073238],[121.63282908905812,31.230185729073238],[121.63282908905812,31.229852153844785]]],[[[121.63282908905812,31.230185729073238],[121.64282988264951,31.230185729073238],[121.64282988264951,31.23051930430169],[121.63282908905812,31.23051930430169],[121.63282908905812,31.230185729073238]]],[[[121.63318626025782,31.23051930430169],[121.64282988264951,31.23051930430169],[121.64282988264951,31.230852879530143],[121.63318626025782,31.230852879530143],[121.63318626025782,31.23051930430169]]],[[[121.63318626025782,31.230852879530143],[121.64282988264951,31.230852879530143],[121.64282988264951,31.231186454758596],[121.63318626025782,31.231186454758596],[121.63318626025782,31.230852879530143]]],[[[121.63318626025782,31.231186454758596],[121.64282988264951,31.231186454758596],[121.64282988264951,31.23152002998705],[121.63318626025782,31.23152002998705],[121.63318626025782,31.231186454758596]]],[[[121.63318626025782,31.23152002998705],[121.64282988264951,31.23152002998705],[121.64282988264951,31.231853605215502],[121.63318626025782,31.231853605215502],[121.63318626025782,31.23152002998705]]],[[[121.63318626025782,31.231853605215502],[121.64282988264951,31.231853605215502],[121.64282988264951,31.232187180443955],[121.63318626025782,31.232187180443955],[121.63318626025782,31.231853605215502]]],[[[121.63354343145751,31.232187180443955],[121.64282988264951,31.232187180443955],[121.64282988264951,31.232520755672407],[121.63354343145751,31.232520755672407],[121.63354343145751,31.232187180443955]]],[[[121.63354343145751,31.232520755672407],[121.64247271144981,31.232520755672407],[121.64247271144981,31.23285433090086],[121.63354343145751,31.23285433090086],[121.63354343145751,31.232520755672407]]],[[[121.63354343145751,31.23285433090086],[121.64247271144981,31.23285433090086],[121.64247271144981,31.233187906129313],[121.63354343145751,31.233187906129313],[121.63354343145751,31.23285433090086]]],[[[121.63354343145751,31.23318790612931],[121.64247271144981,31.23318790612931],[121.64247271144981,31.233521481357762],[121.63354343145751,31.233521481357762],[121.63354343145751,31.23318790612931]]],[[[121.63354343145751,31.233521481357762],[121.64211554025012,31.233521481357762],[121.64211554025012,31.233855056586215],[121.63354343145751,31.233855056586215],[121.63354343145751,31.233521481357762]]],[[[121.63354343145751,31.233855056586215],[121.64211554025012,31.233855056586215],[121.64211554025012,31.234188631814668],[121.63354343145751,31.234188631814668],[121.63354343145751,31.233855056586215]]],[[[121.63354343145751,31.234188631814668],[121.64175836905042,31.234188631814668],[121.64175836905042,31.23452220704312],[121.63354343145751,31.23452220704312],[121.63354343145751,31.234188631814668]]],[[[121.63354343145751,31.23452220704312],[121.64140119785074,31.23452220704312],[121.64140119785074,31.234855782271573],[121.63354343145751,31.234855782271573],[121.63354343145751,31.23452220704312]]],[[[121.63354343145751,31.234855782271573],[121.64140119785074,31.234855782271573],[121.64140119785074,31.235189357500026],[121.63354343145751,31.235189357500026],[121.63354343145751,31.234855782271573]]],[[[121.63354343145751,31.235189357500026],[121.64104402665104,31.235189357500026],[121.64104402665104,31.23552293272848],[121.63354343145751,31.23552293272848],[121.63354343145751,31.235189357500026]]],[[[121.63354343145751,31.23552293272848],[121.64104402665104,31.23552293272848],[121.64104402665104,31.23585650795693],[121.63354343145751,31.23585650795693],[121.63354343145751,31.23552293272848]]],[[[121.63354343145751,31.23585650795693],[121.64068685545135,31.23585650795693],[121.64068685545135,31.236190083185384],[121.63354343145751,31.236190083185384],[121.63354343145751,31.23585650795693]]],[[[121.63354343145751,31.236190083185384],[121.64068685545135,31.236190083185384],[121.64068685545135,31.236523658413837],[121.63354343145751,31.236523658413837],[121.63354343145751,31.236190083185384]]],[[[121.63354343145751,31.236523658413834],[121.64068685545135,31.236523658413834],[121.64068685545135,31.236857233642287],[121.63354343145751,31.236857233642287],[121.63354343145751,31.236523658413834]]],[[[121.63354343145751,31.236857233642287],[121.64068685545135,31.236857233642287],[121.64068685545135,31.23719080887074],[121.63354343145751,31.23719080887074],[121.63354343145751,31.236857233642287]]],[[[121.63354343145751,31.23719080887074],[121.64032968425165,31.23719080887074],[121.64032968425165,31.237524384099192],[121.63354343145751,31.237524384099192],[121.63354343145751,31.23719080887074]]],[[[121.63354343145751,31.237524384099192],[121.63997251305197,31.237524384099192],[121.63997251305197,31.237857959327645],[121.63354343145751,31.237857959327645],[121.63354343145751,31.237524384099192]]],[[[121.63354343145751,31.237857959327645],[121.63997251305197,31.237857959327645],[121.63997251305197,31.238191534556098],[121.63354343145751,31.238191534556098],[121.63354343145751,31.237857959327645]]],[[[121.63354343145751,31.238191534556098],[121.63961534185228,31.238191534556098],[121.63961534185228,31.23852510978455],[121.63354343145751,31.23852510978455],[121.63354343145751,31.238191534556098]]],[[[121.63782948585381,31.23852510978455],[121.63925817065258,31.23852510978455],[121.63925817065258,31.238858685013003],[121.63782948585381,31.238858685013003],[121.63782948585381,31.23852510978455]]],[[[121.63782948585381,31.238858685013003],[121.63925817065258,31.238858685013003],[121.63925817065258,31.239192260241456],[121.63782948585381,31.239192260241456],[121.63782948585381,31.238858685013003]]],[[[121.63782948585381,31.239192260241456],[121.63854382825319,31.239192260241456],[121.63854382825319,31.23952583546991],[121.63782948585381,31.23952583546991],[121.63782948585381,31.239192260241456]]],[[[121.63354343145751,31.23952583546991],[121.63818665705351,31.23952583546991],[121.63818665705351,31.23985941069836],[121.63354343145751,31.23985941069836],[121.63354343145751,31.23952583546991]]],[[[121.63354343145751,31.23985941069836],[121.63782948585381,31.23985941069836],[121.63782948585381,31.240192985926814],[121.63354343145751,31.240192985926814],[121.63354343145751,31.23985941069836]]],[[[121.63354343145751,31.24019298592681],[121.63747231465412,31.24019298592681],[121.63747231465412,31.240526561155264],[121.63354343145751,31.240526561155264],[121.63354343145751,31.24019298592681]]],[[[121.63354343145751,31.240526561155264],[121.63711514345442,31.240526561155264],[121.63711514345442,31.240860136383716],[121.63354343145751,31.240860136383716],[121.63354343145751,31.240526561155264]]],[[[121.63354343145751,31.240860136383716],[121.63675797225474,31.240860136383716],[121.63675797225474,31.24119371161217],[121.63354343145751,31.24119371161217],[121.63354343145751,31.240860136383716]]],[[[121.63354343145751,31.24119371161217],[121.63640080105505,31.24119371161217],[121.63640080105505,31.241527286840622],[121.63354343145751,31.241527286840622],[121.63354343145751,31.24119371161217]]]]}},{"type":"Feature","properties":{"parcel_id":"zhangjiang:parcel:0037","geometry_method":"road_barrier_raster_plus_buildings","functional_type":"mixed","dominant_type":"residential","confidence":0.54,"building_count":2,"avg_building_area_m2":606,"centroid_lng":121.644657,"centroid_lat":31.229635,"parcel_area_m2":687125,"safety_clipped":false,"classification_source":"osm_tags+building_morphology+spatial_prior","synthetic_classification":true,"qc_flags":"low_confidence"},"geometry":{"type":"MultiPolygon","coordinates":[[[[121.64640159464642,31.227850702474072],[121.64854462184458,31.227850702474072],[121.64854462184458,31.228184277702525],[121.64640159464642,31.228184277702525],[121.64640159464642,31.227850702474072]]],[[[121.64640159464642,31.228184277702525],[121.65068764904274,31.228184277702525],[121.65068764904274,31.228517852930977],[121.64640159464642,31.228517852930977],[121.64640159464642,31.228184277702525]]],[[[121.64640159464642,31.228517852930977],[121.65175916264181,31.228517852930977],[121.65175916264181,31.22885142815943],[121.64640159464642,31.22885142815943],[121.64640159464642,31.228517852930977]]],[[[121.64533008104735,31.22885142815943],[121.65318784744058,31.22885142815943],[121.65318784744058,31.229185003387883],[121.64533008104735,31.229185003387883],[121.64533008104735,31.22885142815943]]],[[[121.64533008104735,31.229185003387883],[121.65425936103965,31.229185003387883],[121.65425936103965,31.229518578616336],[121.64533008104735,31.229518578616336],[121.64533008104735,31.229185003387883]]],[[[121.64533008104735,31.229518578616332],[121.65533087463874,31.229518578616332],[121.65533087463874,31.229852153844785],[121.64533008104735,31.229852153844785],[121.64533008104735,31.229518578616332]]],[[[121.64497290984765,31.229852153844785],[121.65640238823781,31.229852153844785],[121.65640238823781,31.230185729073238],[121.64497290984765,31.230185729073238],[121.64497290984765,31.229852153844785]]],[[[121.64497290984765,31.230185729073238],[121.65783107303658,31.230185729073238],[121.65783107303658,31.23051930430169],[121.64497290984765,31.23051930430169],[121.64497290984765,31.230185729073238]]],[[[121.64497290984765,31.23051930430169],[121.65818824423627,31.23051930430169],[121.65818824423627,31.230852879530143],[121.64497290984765,31.230852879530143],[121.64497290984765,31.23051930430169]]],[[[121.64497290984765,31.230852879530143],[121.65818824423627,31.230852879530143],[121.65818824423627,31.231186454758596],[121.64497290984765,31.231186454758596],[121.64497290984765,31.230852879530143]]],[[[121.64497290984765,31.231186454758596],[121.65818824423627,31.231186454758596],[121.65818824423627,31.23152002998705],[121.64497290984765,31.23152002998705],[121.64497290984765,31.231186454758596]]],[[[121.64497290984765,31.23152002998705],[121.65818824423627,31.23152002998705],[121.65818824423627,31.231853605215502],[121.64497290984765,31.231853605215502],[121.64497290984765,31.23152002998705]]],[[[121.64497290984765,31.231853605215502],[121.65818824423627,31.231853605215502],[121.65818824423627,31.232187180443955],[121.64497290984765,31.232187180443955],[121.64497290984765,31.231853605215502]]],[[[121.64497290984765,31.232187180443955],[121.65818824423627,31.232187180443955],[121.65818824423627,31.232520755672407],[121.64497290984765,31.232520755672407],[121.64497290984765,31.232187180443955]]],[[[121.64497290984765,31.232520755672407],[121.65818824423627,31.232520755672407],[121.65818824423627,31.23285433090086],[121.64497290984765,31.23285433090086],[121.64497290984765,31.232520755672407]]],[[[121.64783027944519,31.23285433090086],[121.65818824423627,31.23285433090086],[121.65818824423627,31.233187906129313],[121.64783027944519,31.233187906129313],[121.64783027944519,31.23285433090086]]],[[[121.65068764904274,31.23318790612931],[121.65818824423627,31.23318790612931],[121.65818824423627,31.233521481357762],[121.65068764904274,31.233521481357762],[121.65068764904274,31.23318790612931]]],[[[121.65175916264181,31.233521481357762],[121.65818824423627,31.233521481357762],[121.65818824423627,31.233855056586215],[121.65175916264181,31.233855056586215],[121.65175916264181,31.233521481357762]]],[[[121.65318784744058,31.233855056586215],[121.65818824423627,31.233855056586215],[121.65818824423627,31.234188631814668],[121.65318784744058,31.234188631814668],[121.65318784744058,31.233855056586215]]],[[[121.65390218983995,31.234188631814668],[121.65818824423627,31.234188631814668],[121.65818824423627,31.23452220704312],[121.65390218983995,31.23452220704312],[121.65390218983995,31.234188631814668]]],[[[121.65533087463874,31.23452220704312],[121.65818824423627,31.23452220704312],[121.65818824423627,31.234855782271573],[121.65533087463874,31.234855782271573],[121.65533087463874,31.23452220704312]]],[[[121.65604521703811,31.234855782271573],[121.65818824423627,31.234855782271573],[121.65818824423627,31.235189357500026],[121.65604521703811,31.235189357500026],[121.65604521703811,31.234855782271573]]],[[[121.6567595594375,31.235189357500026],[121.65818824423627,31.235189357500026],[121.65818824423627,31.23552293272848],[121.6567595594375,31.23552293272848],[121.6567595594375,31.235189357500026]]],[[[121.65783107303658,31.23552293272848],[121.65818824423627,31.23552293272848],[121.65818824423627,31.23585650795693],[121.65783107303658,31.23585650795693],[121.65783107303658,31.23552293272848]]]]}},{"type":"Feature","properties":{"parcel_id":"zhangjiang:parcel:0040","geometry_method":"road_barrier_raster_plus_buildings","functional_type":"mixed","dominant_type":"office","confidence":0.53,"building_count":2,"avg_building_area_m2":606,"centroid_lng":121.564202,"centroid_lat":31.236059,"parcel_area_m2":211905,"safety_clipped":false,"classification_source":"osm_tags+building_morphology+spatial_prior","synthetic_classification":true,"qc_flags":"low_confidence"},"geometry":{"type":"MultiPolygon","coordinates":[[[[121.55925182192153,31.233855056586215],[121.55996616432093,31.233855056586215],[121.55996616432093,31.234188631814668],[121.55925182192153,31.234188631814668],[121.55925182192153,31.233855056586215]]],[[[121.55925182192153,31.234188631814668],[121.5606805067203,31.234188631814668],[121.5606805067203,31.23452220704312],[121.55925182192153,31.23452220704312],[121.55925182192153,31.234188631814668]]],[[[121.55925182192153,31.23452220704312],[121.5613948491197,31.23452220704312],[121.5613948491197,31.234855782271573],[121.55925182192153,31.234855782271573],[121.55925182192153,31.23452220704312]]],[[[121.55925182192153,31.234855782271573],[121.56210919151907,31.234855782271573],[121.56210919151907,31.235189357500026],[121.55925182192153,31.235189357500026],[121.55925182192153,31.234855782271573]]],[[[121.55925182192153,31.235189357500026],[121.56246636271877,31.235189357500026],[121.56246636271877,31.23552293272848],[121.55925182192153,31.23552293272848],[121.55925182192153,31.235189357500026]]],[[[121.55925182192153,31.23552293272848],[121.56353787631784,31.23552293272848],[121.56353787631784,31.23585650795693],[121.55925182192153,31.23585650795693],[121.55925182192153,31.23552293272848]]],[[[121.55925182192153,31.23585650795693],[121.56389504751753,31.23585650795693],[121.56389504751753,31.236190083185384],[121.55925182192153,31.236190083185384],[121.55925182192153,31.23585650795693]]],[[[121.55925182192153,31.236190083185384],[121.56389504751753,31.236190083185384],[121.56389504751753,31.236523658413837],[121.55925182192153,31.236523658413837],[121.55925182192153,31.236190083185384]]],[[[121.55925182192153,31.236523658413834],[121.56389504751753,31.236523658413834],[121.56389504751753,31.236857233642287],[121.55925182192153,31.236857233642287],[121.55925182192153,31.236523658413834]]],[[[121.55925182192153,31.236857233642287],[121.56425221871723,31.236857233642287],[121.56425221871723,31.23719080887074],[121.55925182192153,31.23719080887074],[121.55925182192153,31.236857233642287]]],[[[121.55925182192153,31.23719080887074],[121.56425221871723,31.23719080887074],[121.56425221871723,31.237524384099192],[121.55925182192153,31.237524384099192],[121.55925182192153,31.23719080887074]]],[[[121.55925182192153,31.237524384099192],[121.56425221871723,31.237524384099192],[121.56425221871723,31.237857959327645],[121.55925182192153,31.237857959327645],[121.55925182192153,31.237524384099192]]],[[[121.55996616432093,31.237857959327645],[121.56389504751753,31.237857959327645],[121.56389504751753,31.238191534556098],[121.55996616432093,31.238191534556098],[121.55996616432093,31.237857959327645]]],[[[121.56032333552061,31.238191534556098],[121.56389504751753,31.238191534556098],[121.56389504751753,31.23852510978455],[121.56032333552061,31.23852510978455],[121.56032333552061,31.238191534556098]]],[[[121.5606805067203,31.23852510978455],[121.56353787631784,31.23852510978455],[121.56353787631784,31.238858685013003],[121.5606805067203,31.238858685013003],[121.5606805067203,31.23852510978455]]],[[[121.5606805067203,31.238858685013003],[121.56353787631784,31.238858685013003],[121.56353787631784,31.239192260241456],[121.5606805067203,31.239192260241456],[121.5606805067203,31.238858685013003]]],[[[121.56103767792,31.239192260241456],[121.56318070511814,31.239192260241456],[121.56318070511814,31.23952583546991],[121.56103767792,31.23952583546991],[121.56103767792,31.239192260241456]]],[[[121.56175202031937,31.23952583546991],[121.56282353391846,31.23952583546991],[121.56282353391846,31.23985941069836],[121.56175202031937,31.23985941069836],[121.56175202031937,31.23952583546991]]],[[[121.56246636271877,31.23985941069836],[121.56282353391846,31.23985941069836],[121.56282353391846,31.240192985926814],[121.56246636271877,31.240192985926814],[121.56246636271877,31.23985941069836]]]]}},{"type":"Feature","properties":{"parcel_id":"zhangjiang:parcel:0041","geometry_method":"road_barrier_raster_plus_buildings","functional_type":"mixed","dominant_type":"residential","confidence":0.54,"building_count":2,"avg_building_area_m2":606,"centroid_lng":121.615033,"centroid_lat":31.23873,"parcel_area_m2":211905,"safety_clipped":false,"classification_source":"osm_tags+building_morphology+spatial_prior","synthetic_classification":true,"qc_flags":"low_confidence"},"geometry":{"type":"MultiPolygon","coordinates":[[[[121.61604204267259,31.233855056586215],[121.61639921387228,31.233855056586215],[121.61639921387228,31.234188631814668],[121.61604204267259,31.234188631814668],[121.61604204267259,31.233855056586215]]],[[[121.61461335787382,31.234188631814668],[121.61639921387228,31.234188631814668],[121.61639921387228,31.23452220704312],[121.61461335787382,31.23452220704312],[121.61461335787382,31.234188631814668]]],[[[121.61354184427475,31.23452220704312],[121.61639921387228,31.23452220704312],[121.61639921387228,31.234855782271573],[121.61354184427475,31.234855782271573],[121.61354184427475,31.23452220704312]]],[[[121.61318467307505,31.234855782271573],[121.61639921387228,31.234855782271573],[121.61639921387228,31.235189357500026],[121.61318467307505,31.235189357500026],[121.61318467307505,31.234855782271573]]],[[[121.61354184427475,31.235189357500026],[121.61639921387228,31.235189357500026],[121.61639921387228,31.23552293272848],[121.61354184427475,31.23552293272848],[121.61354184427475,31.235189357500026]]],[[[121.61354184427475,31.23552293272848],[121.61639921387228,31.23552293272848],[121.61639921387228,31.23585650795693],[121.61354184427475,31.23585650795693],[121.61354184427475,31.23552293272848]]],[[[121.61354184427475,31.23585650795693],[121.61639921387228,31.23585650795693],[121.61639921387228,31.236190083185384],[121.61354184427475,31.236190083185384],[121.61354184427475,31.23585650795693]]],[[[121.61354184427475,31.236190083185384],[121.61639921387228,31.236190083185384],[121.61639921387228,31.236523658413837],[121.61354184427475,31.236523658413837],[121.61354184427475,31.236190083185384]]],[[[121.61354184427475,31.236523658413834],[121.61639921387228,31.236523658413834],[121.61639921387228,31.236857233642287],[121.61354184427475,31.236857233642287],[121.61354184427475,31.236523658413834]]],[[[121.61354184427475,31.236857233642287],[121.61639921387228,31.236857233642287],[121.61639921387228,31.23719080887074],[121.61354184427475,31.23719080887074],[121.61354184427475,31.236857233642287]]],[[[121.61354184427475,31.23719080887074],[121.61639921387228,31.23719080887074],[121.61639921387228,31.237524384099192],[121.61354184427475,31.237524384099192],[121.61354184427475,31.23719080887074]]],[[[121.61354184427475,31.237524384099192],[121.61639921387228,31.237524384099192],[121.61639921387228,31.237857959327645],[121.61354184427475,31.237857959327645],[121.61354184427475,31.237524384099192]]],[[[121.61354184427475,31.237857959327645],[121.61639921387228,31.237857959327645],[121.61639921387228,31.238191534556098],[121.61354184427475,31.238191534556098],[121.61354184427475,31.237857959327645]]],[[[121.61354184427475,31.238191534556098],[121.61639921387228,31.238191534556098],[121.61639921387228,31.23852510978455],[121.61354184427475,31.23852510978455],[121.61354184427475,31.238191534556098]]],[[[121.61354184427475,31.23852510978455],[121.61639921387228,31.23852510978455],[121.61639921387228,31.238858685013003],[121.61354184427475,31.238858685013003],[121.61354184427475,31.23852510978455]]],[[[121.61354184427475,31.238858685013003],[121.61639921387228,31.238858685013003],[121.61639921387228,31.239192260241456],[121.61354184427475,31.239192260241456],[121.61354184427475,31.238858685013003]]],[[[121.61354184427475,31.239192260241456],[121.61639921387228,31.239192260241456],[121.61639921387228,31.23952583546991],[121.61354184427475,31.23952583546991],[121.61354184427475,31.239192260241456]]],[[[121.61318467307505,31.23952583546991],[121.61675638507198,31.23952583546991],[121.61675638507198,31.23985941069836],[121.61318467307505,31.23985941069836],[121.61318467307505,31.23952583546991]]],[[[121.61318467307505,31.23985941069836],[121.61711355627166,31.23985941069836],[121.61711355627166,31.240192985926814],[121.61318467307505,31.240192985926814],[121.61318467307505,31.23985941069836]]],[[[121.61354184427475,31.24019298592681],[121.61711355627166,31.24019298592681],[121.61711355627166,31.240526561155264],[121.61354184427475,31.240526561155264],[121.61354184427475,31.24019298592681]]],[[[121.61461335787382,31.240526561155264],[121.61711355627166,31.240526561155264],[121.61711355627166,31.240860136383716],[121.61461335787382,31.240860136383716],[121.61461335787382,31.240526561155264]]],[[[121.61532770027321,31.240860136383716],[121.61675638507198,31.240860136383716],[121.61675638507198,31.24119371161217],[121.61532770027321,31.24119371161217],[121.61532770027321,31.240860136383716]]]]}},{"type":"Feature","properties":{"parcel_id":"zhangjiang:parcel:0042","geometry_method":"road_barrier_raster_plus_buildings","functional_type":"office","dominant_type":"office","confidence":0.89,"building_count":1,"avg_building_area_m2":606,"centroid_lng":121.64632,"centroid_lat":31.242096,"parcel_area_m2":1025672,"safety_clipped":false,"classification_source":"osm_tags+building_morphology+spatial_prior","synthetic_classification":true,"qc_flags":""},"geometry":{"type":"MultiPolygon","coordinates":[[[[121.64497290984765,31.233855056586215],[121.64711593704581,31.233855056586215],[121.64711593704581,31.234188631814668],[121.64497290984765,31.234188631814668],[121.64497290984765,31.233855056586215]]],[[[121.64497290984765,31.234188631814668],[121.64997330664335,31.234188631814668],[121.64997330664335,31.23452220704312],[121.64497290984765,31.23452220704312],[121.64497290984765,31.234188631814668]]],[[[121.64497290984765,31.23452220704312],[121.65104482024242,31.23452220704312],[121.65104482024242,31.234855782271573],[121.64497290984765,31.234855782271573],[121.64497290984765,31.23452220704312]]],[[[121.64497290984765,31.234855782271573],[121.65247350504119,31.234855782271573],[121.65247350504119,31.235189357500026],[121.64497290984765,31.235189357500026],[121.64497290984765,31.234855782271573]]],[[[121.64497290984765,31.235189357500026],[121.65318784744058,31.235189357500026],[121.65318784744058,31.23552293272848],[121.64497290984765,31.23552293272848],[121.64497290984765,31.235189357500026]]],[[[121.64497290984765,31.23552293272848],[121.65425936103965,31.23552293272848],[121.65425936103965,31.23585650795693],[121.64497290984765,31.23585650795693],[121.64497290984765,31.23552293272848]]],[[[121.64497290984765,31.23585650795693],[121.65497370343904,31.23585650795693],[121.65497370343904,31.236190083185384],[121.64497290984765,31.236190083185384],[121.64497290984765,31.23585650795693]]],[[[121.64497290984765,31.236190083185384],[121.65604521703811,31.236190083185384],[121.65604521703811,31.236523658413837],[121.64497290984765,31.236523658413837],[121.64497290984765,31.236190083185384]]],[[[121.64497290984765,31.236523658413834],[121.6567595594375,31.236523658413834],[121.6567595594375,31.236857233642287],[121.64497290984765,31.236857233642287],[121.64497290984765,31.236523658413834]]],[[[121.64497290984765,31.236857233642287],[121.65818824423627,31.236857233642287],[121.65818824423627,31.23719080887074],[121.64497290984765,31.23719080887074],[121.64497290984765,31.236857233642287]]],[[[121.64497290984765,31.23719080887074],[121.65818824423627,31.23719080887074],[121.65818824423627,31.237524384099192],[121.64497290984765,31.237524384099192],[121.64497290984765,31.23719080887074]]],[[[121.64497290984765,31.237524384099192],[121.65818824423627,31.237524384099192],[121.65818824423627,31.237857959327645],[121.64497290984765,31.237857959327645],[121.64497290984765,31.237524384099192]]],[[[121.64497290984765,31.237857959327645],[121.65818824423627,31.237857959327645],[121.65818824423627,31.238191534556098],[121.64497290984765,31.238191534556098],[121.64497290984765,31.237857959327645]]],[[[121.64497290984765,31.238191534556098],[121.65818824423627,31.238191534556098],[121.65818824423627,31.23852510978455],[121.64497290984765,31.23852510978455],[121.64497290984765,31.238191534556098]]],[[[121.64497290984765,31.23852510978455],[121.65818824423627,31.23852510978455],[121.65818824423627,31.238858685013003],[121.64497290984765,31.238858685013003],[121.64497290984765,31.23852510978455]]],[[[121.64497290984765,31.238858685013003],[121.65818824423627,31.238858685013003],[121.65818824423627,31.239192260241456],[121.64497290984765,31.239192260241456],[121.64497290984765,31.238858685013003]]],[[[121.64497290984765,31.239192260241456],[121.65818824423627,31.239192260241456],[121.65818824423627,31.23952583546991],[121.64497290984765,31.23952583546991],[121.64497290984765,31.239192260241456]]],[[[121.64497290984765,31.23952583546991],[121.65818824423627,31.23952583546991],[121.65818824423627,31.23985941069836],[121.64497290984765,31.23985941069836],[121.64497290984765,31.23952583546991]]],[[[121.64497290984765,31.23985941069836],[121.65818824423627,31.23985941069836],[121.65818824423627,31.240192985926814],[121.64497290984765,31.240192985926814],[121.64497290984765,31.23985941069836]]],[[[121.64497290984765,31.24019298592681],[121.65818824423627,31.24019298592681],[121.65818824423627,31.240526561155264],[121.64497290984765,31.240526561155264],[121.64497290984765,31.24019298592681]]],[[[121.64497290984765,31.240526561155264],[121.65818824423627,31.240526561155264],[121.65818824423627,31.240860136383716],[121.64497290984765,31.240860136383716],[121.64497290984765,31.240526561155264]]],[[[121.64497290984765,31.240860136383716],[121.65818824423627,31.240860136383716],[121.65818824423627,31.24119371161217],[121.64497290984765,31.24119371161217],[121.64497290984765,31.240860136383716]]],[[[121.64497290984765,31.24119371161217],[121.65818824423627,31.24119371161217],[121.65818824423627,31.241527286840622],[121.64497290984765,31.241527286840622],[121.64497290984765,31.24119371161217]]],[[[121.64925896424396,31.241527286840622],[121.65818824423627,31.241527286840622],[121.65818824423627,31.241860862069075],[121.64925896424396,31.241860862069075],[121.64925896424396,31.241527286840622]]],[[[121.65068764904274,31.241860862069075],[121.65818824423627,31.241860862069075],[121.65818824423627,31.242194437297528],[121.65068764904274,31.242194437297528],[121.65068764904274,31.241860862069075]]],[[[121.6521163338415,31.242194437297528],[121.65818824423627,31.242194437297528],[121.65818824423627,31.24252801252598],[121.6521163338415,31.24252801252598],[121.6521163338415,31.242194437297528]]],[[[121.65354501864027,31.24252801252598],[121.65818824423627,31.24252801252598],[121.65818824423627,31.242861587754433],[121.65354501864027,31.242861587754433],[121.65354501864027,31.24252801252598]]],[[[121.65533087463874,31.242861587754433],[121.65818824423627,31.242861587754433],[121.65818824423627,31.243195162982886],[121.65533087463874,31.243195162982886],[121.65533087463874,31.242861587754433]]],[[[121.65640238823781,31.243195162982886],[121.65925975783534,31.243195162982886],[121.65925975783534,31.24352873821134],[121.65640238823781,31.24352873821134],[121.65640238823781,31.243195162982886]]],[[[121.65711673063718,31.24352873821134],[121.65925975783534,31.24352873821134],[121.65925975783534,31.24386231343979],[121.65711673063718,31.24386231343979],[121.65711673063718,31.24352873821134]]],[[[121.65818824423627,31.243862313439788],[121.65925975783534,31.243862313439788],[121.65925975783534,31.24419588866824],[121.65818824423627,31.24419588866824],[121.65818824423627,31.243862313439788]]]]}}]}