{"type":"FeatureCollection","features":[{"type":"Feature","properties":{"parcel_id":"zhangjiang:parcel:0001","geometry_method":"road_barrier_raster_plus_buildings","functional_type":"commercial","dominant_type":"commercial","confidence":0.86,"building_count":1,"avg_building_area_m2":606,"centroid_lng":121.599027,"centroid_lat":31.174141,"parcel_area_m2":619415,"safety_clipped":false,"classification_source":"osm_tags+building_morphology+spatial_prior","synthetic_classification":true,"qc_flags":""},"geometry":{"type":"MultiPolygon","coordinates":[[[[121.58827030091936,31.176041012001626],[121.58898496916346,31.176041163754075],[121.58898494164467,31.176374569118686],[121.58827027339967,31.176374417366457],[121.58827030091936,31.176041012001626]]],[[[121.58791292951749,31.17637433293907],[121.59184335535102,31.176374948947856],[121.59184332783454,31.17670835439514],[121.58791290199697,31.17670773838757],[121.58791292951749,31.17637433293907]]],[[[121.58755555159998,31.17670764825266],[121.5943441019092,31.176708390629955],[121.59434407439353,31.177041796160154],[121.58755552407862,31.177041053784937],[121.58755555159998,31.17670764825266]]],[[[121.58719816716128,31.177040957937713],[121.59470130228397,31.17704177894614],[121.59470127476803,31.17737518456001],[121.58719813963907,31.177374363553884],[121.58719816716128,31.177040957937713]]],[[[121.5868407761961,31.17737426198982],[121.5950584963026,31.17737516177541],[121.59505846878638,31.177708567473065],[121.58684074867301,31.17770766768999],[121.5868407761961,31.17737426198982]]],[[[121.58684074867301,31.17770766768999],[121.59541568397617,31.177708539127494],[121.59541565645965,31.178041944909047],[121.58684072114958,31.17804107347417],[121.58684074867301,31.17770766768999]]],[[[121.58648335117546,31.178040966189076],[121.59541565645965,31.178041944909047],[121.5954156289428,31.178375350774715],[121.58648332365112,31.17837437205748],[121.58648335117546,31.178040966189076]]],[[[121.58612594714167,31.178374259047207],[121.59613004033382,31.17837527744027],[121.59613001281662,31.17870868338995],[121.58612591961639,31.17870766499995],[121.58612594714167,31.178374259047207]]],[[[121.5857685365672,31.178707546260696],[121.59684439896861,31.178708587933315],[121.59684437145098,31.17904199396712],[121.58576850904099,31.17904095229789],[121.5857685365672,31.178707546260696]]],[[[121.58576850904099,31.17904095229789],[121.59684437145098,31.17904199396712],[121.59684434393303,31.17937540008538],[121.58576848151444,31.17937435841953],[121.58576850904099,31.17904095229789]]],[[[121.58541109192073,31.179374233947854],[121.59684434393303,31.17937540008538],[121.59684431641473,31.179708806288197],[121.5854110643932,31.179707640154167],[121.58541109192073,31.179374233947854]]],[[[121.5850536682518,31.17970750994665],[121.59684431641473,31.179708806288197],[121.5968442888961,31.18004221257568],[121.58505364072327,31.18004091623775],[121.5850536682518,31.17970750994665]]],[[[121.58505364072327,31.18004091623775],[121.5968442888961,31.18004221257568],[121.59684426137713,31.180375618947952],[121.58505361319442,31.180374322613634],[121.58505364072327,31.18004091623775]]],[[[121.58469621050104,31.18037418666733],[121.59684426137713,31.180375618947952],[121.59684423385782,31.180709025405115],[121.58469618297116,31.18070759312822],[121.58469621050104,31.18037418666733]]],[[[121.58469618297116,31.180707593128215],[121.59684423385782,31.18070902540511],[121.59684420633819,31.181042431947276],[121.58469615544094,31.18104099967411],[121.58469618297116,31.180707593128215]]],[[[121.58541095427975,31.181041265827247],[121.59684420633819,31.181042431947276],[121.59684417881822,31.18137583857456],[121.58541092675054,31.181374672458027],[121.58541095427975,31.181041265827247]]],[[[121.58648307591704,31.18137502867662],[121.59684417881822,31.18137583857456],[121.5968441512979,31.181709245287067],[121.58648304838935,31.181708435392284],[121.58648307591704,31.18137502867662]]],[[[121.58791248914915,31.18170883021761],[121.5968441512979,31.181709245287067],[121.59684412377726,31.18204265208491],[121.58791246162328,31.18204223701816],[121.58791248914915,31.18170883021761]]],[[[121.59005642745804,31.182042658141203],[121.59684412377726,31.18204265208491],[121.59684409625628,31.182376058968202],[121.59005639993437,31.182376065026535],[121.59005642745804,31.182042658141203]]],[[[121.59291465875512,31.182376309086933],[121.59577250757091,31.18237619386608],[121.5957724800497,31.182709600835242],[121.59291463123323,31.18270971605695],[121.59291465875512,31.182376309086933]]]]}},{"type":"Feature","properties":{"parcel_id":"zhangjiang:parcel:0002","geometry_method":"road_barrier_raster_plus_buildings","functional_type":"office","dominant_type":"office","confidence":0.94,"building_count":2,"avg_building_area_m2":606,"centroid_lng":121.626131,"centroid_lat":31.174361,"parcel_area_m2":722233,"safety_clipped":false,"classification_source":"osm_tags+building_morphology+spatial_prior","synthetic_classification":true,"qc_flags":""},"geometry":{"type":"MultiPolygon","coordinates":[[[[121.61790826698825,31.176029101584284],[121.62611445846879,31.17601988122473],[121.62611443087981,31.176353286579268],[121.61790823943281,31.176362506940812],[121.61790826698825,31.176029101584284]]],[[[121.61790823943281,31.176362506940812],[121.62611443087981,31.176353286579268],[121.6261144032905,31.176686692017363],[121.61790821187701,31.1766959123809],[121.61790823943281,31.176362506940812]]],[[[121.61826505629358,31.176695558598684],[121.6261144032905,31.176686692017363],[121.62611437570084,31.17702009753912],[121.61826502873619,31.17702896412235],[121.61826505629358,31.176695558598684]]],[[[121.61826502873619,31.177028964122346],[121.62611437570084,31.177020097539117],[121.62611434811085,31.17735350314466],[121.61826500117846,31.17736236972979],[121.61826502873619,31.177028964122346]]],[[[121.61826500117846,31.17736236972979],[121.62611434811085,31.17735350314466],[121.62611432052053,31.177686908834087],[121.61826497362038,31.177695775421125],[121.61826500117846,31.17736236972979]]],[[[121.61826497362038,31.177695775421125],[121.62611432052053,31.177686908834087],[121.62611429292986,31.17802031460752],[121.61826494606198,31.17802918119646],[121.61826497362038,31.177695775421125]]],[[[121.61826494606198,31.17802918119646],[121.62611429292986,31.17802031460752],[121.62611426533886,31.178353720465065],[121.61826491850324,31.17836258705591],[121.61826494606198,31.17802918119646]]],[[[121.61826491850324,31.17836258705591],[121.62611426533886,31.178353720465065],[121.62611423774753,31.17868712640684],[121.61826489094418,31.17869599299959],[121.61826491850324,31.17836258705591]]],[[[121.61826489094418,31.17869599299959],[121.62611423774753,31.17868712640684],[121.62611421015585,31.179020532432947],[121.61826486338477,31.179029399027602],[121.61826489094418,31.17869599299959]]],[[[121.61826486338477,31.179029399027602],[121.62611421015585,31.179020532432947],[121.62611418256384,31.179353938543507],[121.61826483582503,31.179362805140066],[121.61826486338477,31.179029399027602]]],[[[121.61862167516841,31.179362446902157],[121.62611418256384,31.179353938543507],[121.6261141549715,31.179687344738625],[121.61862164760704,31.17969585309909],[121.61862167516841,31.179362446902157]]],[[[121.61862164760704,31.17969585309909],[121.6261141549715,31.179687344738625],[121.62611412737881,31.180020751018414],[121.61862162004535,31.180029259380696],[121.61862164760704,31.17969585309909]]],[[[121.61862162004535,31.180029259380696],[121.62611412737881,31.180020751018414],[121.6261140997858,31.180354157382986],[121.6186215924833,31.180362665747083],[121.61862162004535,31.180029259380696]]],[[[121.6186215924833,31.180362665747083],[121.6261140997858,31.180354157382986],[121.62611407219245,31.18068756383245],[121.61862156492093,31.180696072198362],[121.6186215924833,31.180362665747083]]],[[[121.61862156492093,31.18069607219836],[121.62611407219245,31.180687563832446],[121.62611404459875,31.181020970366912],[121.61862153735821,31.18102947873464],[121.61862156492093,31.18069607219836]]],[[[121.61862153735821,31.18102947873464],[121.62611404459875,31.181020970366912],[121.62611401700472,31.181354376986498],[121.61862150979516,31.18136288535604],[121.61862153735821,31.18102947873464]]],[[[121.6189783440953,31.18136252268642],[121.62611401700472,31.181354376986498],[121.62611398941037,31.181687783691306],[121.61897831653062,31.18169592939296],[121.6189783440953,31.18136252268642]]],[[[121.61897831653062,31.18169592939296],[121.62611398941037,31.181687783691306],[121.62611396181566,31.18202119048145],[121.61897828896558,31.18202933618483],[121.61897831653062,31.18169592939296]]],[[[121.6193351182554,31.18202896910784],[121.62611396181566,31.18202119048145],[121.62611393422063,31.182354597357044],[121.61933509068872,31.18236237598507],[121.6193351182554,31.18202896910784]]],[[[121.61933509068872,31.18236237598507],[121.62611393422063,31.182354597357044],[121.62611390662525,31.182688004318194],[121.6193350631217,31.18269578294786],[121.61933509068872,31.18236237598507]]],[[[121.61969188742914,31.182695411487664],[121.62611390662525,31.182688004318194],[121.62611387902955,31.183021411365015],[121.61969185986044,31.18302881853603],[121.61969188742914,31.182695411487664]]],[[[121.61969185986044,31.18302881853603],[121.62611387902955,31.183021411365015],[121.6261138514335,31.183354818497612],[121.61969183229141,31.18336222567018],[121.61969185986044,31.18302881853603]]],[[[121.62004865164467,31.183361849851124],[121.6261138514335,31.183354818497612],[121.62611382383712,31.183688225716097],[121.62004862407393,31.183695257071072],[121.62004865164467,31.183361849851124]]],[[[121.62040543850276,31.18369487691778],[121.62611382383712,31.183688225716097],[121.6261137962404,31.184021633020585],[121.62040541093032,31.18402828422364],[121.62040543850276,31.18369487691778]]],[[[121.62040541093032,31.18402828422364],[121.6261137962404,31.184021633020585],[121.62611376864335,31.18435504041118],[121.62040538335754,31.18436169161561],[121.62040541093032,31.18402828422364]]],[[[121.62111899755521,31.18436091840521],[121.62611376864335,31.184355040411177],[121.62611374104596,31.18468844788799],[121.62111896997929,31.184694325883225],[121.62111899755521,31.18436091840521]]],[[[121.62147576980743,31.184693932876165],[121.62611374104596,31.18468844788799],[121.62611371344823,31.185021855451136],[121.62147574222975,31.18502734044042],[121.62147576980743,31.184693932876165]]],[[[121.6218325372492,31.185026943199013],[121.62611371344823,31.185021855451136],[121.62611368585016,31.185355263100718],[121.62183250966974,31.18536035084962],[121.6218325372492,31.185026943199013]]],[[[121.62254608540209,31.185359543765674],[121.62611368585016,31.185355263100718],[121.62611365825177,31.18568867083685],[121.62254605781936,31.18569295150266],[121.62254608540209,31.185359543765674]]],[[[121.62325961467607,31.1856921277887],[121.62575691856621,31.185689116858647],[121.62575689096911,31.186022524681523],[121.62325958709,31.18602553561217],[121.62325961467607,31.1856921277887]]],[[[121.62397312531239,31.186024695476306],[121.62575689096911,31.186022524681523],[121.62575686337168,31.186355932591166],[121.62397309772291,31.186358103386375],[121.62397312531239,31.186024695476306]]],[[[121.62468661755544,31.186357247039417],[121.62575686337168,31.186355932591166],[121.6257568357739,31.18668934058769],[121.6246865899625,31.186690655036195],[121.62468661755544,31.186357247039417]]],[[[121.62540009165272,31.186689782691605],[121.6257568357739,31.18668934058769],[121.6257568081758,31.1870227486712],[121.62540006405624,31.187023190775204],[121.62540009165272,31.186689782691605]]]]}},{"type":"Feature","properties":{"parcel_id":"zhangjiang:parcel:0003","geometry_method":"road_barrier_raster_plus_buildings","functional_type":"residential","dominant_type":"residential","confidence":1,"building_count":2,"avg_building_area_m2":606,"centroid_lng":121.608892,"centroid_lat":31.176534,"parcel_area_m2":225698,"safety_clipped":false,"classification_source":"osm_tags+building_morphology+spatial_prior","synthetic_classification":true,"qc_flags":""},"geometry":{"type":"MultiPolygon","coordinates":[[[[121.59898748955574,31.177707952111763],[121.59934463576613,31.17770786329974],[121.59934460824849,31.178041269080147],[121.5989874620383,31.17804135789227],[121.59898748955574,31.177707952111763]]],[[[121.5989874620383,31.17804135789227],[121.60005888211408,31.17804107518776],[121.6000588545956,31.178374481052074],[121.59898743452052,31.178374763756892],[121.5989874620383,31.17804135789227]]],[[[121.59898743452052,31.178374763756892],[121.60113021923041,31.178374149736445],[121.6011301917107,31.17870755568468],[121.59898740700241,31.17870816970574],[121.59898743452052,31.178374763756892]]],[[[121.59898740700241,31.17870816970574],[121.6018444042053,31.178707307978836],[121.60184437668454,31.179040714011208],[121.59898737948397,31.179041575738925],[121.59898740700241,31.17870816970574]]],[[[121.59898737948397,31.179041575738925],[121.6032727288284,31.179040154714347],[121.60327270130564,31.179373560830765],[121.59898735196519,31.179374981856558],[121.59898737948397,31.179041575738925]]],[[[121.59898735196519,31.179374981856558],[121.60398684122562,31.179373249473596],[121.60398681370157,31.179706655674373],[121.59898732444609,31.179708388058753],[121.59898735196519,31.179374981856558]]],[[[121.59898732444609,31.179708388058753],[121.60505797878821,31.179706149345375],[121.60505795126222,31.18003955563053],[121.59898729692662,31.180041794345616],[121.59898732444609,31.179708388058753]]],[[[121.59898729692662,31.180041794345616],[121.60612906303908,31.18003900253127],[121.60612903551097,31.18037240890091],[121.59898726940685,31.18037520071726],[121.59898729692662,31.180041794345616]]],[[[121.59898726940685,31.18037520071726],[121.60684308066611,31.180372014403883],[121.60684305313639,31.180705420858224],[121.59898724188672,31.180708607173802],[121.59898726940685,31.18037520071726]]],[[[121.60148713587954,31.180707871969247],[121.60755707498477,31.18070500590842],[121.60755704745334,31.18103841244757],[121.60148710835713,31.181041278510076],[121.60148713587954,31.180707871969247]]],[[[121.60291548471723,31.18104074045776],[121.60827104615691,31.181037977184843],[121.60827101862368,31.181371383808916],[121.6029154571929,31.181374147083304],[121.60291548471723,31.18104074045776]]],[[[121.60398667607632,31.18137368795055],[121.6086280093477,31.181371158604826],[121.60862798181338,31.18170456531403],[121.60398664855025,31.181707094661018],[121.60398667607632,31.18137368795055]]],[[[121.60505781362731,31.181706588330243],[121.60862798181338,31.18170456531403],[121.60862795427873,31.18203797210857],[121.60505778609932,31.182039995125756],[121.60505781362731,31.181706588330243]]],[[[121.60541482925288,31.18203981593377],[121.60862795427873,31.18203797210857],[121.60862792674374,31.182371378988556],[121.60541480172398,31.18237322281463],[121.60541482925288,31.18203981593377]]],[[[121.60684291548273,31.1823724544072],[121.60862792674374,31.182371378988556],[121.60862789920841,31.182704785954105],[121.60684288795099,31.18270586137323],[121.60684291548273,31.1823724544072]]],[[[121.60719990177427,31.18270565644566],[121.60862789920841,31.182704785954105],[121.60862787167277,31.183038193005316],[121.60719987424153,31.183039063497258],[121.60719990177427,31.18270565644566]]],[[[121.6075568822577,31.183038853473768],[121.60862787167277,31.183038193005316],[121.60862784413676,31.18337160014231],[121.60755685472391,31.183372260611048],[121.6075568822577,31.183038853473768]]],[[[121.60827085341731,31.183371825346978],[121.60862784413676,31.18337160014231],[121.60862781660043,31.18370500736519],[121.60827082588173,31.183705232569952],[121.60827085341731,31.183371825346978]]]]}},{"type":"Feature","properties":{"parcel_id":"zhangjiang:parcel:0004","geometry_method":"road_barrier_raster_plus_buildings","functional_type":"residential","dominant_type":"residential","confidence":1,"building_count":2,"avg_building_area_m2":606,"centroid_lng":121.586858,"centroid_lat":31.183238,"parcel_area_m2":595592,"safety_clipped":false,"classification_source":"osm_tags+building_morphology+spatial_prior","synthetic_classification":true,"qc_flags":""},"geometry":{"type":"MultiPolygon","coordinates":[[[[121.5796918836997,31.180371679698293],[121.58004937830873,31.180371896173394],[121.58004935076784,31.1807053026358],[121.57969185615778,31.180705086160817],[121.5796918836997,31.180371679698293]]],[[[121.57969185615778,31.180705086160813],[121.58112179517921,31.180705917524335],[121.58112176764085,31.18103932407139],[121.57969182861554,31.181038492708343],[121.57969185615778,31.180705086160813]]],[[[121.57969182861554,31.181038492708343],[121.58183669773294,31.18103970521549],[121.58183667019607,31.181373111847424],[121.57969180107295,31.181371899340988],[121.57969182861554,31.181038492708343]]],[[[121.57933429989218,31.18137167711107],[121.58255157401305,31.181373469969895],[121.58255154647757,31.181706876686825],[121.57933427234823,31.18170508382906],[121.57933429989218,31.18137167711107]]],[[[121.57933427234823,31.18170508382906],[121.5839812753225,31.181707523901622],[121.58398124778984,31.182040930703423],[121.57933424480395,31.182038490632383],[121.57933427234823,31.18170508382906]]],[[[121.57933424480395,31.182038490632383],[121.58469607284827,31.182041219822928],[121.5846960453167,31.182374626709944],[121.57933421725933,31.182371897521154],[121.57933424480395,31.182038490632383]]],[[[121.57933421725933,31.182371897521154],[121.58576823376038,31.18237501733282],[121.58576820623048,31.18270842430505],[121.57933418971437,31.182705304495485],[121.57933421725933,31.182371897521154]]],[[[121.57897668196176,31.182705076511777],[121.58684033578642,31.182708763335253],[121.58684030825798,31.183042170392813],[121.57897665441541,31.183038483571895],[121.57897668196176,31.182705076511777]]],[[[121.57897665441541,31.183038483571895],[121.58791237904366,31.18304245793294],[121.58791235151645,31.183375865075945],[121.57897662686874,31.18337189071779],[121.57897665441541,31.183038483571895]]],[[[121.57897662686874,31.18337189071779],[121.58791235151645,31.183375865075945],[121.5879123239889,31.18370927230484],[121.57897659932172,31.183705297949576],[121.57897662686874,31.18337189071779]]],[[[121.57861908499959,31.183705064213125],[121.5879123239889,31.18370927230484],[121.58791229646101,31.18404267961973],[121.57861905745116,31.18403847153103],[121.57861908499959,31.183705064213125]]],[[[121.57861905745116,31.18403847153103],[121.58755494605293,31.184042589487284],[121.58755491852422,31.1843759968884],[121.5786190299024,31.184371878935043],[121.57861905745116,31.18403847153103]]],[[[121.5786190299024,31.18437187893504],[121.58755491852422,31.184375996888395],[121.58755489099516,31.184709404375727],[121.57861900235329,31.18470528642527],[121.5786190299024,31.18437187893504]]],[[[121.57861900235329,31.18470528642527],[121.58755489099516,31.184709404375727],[121.58755486346577,31.18504281194939],[121.57861897480385,31.185038694001832],[121.57861900235329,31.18470528642527]]],[[[121.57826145391262,31.185038454514164],[121.58755486346577,31.18504281194939],[121.58755483593603,31.18537621960949],[121.57826142636175,31.185371862177284],[121.57826145391262,31.185038454514164]]],[[[121.57826142636175,31.185371862177284],[121.58755483593603,31.18537621960949],[121.58755480840597,31.185709627356143],[121.57826139881054,31.185705269926956],[121.57826142636175,31.185371862177284]]],[[[121.57826139881054,31.185705269926956],[121.58719745147495,31.185709531511847],[121.58719742394402,31.18604293934527],[121.57826137125899,31.186038677763285],[121.57826139881054,31.185705269926956]]],[[[121.57826137125899,31.186038677763285],[121.58719742394402,31.18604293934527],[121.58719739641276,31.186376347265462],[121.5782613437071,31.186372085686383],[121.57826137125899,31.186038677763285]]],[[[121.57790381624858,31.18637184044915],[121.58719739641276,31.186376347265462],[121.58719736888116,31.18670975527253],[121.57790378869524,31.186705248459248],[121.57790381624858,31.18637184044915]]],[[[121.57790378869524,31.186705248459248],[121.58719736888116,31.18670975527253],[121.58719734134922,31.18704316336659],[121.57790376114156,31.187038656556332],[121.57790378869524,31.186705248459248]]],[[[121.57790376114156,31.187038656556332],[121.58719734134922,31.18704316336659],[121.58719731381696,31.18737657154774],[121.57790373358753,31.187372064740515],[121.57790376114156,31.187038656556332]]],[[[121.57969130524907,31.187373233409172],[121.58683995035751,31.187376469987058],[121.58683992282437,31.187709878255532],[121.57969127770012,31.187706641679966],[121.57969130524907,31.187373233409172]]],[[[121.58076374188336,31.18770727382954],[121.58683992282437,31.187709878255532],[121.58683989529088,31.18804328661132],[121.58076371433702,31.18804068218729],[121.58076374188336,31.18770727382954]]],[[[121.58255102323946,31.188041620648153],[121.58683989529088,31.188043286611318],[121.58683986775705,31.188376695054533],[121.58255099569725,31.188375029092743],[121.58255102323946,31.188041620648153]]],[[[121.584338140427,31.188375823728034],[121.58683986775705,31.188376695054533],[121.5868398402229,31.188710103585283],[121.58433811288835,31.18870923225958],[121.584338140427,31.188375823728034]]]]}},{"type":"Feature","properties":{"parcel_id":"zhangjiang:parcel:0005","geometry_method":"road_barrier_raster_plus_buildings","functional_type":"office","dominant_type":"office","confidence":0.89,"building_count":1,"avg_building_area_m2":606,"centroid_lng":121.601976,"centroid_lat":31.18084,"parcel_area_m2":950439,"safety_clipped":false,"classification_source":"osm_tags+building_morphology+spatial_prior","synthetic_classification":true,"qc_flags":""},"geometry":{"type":"MultiPolygon","coordinates":[[[[121.59898715932435,31.181708827053882],[121.60041570707439,31.181708439290187],[121.60041567955194,31.182041846087],[121.59898713180289,31.182042233851103],[121.59898715932435,31.181708827053882]]],[[[121.59862997939078,31.18204231722508],[121.6018441289827,31.182041372116053],[121.60184410145861,31.182374778997904],[121.59862995186917,31.182375724107853],[121.59862997939078,31.18204231722508]]],[[[121.59862995186917,31.182375724107853],[121.60291537461795,31.18237436747173],[121.60291534709229,31.18270777443884],[121.59862992434724,31.18270913107618],[121.59862995186917,31.182375724107853]]],[[[121.59862992434724,31.18270913107618],[121.60398656597006,31.18270731530489],[121.60398653844267,31.18304072235737],[121.59862989682496,31.183042538130177],[121.59862992434724,31.18270913107618]]],[[[121.59862989682496,31.183042538130177],[121.60434359942059,31.183040558803484],[121.60434357189234,31.183373965941644],[121.59862986930234,31.183375945269955],[121.59862989682496,31.183042538130177]]],[[[121.59862986930234,31.183375945269955],[121.60505767598401,31.183373623163373],[121.60505764845435,31.18370703038722],[121.5986298417794,31.18370935249562],[121.59862986930234,31.183375945269955]]],[[[121.5986298417794,31.18370935249562],[121.60612876021156,31.183706477284733],[121.60612873267978,31.18403988459429],[121.59862981425611,31.184042759807284],[121.5986298417794,31.18370935249562]]],[[[121.59862981425611,31.184042759807284],[121.6064857581735,31.184039689909884],[121.60648573064074,31.184373097305453],[121.5986297867325,31.184376167205055],[121.59862981425611,31.184042759807284]]],[[[121.5986297867325,31.184376167205052],[121.60719976410718,31.184372692562537],[121.60719973657275,31.18470610004413],[121.59862975920855,31.184709574689045],[121.5986297867325,31.184376167205052]]],[[[121.59862975920855,31.184709574689045],[121.60755674458544,31.184705890020158],[121.60755671704997,31.185039297587988],[121.59862973168426,31.185042982259368],[121.59862975920855,31.184709574689045]]],[[[121.59862973168426,31.185042982259368],[121.60827071573608,31.18503886232295],[121.60827068819884,31.185372269977027],[121.59862970415963,31.18537638991613],[121.59862973168426,31.185042982259368]]],[[[121.59862970415963,31.18537638991613],[121.60827068819884,31.185372269977027],[121.60827066066126,31.18570567771765],[121.59862967663467,31.18570979765944],[121.59862970415963,31.18537638991613]]],[[[121.59862967663467,31.18570979765944],[121.60827066066126,31.18570567771765],[121.60827063312334,31.186039085544934],[121.59862964910938,31.186043205489412],[121.59862967663467,31.18570979765944]]],[[[121.59862964910938,31.186043205489412],[121.60827063312334,31.186039085544934],[121.60827060558508,31.186372493458983],[121.59862962158375,31.18637661340615],[121.59862964910938,31.186043205489412]]],[[[121.59862962158375,31.18637661340615],[121.60827060558508,31.186372493458983],[121.60827057804649,31.186705901459913],[121.59862959405778,31.186710021409766],[121.59862962158375,31.18637661340615]]],[[[121.59862959405778,31.186710021409766],[121.60827057804649,31.186705901459913],[121.60827055050756,31.18703930954783],[121.59862956653149,31.187043429500374],[121.59862959405778,31.186710021409766]]],[[[121.59862956653149,31.187043429500374],[121.60827055050756,31.18703930954783],[121.6082705229683,31.187372717722845],[121.59862953900485,31.187376837678073],[121.59862956653149,31.187043429500374]]],[[[121.59862953900485,31.187376837678073],[121.6082705229683,31.187372717722845],[121.6082704954287,31.187706125985066],[121.59862951147788,31.187710245942984],[121.59862953900485,31.187376837678073]]],[[[121.59862951147788,31.187710245942984],[121.6082704954287,31.187706125985066],[121.60827046788877,31.188039534334603],[121.59862948395057,31.188043654295207],[121.59862951147788,31.187710245942984]]],[[[121.59862948395057,31.188043654295203],[121.60827046788877,31.1880395343346],[121.6082704403485,31.18837294277156],[121.59862945642293,31.188377062734855],[121.59862948395057,31.188043654295203]]],[[[121.59862945642293,31.188377062734855],[121.6082704403485,31.18837294277156],[121.6082704128079,31.18870635129606],[121.59862942889495,31.188710471262038],[121.59862945642293,31.188377062734855]]],[[[121.59862942889495,31.188710471262038],[121.6082704128079,31.18870635129606],[121.60827038526695,31.189039759908198],[121.59862940136664,31.189043879876866],[121.59862942889495,31.188710471262038]]],[[[121.59827224273944,31.189043957801417],[121.60827038526695,31.189039759908198],[121.60827035772567,31.18937316860809],[121.59827221521095,31.1893773665041],[121.59827224273944,31.189043957801417]]],[[[121.59827221521095,31.1893773665041],[121.60791336127498,31.18937338877207],[121.6079133337341,31.189706797559918],[121.59827218768214,31.189710775294643],[121.59827221521095,31.1893773665041]]],[[[121.59827218768214,31.189710775294643],[121.6079133337341,31.189706797559918],[121.6079133061929,31.190040206435736],[121.59827216015299,31.190044184173157],[121.59827218768214,31.189710775294643]]],[[[121.59827216015299,31.190044184173157],[121.6079133061929,31.190040206435736],[121.60791327865135,31.190373615399633],[121.5982721326235,31.190377593139747],[121.59827216015299,31.190044184173157]]],[[[121.5982721326235,31.190377593139747],[121.60791327865135,31.190373615399633],[121.60791325110947,31.190707024451715],[121.59827210509368,31.190711002194526],[121.5982721326235,31.190377593139747]]],[[[121.59827210509368,31.190711002194526],[121.60791325110947,31.190707024451715],[121.60791322356725,31.191040433592097],[121.59827207756354,31.1910444113376],[121.59827210509368,31.190711002194526]]],[[[121.59827207756354,31.1910444113376],[121.60791322356725,31.191040433592097],[121.6079131960247,31.19137384282088],[121.59827205003303,31.19137782056908],[121.59827207756354,31.1910444113376]]],[[[121.59898636106583,31.191377659266937],[121.6079131960247,31.19137384282088],[121.60791316848182,31.191707252138173],[121.59898633353464,31.191711068586724],[121.59898636106583,31.191377659266937]]],[[[121.60041488125526,31.191710680810733],[121.60791316848182,31.19170725213817],[121.60791314093859,31.192040661544087],[121.60041485372275,31.192044090218726],[121.60041488125526,31.191710680810733]]],[[[121.60148619992988,31.192043742766295],[121.60791314093859,31.192040661544087],[121.60791311339503,31.19237407103873],[121.60148617239608,31.192377152262715],[121.60148619992988,31.192043742766295]]],[[[121.60398576753931,31.192376155054127],[121.60755611118499,31.192374286143153],[121.60755608364182,31.19270769572673],[121.60398574000219,31.192709564638683],[121.60398576753931,31.192376155054127]]],[[[121.60612801673558,31.192708505187717],[121.60755608364182,31.19270769572673],[121.6075560560983,31.193041105399253],[121.60612798919475,31.19304191486063],[121.60612801673558,31.192708505187717]]]]}},{"type":"Feature","properties":{"parcel_id":"zhangjiang:parcel:0006","geometry_method":"road_barrier_raster_plus_buildings","functional_type":"commercial","dominant_type":"commercial","confidence":0.76,"building_count":2,"avg_building_area_m2":606,"centroid_lng":121.642373,"centroid_lat":31.186039,"parcel_area_m2":412526,"safety_clipped":false,"classification_source":"osm_tags+building_morphology+spatial_prior","synthetic_classification":true,"qc_flags":""},"geometry":{"type":"MultiPolygon","coordinates":[[[[121.63645763018974,31.182006679472135],[121.63752748629116,31.182005020060743],[121.6375274586362,31.182338426933736],[121.63645760254096,31.182340086345363],[121.63645763018974,31.182006679472135]]],[[[121.63645760254096,31.182340086345363],[121.63824067946207,31.18233730592094],[121.63824065180259,31.182670712879336],[121.63645757489184,31.18267349330415],[121.63645760254096,31.182340086345363]]],[[[121.63574432049894,31.18267458447054],[121.63931045892093,31.182669009892024],[121.63931043125474,31.183002416935853],[121.63574429285356,31.183007991515154],[121.63574432049894,31.18267458447054]]],[[[121.63538766044952,31.183008532471582],[121.6400236203567,31.183001267675284],[121.64002359268589,31.183334674804737],[121.6353876328058,31.183341939602055],[121.63538766044952,31.183008532471582]]],[[[121.6353876328058,31.183341939602055],[121.64109335362822,31.18333293066092],[121.64109332595055,31.18366633787603],[121.63538760516175,31.18367534681842],[121.6353876328058,31.183341939602055]]],[[[121.63538760516175,31.18367534681842],[121.64144990702678,31.183665751225],[121.64144987934658,31.18399915852603],[121.63538757751736,31.184008754120775],[121.63538760516175,31.18367534681842]]],[[[121.6350309415979,31.184009291951213],[121.64144987934658,31.18399915852603],[121.64144985166604,31.18433256591317],[121.63503091395519,31.184342699339762],[121.6350309415979,31.184009291951213]]],[[[121.63503091395519,31.18434269933976],[121.64144985166604,31.184332565913166],[121.64144982398517,31.184665973386526],[121.63503088631212,31.18467610681453],[121.63503091395519,31.18434269933976]]],[[[121.63503088631212,31.18467610681453],[121.64144982398517,31.184665973386526],[121.64144979630395,31.184999380946216],[121.63503085866873,31.185009514375626],[121.63503088631212,31.18467610681453]]],[[[121.63467421919768,31.185010049048973],[121.63645738133856,31.185007344420544],[121.63645735368674,31.185340752067766],[121.63467419155593,31.18534345669659],[121.63467421919768,31.185010049048973]]],[[[121.63752723738432,31.185005685007027],[121.64144979630395,31.184999380946216],[121.6414497686224,31.185332788592348],[121.63752720972631,31.18533909265401],[121.63752723738432,31.185005685007027]]],[[[121.63431754849333,31.185343988181714],[121.63645735368674,31.185340752067766],[121.63645732603459,31.185674159801536],[121.63431752085322,31.18567739591596],[121.63431754849333,31.185343988181714]]],[[[121.63752720972631,31.18533909265401],[121.6414497686224,31.185332788592348],[121.6414497409405,31.185666196325023],[121.63752718206797,31.185672500387543],[121.63752720972631,31.18533909265401]]],[[[121.63431752085322,31.18567739591596],[121.63610070058088,31.185674706917276],[121.63610067293043,31.18600811473778],[121.63431749321278,31.186010803736867],[121.63431752085322,31.18567739591596]]],[[[121.63752718206797,31.185672500387543],[121.6414497409405,31.185666196325023],[121.64144971325827,31.18599960414436],[121.63752715440928,31.186005908207736],[121.63752718206797,31.185672500387543]]],[[[121.63431749321278,31.186010803736867],[121.63610067293043,31.18600811473778],[121.63610064527964,31.18634152264506],[121.63431746557198,31.18634421164454],[121.63431749321278,31.186010803736867]]],[[[121.63752715440928,31.186005908207736],[121.64144971325827,31.18599960414436],[121.64144968557571,31.18633301205047],[121.63752712675027,31.186339316114697],[121.63752715440928,31.186005908207736]]],[[[121.63396081888594,31.18634473991075],[121.63574401638108,31.186342066697293],[121.63574398873199,31.186675474691526],[121.63396079124678,31.186678147905383],[121.63396081888594,31.18634473991075]]],[[[121.63717051142787,31.18633987223234],[121.64144968557571,31.18633301205047],[121.64144965789279,31.18666642004345],[121.63717048377059,31.18667328022626],[121.63717051142787,31.18633987223234]]],[[[121.63396079124678,31.186678147905383],[121.63574398873199,31.186675474691526],[121.63574396108254,31.187008882772748],[121.63396076360729,31.187011555987002],[121.63396079124678,31.186678147905383]]],[[[121.63717048377059,31.18667328022626],[121.64144965789279,31.18666642004345],[121.64144963020955,31.186999828123422],[121.63717045611297,31.187006688307164],[121.63717048377059,31.18667328022626]]],[[[121.63396076360729,31.187011555987002],[121.63538732870268,31.18700942373013],[121.63538730105492,31.18734283189853],[121.63396073596745,31.18734496415572],[121.63396076360729,31.187011555987002]]],[[[121.63717045611297,31.187006688307164],[121.64109304915526,31.187000414775223],[121.64109302147388,31.18733382294237],[121.63717042845501,31.187340096475168],[121.63717045611297,31.187006688307164]]],[[[121.6336040856222,31.187345489172298],[121.63538730105492,31.18734283189853],[121.63538727340682,31.187676240154133],[121.63360405798399,31.187678897428302],[121.6336040856222,31.187345489172298]]],[[[121.63681380979979,31.187340649624122],[121.64109302147388,31.18733382294237],[121.64109299379214,31.187667231196723],[121.63681378214356,31.187674057879413],[121.63681380979979,31.187340649624122]]],[[[121.63360405798399,31.187678897428302],[121.63538727340682,31.187676240154133],[121.63538724575838,31.188009648497054],[121.63360403034542,31.188012305771622],[121.63360405798399,31.187678897428302]]],[[[121.63681378214356,31.187674057879413],[121.64109299379214,31.187667231196723],[121.6410929661101,31.18800063953839],[121.636813754487,31.188007466222015],[121.63681378214356,31.187674057879413]]],[[[121.63324737630346,31.188012827507894],[121.63503060986295,31.188010186328444],[121.63503058221617,31.18834359475887],[121.63324734866652,31.18834623593872],[121.63324737630346,31.188012827507894]]],[[[121.636813754487,31.18800746622201],[121.64073638213648,31.188001223577487],[121.64073635445627,31.18833463200666],[121.63681372683008,31.18834087465204],[121.636813754487,31.18800746622201]]],[[[121.63324734866652,31.18834623593872],[121.63503058221617,31.18834359475887],[121.63503055456907,31.18867700327683],[121.63324732102922,31.18867964445708],[121.63324734866652,31.18834623593872]]],[[[121.6364571048052,31.188341424800615],[121.64073635445627,31.18833463200666],[121.64073632677571,31.188668040523364],[121.63645707715001,31.188674833318256],[121.6364571048052,31.188341424800615]]],[[[121.63467391511992,31.18867753795105],[121.63503055456907,31.18867700327683],[121.63503052692162,31.189010411882432],[121.63467388747445,31.189010946556735],[121.63467391511992,31.18867753795105]]],[[[121.63645707715001,31.188674833318256],[121.64073632677571,31.188668040523364],[121.64073629909483,31.189001449127712],[121.63645704949448,31.189008241923542],[121.63645707715001,31.188674833318256]]],[[[121.63645704949448,31.189008241923542],[121.64037971216369,31.18900203052123],[121.64037968448463,31.189335439213405],[121.63645702183861,31.18934165061658],[121.63645704949448,31.189008241923542]]],[[[121.6378834898055,31.189339432144536],[121.6400230945535,31.189336017928394],[121.64002306687627,31.18966942670851],[121.63788346214103,31.18967284092512],[121.6378834898055,31.189339432144536]]]]}},{"type":"Feature","properties":{"parcel_id":"zhangjiang:parcel:0007","geometry_method":"road_barrier_raster_plus_buildings","functional_type":"residential","dominant_type":"residential","confidence":1,"building_count":1,"avg_building_area_m2":606,"centroid_lng":121.64748,"centroid_lat":31.188946,"parcel_area_m2":545437,"safety_clipped":false,"classification_source":"osm_tags+building_morphology+spatial_prior","synthetic_classification":true,"qc_flags":""},"geometry":{"type":"MultiPolygon","coordinates":[[[[121.64358925111321,31.1846624004615],[121.6439458127805,31.18466179644875],[121.64394578508366,31.184995204007905],[121.64358922341862,31.184995808020734],[121.64358925111321,31.1846624004615]]],[[[121.64358922341862,31.184995808020734],[121.64430234413224,31.184994597648696],[121.64430231643279,31.185328005294213],[121.64358919572369,31.185329215666403],[121.64358922341862,31.184995808020734]]],[[[121.64358919572369,31.185329215666403],[121.64465887290177,31.185327396622274],[121.6446588451997,31.185660804354264],[121.64358916802843,31.18566262339862],[121.64358919572369,31.185329215666403]]],[[[121.64358916802843,31.18566262339862],[121.64537195055817,31.1856595802076],[121.64537192285117,31.185992988026097],[121.64358914033282,31.1859960312175],[121.64358916802843,31.18566262339862]]],[[[121.64358914033282,31.1859960312175],[121.64679810436385,31.185990513473797],[121.64679807664723,31.18632392137876],[121.64358911263689,31.186329439123146],[121.64358914033282,31.1859960312175]]],[[[121.64358911263689,31.186329439123146],[121.64786768847901,31.186322043565042],[121.64786766075501,31.18665545155666],[121.6435890849406,31.18666284711567],[121.64358911263689,31.186329439123146]]],[[[121.6435890849406,31.18666284711567],[121.6492937795116,31.18665292037329],[121.64929375177775,31.1869863284516],[121.64358905724399,31.186996255195183],[121.6435890849406,31.18666284711567]]],[[[121.64358905724399,31.186996255195183],[121.65000679887113,31.186985051727294],[121.65000677113215,31.18731845989255],[121.64358902954703,31.187329663361794],[121.64358905724399,31.186996255195183]]],[[[121.64323246524229,31.187330264995136],[121.6510763273249,31.187316531674448],[121.65107629957836,31.18764993992669],[121.64323243754724,31.187663673249027],[121.64323246524229,31.187330264995136]]],[[[121.64323243754724,31.187663673249027],[121.65321536399424,31.187646039688957],[121.6532153362327,31.187979448028074],[121.64323240985186,31.187997081590236],[121.64323243754724,31.187663673249027]]],[[[121.64323240985186,31.187997081590233],[121.65285882966707,31.187980101888716],[121.65285880190764,31.18831351031533],[121.64323238215616,31.188330490018867],[121.64323240985186,31.187997081590233]]],[[[121.64323238215616,31.188330490018867],[121.65285880190764,31.18831351031533],[121.65285877414789,31.188646918829473],[121.6432323544601,31.188663898535037],[121.64323238215616,31.188330490018867]]],[[[121.6432323544601,31.188663898535037],[121.65285877414789,31.188646918829473],[121.65285874638779,31.188980327431267],[121.64323232676371,31.188997307138845],[121.6432323544601,31.188663898535037]]],[[[121.64323232676371,31.188997307138845],[121.65285874638779,31.188980327431267],[121.65285871862737,31.18931373612081],[121.64323229906698,31.18933071583041],[121.64323232676371,31.188997307138845]]],[[[121.6435888633582,31.189330114196608],[121.652502210459,31.189314388500428],[121.65250218270067,31.189647797277907],[121.64358883565887,31.189663522975955],[121.6435888633582,31.189330114196608]]],[[[121.64394539729224,31.189662918962064],[121.65250218270067,31.189647797277907],[121.65250215494201,31.18998120614335],[121.64394536959033,31.189996327829306],[121.64394539729224,31.189662918962064]]],[[[121.64430192860483,31.189995721468957],[121.65250215494201,31.18998120614335],[121.65250212718301,31.190314615096877],[121.6443019009003,31.1903291304242],[121.64430192860483,31.189995721468957]]],[[[121.6443019009003,31.1903291304242],[121.65250212718301,31.190314615096877],[121.65250209942369,31.19064802413859],[121.64430187319543,31.19066253946763],[121.6443019009003,31.1903291304242]]],[[[121.64465842962792,31.190661930794477],[121.65214558961151,31.190648675001853],[121.65214556185427,31.190982084131935],[121.64465840192044,31.19099533992613],[121.64465842962792,31.190661930794477]]],[[[121.64501495581241,31.190994728974058],[121.65214556185427,31.190982084131935],[121.65214553409669,31.19131549335042],[121.6450149281023,31.191328138194038],[121.64501495581241,31.190994728974058]]],[[[121.6453714794931,31.191327524996943],[121.65214553409669,31.19131549335042],[121.65214550633878,31.19164890265742],[121.64537145178033,31.191660934305357],[121.6453714794931,31.191327524996943]]],[[[121.64608454721842,31.191659701312158],[121.65214550633878,31.191648902657416],[121.65214547858054,31.191982312053035],[121.6460845195007,31.191993110709046],[121.64608454721842,31.191659701312158]]],[[[121.64715414489787,31.19199124523392],[121.65214547858054,31.191982312053035],[121.65214545082195,31.192315721537383],[121.64715411717282,31.192324654719307],[121.64715414489787,31.19199124523392]]],[[[121.64822372221491,31.192322770885177],[121.65178893932742,31.19231637084908],[121.65178891157092,31.192649780422336],[121.64822369448245,31.192656180459178],[121.64822372221491,31.192322770885177]]],[[[121.64929328025067,31.19265427919769],[121.65178891157092,31.192649780422336],[121.65178888381409,31.19298319008454],[121.64929325251074,31.192987688860413],[121.64929328025067,31.19265427919769]]],[[[121.65000629951786,31.19298641213343],[121.65178888381409,31.19298319008454],[121.65178885605692,31.193316599835796],[121.65000627177278,31.193319821885055],[121.65000629951786,31.19298641213343]]],[[[121.65071931101909,31.193318538107878],[121.65178885605692,31.193316599835796],[121.65178882829942,31.19365000967621],[121.65071928326886,31.193651947948513],[121.65071931101909,31.193318538107878]]]]}},{"type":"Feature","properties":{"parcel_id":"zhangjiang:parcel:0008","geometry_method":"road_barrier_raster_plus_buildings","functional_type":"commercial","dominant_type":"commercial","confidence":0.86,"building_count":1,"avg_building_area_m2":606,"centroid_lng":121.622224,"centroid_lat":31.185334,"parcel_area_m2":32601,"safety_clipped":false,"classification_source":"osm_tags+building_morphology+spatial_prior","synthetic_classification":true,"qc_flags":""},"geometry":{"type":"MultiPolygon","coordinates":[[[[121.61576632115874,31.18536651135947],[121.6161231964899,31.18536618479414],[121.61612316893113,31.185699592532714],[121.61576629360114,31.185699919098138],[121.61576632115874,31.18536651135947]]],[[[121.61576629360114,31.185699919098138],[121.61648003903669,31.185699261373447],[121.6164800114764,31.186032669198593],[121.6157662660432,31.18603332692346],[121.61576629360114,31.185699919098138]]],[[[121.6157662660432,31.18603332692346],[121.6164800114764,31.186032669198593],[121.61647998391578,31.186366077110502],[121.61576623848491,31.186366734835556],[121.6157662660432,31.18603332692346]]],[[[121.61540935790667,31.186367056784828],[121.61647998391578,31.186366077110502],[121.61647995635482,31.186699485109294],[121.6154093303492,31.18670046478389],[121.61540935790667,31.186367056784828]]],[[[121.6154093303492,31.18670046478389],[121.61683682125864,31.186699149378583],[121.61683679369615,31.18703255746427],[121.61540930279139,31.18703387286994],[121.6154093303492,31.18670046478389]]],[[[121.61505241693898,31.187034190180775],[121.61683679369615,31.18703255746427],[121.61683676613332,31.187365965637056],[121.61505238938196,31.187367598354015],[121.61505241693898,31.187034190180775]]],[[[121.61505238938196,31.187367598354015],[121.61683676613332,31.187365965637056],[121.61683673857014,31.18769937389705],[121.61505236182461,31.18770100661446],[121.61505238938196,31.187367598354015]]],[[[121.61576612824842,31.187700367353806],[121.61683673857014,31.18769937389705],[121.61683671100664,31.188032782244356],[121.61576610068848,31.188033775701385],[121.61576612824842,31.187700367353806]]],[[[121.61647984610762,31.188033117975426],[121.61683671100664,31.188032782244353],[121.61683668344281,31.188366190679087],[121.61647981854499,31.18836652641025],[121.61647984610762,31.188033117975426]]]]}},{"type":"Feature","properties":{"parcel_id":"zhangjiang:parcel:0009","geometry_method":"road_barrier_raster_plus_buildings","functional_type":"commercial","dominant_type":"commercial","confidence":0.69,"building_count":3,"avg_building_area_m2":606,"centroid_lng":121.585733,"centroid_lat":31.189408,"parcel_area_m2":413779,"safety_clipped":false,"classification_source":"osm_tags+building_morphology+spatial_prior","synthetic_classification":true,"qc_flags":""},"geometry":{"type":"MultiPolygon","coordinates":[[[[121.57754608934093,31.188705447365873],[121.57969119505121,31.188706867016666],[121.57969116750091,31.189040275637375],[121.57754606178409,31.189038855987302],[121.57754608934093,31.188705447365873]]],[[[121.57718852119751,31.18903859925691],[121.58112110661978,31.18904110698907],[121.58112107907304,31.189374515697057],[121.57718849363916,31.189372007966213],[121.57718852119751,31.18903859925691]]],[[[121.57718849363916,31.189372007966213],[121.58290835514555,31.189375425379808],[121.58290832760282,31.18970883417507],[121.57718846608047,31.189705416763374],[121.57718849363916,31.189372007966213]]],[[[121.57718846608047,31.189705416763374],[121.5850528422501,31.189709736008528],[121.5850528147115,31.19004314489107],[121.57718843852145,31.190038825648504],[121.57718846608047,31.189705416763374]]],[[[121.57718843852145,31.190038825648504],[121.58648236008818,31.19004363130478],[121.58648233255177,31.190377040274946],[121.5771884109621,31.190372234621716],[121.57718843852145,31.190038825648504]]],[[[121.57683086381532,31.190371972148228],[121.58612495602088,31.19037692726875],[121.58612492848354,31.190710336327218],[121.57683083625443,31.190705381209746],[121.57683086381532,31.190371972148228]]],[[[121.57683083625443,31.190705381209746],[121.58612492848354,31.190710336327218],[121.58612490094588,31.19104374547398],[121.5768308086932,31.19103879035956],[121.57683083625443,31.190705381209746]]],[[[121.5768308086932,31.19103879035956],[121.58612490094588,31.19104374547398],[121.58612487340785,31.191377154709148],[121.57683078113165,31.191372199597776],[121.5768308086932,31.19103879035956]]],[[[121.57683078113165,31.191372199597776],[121.58112091378554,31.191374969793873],[121.58112088623645,31.19170837911917],[121.57683075356975,31.191705608924504],[121.57683078113165,31.191372199597776]]],[[[121.58326562539968,31.1913760441479],[121.58612487340785,31.191377154709148],[121.58612484586952,31.191710564032824],[121.58326559785574,31.191709453472498],[121.58326562539968,31.1913760441479]]],[[[121.57647319986572,31.19170534071057],[121.58112088623645,31.191708379119166],[121.58112085868702,31.192041788533082],[121.57647317230227,31.19203875012604],[121.57647319986572,31.19170534071057]]],[[[121.58469527429678,31.19171005468472],[121.58576746279621,31.191710445297996],[121.58576743525691,31.19204385471041],[121.58469524675549,31.192043464097473],[121.58469527429678,31.19171005468472]]],[[[121.57647317230227,31.19203875012604],[121.58112085868702,31.192041788533082],[121.58112083113726,31.19237519803573],[121.57647314473849,31.192372159630242],[121.57647317230227,31.19203875012604]]],[[[121.57647314473849,31.192372159630242],[121.58112083113726,31.19237519803573],[121.58112080358715,31.19270860762721],[121.57647311717437,31.19270556922328],[121.57647314473849,31.192372159630242]]],[[[121.57647311717437,31.19270556922328],[121.58112080358715,31.19270860762721],[121.58112077603671,31.19304201730764],[121.5764730896099,31.19303897890526],[121.57647311717437,31.19270556922328]]],[[[121.57611552935187,31.19303870495378],[121.58076330110165,31.193041818105506],[121.58076327354993,31.193375227875105],[121.57611550178584,31.193372114724937],[121.57611552935187,31.19303870495378]]],[[[121.57611550178584,31.193372114724937],[121.58076327354993,31.193375227875105],[121.58076324599789,31.193708637733863],[121.57611547421948,31.193705524585255],[121.57611550178584,31.193372114724937]]],[[[121.57611547421948,31.193705524585255],[121.58076324599789,31.193708637733863],[121.58076321844551,31.19404204768189],[121.57611544665276,31.194038934534838],[121.57611547421948,31.193705524585255]]],[[[121.57611544665276,31.194038934534838],[121.58076321844551,31.19404204768189],[121.5807631908928,31.194375457719296],[121.57611541908572,31.1943723445738],[121.57611544665276,31.194038934534838]]],[[[121.5757578522772,31.194372064887922],[121.5807631908928,31.194375457719296],[121.58076316333974,31.19470886784618],[121.57575782470857,31.19470547501649],[121.5757578522772,31.194372064887922]]],[[[121.57611539151836,31.194705754702248],[121.58040568182875,31.194708662888242],[121.5804056542744,31.195042073104837],[121.57611536395063,31.19503916492028],[121.57611539151836,31.194705754702248]]],[[[121.57718802509581,31.195039969555545],[121.5804056542744,31.195042073104837],[121.58040562671971,31.195375483411134],[121.57718799753141,31.195373379862914],[121.57718802509581,31.195039969555545]]],[[[121.57826059967924,31.19537413280711],[121.58040562671971,31.19537548341113],[121.58040559916469,31.19570889380723],[121.57826057211796,31.195707543203927],[121.57826059967924,31.19537413280711]]],[[[121.57933311519912,31.195708244398965],[121.58040559916469,31.19570889380723],[121.58040557160932,31.196042304293243],[121.57933308764073,31.196041654885335],[121.57933311519912,31.195708244398965]]]]}},{"type":"Feature","properties":{"parcel_id":"zhangjiang:parcel:0010","geometry_method":"road_barrier_raster_plus_buildings","functional_type":"residential","dominant_type":"residential","confidence":1,"building_count":1,"avg_building_area_m2":606,"centroid_lng":121.592387,"centroid_lat":31.187543,"parcel_area_m2":178051,"safety_clipped":false,"classification_source":"osm_tags+building_morphology+spatial_prior","synthetic_classification":true,"qc_flags":""},"geometry":{"type":"MultiPolygon","coordinates":[[[[121.58755442294985,31.190377344958247],[121.58898378555234,31.19037767125412],[121.58898375801911,31.190711080311686],[121.58755439541476,31.19071075401626],[121.58755442294985,31.190377344958247]]],[[[121.58755439541476,31.19071075401626],[121.59077031515072,31.19071136016693],[121.59077028761901,31.19104476931224],[121.58755436787932,31.19104416316257],[121.58755439541476,31.19071075401626]]],[[[121.58755436787932,31.19104416316257],[121.59184214430898,31.19104486924803],[121.59184211677776,31.19137827848142],[121.58755434034354,31.191377572397286],[121.58755436787932,31.19104416316257]]],[[[121.58719698340357,31.1913774765549],[121.59327116897349,31.19137833282329],[121.59327114144271,31.191711742144758],[121.58719695586694,31.19171088587824],[121.58719698340357,31.1913774765549]]],[[[121.58719695586694,31.191710885878237],[121.59470009126599,31.191711706785497],[121.5947000637353,31.19204511619516],[121.58719692832997,31.192044295290195],[121.58719695586694,31.191710885878237]]],[[[121.58719692832997,31.192044295290195],[121.59577170931986,31.192045031154645],[121.59577168178893,31.192378440652718],[121.58719690079268,31.192377704790886],[121.58719692832997,31.192044295290195]]],[[[121.58826895206015,31.192377975184595],[121.59577168178893,31.192378440652718],[121.59577165425767,31.192711850239625],[121.58826892452402,31.192711384773784],[121.58826895206015,31.192377975184595]]],[[[121.58969823511306,31.19271166548945],[121.59577165425767,31.192711850239625],[121.59577162672608,31.19304525991548],[121.5896982075783,31.19304507516714],[121.58969823511306,31.19271166548945]]],[[[121.59184197911658,31.193045325978208],[121.59577162672608,31.19304525991548],[121.59577159919414,31.193378669680385],[121.59184195158335,31.193378735744293],[121.59184197911658,31.193045325978208]]],[[[121.59362825081293,31.19337878963113],[121.59577159919414,31.193378669680385],[121.59577157166187,31.19371207953445],[121.59362822328028,31.193712199485834],[121.59362825081293,31.19337878963113]]]]}},{"type":"Feature","properties":{"parcel_id":"zhangjiang:parcel:0011","geometry_method":"road_barrier_raster_plus_buildings","functional_type":"office","dominant_type":"office","confidence":0.89,"building_count":1,"avg_building_area_m2":606,"centroid_lng":121.637127,"centroid_lat":31.190122,"parcel_area_m2":18808,"safety_clipped":false,"classification_source":"osm_tags+building_morphology+spatial_prior","synthetic_classification":true,"qc_flags":""},"geometry":{"type":"MultiPolygon","coordinates":[[[[121.63253383590211,31.190681130922282],[121.6328904974359,31.190680615837547],[121.63289046979817,31.191014024971775],[121.6325338082663,31.19101454005659],[121.63253383590211,31.190681130922282]]],[[[121.6325338082663,31.19101454005659],[121.63467372159464,31.19101140003743],[121.63467369394681,31.19134480925966],[121.63253378063015,31.1913479492793],[121.6325338082663,31.19101454005659]]],[[[121.63253378063015,31.1913479492793],[121.63467369394681,31.19134480925966],[121.63467366629867,31.191678218570402],[121.63253375299367,31.191681358590525],[121.63253378063015,31.1913479492793]]],[[[121.63396037661899,31.191679278324532],[121.63467366629867,31.1916782185704],[121.63467363865017,31.192011627969762],[121.63396034897444,31.192012687724056],[121.63396037661899,31.191679278324532]]]]}},{"type":"Feature","properties":{"parcel_id":"zhangjiang:parcel:0012","geometry_method":"road_barrier_raster_plus_buildings","functional_type":"residential","dominant_type":"residential","confidence":0.94,"building_count":2,"avg_building_area_m2":606,"centroid_lng":121.641685,"centroid_lat":31.196846,"parcel_area_m2":787435,"safety_clipped":false,"classification_source":"osm_tags+building_morphology+spatial_prior","synthetic_classification":true,"qc_flags":""},"geometry":{"type":"MultiPolygon","coordinates":[[[[121.6361002028211,31.191676061051194],[121.63752668416011,31.191673854515788],[121.63752665649535,31.19200726391452],[121.63610017516457,31.19200947045024],[121.6361002028211,31.191676061051194]]],[[[121.63610017516457,31.19200947045024],[121.63823987719991,31.192006142897178],[121.63823984953063,31.192339552384478],[121.6361001475077,31.192342879938014],[121.63610017516457,31.19200947045024]]],[[[121.63574351864564,31.192343423991673],[121.63859645502019,31.19233898755001],[121.63859642734846,31.192672397126067],[121.63574349099046,31.192676833568363],[121.63574351864564,31.192343423991673]]],[[[121.63574349099046,31.192676833568363],[121.63930962878858,31.192671258966286],[121.63930960111227,31.193004668631136],[121.63574346333495,31.193010243234],[121.63574349099046,31.192676833568363]]],[[[121.63574346333495,31.193010243234],[121.63966619713786,31.19300409537046],[121.63966616945906,31.193337505124283],[121.6357434356791,31.193343652988688],[121.63574346333495,31.193010243234]]],[[[121.6357434356791,31.193343652988688],[121.63966616945906,31.193337505124283],[121.63966614177993,31.193670914967267],[121.63574340802292,31.193677062832535],[121.6357434356791,31.193343652988688]]],[[[121.63574340802292,31.193677062832535],[121.64002273472316,31.193670338962566],[121.64002270704154,31.19400374889474],[121.63574338036639,31.19401047276565],[121.63574340802292,31.193677062832535]]],[[[121.63574338036639,31.19401047276565],[121.64002270704154,31.19400374889474],[121.64002267935959,31.194337158916294],[121.63574335270954,31.194343882788147],[121.63574338036639,31.19401047276565]]],[[[121.635386720374,31.194344423747275],[121.64002267935959,31.194337158916294],[121.64002265167728,31.19467056902733],[121.63538669271881,31.19467783385933],[121.635386720374,31.194344423747275]]],[[[121.63538669271881,31.19467783385933],[121.64002265167728,31.19467056902733],[121.64002262399465,31.195003979227955],[121.6353866650633,31.19501124406098],[121.63538669271881,31.19467783385933]]],[[[121.6353866650633,31.19501124406098],[121.64002262399465,31.195003979227955],[121.64002259631168,31.195337389518283],[121.63538663740744,31.195344654352326],[121.6353866650633,31.19501124406098]]],[[[121.63538663740744,31.195344654352322],[121.64002259631168,31.19533738951828],[121.64002256862837,31.195670799898412],[121.63538660975124,31.19567806473347],[121.63538663740744,31.195344654352322]]],[[[121.63538660975124,31.19567806473347],[121.64002256862837,31.195670799898412],[121.64002254094473,31.196004210368457],[121.63538658209471,31.19601147520454],[121.63538660975124,31.19567806473347]]],[[[121.63502994624733,31.19601201303784],[121.64002254094473,31.196004210368457],[121.64002251326073,31.19633762092852],[121.63502991859247,31.196345423599006],[121.63502994624733,31.19601201303784]]],[[[121.63502991859247,31.196345423599006],[121.64002251326073,31.19633762092852],[121.64002248557641,31.196671031578713],[121.63502989093726,31.196678834250296],[121.63502991859247,31.196345423599006]]],[[[121.63502989093726,31.196678834250296],[121.64002248557641,31.196671031578713],[121.64002245789175,31.19700444231914],[121.63502986328172,31.197012244991825],[121.63502989093726,31.196678834250296]]],[[[121.63502986328172,31.197012244991825],[121.64002245789175,31.19700444231914],[121.64002243020676,31.19733785314991],[121.63502983562584,31.197345655823693],[121.63502986328172,31.197012244991825]]],[[[121.63502983562584,31.197345655823693],[121.64002243020676,31.19733785314991],[121.64002240252141,31.19767126407113],[121.63502980796962,31.19767906674601],[121.63502983562584,31.197345655823693]]],[[[121.63502980796962,31.19767906674601],[121.64002240252141,31.19767126407113],[121.64002237483574,31.198004675082903],[121.63502978031306,31.19801247775888],[121.63502980796962,31.19767906674601]]],[[[121.63502978031306,31.19801247775888],[121.64002237483574,31.198004675082903],[121.64002234714972,31.198338086185334],[121.63502975265617,31.198345888862416],[121.63502978031306,31.19801247775888]]],[[[121.63467311326472,31.19834642353895],[121.63966575423663,31.198338662191127],[121.63966572655244,31.198672073384405],[121.63467308560949,31.19867983473333],[121.63467311326472,31.19834642353895]]],[[[121.63467308560949,31.198679834733326],[121.63966572655244,31.1986720733844],[121.6396656988679,31.199005484668554],[121.63467305795392,31.199013246018584],[121.63467308560949,31.198679834733326]]],[[[121.63467305795392,31.199013246018584],[121.6396656988679,31.199005484668554],[121.63966567118302,31.19933889604369],[121.634673030298,31.19934665739482],[121.63467305795392,31.199013246018584]]],[[[121.634673030298,31.19934665739482],[121.63966567118302,31.19933889604369],[121.63966564349782,31.199672307509914],[121.63467300264175,31.199680068862143],[121.634673030298,31.19934665739482]]],[[[121.63467300264175,31.199680068862143],[121.63966564349782,31.199672307509914],[121.63966561581228,31.20000571906733],[121.63467297498516,31.20001348042066],[121.63467300264175,31.199680068862143]]],[[[121.63431633200956,31.2000140119093],[121.63966561581228,31.20000571906733],[121.63966558812638,31.200339130716046],[121.63431630435461,31.200347423559197],[121.63431633200956,31.2000140119093]]],[[[121.63431630435461,31.200347423559197],[121.63966558812638,31.200339130716046],[121.63966556044016,31.200672542456168],[121.63431627669932,31.2006808353005],[121.63431630435461,31.200347423559197]]],[[[121.63395963009776,31.200681363570155],[121.63966556044016,31.200672542456168],[121.6396655327536,31.2010059542878],[121.63395960244411,31.20101477540305],[121.63395963009776,31.200681363570155]]],[[[121.63360295217888,31.201015300422917],[121.6396655327536,31.2010059542878],[121.6396655050667,31.20133936621105],[121.63360292452684,31.201348712347507],[121.63360295217888,31.201015300422917]]],[[[121.63360292452684,31.201348712347507],[121.6396655050667,31.20133936621105],[121.63966547737945,31.201672778226026],[121.63360289687445,31.201682124363824],[121.63360292452684,31.201348712347507]]],[[[121.633246242912,31.201682646103393],[121.63966547737945,31.201672778226026],[121.63966544969188,31.202006190332828],[121.63324621526121,31.20201605821162],[121.633246242912,31.201682646103393]]],[[[121.63324621526121,31.20201605821162],[121.63966544969188,31.202006190332828],[121.63966542200397,31.202339602531566],[121.6332461876101,31.20234947041178],[121.63324621526121,31.20201605821162]]],[[[121.63288952991499,31.202349988840588],[121.63966542200397,31.202339602531563],[121.63966539431571,31.20267301482234],[121.63288950226547,31.20268340113287],[121.63288952991499,31.202349988840588]]],[[[121.63253284080055,31.202683916220508],[121.63930879835227,31.202673588085272],[121.63930877066583,31.203007000468272],[121.6325328131526,31.203017328605018],[121.63253284080055,31.202683916220508]]],[[[121.6325328131526,31.203017328605018],[121.63930877066583,31.203007000468272],[121.63930874297905,31.203340412943525],[121.63253278550431,31.203350741081774],[121.6325328131526,31.203017328605018]]],[[[121.63253278550431,31.203350741081774],[121.63930874297905,31.203340412943525],[121.63930871529193,31.203673825511135],[121.63253275785569,31.20368415365089],[121.63253278550431,31.203350741081774]]],[[[121.63253275785569,31.20368415365089],[121.63930871529193,31.203673825511135],[121.63930868760447,31.204007238171204],[121.63253273020673,31.204017566312466],[121.63253275785569,31.20368415365089]]],[[[121.63217606494261,31.20401807802898],[121.63930868760447,31.204007238171204],[121.63930865991667,31.20434065092384],[121.63217603729521,31.204351490783203],[121.63217606494261,31.20401807802898]]],[[[121.63181936819123,31.20435199909829],[121.63895206084786,31.204341221410814],[121.63895203316186,31.2046746342562],[121.63181934054538,31.204685411945267],[121.63181936819123,31.20435199909829]]],[[[121.63288933636123,31.204683876825293],[121.63895203316186,31.2046746342562],[121.63895200547552,31.20500804719436],[121.63288930870934,31.205017289764804],[121.63288933636123,31.204683876825293]]],[[[121.6336026203321,31.205016249594973],[121.63895200547552,31.20500804719436],[121.63895197778884,31.205341460225405],[121.63360259267601,31.205349662627203],[121.6336026203321,31.205016249594973]]],[[[121.63467253243384,31.205348077845603],[121.63895197778884,31.205341460225405],[121.63895195010181,31.205674873349434],[121.63467250477152,31.205681490970576],[121.63467253243384,31.205348077845603]]],[[[121.63538577990843,31.20568041845668],[121.63895195010181,31.205674873349434],[121.63895192241446,31.206008286566554],[121.63538575224177,31.206013831674586],[121.63538577990843,31.20568041845668]]],[[[121.63645563861499,31.206012199535206],[121.63895192241446,31.20600828656655],[121.63895189472676,31.206341699876866],[121.63645561094191,31.206345612846068],[121.63645563861499,31.206012199535206]]],[[[121.63716885139361,31.206344509539786],[121.63895189472676,31.206341699876866],[121.63895186703873,31.20667511328048],[121.63716882371607,31.206677922943793],[121.63716885139361,31.206344509539786]]],[[[121.63788205080495,31.20667680776182],[121.63895186703873,31.20667511328048],[121.63895183935037,31.207008526777496],[121.63788202312291,31.207010221259075],[121.63788205080495,31.20667680776182]]],[[[121.63859523714487,31.20700909445638],[121.63895183935037,31.207008526777496],[121.63895181166166,31.207341940368025],[121.63859520945829,31.207342508046985],[121.63859523714487,31.20700909445638]]]]}},{"type":"Feature","properties":{"parcel_id":"zhangjiang:parcel:0013","geometry_method":"road_barrier_raster_plus_buildings","functional_type":"commercial","dominant_type":"commercial","confidence":0.86,"building_count":1,"avg_building_area_m2":606,"centroid_lng":121.636831,"centroid_lat":31.197324,"parcel_area_m2":516597,"safety_clipped":false,"classification_source":"osm_tags+building_morphology+spatial_prior","synthetic_classification":true,"qc_flags":""},"geometry":{"type":"MultiPolygon","coordinates":[[[[121.62539965006857,31.192024322541883],[121.62682659993213,31.19202253072185],[121.62682657232368,31.19235594021174],[121.6253996224667,31.19235773203211],[121.62539965006857,31.192024322541883]]],[[[121.62504287390071,31.192358170192083],[121.62932356856108,31.192352657950984],[121.62932354094018,31.192686067529127],[121.6250428463001,31.192691579771232],[121.62504287390071,31.192358170192083]]],[[[121.62468609323183,31.192692013958816],[121.6328903316045,31.192681071971133],[121.63289030396476,31.193014481637405],[121.62468606563249,31.193025423626995],[121.62468609323183,31.192692013958816]]],[[[121.62468606563249,31.193025423626995],[121.63431691268553,31.19301238818762],[121.63431688503768,31.193345797942623],[121.6246860380328,31.193358833384227],[121.62468606563249,31.193025423626995]]],[[[121.6246860380328,31.193358833384227],[121.63431688503768,31.193345797942623],[121.63431685738946,31.19367920778679],[121.6246860104328,31.19369224323062],[121.6246860380328,31.193358833384227]]],[[[121.6246860104328,31.19369224323062],[121.63431685738946,31.19367920778679],[121.63431682974092,31.194012617720226],[121.62468598283245,31.19402565316628],[121.6246860104328,31.19369224323062]]],[[[121.62432922523534,31.194026083354803],[121.63431682974092,31.194012617720226],[121.63431680209206,31.194346027743038],[121.62432919763623,31.194359493379924],[121.62432922523534,31.194026083354803]]],[[[121.62397243547444,31.194359919542364],[121.63431680209206,31.194346027743038],[121.63431677444284,31.19467943785533],[121.62397240787655,31.194693329657056],[121.62397243547444,31.194359919542364]]],[[[121.62397240787655,31.194693329657056],[121.63431677444284,31.19467943785533],[121.63431674679329,31.195012848057218],[121.62397238027832,31.195026739861337],[121.62397240787655,31.194693329657056]]],[[[121.62397238027832,31.195026739861337],[121.63396010015832,31.195013376325512],[121.63396007251039,31.195346786617176],[121.62397235267976,31.19536015015532],[121.62397238027832,31.195026739861337]]],[[[121.62361558592548,31.195360572265248],[121.63396007251039,31.195346786617172],[121.63396004486214,31.195680196998644],[121.62361555832811,31.195693982649118],[121.62361558592548,31.195360572265248]]],[[[121.62361555832811,31.195693982649118],[121.63396004486214,31.195680196998644],[121.63396001721354,31.19601360747003],[121.62361553073042,31.196027393122904],[121.62361555832811,31.195693982649118]]],[[[121.62397229748161,31.196026971012802],[121.63396001721354,31.19601360747003],[121.6339599895646,31.19634701803143],[121.62397226988205,31.196360381576522],[121.62397229748161,31.196026971012802]]],[[[121.62611277492525,31.196357764744082],[121.6339599895646,31.19634701803143],[121.63395996191534,31.196680428682967],[121.62611274731574,31.19669117539742],[121.62611277492525,31.196357764744082]]],[[[121.62718293988321,31.196689814089854],[121.63395996191534,31.196680428682967],[121.63395993426572,31.19701383942473],[121.62718291226837,31.197023224833174],[121.62718293988321,31.196689814089854]]],[[[121.62789635235971,31.197022298210772],[121.63360328397707,31.197014364443636],[121.63360325632907,31.197347775275826],[121.62789632474112,31.197355709044267],[121.62789635235971,31.197022298210772]]],[[[121.62932315421224,31.197353811011364],[121.63360325632907,31.197347775275826],[121.63360322868074,31.197681186198462],[121.6293231265863,31.197687221934977],[121.62932315421224,31.197353811011364]]],[[[121.63039320536336,31.197685760121846],[121.63360322868074,31.197681186198462],[121.63360320103207,31.198014597211653],[121.63039317773166,31.19801917113577],[121.63039320536336,31.197685760121846]]],[[[121.63110654345535,31.198018178796197],[121.63360320103207,31.198014597211653],[121.63360317338307,31.198348008315506],[121.63110651581964,31.198351589900614],[121.63110654345535,31.198018178796197]]],[[[121.63181986575883,31.198350583597477],[121.63360317338307,31.198348008315506],[121.63360314573373,31.198681419510127],[121.63181983811904,31.198683994792503],[121.63181986575883,31.198350583597477]]],[[[121.63253317254963,31.198682974763567],[121.63324649175381,31.19868194124897],[121.63324646410607,31.19901535253455],[121.63253314490572,31.19901638604931],[121.63253317254963,31.198682974763567]]]]}},{"type":"Feature","properties":{"parcel_id":"zhangjiang:parcel:0014","geometry_method":"road_barrier_raster_plus_buildings","functional_type":"residential","dominant_type":"residential","confidence":0.62,"building_count":3,"avg_building_area_m2":606,"centroid_lng":121.565041,"centroid_lat":31.200973,"parcel_area_m2":2127830,"safety_clipped":false,"classification_source":"osm_tags+building_morphology+spatial_prior","synthetic_classification":true,"qc_flags":""},"geometry":{"type":"MultiPolygon","coordinates":[[[[121.55572404718703,31.192680409226455],[121.55858723042812,31.19268496962108],[121.55858720277406,31.193018379309507],[121.55572401951359,31.193013818915976],[121.55572404718703,31.192680409226455]]],[[[121.55572401951359,31.193013818915976],[121.56109217267003,31.193022092700136],[121.56109214503151,31.19335550247667],[121.55572399183981,31.19334722869455],[121.55572401951359,31.193013818915976]]],[[[121.55572399183981,31.19334722869455],[121.56359681450932,31.19335895222469],[121.56359678688527,31.19369236208945],[121.5557239641657,31.19368063856228],[121.55572399183981,31.19334722869455]]],[[[121.5557239641657,31.19368063856228],[121.5661011508857,31.19369554385934],[121.56610112327505,31.194028953812456],[121.55572393649123,31.194014048519286],[121.5557239641657,31.19368063856228]]],[[[121.55572393649123,31.194014048519286],[121.56717432750739,31.19403023444056],[121.56717429990195,31.19436364448266],[121.55572390881645,31.194347458565662],[121.55572393649123,31.194014048519286]]],[[[121.55572390881645,31.194347458565662],[121.56860514980393,31.194365273881154],[121.56860512220526,31.194698684012224],[121.55572388114132,31.194680868701525],[121.55572390881645,31.194347458565662]]],[[[121.55572388114132,31.194680868701525],[121.56967819246042,31.194699847169407],[121.56967816486649,31.195033257389685],[121.55572385346585,31.195014278926976],[121.55572388114132,31.194680868701525]]],[[[121.55572385346585,31.195014278926976],[121.57039351290732,31.195034004661117],[121.57039348531632,31.19536741497084],[121.55572382579004,31.19534768924213],[121.55572385346585,31.195014278926976]]],[[[121.55572382579004,31.195347689242126],[121.57146645900872,31.195368493478675],[121.57146643142214,31.195701903877826],[121.5557237981139,31.195681099647082],[121.55572382579004,31.195347689242126]]],[[[121.5557237981139,31.195681099647082],[121.57253934687992,31.19570293134361],[121.57253931929755,31.196036341832297],[121.55572377043741,31.196014510141953],[121.5557237981139,31.195681099647082]]],[[[121.55572377043741,31.196014510141953],[121.57289694480879,31.19603667294907],[121.57289691722754,31.196370083527654],[121.55572374276059,31.196347920726843],[121.55572377043741,31.196014510141953]]],[[[121.55500788784612,31.196346728768848],[121.57253929171483,31.196369752411005],[121.57253926413178,31.196703163079842],[121.5550078601639,31.196680139444144],[121.55500788784612,31.196346728768848]]],[[[121.5550078601639,31.196680139444144],[121.57253926413178,31.196703163079842],[121.5725392365484,31.19703657383891],[121.55500783248134,31.19701355020967],[121.5550078601639,31.196680139444144]]],[[[121.55500783248134,31.19701355020967],[121.57218160453995,31.197036237032712],[121.57218157695473,31.197369647882248],[121.55500780479845,31.197346961065545],[121.55500783248134,31.19701355020967]]],[[[121.55500780479845,31.197346961065545],[121.57218157695473,31.197369647882248],[121.57218154936918,31.19770305882223],[121.55500777711522,31.197680372011863],[121.55500780479845,31.197346961065545]]],[[[121.55500777711522,31.197680372011863],[121.57218154936918,31.19770305882223],[121.57218152178329,31.19803646985277],[121.55500774943165,31.19801378304874],[121.55500777711522,31.197680372011863]]],[[[121.55500774943165,31.19801378304874],[121.57218152178329,31.19803646985277],[121.57218149419707,31.198369880973974],[121.55500772174776,31.198347194176275],[121.55500774943165,31.19801378304874]]],[[[121.55500772174776,31.198347194176275],[121.57218149419707,31.198369880973974],[121.5721814666105,31.198703292185943],[121.5550076940635,31.19868060539458],[121.55500772174776,31.198347194176275]]],[[[121.5550076940635,31.198680605394575],[121.57182382810856,31.198702949696433],[121.57182380052015,31.1990363609994],[121.55500766637893,31.199014016703753],[121.5550076940635,31.198680605394575]]],[[[121.55500766637893,31.199014016703753],[121.57182380052015,31.1990363609994],[121.5718237729314,31.19936977239335],[121.55500763869401,31.199347428103913],[121.55500766637893,31.199014016703753]]],[[[121.55500763869401,31.199347428103913],[121.5718237729314,31.19936977239335],[121.57182374534231,31.199703183878388],[121.55500761100875,31.19968083959516],[121.55500763869401,31.199347428103913]]],[[[121.55500761100875,31.19968083959516],[121.57182374534231,31.199703183878388],[121.57182371775289,31.20003659545462],[121.55500758332316,31.200014251177603],[121.55500761100875,31.19968083959516]]],[[[121.55500758332316,31.200014251177603],[121.57182371775289,31.20003659545462],[121.57182369016313,31.20037000712215],[121.55500755563722,31.200347662851343],[121.55500758332316,31.200014251177603]]],[[[121.55500755563722,31.200347662851343],[121.57182369016313,31.20037000712215],[121.57182366257304,31.200703418881087],[121.55500752795095,31.20068107461649],[121.55500755563722,31.200347662851343]]],[[[121.55500752795095,31.20068107461649],[121.57146601758299,31.200703070714514],[121.57146598999101,31.201036482565087],[121.55500750026434,31.201014486473145],[121.55500752795095,31.20068107461649]]],[[[121.55500750026434,31.201014486473145],[121.57146598999101,31.201036482565087],[121.57146596239872,31.20136989450728],[121.55500747257739,31.20134789842142],[121.55500750026434,31.201014486473145]]],[[[121.55500747257739,31.20134789842142],[121.57146596239872,31.20136989450728],[121.57146593480607,31.201703306541194],[121.55500744489011,31.20168131046142],[121.55500747257739,31.20134789842142]]],[[[121.55500744489011,31.20168131046142],[121.57110828333978,31.201702952703542],[121.57110825574524,31.20203636482941],[121.55500741720248,31.202014722593248],[121.55500744489011,31.20168131046142]]],[[[121.55500741720248,31.202014722593248],[121.57110825574524,31.20203636482941],[121.57110822815038,31.202369777047217],[121.55500738951451,31.20234813481701],[121.55500741720248,31.202014722593248]]],[[[121.55500738951451,31.202348134817008],[121.57110822815038,31.202369777047213],[121.57110820055516,31.202703189357056],[121.55500736182621,31.202681547132812],[121.55500738951451,31.202348134817008]]],[[[121.55500736182621,31.202681547132812],[121.5707505426202,31.202702829854935],[121.57075051502308,31.20303624225705],[121.55500733413757,31.20301495954076],[121.55500736182621,31.202681547132812]]],[[[121.55500733413757,31.20301495954076],[121.57075051502308,31.20303624225705],[121.5707504874256,31.203369654751416],[121.5550073064486,31.203348372040956],[121.55500733413757,31.20301495954076]]],[[[121.5550073064486,31.203348372040956],[121.5707504874256,31.203369654751416],[121.5707504598278,31.20370306733814],[121.55500727875928,31.203681784633513],[121.5550073064486,31.203348372040956]]],[[[121.55500727875928,31.203681784633513],[121.5707504598278,31.20370306733814],[121.57075043222966,31.204036480017322],[121.55500725106963,31.20401519731853],[121.55500727875928,31.203681784633513]]],[[[121.55500725106963,31.20401519731853],[121.57075043222966,31.204036480017322],[121.57075040463118,31.204369892789074],[121.55500722337963,31.204348610096112],[121.55500725106963,31.20401519731853]]],[[[121.55608099714239,31.204350390301606],[121.57075040463118,31.204369892789074],[121.57075037703237,31.204703305653496],[121.5560809694596,31.204683803171445],[121.55608099714239,31.204350390301606]]],[[[121.5560809694596,31.204683803171445],[121.57039271263181,31.204702940494133],[121.57039268503107,31.205036353451458],[121.5560809417765,31.20501721613406],[121.5560809694596,31.204683803171445]]],[[[121.56001765517303,31.205023342162118],[121.57039268503107,31.205036353451458],[121.57039265742996,31.205369766501665],[121.56001762751568,31.205356755216116],[121.56001765517303,31.205023342162118]]],[[[121.56180680071687,31.20535932737956],[121.57039265742996,31.205369766501665],[121.57039262982853,31.205703179644857],[121.5618067730702,31.205692740525873],[121.56180680071687,31.20535932737956]]],[[[121.56288020315502,31.205694219037756],[121.57003495897531,31.205702808834978],[121.57003493137191,31.206036222071386],[121.56288017551437,31.20602763227676],[121.56288020315502,31.205694219037756]]],[[[121.56395354973225,31.20602906177782],[121.57003493137191,31.206036222071383],[121.57003490376817,31.206369635400986],[121.56395352209739,31.20636247510962],[121.56395354973225,31.20602906177782]]],[[[121.56466907368605,31.206363400722164],[121.57003490376817,31.206369635400986],[121.57003487616412,31.20670304882389],[121.56466904605486,31.206696814147005],[121.56466907368605,31.206363400722164]]],[[[121.56538457254133,31.2066977177426],[121.57003487616412,31.20670304882389],[121.5700348485597,31.2070364623402],[121.56538454491373,31.207031131260578],[121.56538457254133,31.2066977177426]]],[[[121.5661000461965,31.207032012752357],[121.5700348485597,31.2070364623402],[121.57003482095496,31.207369875950015],[121.56610001857236,31.207365426363587],[121.5661000461965,31.207032012752357]]],[[[121.56717322302697,31.20736670697614],[121.57003482095496,31.207369875950015],[121.57003479334988,31.20770328965344],[121.56717319540806,31.20770012068059],[121.56717322302697,31.20736670697614]]],[[[121.56824634262541,31.20770135110993],[121.56967711604747,31.207702913200766],[121.5696770884404,31.208036326998037],[121.5682463150115,31.208034764907712],[121.56824634262541,31.20770135110993]]],[[[121.5693194047058,31.208035944909525],[121.5696770884404,31.208036326998037],[121.569677060833,31.20836974088913],[121.56931937709672,31.20836935880074],[121.5693194047058,31.208035944909525]]]]}},{"type":"Feature","properties":{"parcel_id":"zhangjiang:parcel:0015","geometry_method":"road_barrier_raster_plus_buildings","functional_type":"office","dominant_type":"office","confidence":0.89,"building_count":1,"avg_building_area_m2":606,"centroid_lng":121.603139,"centroid_lat":31.192701,"parcel_area_m2":140434,"safety_clipped":false,"classification_source":"osm_tags+building_morphology+spatial_prior","synthetic_classification":true,"qc_flags":""},"geometry":{"type":"MultiPolygon","coordinates":[[[[121.59791477504916,31.192711530843315],[121.59898625093906,31.192711297078226],[121.59898622340653,31.193044706753142],[121.59791474751714,31.193044940518543],[121.59791477504916,31.192711530843315]]],[[[121.59791474751714,31.193044940518543],[121.60041477112323,31.193044318975517],[121.60041474358938,31.193377728739073],[121.59791471998479,31.19337835028282],[121.59791474751714,31.193044940518543]]],[[[121.59791471998479,31.19337835028282],[121.60291446609423,31.19337684321824],[121.6029144385575,31.19371025307025],[121.5979146924521,31.19371176013626],[121.59791471998479,31.19337835028282]]],[[[121.5979146924521,31.19371176013626],[121.60434271835034,31.193709630369398],[121.60434269081135,31.19404304031028],[121.59791466491906,31.194045170078965],[121.5979146924521,31.19371176013626]]],[[[121.59827182977703,31.194045097616428],[121.6061279065702,31.19404214441411],[121.60612787902801,31.194375554443877],[121.59827180224352,31.194378507648405],[121.59827182977703,31.194045097616428]]],[[[121.60005753331438,31.19437806362482],[121.60755594592091,31.19437474498095],[121.60755591837571,31.194708155099814],[121.60005750577947,31.19471147374577],[121.60005753331438,31.19437806362482]]],[[[121.60184308283104,31.194710894699643],[121.60755591837571,31.194708155099814],[121.60755589083018,31.19504156530827],[121.60184305529418,31.195044304909676],[121.60184308283104,31.194710894699643]]],[[[121.60362848029406,31.195043592540184],[121.60755589083018,31.19504156530827],[121.60755586328432,31.195374975606427],[121.60362845275473,31.195377002839418],[121.60362848029406,31.195043592540184]]]]}},{"type":"Feature","properties":{"parcel_id":"zhangjiang:parcel:0016","geometry_method":"road_barrier_raster_plus_buildings","functional_type":"residential","dominant_type":"residential","confidence":0.62,"building_count":3,"avg_building_area_m2":606,"centroid_lng":121.649982,"centroid_lat":31.20078,"parcel_area_m2":1883324,"safety_clipped":false,"classification_source":"osm_tags+building_morphology+spatial_prior","synthetic_classification":true,"qc_flags":""},"geometry":{"type":"MultiPolygon","coordinates":[[[[121.64394506484686,31.193663831205985],[121.64430162383637,31.1936632248448],[121.64430159612812,31.193996634776056],[121.64394503714087,31.193997241137318],[121.64394506484686,31.193663831205985]]],[[[121.64358847553693,31.1939978451522],[121.64537125778158,31.193994801951693],[121.6453712300661,31.194328211972095],[121.64358844783287,31.194331255172983],[121.64358847553693,31.1939978451522]]],[[[121.64323188357545,31.194331856807928],[121.64608432546721,31.194326978977696],[121.64608429774678,31.19466038908743],[121.64323185587331,31.19466526691827],[121.64323188357545,31.194331856807928]]],[[[121.64323185587331,31.19466526691827],[121.64679738362173,31.19465914752185],[121.64679735589631,31.194992557721026],[121.64323182817083,31.194998677118207],[121.64323185587331,31.19466526691827]]],[[[121.64287526122318,31.19499927633974],[121.64858003100574,31.194989418109504],[121.6485800032682,31.19532282839801],[121.64287523352262,31.19533268662945],[121.64287526122318,31.19499927633974]]],[[[121.64287523352262,31.195332686629445],[121.64964958279826,31.195320921533675],[121.64964955505323,31.19565433191176],[121.64287520582171,31.19566609700896],[121.64287523352262,31.195332686629445]]],[[[121.64287520582171,31.19566609700896],[121.65036259810336,31.195653051623637],[121.65036257035317,31.195986462091486],[121.64287517812046,31.19599950747839],[121.64287520582171,31.19566609700896]]],[[[121.64287517812046,31.19599950747839],[121.65143212078414,31.19598452879001],[121.65143209302636,31.196317939347658],[121.64287515041887,31.19633291803784],[121.64287517812046,31.19599950747839]]],[[[121.64287515041887,31.19633291803784],[121.65214511769243,31.196316642309657],[121.65214508992943,31.196650052957285],[121.64287512271694,31.196666328687417],[121.64287515041887,31.19633291803784]]],[[[121.64287512271694,31.196666328687417],[121.65285810781205,31.196648749711457],[121.65285808004383,31.196982160449174],[121.64287509501469,31.19699973942723],[121.64287512271694,31.196666328687417]]],[[[121.6425185253469,31.197000336202194],[121.65357109147084,31.196980851277974],[121.65357106369734,31.197314262105884],[121.64251849764653,31.197333747032424],[121.6425185253469,31.197000336202194]]],[[[121.64251849764653,31.197333747032424],[121.65392756709205,31.19731360538673],[121.65392753931575,31.197647016305012],[121.64251846994583,31.197667157953102],[121.64251849764653,31.197333747032424]]],[[[121.64251846994583,31.197667157953102],[121.65392753931575,31.197647016305012],[121.65392751153911,31.19798042731385],[121.64251844224479,31.198000568964336],[121.64251846994583,31.197667157953102]]],[[[121.64251844224479,31.198000568964336],[121.65392751153911,31.19798042731385],[121.65392748376213,31.198313838413352],[121.6425184145434,31.19833398006623],[121.64251844224479,31.198000568964336]]],[[[121.6425184145434,31.19833398006623],[121.65392748376213,31.198313838413352],[121.65392745598481,31.198647249603624],[121.64251838684169,31.198667391258894],[121.6425184145434,31.19833398006623]]],[[[121.64251838684169,31.19866739125889],[121.65392745598481,31.19864724960362],[121.65392742820717,31.198980660884764],[121.64251835913963,31.199000802542425],[121.64251838684169,31.19866739125889]]],[[[121.64251835913963,31.199000802542425],[121.65392742820717,31.198980660884764],[121.65392740042917,31.19931407225689],[121.64251833143724,31.199334213916945],[121.64251835913963,31.199000802542425]]],[[[121.6421617590127,31.19933480821205],[121.65392740042917,31.19931407225689],[121.65392737265084,31.1996474837201],[121.64216173131219,31.199668219677733],[121.6421617590127,31.19933480821205]]],[[[121.64216173131219,31.199668219677733],[121.65392737265084,31.1996474837201],[121.65392734487216,31.199980895274507],[121.64216170361134,31.20000163123461],[121.64216173131219,31.199668219677733]]],[[[121.64216170361134,31.20000163123461],[121.65392734487216,31.199980895274507],[121.65392731709315,31.200314306920212],[121.64216167591016,31.200335042882784],[121.64216170361134,31.20000163123461]]],[[[121.64180510068124,31.20033563466445],[121.65392731709315,31.200314306920212],[121.6539272893138,31.200647718657322],[121.64180507298194,31.20066904640411],[121.64180510068124,31.20033563466445]]],[[[121.64180507298194,31.20066904640411],[121.6539272893138,31.200647718657322],[121.65392726153411,31.200981130485946],[121.6418050452823,31.20100245823528],[121.64180507298194,31.20066904640411]]],[[[121.6418050452823,31.20100245823528],[121.65392726153411,31.200981130485946],[121.65392723375408,31.201314542406188],[121.64180501758231,31.20133587015807],[121.6418050452823,31.20100245823528]]],[[[121.64180501758231,31.20133587015807],[121.65250121094579,31.2013171606816],[121.65250118317525,31.20165057269386],[121.64180498988199,31.201669282172578],[121.64180501758231,31.20133587015807]]],[[[121.65357073038898,31.201315199126224],[121.65392723375408,31.201314542406188],[121.6539272059737,31.201647954418153],[121.65357070261108,31.20164861113826],[121.65357073038898,31.201315199126224]]],[[[121.64180498988199,31.201669282172578],[121.65250118317525,31.20165057269386],[121.65250115540438,31.20198398479795],[121.64180496218133,31.202002694278917],[121.64180498988199,31.201669282172578]]],[[[121.65357070261108,31.20164861113826],[121.6539272059737,31.201647954418153],[121.65392717819299,31.201981366521945],[121.65357067483284,31.201982023242127],[121.65357070261108,31.20164861113826]]],[[[121.64180496218133,31.202002694278917],[121.65214464567534,31.201984635663717],[121.65214461790657,31.202318047859812],[121.64180493448033,31.202336106477194],[121.64180496218133,31.202002694278917]]],[[[121.65357067483284,31.201982023242127],[121.65392717819299,31.201981366521945],[121.65392715041195,31.20231477871767],[121.65357064705425,31.202315435437928],[121.65357067483284,31.201982023242127]]],[[[121.64180493448033,31.20233610647719],[121.65214461790657,31.20231804785981],[121.65214459013747,31.202651460147944],[121.641804906779,31.202669518767504],[121.64180493448033,31.20233610647719]]],[[[121.65357064705425,31.202315435437924],[121.65392715041195,31.202314778717668],[121.65392712263055,31.202648191005437],[121.65357061927533,31.20264884772577],[121.65357064705425,31.202315435437924]]],[[[121.641804906779,31.202669518767504],[121.65178807871855,31.202652109461926],[121.65178805095155,31.202985521842283],[121.64180487907733,31.203002931149964],[121.641804906779,31.202669518767504]]],[[[121.6532141143895,31.202649503035584],[121.65392712263055,31.202648191005437],[121.65392709484883,31.20298160338535],[121.6532140866127,31.202982915415646],[121.6532141143895,31.202649503035584]]],[[[121.64180487907733,31.203002931149964],[121.65178805095155,31.202985521842283],[121.65178802318421,31.20331893431489],[121.64180485137531,31.203336343624674],[121.64180487907733,31.203002931149964]]],[[[121.6532140866127,31.202982915415646],[121.65392709484883,31.20298160338535],[121.65392706706676,31.203315015857516],[121.65321405883557,31.203316327887954],[121.6532140866127,31.202982915415646]]],[[[121.64180485137531,31.203336343624674],[121.65178802318421,31.20331893431489],[121.65178799541654,31.20365234687985],[121.64180482367297,31.203669756191744],[121.64180485137531,31.203336343624674]]],[[[121.65321405883557,31.203316327887954],[121.65392706706676,31.203315015857516],[121.65392703928434,31.203648428422035],[121.6532140310581,31.203649740452622],[121.65321405883557,31.203316327887954]]],[[[121.64180482367297,31.203669756191744],[121.65178799541654,31.20365234687985],[121.65178796764852,31.203985759537275],[121.64180479597029,31.204003168851273],[121.64180482367297,31.203669756191744]]],[[[121.65285752460791,31.203650394316725],[121.65392703928434,31.203648428422035],[121.6539270115016,31.203981841079017],[121.65285749683255,31.203983806973927],[121.65285752460791,31.203650394316725]]],[[[121.64144821791604,31.204003758086934],[121.6539270115016,31.203981841079017],[121.6539269837185,31.204315253828565],[121.64144819021521,31.204337170839104],[121.64144821791604,31.204003758086934]]],[[[121.64144819021521,31.204337170839104],[121.6539269837185,31.204315253828565],[121.65392695593509,31.204648666670785],[121.64144816251407,31.20467058368395],[121.64144819021521,31.204337170839104]]],[[[121.64144816251407,31.20467058368395],[121.65392695593509,31.204648666670785],[121.65392692815132,31.20498207960578],[121.64144813481256,31.205003996621567],[121.64144816251407,31.20467058368395]]],[[[121.64144813481256,31.205003996621567],[121.65392692815132,31.20498207960578],[121.65392690036721,31.20531549263366],[121.64144810711073,31.20533740965207],[121.64144813481256,31.205003996621567]]],[[[121.64144810711073,31.20533740965207],[121.65392690036721,31.20531549263366],[121.65392687258277,31.205648905754522],[121.64144807940856,31.205670822775556],[121.64144810711073,31.20533740965207]]],[[[121.64144807940856,31.205670822775556],[121.65392687258277,31.205648905754522],[121.653926844798,31.205982318968477],[121.64144805170605,31.206004235992133],[121.64144807940856,31.205670822775556]]],[[[121.64144805170605,31.20600423599213],[121.653926844798,31.205982318968474],[121.65392681701286,31.206315732275623],[121.6414480240032,31.206337649301904],[121.64144805170605,31.20600423599213]]],[[[121.6414480240032,31.206337649301904],[121.6535703136848,31.20631638899676],[121.65357028590181,31.206649802397283],[121.64144799630002,31.206671062704974],[121.6414480240032,31.206337649301904]]],[[[121.64144799630002,31.206671062704974],[121.65321378104554,31.20665045770798],[121.65321375326467,31.20698387120198],[121.6414479685965,31.20700447620145],[121.64144799630002,31.206671062704974]]],[[[121.6414479685965,31.20700447620145],[121.65321375326467,31.20698387120198],[121.65321372548345,31.207317284789486],[121.64144794089263,31.207337889791436],[121.6414479685965,31.20700447620145]]],[[[121.64144794089263,31.207337889791436],[121.65285721906031,31.207317938654395],[121.65285719128121,31.20765135233559],[121.64144791318843,31.20767130347503],[121.64144794089263,31.207337889791436]]],[[[121.64109133227025,31.207671890131607],[121.65285719128121,31.20765135233559],[121.65285716350179,31.2079847661105],[121.64109130456791,31.208005303908994],[121.64109133227025,31.207671890131607]]],[[[121.64109130456791,31.208005303908994],[121.65250065547069,31.20798541849424],[121.65250062769337,31.208318832363044],[121.64109127686523,31.208338717780205],[121.64109130456791,31.208005303908994]]],[[[121.64109127686523,31.208338717780205],[121.65250062769337,31.208318832363044],[121.65250059991571,31.208652246325773],[121.64109124916222,31.20867213174534],[121.64109127686523,31.208338717780205]]],[[[121.6414478300738,31.208671545088535],[121.6521440902356,31.208652897193016],[121.65214406246004,31.208986311249845],[121.64144780236825,31.20900495914762],[121.6414478300738,31.208671545088535]]],[[[121.64251752792067,31.209003183829818],[121.65214406246004,31.208986311249845],[121.65214403468416,31.209319725400807],[121.64251750020813,31.209336597982805],[121.64251752792067,31.209003183829818]]],[[[121.64323063664428,31.209335401980198],[121.65178752331406,31.209320374716267],[121.65178749554026,31.209653788961536],[121.64323060892691,31.209668816227268],[121.64323063664428,31.209335401980198]]],[[[121.64394373457816,31.209667610570353],[121.65178749554026,31.209653788961536],[121.65178746776614,31.209987203301143],[121.64394370685594,31.21000102491161],[121.64394373457816,31.209667610570353]]],[[[121.64430026573407,31.210000418546702],[121.65143095466512,31.209987851029588],[121.65143092689308,31.210321265463715],[121.64430023800924,31.210333832982325],[121.64430026573407,31.210000418546702]]],[[[121.6446567943071,31.210333224304694],[121.65143092689308,31.210321265463715],[121.65143089912071,31.210654679992388],[121.64465676657963,31.210666638834788],[121.6446567943071,31.210333224304694]]],[[[121.64572642039128,31.210664799264322],[121.65107438424793,31.210655326098635],[121.65107435647765,31.21098874072203],[121.64572639265658,31.21099821388884],[121.64572642039128,31.210664799264322]]],[[[121.64643948302515,31.210996976567213],[121.65071783978986,31.21098938517088],[121.65071781202165,31.2113227998891],[121.64643945528546,31.211330391286328],[121.64643948302515,31.210996976567213]]],[[[121.6467959969359,31.211329769445495],[121.65071781202165,31.2113227998891],[121.65071778425312,31.21165621470218],[121.64679596919353,31.211663184259393],[121.6467959969359,31.211329769445495]]],[[[121.64715250854034,31.211662560344216],[121.65036126571201,31.211656857458628],[121.65036123794555,31.21199027236674],[121.64715248079531,31.211995975253],[121.64715250854034,31.211662560344216]]],[[[121.64786555273994,31.21199472133721],[121.65000471750803,31.2119909133957],[121.65000468974362,31.212324328398946],[121.64786552498987,31.212328136340904],[121.64786555273994,31.21199472133721]]],[[[121.6482220576677,31.21232750640924],[121.65000468974362,31.212324328398946],[121.6500046619789,31.212657743497356],[121.6482220299149,31.21266092150802],[121.6482220576677,31.21232750640924]]],[[[121.64893508888231,31.212659655870016],[121.6500046619789,31.212657743497356],[121.65000463421383,31.212991158691036],[121.64893506112442,31.212993071063917],[121.64893508888231,31.212659655870016]]]]}},{"type":"Feature","properties":{"parcel_id":"zhangjiang:parcel:0017","geometry_method":"road_barrier_raster_plus_buildings","functional_type":"commercial","dominant_type":"commercial","confidence":0.86,"building_count":1,"avg_building_area_m2":606,"centroid_lng":121.624498,"centroid_lat":31.196443,"parcel_area_m2":124134,"safety_clipped":false,"classification_source":"osm_tags+building_morphology+spatial_prior","synthetic_classification":true,"qc_flags":""},"geometry":{"type":"MultiPolygon","coordinates":[[[[121.60862690771332,31.19470749462128],[121.61005481346237,31.194706543733297],[121.6100547859114,31.19503995394108],[121.60862688016557,31.195040904829447],[121.60862690771332,31.19470749462128]]],[[[121.60862688016557,31.195040904829447],[121.61183954143502,31.1950386541264],[121.61183951387922,31.195372064423417],[121.60862685261749,31.195374315127314],[121.60862688016557,31.195040904829447]]],[[[121.60862685261749,31.19537431512731],[121.61291030073252,31.19537122616813],[121.61291027317347,31.195704636554677],[121.60862682506908,31.195707725514982],[121.60862685261749,31.19537431512731]]],[[[121.61112560084783,31.195706009428033],[121.61612234201179,31.19570186547681],[121.6161223144426,31.19603527595244],[121.61112557329322,31.196039419904956],[121.61112560084783,31.195706009428033]]],[[[121.61291024561407,31.19603804703113],[121.61790661306661,31.196033574660014],[121.617906585491,31.196366985225218],[121.61291021805435,31.196371457597607],[121.61291024561407,31.19603804703113]]],[[[121.61433785764052,31.19637027297454],[121.61862026911024,31.19636627319531],[121.61862024153173,31.19669968385046],[121.6143378300763,31.196703683630776],[121.61433785764052,31.19637027297454]]],[[[121.61540850346884,31.196702745694367],[121.61862024153173,31.19669968385046],[121.61862021395288,31.19703309459585],[121.61540847590095,31.197036156440564],[121.61540850346884,31.196702745694367]]],[[[121.61612223173304,31.197035507919892],[121.61862021395288,31.19703309459585],[121.6186201863737,31.197366505431578],[121.61612220416251,31.197368918756247],[121.61612223173304,31.197035507919892]]],[[[121.61647907422673,31.197368587593818],[121.6186201863737,31.197366505431578],[121.61862015879419,31.197699916357756],[121.61647904665469,31.197701998520536],[121.61647907422673,31.197368587593818]]],[[[121.6171927712109,31.197701322504862],[121.61862015879419,31.197699916357756],[121.61862013121434,31.19803332737449],[121.6171927436361,31.198034733521954],[121.6171927712109,31.197701322504862]]],[[[121.61754959818128,31.198034388714625],[121.61897696544915,31.19803296470044],[121.61897693786766,31.198366375807744],[121.61754957060492,31.198367799822286],[121.61754959818128,31.198034388714625]]],[[[121.61790642003028,31.198367450512862],[121.61897693786766,31.198366375807744],[121.61897691028582,31.19869978700582],[121.61790639245231,31.198700861711202],[121.61790642003028,31.198367450512862]]],[[[121.61862007605363,31.198700149680043],[121.61897691028582,31.198699787005815],[121.61897688270365,31.199033198294764],[121.61862004847276,31.19903356096908],[121.61862007605363,31.198700149680043]]]]}},{"type":"Feature","properties":{"parcel_id":"zhangjiang:parcel:0018","geometry_method":"road_barrier_raster_plus_buildings","functional_type":"residential","dominant_type":"residential","confidence":1,"building_count":1,"avg_building_area_m2":606,"centroid_lng":121.627806,"centroid_lat":31.20143,"parcel_area_m2":500297,"safety_clipped":false,"classification_source":"osm_tags+building_morphology+spatial_prior","synthetic_classification":true,"qc_flags":""},"geometry":{"type":"MultiPolygon","coordinates":[[[[121.62290190052792,31.19702845704166],[121.62325867656084,31.19702804311597],[121.62325864896331,31.197361453950563],[121.62290187293192,31.197361867876342],[121.62290190052792,31.19702845704166]]],[[[121.6225450922118,31.197362277670553],[121.6246857068104,31.19735975745629],[121.62468567920634,31.19769316838099],[121.62254506461694,31.19769568859577],[121.6225450922118,31.197362277670553]]],[[[121.6221882791795,31.19769609423257],[121.62611266448519,31.19769140789927],[121.62611263687434,31.198024818914188],[121.62218825158578,31.198029505248424],[121.6221882791795,31.19769609423257]]],[[[121.6218314614011,31.19802990670206],[121.62682610292843,31.198023915219796],[121.62682607531391,31.19835732632521],[121.62183143380852,31.198363317808667],[121.6218314614011,31.19802990670206]]],[[[121.62147463884685,31.19836371505355],[121.62753952398452,31.19835640728915],[121.62753949636628,31.198689818485164],[121.62147461125538,31.19869712625101],[121.62147463884685,31.19836371505355]]],[[[121.62147461125538,31.198697126251005],[121.62896634260126,31.198687935285452],[121.62896631497573,31.199021346572007],[121.62147458366357,31.19903053753934],[121.62147461125538,31.198697126251005]]],[[[121.62147458366357,31.19903053753934],[121.62932301607913,31.199020866536042],[121.62932298845149,31.199354277913496],[121.62147455607143,31.199363948918656],[121.62147458366357,31.19903053753934]]],[[[121.62183135102877,31.19936355167351],[121.63039306720151,31.19935281609913],[121.63039303956812,31.199686227567426],[121.62183132343486,31.19969696314383],[121.62183135102877,31.19936355167351]]],[[[121.62183132343486,31.19969696314383],[121.63146308219099,31.199684733805757],[121.63146305455173,31.200018145365],[121.6218312958406,31.200030374705335],[121.62183132343486,31.19969696314383]]],[[[121.6218312958406,31.200030374705335],[121.632533061972,31.200016620452832],[121.63253303432674,31.20035003210313],[121.62183126824601,31.200363786358146],[121.6218312958406,31.200030374705335]]],[[[121.62183126824601,31.200363786358146],[121.63253303432674,31.20035003210313],[121.63253300668116,31.200683443844834],[121.62183124065108,31.20069719810236],[121.62183126824601,31.200363786358146]]],[[[121.62183124065108,31.20069719810236],[121.63217634139804,31.200683955560542],[121.632176313754,31.201017367393842],[121.62183121305581,31.201030609938087],[121.62183124065108,31.20069719810236]]],[[[121.62183121305581,31.201030609938087],[121.63181964463116,31.201017875708114],[121.63181961698868,31.201351287633113],[121.62183118546021,31.20136402186543],[121.62183121305581,31.201030609938087]]],[[[121.62183118546021,31.20136402186543],[121.63181961698868,31.201351287633113],[121.63181958934587,31.20168469964983],[121.62183115786426,31.2016974338845],[121.62183118546021,31.20136402186543]]],[[[121.62183115786426,31.2016974338845],[121.63146291635042,31.20168520453283],[121.63146288870914,31.20201861664146],[121.62183113026799,31.202030845995395],[121.62183115786426,31.2016974338845]]],[[[121.62254470585337,31.202030038902798],[121.63146288870914,31.20201861664146],[121.63146286106752,31.202352028842025],[121.62254467825382,31.202363451105455],[121.62254470585337,31.202030038902798]]],[[[121.62397177303217,31.202361787238623],[121.63110618416482,31.202352530263948],[121.63110615652474,31.202685942556634],[121.6239717454262,31.202695199532975],[121.62397177303217,31.202361787238623]]],[[[121.62504201812563,31.20269390898753],[121.63074947567847,31.202686440487764],[121.63074944803988,31.203019852872675],[121.62504199051459,31.203027321373778],[121.62504201812563,31.20269390898753]]],[[[121.62611222267111,31.203025995076857],[121.63074944803988,31.203019852872675],[121.63074942040096,31.20335326534984],[121.62611219505487,31.2033594075551],[121.62611222267111,31.203025995076857]]],[[[121.62789582754861,31.203357119616925],[121.63039273557868,31.203353759760738],[121.63039270794125,31.203687172330337],[121.6278957999236,31.203690532187107],[121.62789582754861,31.203357119616925]]],[[[121.62932262926155,31.20368863414791],[121.63039270794125,31.203687172330337],[121.63039268030349,31.204020584992403],[121.6293226016292,31.20402204681022],[121.62932262926155,31.20368863414791]]]]}},{"type":"Feature","properties":{"parcel_id":"zhangjiang:parcel:0019","geometry_method":"road_barrier_raster_plus_buildings","functional_type":"office","dominant_type":"office","confidence":0.89,"building_count":1,"avg_building_area_m2":606,"centroid_lng":121.624938,"centroid_lat":31.198762,"parcel_area_m2":3762,"safety_clipped":false,"classification_source":"osm_tags+building_morphology+spatial_prior","synthetic_classification":true,"qc_flags":""},"geometry":{"type":"MultiPolygon","coordinates":[[[[121.61897674478777,31.200700256106348],[121.61933357400343,31.200699889024406],[121.61933354641792,31.201033300860747],[121.6189767172036,31.201033667942777],[121.61897674478777,31.200700256106348]]],[[[121.61861988298055,31.201034030617624],[121.61933354641792,31.201033300860747],[121.61933351883208,31.2013667127887],[121.61861985539733,31.201367442545756],[121.61861988298055,31.201034030617624]]]]}},{"type":"Feature","properties":{"parcel_id":"zhangjiang:parcel:0020","geometry_method":"road_barrier_raster_plus_buildings","functional_type":"commercial","dominant_type":"commercial","confidence":0.63,"building_count":3,"avg_building_area_m2":606,"centroid_lng":121.579734,"centroid_lat":31.206055,"parcel_area_m2":506566,"safety_clipped":false,"classification_source":"osm_tags+building_morphology+spatial_prior","synthetic_classification":true,"qc_flags":""},"geometry":{"type":"MultiPolygon","coordinates":[[[[121.57361156952504,31.20337237179792],[121.57611467464857,31.203374449801036],[121.57611464707212,31.2037078623859],[121.57361154193926,31.20370578438364],[121.57361156952504,31.20337237179792]]],[[[121.57361154193926,31.20370578438364],[121.57790238302913,31.203709174715872],[121.57790235545832,31.20404258739259],[121.57361151435315,31.204039197061824],[121.57361154193926,31.20370578438364]]],[[[121.57361151435315,31.204039197061824],[121.57861740393047,31.20404307210429],[121.57861737636154,31.204376484873336],[121.5736114867667,31.204372609832575],[121.57361151435315,31.204039197061824]]],[[[121.5736114867667,31.204372609832575],[121.57825985540642,31.20437624539262],[121.57825982783605,31.204709658254455],[121.57361145917992,31.204706022695994],[121.5736114867667,31.204372609832575]]],[[[121.57325384663658,31.204705702978668],[121.57825982783605,31.204709658254455],[121.57825980026534,31.205043071209065],[121.57325381904803,31.20503911593499],[121.57325384663658,31.204705702978668]]],[[[121.57325381904803,31.20503911593499],[121.57825980026534,31.205043071209065],[121.57825977269431,31.205376484256558],[121.57325379145915,31.205372528984192],[121.57325381904803,31.20503911593499]]],[[[121.57325379145915,31.205372528984192],[121.57825977269431,31.205376484256558],[121.57825974512293,31.20570989739704],[121.57325376386993,31.205705942126382],[121.57325379145915,31.205372528984192]]],[[[121.57325376386993,31.205705942126382],[121.57825974512293,31.20570989739704],[121.57825971755122,31.20604331063061],[121.57325373628036,31.20603935536166],[121.57325376386993,31.205705942126382]]],[[[121.57325373628036,31.206039355361657],[121.57790219002634,31.20604306540046],[121.57790216245317,31.206376478727346],[121.57325370869047,31.20637276869013],[121.57325373628036,31.206039355361657]]],[[[121.5728960896337,31.206372443272638],[121.57790216245317,31.206376478727346],[121.57790213487966,31.20670989214753],[121.57289606204203,31.206705856694533],[121.5728960896337,31.206372443272638]]],[[[121.57289606204203,31.206705856694533],[121.57790213487966,31.20670989214753],[121.57790210730582,31.20704330566112],[121.57289603445001,31.207039270209837],[121.57289606204203,31.206705856694533]]],[[[121.57289603445001,31.207039270209837],[121.57790210730582,31.20704330566112],[121.57790207973163,31.207376719268215],[121.57289600685766,31.207372683818647],[121.57289603445001,31.207039270209837]]],[[[121.57289600685766,31.207372683818647],[121.57754454564017,31.207376468290434],[121.5775445180645,31.207709881991264],[121.57289597926498,31.20770609752107],[121.57289600685766,31.207372683818647]]],[[[121.57253835370233,31.20770576640866],[121.5775445180645,31.207709881991264],[121.5775444904885,31.20804329578581],[121.57253832610783,31.208039180204924],[121.57253835370233,31.20770576640866]]],[[[121.57253832610783,31.208039180204924],[121.5775444904885,31.20804329578581],[121.57754446291216,31.208376709674177],[121.57253829851301,31.208372594095007],[121.57253832610783,31.208039180204924]]],[[[121.57253829851301,31.208372594095007],[121.57754446291216,31.208376709674177],[121.57754443533548,31.208710123656466],[121.57253827091783,31.208706008079016],[121.57253829851301,31.208372594095007]]],[[[121.5728958964849,31.208706339191053],[121.57754443533548,31.208710123656466],[121.57754440775848,31.209043537732786],[121.57289586889087,31.209039753268964],[121.5728958964849,31.208706339191053]]],[[[121.57289586889087,31.209039753268964],[121.57754440775848,31.209043537732786],[121.57754438018112,31.209376951903234],[121.5728958412965,31.209373167441008],[121.57289586889087,31.209039753268964]]],[[[121.5728958412965,31.209373167441008],[121.57754438018112,31.209376951903234],[121.57754435260344,31.209710366167922],[121.57289581370179,31.209706581707287],[121.5728958412965,31.209373167441008]]],[[[121.57325343277303,31.209706907123532],[121.57790188670295,31.209710617144854],[121.57790185912607,31.21004403150376],[121.57325340517943,31.210040321484026],[121.57325343277303,31.209706907123532]]],[[[121.57396862379908,31.2100409552088],[121.57825938666447,31.210044276732457],[121.57825935908839,31.210377691185684],[121.57396859620796,31.210374369663487],[121.57396862379908,31.2100409552088]]],[[[121.57432619574456,31.210374677962005],[121.579331902312,31.210378392364937],[121.57933187473883,31.210711806912354],[121.57432616815449,31.210708092511116],[121.57432619574456,31.210374677962005]]],[[[121.57468376116869,31.210708395094084],[121.5811193153829,31.210712860452755],[121.58111928781433,31.211046275094226],[121.57468373357963,31.211041809737722],[121.57468376116869,31.210708395094084]]],[[[121.57504132006622,31.211042106600758],[121.58254912203951,31.21104701431889],[121.58254909447413,31.211380429054646],[121.57504129247818,31.211375521339026],[121.57504132006622,31.211042106600758]]],[[[121.5757564458479,31.21137609788913],[121.58326397216916,31.211380764142447],[121.58326394460508,31.211714178972827],[121.57575641826212,31.211709512722006],[121.5757564458479,31.21137609788913]]],[[[121.57682909924087,31.21171033455286],[121.58326394460508,31.211714178972827],[121.58326391704065,31.212047593898163],[121.57682907165847,31.21204374948033],[121.57682909924087,31.21171033455286]]],[[[121.5779016936578,31.212044519644095],[121.58326391704065,31.212047593898163],[121.5832638894759,31.212381008918562],[121.57790166607856,31.212377934666264],[121.5779016936578,31.212044519644095]]],[[[121.57897422902131,31.212378653098135],[121.58290645390984,31.212380844251083],[121.58290642634395,31.212714259366763],[121.57897420144506,31.21271206821511],[121.57897422902131,31.212378653098135]]],[[[121.58004670527751,31.212712734870404],[121.58290642634395,31.212714259366763],[121.58290639877771,31.21304767457771],[121.58004667770402,31.213046150082288],[121.58004670527751,31.212712734870404]]],[[[121.58183405266182,31.213047146058027],[121.58254895664219,31.213047504158315],[121.58254892907478,31.213380919464747],[121.5818340250927,31.213380561364694],[121.58183405266182,31.213047146058027]]]]}},{"type":"Feature","properties":{"parcel_id":"zhangjiang:parcel:0021","geometry_method":"road_barrier_raster_plus_buildings","functional_type":"residential","dominant_type":"residential","confidence":1,"building_count":1,"avg_building_area_m2":606,"centroid_lng":121.600065,"centroid_lat":31.204205,"parcel_area_m2":583053,"safety_clipped":false,"classification_source":"osm_tags+building_morphology+spatial_prior","synthetic_classification":true,"qc_flags":""},"geometry":{"type":"MultiPolygon","coordinates":[[[[121.58540894376591,31.205380180645435],[121.5879105339785,31.205380931632835],[121.5879105064288,31.205714344770183],[121.5854089162122,31.20571359378357],[121.58540894376591,31.205380180645435]]],[[[121.5854089162122,31.20571359378357],[121.58933984308838,31.20571464824622],[121.58933981554013,31.206048061476213],[121.58540888865816,31.2060470070148],[121.5854089162122,31.20571359378357]]],[[[121.58540888865816,31.206047007014796],[121.5914836259441,31.206048346243072],[121.59148359839752,31.2063817595656],[121.58540886110379,31.206380420339222],[121.58540888865816,31.206047007014796]]],[[[121.58505146490926,31.20638029014084],[121.593627176791,31.20638184108955],[121.59362714924526,31.206715254504726],[121.58505143735387,31.206713703558677],[121.58505146490926,31.20638029014084]]],[[[121.58505143735387,31.206713703558677],[121.59505607359222,31.20671519678899],[121.5950560460465,31.207048610297146],[121.58505140979815,31.20704711706992],[121.58505143735387,31.206713703558677]]],[[[121.58505140979815,31.20704711706992],[121.5950560460465,31.207048610297146],[121.59505601850043,31.20738202389881],[121.5850513822421,31.20738053067467],[121.58505140979815,31.20704711706992]]],[[[121.5850513822421,31.20738053067467],[121.59469879696123,31.207382046692977],[121.59469876941476,31.207715460388357],[121.58505135468572,31.20771394437303],[121.5850513822421,31.20738053067467]]],[[[121.58505135468572,31.20771394437303],[121.59469876941476,31.207715460388357],[121.59469874186797,31.208048874177454],[121.585051327129,31.208047358165107],[121.58505135468572,31.20771394437303]]],[[[121.58469392437858,31.20804722222831],[121.59469874186797,31.208048874177454],[121.59469871432086,31.208382288060374],[121.58469389682084,31.20838063611432],[121.58469392437858,31.20804722222831]]],[[[121.58469389682084,31.20838063611432],[121.59469871432086,31.208382288060374],[121.59469868677338,31.208715702037217],[121.58469386926276,31.208714050094258],[121.58469389682084,31.20838063611432]]],[[[121.58469386926276,31.208714050094258],[121.59469868677338,31.208715702037217],[121.59469865922559,31.209049116108087],[121.58469384170434,31.209047464168222],[121.58469386926276,31.208714050094258]]],[[[121.58469384170434,31.209047464168222],[121.59469865922559,31.209049116108087],[121.59469863167746,31.20938253027309],[121.58469381414558,31.209380878336322],[121.58469384170434,31.209047464168222]]],[[[121.58469381414558,31.209380878336322],[121.59469863167746,31.20938253027309],[121.594698604129,31.20971594453233],[121.5846937865865,31.209714292598655],[121.58469381414558,31.209380878336322]]],[[[121.5846937865865,31.20971429259865],[121.594698604129,31.209715944532327],[121.59469857658019,31.210049358885904],[121.58469375902706,31.210047706955322],[121.5846937865865,31.20971429259865]]],[[[121.58469375902706,31.210047706955322],[121.59469857658019,31.210049358885904],[121.59469854903104,31.210382773333922],[121.5846937314673,31.21038112140644],[121.58469375902706,31.210047706955322]]],[[[121.5846937314673,31.21038112140644],[121.59469854903104,31.210382773333922],[121.59469852148156,31.21071618787649],[121.5846937039072,31.2107145359521],[121.5846937314673,31.21038112140644]]],[[[121.58648065219599,31.210715158273477],[121.59469852148156,31.21071618787649],[121.59469849393176,31.211049602513704],[121.58648062463877,31.211048572913217],[121.58648065219599,31.210715158273477]]],[[[121.58791006558795,31.21104896769891],[121.5943412660338,31.211049619738585],[121.59434123848357,31.211383034470657],[121.58791003803253,31.211382382432955],[121.58791006558795,31.21104896769891]]],[[[121.58898205030397,31.21138261857743],[121.59434123848357,31.211383034470657],[121.59434121093301,31.211716449297587],[121.5889820227496,31.211716033405995],[121.58898205030397,31.21138261857743]]],[[[121.59041128150244,31.21171626860965],[121.59434121093301,31.211716449297587],[121.59434118338211,31.212049864219477],[121.59041125394924,31.21204968353273],[121.59041128150244,31.21171626860965]]],[[[121.59255494814687,31.21204986646839],[121.59434118338211,31.212049864219477],[121.59434115583089,31.212383279236427],[121.59255492059494,31.212383281485877],[121.59255494814687,31.21204986646839]]]]}},{"type":"Feature","properties":{"parcel_id":"zhangjiang:parcel:0022","geometry_method":"road_barrier_raster_plus_buildings","functional_type":"residential","dominant_type":"residential","confidence":1,"building_count":2,"avg_building_area_m2":606,"centroid_lng":121.613056,"centroid_lat":31.20801,"parcel_area_m2":164258,"safety_clipped":false,"classification_source":"osm_tags+building_morphology+spatial_prior","synthetic_classification":true,"qc_flags":""},"geometry":{"type":"MultiPolygon","coordinates":[[[[121.61255241253298,31.20704092813076],[121.613623166499,31.2070400610691],[121.61362313892613,31.207373474665623],[121.61255238496315,31.207374341727554],[121.61255241253298,31.20704092813076]]],[[[121.61219545605508,31.207374621156166],[121.61398004607426,31.207373176122648],[121.6139800185,31.207706589812688],[121.6121954284859,31.207708034846668],[121.61219545605508,31.207374621156166]]],[[[121.61183849407873,31.207708309445],[121.61433692026829,31.20770628654381],[121.61433689269263,31.208039700327475],[121.61183846651016,31.20804172322931],[121.61183849407873,31.207708309445]]],[[[121.61112458110348,31.208042257854036],[121.61505068019072,31.20803907969833],[121.61505065261254,31.20837249357563],[121.61112455353644,31.208375671732355],[121.61112458110348,31.208042257854036]]],[[[121.61076760249045,31.208375931718745],[121.61505065261254,31.20837249357563],[121.615050625034,31.208705907546857],[121.61076757492397,31.20870934569108],[121.61076760249045,31.208375931718745]]],[[[121.61076757492397,31.20870934569108],[121.615050625034,31.208705907546857],[121.61505059745515,31.209039321612114],[121.61076754735716,31.209042759757445],[121.61076757492397,31.20870934569108]]],[[[121.61041059072001,31.20904301483365],[121.61469370637376,31.209039634268258],[121.61469367879567,31.209373048427736],[121.61041056315374,31.209376428994243],[121.61041059072001,31.20904301483365]]],[[[121.61005360090188,31.209376679140686],[121.61469367879567,31.209373048427736],[121.61469365121725,31.20970646268145],[121.61005357333613,31.209710093395607],[121.61005360090188,31.209376679140686]]],[[[121.60969660544718,31.209710338593002],[121.61433675480932,31.209706770655174],[121.61433672723165,31.21004018500332],[121.60969657788193,31.210043752942358],[121.60969660544718,31.209710338593002]]],[[[121.60969657788193,31.210043752942358],[121.61397982547086,31.21004048827284],[121.61397979789393,31.210373902715514],[121.60969655031634,31.210377167386156],[121.60969657788193,31.210043752942358]]],[[[121.6104104804529,31.210376672041843],[121.61362289075528,31.210374201259317],[121.61362286317906,31.210707615796633],[121.61041045288528,31.210710086579997],[121.6104104804529,31.210376672041843]]],[[[121.61076740951803,31.21070983150332],[121.61362286317906,31.210707615796633],[121.6136228356025,31.211041030428596],[121.6107673819492,31.21104324613603],[121.61076740951803,31.21070983150332]]],[[[121.61112433298801,31.21104298614889],[121.61326592306226,31.211041324225462],[121.61326589548639,31.211374738952273],[121.61112430541795,31.211376400876258],[121.61112433298801,31.21104298614889]]],[[[121.6118381908061,31.21137586624966],[121.61326589548639,31.211374738952273],[121.6132658679102,31.211708153773937],[121.61183816323384,31.2117092810717],[121.6118381908061,31.21137586624966]]],[[[121.61219509762954,31.211709006472244],[121.6132658679102,31.211708153773937],[121.61326584033367,31.21204156869056],[121.61219507005599,31.212042421389146],[121.61219509762954,31.211709006472244]]],[[[121.61290892236828,31.21204185771947],[121.61326584033367,31.21204156869056],[121.6132658127568,31.212374983702244],[121.61290889479243,31.212375272731247],[121.61290892236828,31.21204185771947]]]]}},{"type":"Feature","properties":{"parcel_id":"zhangjiang:parcel:0023","geometry_method":"road_barrier_raster_plus_buildings","functional_type":"office","dominant_type":"office","confidence":0.89,"building_count":1,"avg_building_area_m2":606,"centroid_lng":121.643538,"centroid_lat":31.225485,"parcel_area_m2":848875,"safety_clipped":false,"classification_source":"osm_tags+building_morphology+spatial_prior","synthetic_classification":true,"qc_flags":""},"geometry":{"type":"MultiPolygon","coordinates":[[[[121.63467231112578,31.20801538545778],[121.63502895045949,31.208014850778934],[121.63502892279247,31.208348264651477],[121.63467228346076,31.208348799330402],[121.63467231112578,31.20801538545778]]],[[[121.63467228346076,31.208348799330402],[121.63574219081659,31.208347185852766],[121.63574216314521,31.208680599819075],[121.6346722557954,31.20868221329695],[121.63467228346076,31.208348799330402]]],[[[121.6346722557954,31.20868221329695],[121.6368120391206,31.20867895848695],[121.63681201144277,31.209012372547047],[121.63467222812969,31.209015627357523],[121.6346722557954,31.20868221329695]]],[[[121.63467222812969,31.209015627357523],[121.63752524514514,31.209011263269986],[121.63752521746282,31.20934467742406],[121.63467220046365,31.20934904151223],[121.63467222812969,31.209015627357523]]],[[[121.63467220046365,31.20934904151223],[121.63823843794974,31.209343556398565],[121.6382384102629,31.20967697064672],[121.63467217279728,31.20968245576117],[121.63467220046365,31.20934904151223]]],[[[121.63467217279728,31.209682455761165],[121.63859501564272,31.209676405808178],[121.63859498795344,31.210009820150592],[121.63467214513057,31.210015870104446],[121.63467217279728,31.209682455761165]]],[[[121.63467214513057,31.210015870104446],[121.63859498795344,31.210009820150592],[121.6385949602638,31.210343234587448],[121.63467211746351,31.21034928454217],[121.63467214513057,31.210015870104446]]],[[[121.63467211746351,31.21034928454217],[121.6385949602638,31.210343234587448],[121.63859493257384,31.21067664911885],[121.63467208979613,31.21068269907444],[121.63467211746351,31.21034928454217]]],[[[121.63431544688385,31.210683230565632],[121.63859493257384,31.21067664911885],[121.63859490488353,31.211010063744897],[121.6343154192181,31.21101664519263],[121.63431544688385,31.210683230565632]]],[[[121.6343154192181,31.21101664519263],[121.63859490488353,31.211010063744897],[121.6385948771929,31.2113434784657],[121.63431539155201,31.21135005991438],[121.6343154192181,31.21101664519263]]],[[[121.63431539155201,31.21135005991438],[121.6385948771929,31.2113434784657],[121.63859484950191,31.21167689328136],[121.63431536388559,31.211683474730986],[121.63431539155201,31.21135005991438]]],[[[121.63431536388559,31.211683474730986],[121.63859484950191,31.21167689328136],[121.6385948218106,31.212010308191978],[121.63431533621882,31.212016889642552],[121.63431536388559,31.211683474730986]]],[[[121.63431533621882,31.212016889642552],[121.6385948218106,31.212010308191978],[121.63859479411894,31.212343723197655],[121.63431530855172,31.212350304649178],[121.63431533621882,31.212016889642552]]],[[[121.63431530855172,31.212350304649178],[121.63859479411894,31.212343723197655],[121.63859476642695,31.2126771382985],[121.6343152808843,31.21268371975097],[121.63431530855172,31.212350304649178]]],[[[121.6343152808843,31.21268371975097],[121.63859476642695,31.2126771382985],[121.63859473873462,31.213010553494605],[121.63431525321651,31.213017134948025],[121.6343152808843,31.21268371975097]]],[[[121.63431525321651,31.213017134948025],[121.63859473873462,31.213010553494605],[121.63859471104195,31.213343968786088],[121.6343152255484,31.213350550240452],[121.63431525321651,31.213017134948025]]],[[[121.6343152255484,31.21335055024045],[121.63859471104195,31.213343968786084],[121.63859468334894,31.213677384173035],[121.63431519787996,31.21368396562835],[121.6343152255484,31.21335055024045]]],[[[121.63431519787996,31.21368396562835],[121.63859468334894,31.213677384173035],[121.6385946556556,31.21401079965556],[121.63431517021117,31.214017381111823],[121.63431519787996,31.21368396562835]]],[[[121.63431517021117,31.214017381111823],[121.6385946556556,31.21401079965556],[121.63859462796191,31.214344215233766],[121.63431514254205,31.214350796690976],[121.63431517021117,31.214017381111823]]],[[[121.63431514254205,31.214350796690976],[121.63859462796191,31.214344215233766],[121.6385946002679,31.214677630907747],[121.63431511487258,31.214684212365906],[121.63431514254205,31.214350796690976]]],[[[121.63431511487258,31.214684212365906],[121.6385946002679,31.214677630907747],[121.63859457257354,31.215011046677613],[121.63431508720278,31.215017628136717],[121.63431511487258,31.214684212365906]]],[[[121.63431508720278,31.215017628136717],[121.63859457257354,31.215011046677613],[121.63859454487884,31.21534446254346],[121.63431505953264,31.215351044003516],[121.63431508720278,31.215017628136717]]],[[[121.63431505953264,31.215351044003516],[121.63859454487884,31.21534446254346],[121.6385945171838,31.215677878505392],[121.63431503186217,31.215684459966397],[121.63431505953264,31.215351044003516]]],[[[121.63431503186217,31.215684459966397],[121.6385945171838,31.215677878505392],[121.63859448948843,31.216011294563515],[121.63431500419136,31.216017876025465],[121.63431503186217,31.215684459966397]]],[[[121.63431500419136,31.216017876025465],[121.63859448948843,31.216011294563515],[121.63859446179272,31.216344710717927],[121.6343149765202,31.216351292180825],[121.63431500419136,31.216017876025465]]],[[[121.6343149765202,31.216351292180825],[121.63859446179272,31.216344710717927],[121.63859443409666,31.216678126968727],[121.63431494884873,31.216684708432574],[121.6343149765202,31.216351292180825]]],[[[121.63431494884873,31.216684708432574],[121.63859443409666,31.216678126968727],[121.63859440640027,31.21701154331602],[121.6343149211769,31.217018124780815],[121.63431494884873,31.216684708432574]]],[[[121.6343149211769,31.21701812478081],[121.63859440640027,31.217011543316016],[121.63859437870354,31.217344959759906],[121.63431489350474,31.217351541225646],[121.6343149211769,31.21701812478081]]],[[[121.63431489350474,31.217351541225646],[121.63859437870354,31.217344959759906],[121.63859435100649,31.21767837630049],[121.63431486583222,31.21768495776718],[121.63431489350474,31.217351541225646]]],[[[121.63431486583222,31.21768495776718],[121.63859435100649,31.21767837630049],[121.63859432330908,31.218011792937872],[121.6343148381594,31.21801837440551],[121.63431486583222,31.21768495776718]]],[[[121.6343148381594,31.21801837440551],[121.63859432330908,31.218011792937872],[121.63859429561134,31.21834520967215],[121.63431481048622,31.218351791140737],[121.6343148381594,31.21801837440551]]],[[[121.63431481048622,31.218351791140737],[121.63859429561134,31.21834520967215],[121.63859426791326,31.21867862650343],[121.6343147828127,31.218685207972964],[121.63431481048622,31.218351791140737]]],[[[121.6343147828127,31.218685207972964],[121.63859426791326,31.21867862650343],[121.63859424021484,31.21901204343181],[121.63431475513885,31.21901862490229],[121.6343147828127,31.218685207972964]]],[[[121.63431475513885,31.21901862490229],[121.63859424021484,31.21901204343181],[121.6385942125161,31.21934546045739],[121.63431472746466,31.21935204192882],[121.63431475513885,31.21901862490229]]],[[[121.63431472746466,31.21935204192882],[121.6385942125161,31.21934546045739],[121.638594184817,31.219678877580275],[121.63431469979014,31.219685459052652],[121.63431472746466,31.21935204192882]]],[[[121.63431469979014,31.219685459052652],[121.638594184817,31.219678877580275],[121.63859415711757,31.22001229480056],[121.63431467211527,31.220018876273883],[121.63431469979014,31.219685459052652]]],[[[121.63431467211527,31.220018876273883],[121.63859415711757,31.22001229480056],[121.6385941294178,31.220345712118352],[121.63431464444007,31.220352293592622],[121.63431467211527,31.220018876273883]]],[[[121.63431464444007,31.220352293592622],[121.6385941294178,31.220345712118352],[121.63859410171769,31.220679129533746],[121.63431461676453,31.220685711008965],[121.63431464444007,31.220352293592622]]],[[[121.63431461676453,31.22068571100896],[121.63859410171769,31.220679129533742],[121.63859407401725,31.221012547046843],[121.63431458908865,31.22101912852301],[121.63431461676453,31.22068571100896]]],[[[121.63431458908865,31.22101912852301],[121.63859407401725,31.221012547046843],[121.63859404631646,31.221345964657747],[121.63431456141242,31.221352546134863],[121.63431458908865,31.22101912852301]]],[[[121.63431456141242,31.221352546134863],[121.63859404631646,31.221345964657747],[121.63859401861534,31.221679382366556],[121.63431453373587,31.22168596384462],[121.63431456141242,31.221352546134863]]],[[[121.63431453373587,31.22168596384462],[121.63859401861534,31.221679382366556],[121.63859399091388,31.222012800173374],[121.63431450605898,31.222019381652387],[121.63431453373587,31.22168596384462]]],[[[121.63431450605898,31.222019381652387],[121.63859399091388,31.222012800173374],[121.63859396321209,31.222346218078297],[121.63431447838175,31.222352799558255],[121.63431450605898,31.222019381652387]]],[[[121.63431447838175,31.222352799558255],[121.63859396321209,31.222346218078297],[121.63859393550995,31.222679636081427],[121.63431445070418,31.222686217562334],[121.63431447838175,31.222352799558255]]],[[[121.63431445070418,31.222686217562334],[121.63859393550995,31.222679636081427],[121.63859390780748,31.22301305418286],[121.63431442302628,31.223019635664716],[121.63431445070418,31.222686217562334]]],[[[121.63431442302628,31.223019635664716],[121.63859390780748,31.22301305418286],[121.63859388010466,31.2233464723827],[121.63431439534804,31.223353053865505],[121.63431442302628,31.223019635664716]]],[[[121.63431439534804,31.223353053865505],[121.63859388010466,31.2233464723827],[121.63859385240151,31.223679890681048],[121.63431436766946,31.223686472164797],[121.63431439534804,31.223353053865505]]],[[[121.63395772120359,31.223687000439973],[121.63859385240151,31.223679890681048],[121.63859382469802,31.224013309078],[121.63395769352664,31.224020418837952],[121.63395772120359,31.223687000439973]]],[[[121.63360104339621,31.224020943863355],[121.63859382469802,31.224013309078],[121.63859379699419,31.224346727573657],[121.63360101572088,31.22435436236012],[121.63360104339621,31.224020943863355]]],[[[121.62860750933172,31.22436135459341],[121.63074767846899,31.224358441925826],[121.63074765080847,31.224691860522043],[121.62860748168198,31.22469477319012],[121.62860750933172,31.22436135459341]]],[[[121.63288770432251,31.224355402539278],[121.63859379699419,31.224346727573653],[121.63859376929003,31.22468014616811],[121.63288767665071,31.224688821135008],[121.63288770432251,31.224355402539278]]],[[[121.62860748168198,31.22469477319012],[121.63859376929003,31.22468014616811],[121.63859374158552,31.225013564861477],[121.62860745403192,31.22502819188573],[121.62860748168198,31.22469477319012]]],[[[121.62932086011118,31.225027235466722],[121.63859374158552,31.225013564861477],[121.63859371388068,31.225346983653843],[121.62932083245725,31.225360654261173],[121.62932086011118,31.225027235466722]]],[[[121.63110427620715,31.22535820007461],[121.63859371388068,31.225346983653843],[121.6385936861755,31.22568040254531],[121.63110424854378,31.22569161896775],[121.63110427620715,31.22535820007461]]],[[[121.63324425119345,31.225688559081565],[121.63823708089703,31.225680967387596],[121.63823705319362,31.226014386378345],[121.63324422351837,31.226021978073423],[121.63324425119345,31.225688559081565]]],[[[121.63431417390993,31.226020403026368],[121.6378804446881,31.22601494834759],[121.63788041698645,31.226348367437716],[121.63431414622865,31.226353822117286],[121.63431417390993,31.226020403026368]]]]}},{"type":"Feature","properties":{"parcel_id":"zhangjiang:parcel:0024","geometry_method":"road_barrier_raster_plus_buildings","functional_type":"residential","dominant_type":"residential","confidence":1,"building_count":1,"avg_building_area_m2":606,"centroid_lng":121.618614,"centroid_lat":31.21108,"parcel_area_m2":178051,"safety_clipped":false,"classification_source":"osm_tags+building_morphology+spatial_prior","synthetic_classification":true,"qc_flags":""},"geometry":{"type":"MultiPolygon","coordinates":[[[[121.61647810900509,31.209038024602485],[121.61719183347908,31.209037348580697],[121.61719180589284,31.209370762739542],[121.61647808142126,31.209371438761508],[121.61647810900509,31.209038024602485]]],[[[121.61612121139959,31.209371769927184],[121.61968968087096,31.209368255351393],[121.61968965327537,31.20970166960385],[121.61612118381662,31.209705184180535],[121.61612121139959,31.209371769927184]]],[[[121.61612118381662,31.20970518418053],[121.61968965327537,31.209701669603845],[121.61968962567944,31.210035083950643],[121.61612115623332,31.210038598528218],[121.61612118381662,31.20970518418053]]],[[[121.61576428098823,31.210038925100246],[121.62004644492394,31.21003470812455],[121.62004641732631,31.2103681225657],[121.61576425340574,31.21037233954247],[121.61576428098823,31.210038925100246]]],[[[121.61576425340574,31.21037233954247],[121.62004641732631,31.2103681225657],[121.62004638972834,31.2107015371014],[121.61576422582293,31.210705754079235],[121.61576425340574,31.21037233954247]]],[[[121.61540734532825,31.210706076035134],[121.62004638972834,31.2107015371014],[121.62004636213004,31.211034951731744],[121.61540731774625,31.211039490666643],[121.61540734532825,31.210706076035134]]],[[[121.61505043197494,31.21103980798403],[121.62004636213004,31.211034951731744],[121.6200463345314,31.211368366456846],[121.61505040439371,31.21137322271038],[121.61505043197494,31.21103980798403]]],[[[121.61469351332009,31.211373535367162],[121.6200463345314,31.211368366456846],[121.62004630693242,31.211701781276798],[121.61469348573965,31.21170695018846],[121.61469351332009,31.211373535367162]]],[[[121.61469348573965,31.21170695018846],[121.62004630693242,31.211701781276798],[121.62004627933311,31.21203519619171],[121.61469345815887,31.212040365104716],[121.61469348573965,31.21170695018846]]],[[[121.61433656175856,31.212040673079088],[121.62004627933311,31.21203519619171],[121.62004625173346,31.212368611201686],[121.61433653417855,31.2123740880905],[121.61433656175856,31.212040673079088]]],[[[121.61433653417855,31.2123740880905],[121.62004625173346,31.212368611201686],[121.62004622413346,31.212702026306825],[121.61433650659818,31.21270750319707],[121.61433653417855,31.2123740880905]]],[[[121.61754838450283,31.21270456471672],[121.62004622413346,31.212702026306825],[121.62004619653314,31.21303544150723],[121.61754835691166,31.213037979917747],[121.61754838450283,31.21270456471672]]]]}},{"type":"Feature","properties":{"parcel_id":"zhangjiang:parcel:0025","geometry_method":"road_barrier_raster_plus_buildings","functional_type":"residential","dominant_type":"residential","confidence":1,"building_count":2,"avg_building_area_m2":606,"centroid_lng":121.643939,"centroid_lat":31.223323,"parcel_area_m2":847621,"safety_clipped":false,"classification_source":"osm_tags+building_morphology+spatial_prior","synthetic_classification":true,"qc_flags":""},"geometry":{"type":"MultiPolygon","coordinates":[[[[121.64109113834675,31.210005788547196],[121.64144771924956,31.21000520189008],[121.64144769154265,31.210338616326318],[121.64109111064204,31.210339202983505],[121.64109113834675,31.210005788547196]]],[[[121.64109111064204,31.210339202983505],[121.64216084471738,31.210337435305224],[121.64216081700572,31.210670849835854],[121.641091082937,31.210672617514366],[121.64109111064204,31.210339202983505]]],[[[121.641091082937,31.210672617514366],[121.64251738935457,31.210670255538144],[121.64251736164034,31.211003670163343],[121.64109105523161,31.21100603213987],[121.641091082937,31.210672617514366]]],[[[121.64109105523161,31.21100603213987],[121.64287393121421,31.211003073385168],[121.6428739034974,31.211336488105044],[121.64109102752589,31.211339446860134],[121.64109105523161,31.21100603213987]]],[[[121.64109102752589,31.211339446860134],[121.64358703447745,31.21133528724094],[121.64358700675581,31.211668702055515],[121.64109099981982,31.211672861675247],[121.64109102752589,31.211339446860134]]],[[[121.64109099981982,31.211672861675247],[121.6443001271065,31.21166749167131],[121.64430009937998,31.2120009065807],[121.64109097211342,31.21200627658532],[121.64109099981982,31.211672861675247]]],[[[121.64073438829716,31.212006860629977],[121.64501320941406,31.211999686945845],[121.64501318168261,31.21233310195014],[121.64073436059262,31.21234027563519],[121.64073438829716,31.212006860629977]]],[[[121.64073436059262,31.21234027563519],[121.64536973292851,31.21233248874828],[121.64536970519443,31.212665903847665],[121.64073433288772,31.212673690735567],[121.64073436059262,31.21234027563519]]],[[[121.64073433288772,31.212673690735567],[121.6460828003411,31.212664670844962],[121.64608277260206,31.212998086039462],[121.64073430518249,31.21300710593121],[121.64073433288772,31.212673690735567]]],[[[121.64073430518249,31.21300710593121],[121.64679585822073,31.212996844465604],[121.64679583047669,31.21333025975532],[121.64073427747692,31.213340521222225],[121.64073430518249,31.21300710593121]]],[[[121.64073427747692,31.21334052122222],[121.64715236981178,31.213329635839766],[121.64715234206504,31.21366305122488],[121.64073424977103,31.213673936608707],[121.64073427747692,31.21334052122222]]],[[[121.64073424977103,31.213673936608707],[121.6482219466545,31.21366116737638],[121.64822191890036,31.213994582856845],[121.64073422206478,31.214007352090768],[121.64073424977103,31.213673936608707]]],[[[121.64073422206478,31.214007352090768],[121.64893497784874,31.213993317218247],[121.6489349500895,31.21432673279424],[121.6407341943582,31.214340767668503],[121.64073422206478,31.214007352090768]]],[[[121.6407341943582,31.214340767668503],[121.6489349500895,31.21432673279424],[121.64893492232991,31.214660148466013],[121.64073416665127,31.214674183342023],[121.6407341943582,31.214340767668503]]],[[[121.64073416665127,31.214674183342023],[121.64893492232991,31.214660148466013],[121.64893489457,31.21499356423367],[121.64073413894401,31.21500759911142],[121.64073416665127,31.214674183342023]]],[[[121.64073413894401,31.21500759911142],[121.64857836615349,31.214994198004064],[121.64857833839561,31.215327613867778],[121.64073411123643,31.215341014976804],[121.64073413894401,31.21500759911142]]],[[[121.64073411123643,31.215341014976804],[121.64857833839561,31.215327613867778],[121.6485783106374,31.21566102982758],[121.64073408352849,31.21567443093827],[121.64073411123643,31.215341014976804]]],[[[121.64073408352849,31.21567443093827],[121.64822178012454,31.21566166169638],[121.64822175236837,31.215995077752442],[121.64073405582022,31.216007846995925],[121.64073408352849,31.21567443093827]]],[[[121.64073405582022,31.216007846995925],[121.64822175236837,31.215995077752442],[121.64822172461184,31.216328493904793],[121.6407340281116,31.21634126314987],[121.64073405582022,31.216007846995925]]],[[[121.6407340281116,31.21634126314987],[121.64822172461184,31.216328493904793],[121.64822169685499,31.216661910153533],[121.64073400040265,31.216674679400207],[121.6407340281116,31.21634126314987]]],[[[121.64073400040265,31.216674679400207],[121.64786516420793,31.216662540086173],[121.64786513645309,31.216995956431482],[121.64073397269337,31.217008095747033],[121.64073400040265,31.216674679400207]]],[[[121.64073397269337,31.21700809574703],[121.64786513645309,31.21699595643148],[121.64786510869793,31.217329372873383],[121.64073394498374,31.217341512190455],[121.64073397269337,31.21700809574703]]],[[[121.64073394498374,31.217341512190455],[121.64750857387406,31.21733000083521],[121.64750854612092,31.217663417373885],[121.64073391727378,31.217674928730574],[121.64073394498374,31.217341512190455]]],[[[121.64073391727378,31.217674928730574],[121.64750854612092,31.217663417373885],[121.64750851836743,31.217996834009355],[121.64073388956346,31.218008345367487],[121.64073391727378,31.217674928730574]]],[[[121.64073388956346,31.218008345367487],[121.6471519813267,31.217997459965865],[121.64715195357523,31.218330876698307],[121.64073386185282,31.2183417621013],[121.64073388956346,31.218008345367487]]],[[[121.64073386185282,31.2183417621013],[121.64715195357523,31.218330876698307],[121.64715192582342,31.218664293527752],[121.64073383414184,31.218675178932116],[121.64073386185282,31.2183417621013]]],[[[121.64073383414184,31.218675178932116],[121.64679538652581,31.218664917444507],[121.646795358776,31.218998334371125],[121.64073380643053,31.21900859586003],[121.64073383414184,31.218675178932116]]],[[[121.64073380643053,31.21900859586003],[121.646795358776,31.218998334371125],[121.64679533102586,31.219331751394947],[121.64073377871887,31.219342012885143],[121.64073380643053,31.21900859586003]]],[[[121.64073377871887,31.219342012885143],[121.64643878943147,31.219332373237584],[121.64643876168331,31.219665790358782],[121.64073375100688,31.219675430007563],[121.64073377871887,31.219342012885143]]],[[[121.64073375100688,31.219675430007563],[121.64643876168331,31.219665790358782],[121.64643873393483,31.219999207577384],[121.64073372329455,31.220008847227383],[121.64073375100688,31.219675430007563]]],[[[121.64073372329455,31.220008847227383],[121.64608219000378,31.219999827311618],[121.64608216225727,31.2203332446278],[121.64073369558187,31.22034226454471],[121.64073372329455,31.220008847227383]]],[[[121.64073369558187,31.22034226454471],[121.64608216225727,31.2203332446278],[121.64608213451044,31.220666662041584],[121.64073366786886,31.220675681959637],[121.64073369558187,31.22034226454471]]],[[[121.64073366786886,31.220675681959634],[121.64572558820298,31.220667279633194],[121.64572556045812,31.22100069714476],[121.64073364015552,31.221009099472266],[121.64073366786886,31.220675681959634]]],[[[121.64073364015552,31.221009099472266],[121.64572556045812,31.22100069714476],[121.64572553271293,31.221334114754132],[121.64073361244182,31.221342517082707],[121.64073364015552,31.221009099472266]]],[[[121.64073361244182,31.221342517082707],[121.64572553271293,31.221334114754132],[121.64572550496739,31.22166753246141],[121.6407335847278,31.22167593479105],[121.64073361244182,31.221342517082707]]],[[[121.6407335847278,31.22167593479105],[121.64536895624619,31.221668147876347],[121.64536892850262,31.222001565681705],[121.64073355701343,31.222009352597404],[121.6407335847278,31.22167593479105]]],[[[121.64073355701343,31.222009352597404],[121.64501237732347,31.222002178885756],[121.64501234958186,31.222335596789296],[121.64073352929874,31.222342770501857],[121.64073355701343,31.222009352597404]]],[[[121.64073352929874,31.222342770501857],[121.64501234958186,31.222335596789296],[121.64501232183991,31.22266901479104],[121.6407335015837,31.222676188504522],[121.64073352929874,31.222342770501857]]],[[[121.64109008532995,31.222675604457397],[121.64465576816565,31.22266962575031],[121.64465574042566,31.223003043850436],[121.64109005761239,31.22300902255829],[121.64109008532995,31.222675604457397]]],[[[121.64109005761239,31.22300902255829],[121.64465574042566,31.223003043850436],[121.64465571268533,31.22333646204897],[121.64109002989449,31.223342440757587],[121.64109005761239,31.22300902255829]]],[[[121.64109002989449,31.223342440757587],[121.64429915647655,31.22333707072956],[121.64429912873817,31.223670489026674],[121.64109000217624,31.22367585905539],[121.64109002989449,31.223342440757587]]],[[[121.64109000217624,31.22367585905539],[121.64429912873817,31.223670489026674],[121.64429910099945,31.224003907422393],[121.64108997445766,31.2240092774518],[121.64109000217624,31.22367585905539]]],[[[121.64108997445766,31.2240092774518],[121.64394254221686,31.224004513790494],[121.64394251448009,31.224337932284993],[121.64108994673873,31.224342695946913],[121.64108997445766,31.2240092774518]]],[[[121.64108994673873,31.22434269594691],[121.64394251448009,31.22433793228499],[121.64394248674296,31.224671350878296],[121.64108991901948,31.224676114540827],[121.64108994673873,31.22434269594691]]],[[[121.64108991901948,31.224676114540827],[121.64358592534738,31.22467195490018],[121.64358589761218,31.225005373592467],[121.64108989129988,31.225009533233646],[121.64108991901948,31.224676114540827]]],[[[121.64108989129988,31.225009533233646],[121.64358589761218,31.225005373592467],[121.64358586987665,31.225338792383752],[121.64108986357995,31.22534295202547],[121.64108989129988,31.225009533233646]]],[[[121.64108986357995,31.22534295202547],[121.643229305829,31.225339394025788],[121.64322927809538,31.225672812916255],[121.64108983585967,31.225676370916396],[121.64108986357995,31.22534295202547]]],[[[121.64144641665918,31.225675784255664],[121.64287271135439,31.225673412144808],[121.64287268362268,31.22600683113455],[121.64144638893637,31.226009203245717],[121.64144641665918,31.225675784255664]]],[[[121.64144638893637,31.226009203245717],[121.64287268362268,31.22600683113455],[121.64287265589064,31.226340250223597],[121.64144636121323,31.226342622335064],[121.64144638893637,31.226009203245717]]],[[[121.64180293911956,31.226342033094255],[121.64287265589064,31.226340250223597],[121.64287262815826,31.226673669412037],[121.64180291139387,31.226675452282926],[121.64180293911956,31.226342033094255]]],[[[121.64215948644761,31.226674860495198],[121.64251605868954,31.226674266193807],[121.64251603095906,31.227007685481826],[121.64215945871936,31.22700827978329],[121.64215948644761,31.226674860495198]]]]}},{"type":"Feature","properties":{"parcel_id":"zhangjiang:parcel:0026","geometry_method":"road_barrier_raster_plus_buildings","functional_type":"commercial","dominant_type":"commercial","confidence":0.86,"building_count":1,"avg_building_area_m2":606,"centroid_lng":121.610744,"centroid_lat":31.213675,"parcel_area_m2":185574,"safety_clipped":false,"classification_source":"osm_tags+building_morphology+spatial_prior","synthetic_classification":true,"qc_flags":""},"geometry":{"type":"MultiPolygon","coordinates":[[[[121.60898251484565,31.2113778867575],[121.60933949407266,31.211377651514905],[121.60933946650654,31.2117110663376],[121.60898248728034,31.21171130158029],[121.60898251484565,31.2113778867575]]],[[[121.60898248728034,31.21171130158029],[121.60969644005066,31.21171082610784],[121.60969641248339,31.2120442410254],[121.6089824597147,31.212044716498042],[121.60898248728034,31.21171130158029]]],[[[121.60862547478557,31.21204494673511],[121.61005338036647,31.212043995827337],[121.61005335279802,31.212377410839864],[121.60862544722036,31.212378361748016],[121.60862547478557,31.21204494673511]]],[[[121.60862544722036,31.212378361748016],[121.61076727167051,31.21237690561542],[121.6107672441,31.212710320722923],[121.60862541965481,31.212711776856086],[121.60862544722036,31.212378361748016]]],[[[121.60826842900208,31.21271200206918],[121.6114811405983,31.21270979585703],[121.61148111302565,31.21304321105961],[121.60826840143697,31.213045417272614],[121.60826842900208,31.21271200206918]]],[[[121.60826840143697,31.213045417272614],[121.61183805294145,31.21304294131046],[121.61183802536752,31.213376356608315],[121.60826837387151,31.21337883257142],[121.60826840143697,31.213045417272614]]],[[[121.60826837387151,31.213378832571415],[121.61290881206286,31.213375518337973],[121.61290878448565,31.213708933731024],[121.60826834630572,31.213712247965688],[121.60826837387151,31.213378832571415]]],[[[121.60791134990892,31.21371246813668],[121.61290878448565,31.213708933731024],[121.61290875690811,31.21404234921965],[121.60791132234353,31.21404588362663],[121.60791134990892,31.21371246813668]]],[[[121.60791132234353,31.21404588362663],[121.61290875690811,31.21404234921965],[121.61290872933024,31.214375764803954],[121.60791129477781,31.21437929921225],[121.60791132234353,31.21404588362663]]],[[[121.60755429261515,31.214379514323028],[121.61290872933024,31.214375764803954],[121.61290870175203,31.214709180484036],[121.60755426504981,31.214712930004527],[121.60755429261515,31.214379514323028]]],[[[121.60755426504981,31.214712930004527],[121.61290870175203,31.214709180484036],[121.6129086741735,31.215042596259998],[121.60755423748414,31.215046345781907],[121.60755426504981,31.214712930004527]]],[[[121.60755423748414,31.215046345781907],[121.6129086741735,31.215042596259998],[121.6129086465946,31.215376012131948],[121.60755420991812,31.21537976165527],[121.60755423748414,31.215046345781907]]],[[[121.60755420991812,31.21537976165527],[121.61255172318668,31.21537629637264],[121.61255169560846,31.215709712340765],[121.60755418235178,31.21571317762472],[121.60755420991812,31.21537976165527]]],[[[121.6089821564704,31.21571228688992],[121.61255169560846,31.215709712340765],[121.61255166802991,31.21604312840508],[121.60898212890072,31.216045702955174],[121.6089821564704,31.21571228688992]]],[[[121.6107669683764,31.216044477054535],[121.61255166802991,31.21604312840508],[121.61255164045102,31.21637654456568],[121.6107669408022,31.216377893215604],[121.6107669683764,31.216044477054535]]],[[[121.61219471156927,31.2163768239968],[121.61255164045102,31.21637654456568],[121.61255161287178,31.216709960822673],[121.61219468399102,31.216710240253885],[121.61219471156927,31.2163768239968]]]]}},{"type":"Feature","properties":{"parcel_id":"zhangjiang:parcel:0027","geometry_method":"road_barrier_raster_plus_buildings","functional_type":"office","dominant_type":"office","confidence":0.89,"building_count":1,"avg_building_area_m2":606,"centroid_lng":121.62115,"centroid_lat":31.215362,"parcel_area_m2":195605,"safety_clipped":false,"classification_source":"osm_tags+building_morphology+spatial_prior","synthetic_classification":true,"qc_flags":""},"geometry":{"type":"MultiPolygon","coordinates":[[[[121.61433642385508,31.2137077490888],[121.61576397756248,31.21370648918172],[121.61576394997631,31.214039904669615],[121.61433639627337,31.214041164577058],[121.61433642385508,31.2137077490888]]],[[[121.61397949452545,31.21404146784768],[121.62004611373015,31.214035687681072],[121.62004608612848,31.21436910326357],[121.61397946694447,31.214374883431706],[121.61397949452545,31.21404146784768]]],[[[121.61397946694447,31.214374883431706],[121.62004608612848,31.21436910326357],[121.62004605852647,31.21470251894185],[121.61397943936316,31.21470829911151],[121.61397946694447,31.214374883431706]]],[[[121.61397943936316,31.21470829911151],[121.62004605852647,31.21470251894185],[121.62004603092413,31.21503593471601],[121.61397941178153,31.2150417148872],[121.61397943936316,31.21470829911151]]],[[[121.61397941178153,31.2150417148872],[121.62004603092413,31.21503593471601],[121.62004600332145,31.215369350586155],[121.61397938419954,31.21537513075887],[121.61397941178153,31.2150417148872]]],[[[121.61397938419954,31.21537513075887],[121.62004600332145,31.215369350586155],[121.62004597571844,31.215702766552383],[121.61397935661724,31.215708546726624],[121.61397938419954,31.21537513075887]]],[[[121.61397935661724,31.215708546726624],[121.62004597571844,31.215702766552383],[121.62004594811509,31.2160361826148],[121.61397932903458,31.21604196279057],[121.61397935661724,31.215708546726624]]],[[[121.61397932903458,31.21604196279057],[121.62004594811509,31.2160361826148],[121.6200459205114,31.216369598773507],[121.6139793014516,31.2163753789508],[121.61397932903458,31.21604196279057]]],[[[121.6139793014516,31.2163753789508],[121.6200459205114,31.216369598773507],[121.62004589290737,31.216703015028603],[121.61397927386827,31.216708795207424],[121.6139793014516,31.2163753789508]]],[[[121.61469307199268,31.21670818396042],[121.62004589290737,31.216703015028603],[121.62004586530301,31.217036431380194],[121.61469304440685,31.217041600313355],[121.61469307199268,31.21670818396042]]],[[[121.61968904608707,31.217036807208128],[121.62004586530301,31.21703643138019],[121.62004583769831,31.217369847828376],[121.61968901848374,31.217370223656403],[121.61968904608707,31.217036807208128]]]]}},{"type":"Feature","properties":{"parcel_id":"zhangjiang:parcel:0028","geometry_method":"road_barrier_raster_plus_buildings","functional_type":"residential","dominant_type":"residential","confidence":1,"building_count":1,"avg_building_area_m2":606,"centroid_lng":121.637986,"centroid_lat":31.22019,"parcel_area_m2":384940,"safety_clipped":false,"classification_source":"osm_tags+building_morphology+spatial_prior","synthetic_classification":true,"qc_flags":""},"geometry":{"type":"MultiPolygon","coordinates":[[[[121.62896504383728,31.21435836581208],[121.62932174485904,31.214357885772316],[121.62932171721589,31.214691301448383],[121.62896501619592,31.214691781488227],[121.62896504383728,31.21435836581208]]],[[[121.62896501619592,31.214691781488227],[121.63324516428166,31.214685787404783],[121.63324513661773,31.215019203175835],[121.62896498855422,31.215025197260257],[121.62896501619592,31.214691781488227]]],[[[121.62896498855422,31.215025197260257],[121.63324513661773,31.215019203175835],[121.63324510895346,31.21535261904287],[121.62896496091217,31.215358613128274],[121.62896498855422,31.215025197260257]]],[[[121.62896496091217,31.215358613128274],[121.63324510895346,31.21535261904287],[121.63324508128883,31.215686035005994],[121.6289649332698,31.215692029092374],[121.62896496091217,31.215358613128274]]],[[[121.6289649332698,31.215692029092374],[121.63324508128883,31.215686035005994],[121.6332450536239,31.216019451065304],[121.62896490562709,31.21602544515266],[121.6289649332698,31.215692029092374]]],[[[121.62896490562709,31.21602544515266],[121.6332450536239,31.216019451065304],[121.6332450259586,31.216352867220902],[121.62896487798403,31.21635886130924],[121.62896490562709,31.21602544515266]]],[[[121.62896487798403,31.21635886130924],[121.6332450259586,31.216352867220902],[121.63324499829298,31.216686283472892],[121.62896485034064,31.216692277562206],[121.62896487798403,31.21635886130924]]],[[[121.62896485034064,31.216692277562206],[121.63324499829298,31.216686283472892],[121.63324497062702,31.217019699821375],[121.62896482269691,31.21702569391167],[121.62896485034064,31.216692277562206]]],[[[121.62896482269691,31.217025693911665],[121.63324497062702,31.21701969982137],[121.63324494296072,31.217353116266448],[121.62896479505285,31.21735911035772],[121.62896482269691,31.217025693911665]]],[[[121.62896479505285,31.21735911035772],[121.63324494296072,31.217353116266448],[121.63324491529407,31.21768653280822],[121.62896476740845,31.21769252690047],[121.62896479505285,31.21735911035772]]],[[[121.62896476740845,31.21769252690047],[121.63324491529407,31.21768653280822],[121.6332448876271,31.21801994944679],[121.6289647397637,31.21802594354002],[121.62896476740845,31.21769252690047]]],[[[121.6289647397637,31.21802594354002],[121.6332448876271,31.21801994944679],[121.63324485995979,31.21835336618226],[121.62896471211863,31.218359360276466],[121.6289647397637,31.21802594354002]]],[[[121.62896471211863,31.218359360276466],[121.63324485995979,31.21835336618226],[121.63324483229214,31.218686783014725],[121.62896468447322,31.21869277710991],[121.62896471211863,31.218359360276466]]],[[[121.62896468447322,31.21869277710991],[121.63324483229214,31.218686783014725],[121.63324480462414,31.219020199944293],[121.62896465682746,31.219026194040456],[121.62896468447322,31.21869277710991]]],[[[121.62896465682746,31.219026194040456],[121.63324480462414,31.219020199944293],[121.63324477695582,31.219353616971063],[121.62896462918138,31.219359611068207],[121.62896465682746,31.219026194040456]]],[[[121.62896462918138,31.219359611068207],[121.63324477695582,31.219353616971063],[121.63324474928716,31.219687034095134],[121.62896460153495,31.219693028193255],[121.62896462918138,31.219359611068207]]],[[[121.62896460153495,31.219693028193255],[121.63324474928716,31.219687034095134],[121.63324472161815,31.22002045131661],[121.62896457388818,31.22002644541571],[121.62896460153495,31.219693028193255]]],[[[121.62896457388818,31.22002644541571],[121.63324472161815,31.22002045131661],[121.63324469394881,31.220353868635588],[121.6289645462411,31.220359862735666],[121.62896457388818,31.22002644541571]]],[[[121.6289645462411,31.220359862735666],[121.63324469394881,31.220353868635588],[121.63324466627914,31.220687286052172],[121.62896451859365,31.220693280153228],[121.6289645462411,31.220359862735666]]],[[[121.62896451859365,31.220693280153224],[121.63324466627914,31.22068728605217],[121.63324463860911,31.221020703566456],[121.62896449094588,31.22102669766849],[121.62896451859365,31.220693280153224]]],[[[121.62896449094588,31.22102669766849],[121.63324463860911,31.221020703566456],[121.63324461093876,31.22135412117855],[121.62896446329776,31.221360115281563],[121.62896449094588,31.22102669766849]]],[[[121.62896446329776,31.221360115281563],[121.63324461093876,31.22135412117855],[121.63324458326808,31.22168753888855],[121.62896443564931,31.22169353299254],[121.62896446329776,31.221360115281563]]],[[[121.62896443564931,31.22169353299254],[121.63324458326808,31.22168753888855],[121.63324455559705,31.222020956696554],[121.62896440800053,31.222026950801524],[121.62896443564931,31.22169353299254]]],[[[121.62896440800053,31.222026950801524],[121.63324455559705,31.222020956696554],[121.63324452792568,31.222354374602666],[121.6289643803514,31.222360368708614],[121.62896440800053,31.222026950801524]]],[[[121.6289643803514,31.222360368708614],[121.63324452792568,31.222354374602666],[121.63324450025398,31.222687792606983],[121.62896435270194,31.222693786713908],[121.6289643803514,31.222360368708614]]],[[[121.62896435270194,31.222693786713908],[121.63288784267645,31.22268831104071],[121.63288781500634,31.22302172914341],[121.62896432505214,31.22302720481751],[121.62896435270194,31.222693786713908]]],[[[121.63003441566471,31.2230257538097],[121.6325311536582,31.223022244235977],[121.63253112598967,31.223355662437168],[121.63003438800921,31.223359172011463],[121.63003441566471,31.2230257538097]]]]}},{"type":"Feature","properties":{"parcel_id":"zhangjiang:parcel:0029","geometry_method":"road_barrier_raster_plus_buildings","functional_type":"commercial","dominant_type":"commercial","confidence":0.86,"building_count":1,"avg_building_area_m2":606,"centroid_lng":121.65291,"centroid_lat":31.215003,"parcel_area_m2":198113,"safety_clipped":false,"classification_source":"osm_tags+building_morphology+spatial_prior","synthetic_classification":true,"qc_flags":""},"geometry":{"type":"MultiPolygon","coordinates":[[[[121.65036098803212,31.21499101082982],[121.65071750654909,31.21499036807263],[121.65071747877681,31.215323783935897],[121.65036096026226,31.21532442669316],[121.65036098803212,31.21499101082982]]],[[[121.65036096026226,31.21532442669316],[121.65107399543311,31.215323139486088],[121.65107396765808,31.215656555445367],[121.65036093249208,31.21565784265259],[121.65036096026226,31.21532442669316]]],[[[121.65000441208106,31.215658483682365],[121.65178699555405,31.215655261608312],[121.65178696777382,31.21598867766363],[121.65000438431294,31.215991899738054],[121.65000441208106,31.215658483682365]]],[[[121.65000438431294,31.215991899738054],[121.65214347909509,31.215988028346697],[121.65214345131207,31.21632144449823],[121.65000435654447,31.216325315890035],[121.65000438431294,31.215991899738054]]],[[[121.64964783419877,31.216325955157437],[121.65285646890568,31.216320141243713],[121.65285644111742,31.21665355749149],[121.64964780643238,31.216659371405882],[121.64964783419877,31.216325955157437]]],[[[121.64929128210909,31.21666000887594],[121.6524999331501,31.216654209877145],[121.65249990536395,31.216987626221492],[121.64929125434475,31.216993425220952],[121.64929128210909,31.21666000887594]]],[[[121.64929125434475,31.21699342522095],[121.65214339574501,31.21698827709057],[121.65214336796099,31.217321693531584],[121.64929122658006,31.21732684166255],[121.64929125434475,31.21699342522095]]],[[[121.64929122658006,31.21732684166255],[121.65214336796099,31.217321693531584],[121.65214334017661,31.217655110069295],[121.64929119881505,31.217660258200855],[121.64929122658006,31.21732684166255]]],[[[121.64929119881505,31.217660258200855],[121.65178682886754,31.217655759386595],[121.65178680108527,31.217989176021177],[121.64929117104968,31.217993674835952],[121.64929119881505,31.217660258200855]]],[[[121.64893464471548,31.21799431047405],[121.65178680108527,31.217989176021177],[121.65178677330265,31.218322592752653],[121.64893461695216,31.21832772720612],[121.64893464471548,31.21799431047405]]],[[[121.64857808855947,31.21832836097726],[121.65178677330265,31.218322592752653],[121.6517867455197,31.21865600958113],[121.6485780607982,31.218661777806407],[121.64857808855947,31.21832836097726]]],[[[121.6485780607982,31.218661777806407],[121.651430232482,31.218656657311495],[121.65143020470114,31.218990074237148],[121.6485780330366,31.218995194732653],[121.6485780607982,31.218661777806407]]],[[[121.64822150254749,31.2189958266022],[121.65143020470114,31.218990074237148],[121.65143017691994,31.21932349126],[121.64822147478792,31.219329243625722],[121.64822150254749,31.2189958266022]]],[[[121.64822147478792,31.219329243625722],[121.65107366211032,31.21932413736817],[121.65107363433123,31.219657554488396],[121.648221447028,31.219662660746547],[121.64822147478792,31.219329243625722]]],[[[121.64786491440225,31.219663290679858],[121.65107363433123,31.219657554488396],[121.65107360655178,31.21999097170603],[121.64786488664436,31.219996707898158],[121.64786491440225,31.219663290679858]]],[[[121.64786488664436,31.219996707898158],[121.65071708992939,31.219991616156875],[121.65071706215203,31.220325033472086],[121.64786485888614,31.220330125213966],[121.64786488664436,31.219996707898158]]],[[[121.64750832408352,31.220330753176466],[121.65071706215203,31.220325033472086],[121.65071703437434,31.2206584508849],[121.64750829632732,31.220664170589952],[121.64750832408352,31.220330753176466]]],[[[121.64750829632732,31.22066417058995],[121.65036051589846,31.22065909364335],[121.65036048812283,31.22099251115394],[121.64750826857077,31.220997588101138],[121.64750829632732,31.22066417058995]]],[[[121.64750826857077,31.220997588101138],[121.65036048812283,31.22099251115394],[121.65036046034687,31.22132592876234],[121.6475082408139,31.221331005710134],[121.64750826857077,31.220997588101138]]],[[[121.6471517037967,31.22133163166739],[121.65036046034687,31.22132592876234],[121.65036043257057,31.221659346468645],[121.64715167604183,31.221665049374366],[121.6471517037967,31.22133163166739]]],[[[121.64750821305668,31.221664423417035],[121.65000391220293,31.22165998749976],[121.6500038844287,31.221993405304143],[121.64750818529913,31.221997841221942],[121.64750821305668,31.221664423417035]]],[[[121.64893431153337,31.22199531768305],[121.6500038844287,31.221993405304143],[121.65000385665414,31.222326823206632],[121.648934283766,31.222328735585762],[121.64893431153337,31.22199531768305]]]]}},{"type":"Feature","properties":{"parcel_id":"zhangjiang:parcel:0030","geometry_method":"road_barrier_raster_plus_buildings","functional_type":"office","dominant_type":"office","confidence":0.58,"building_count":4,"avg_building_area_m2":606,"centroid_lng":121.565914,"centroid_lat":31.220468,"parcel_area_m2":920346,"safety_clipped":false,"classification_source":"osm_tags+building_morphology+spatial_prior","synthetic_classification":true,"qc_flags":""},"geometry":{"type":"MultiPolygon","coordinates":[[[[121.55786950573727,31.216356176173445],[121.558227388944,31.216356733157625],[121.55822736126362,31.21669014943198],[121.55786947805451,31.21668959244794],[121.55786950573727,31.216356176173445]]],[[[121.55786947805451,31.21668959244794],[121.5603745339158,31.21669338022218],[121.56037450624888,31.217026796592215],[121.5578694503714,31.21702300881892],[121.55786947805451,31.21668959244794]]],[[[121.55751156117832,31.217022446584263],[121.56216364916746,31.217029341826553],[121.5621636215111,31.217362758292516],[121.55751153349247,31.217355863051978],[121.55751156117832,31.217022446584263]]],[[[121.55751153349247,31.217355863051978],[121.56359482471512,31.217364696990472],[121.56359479706678,31.217698113552597],[121.5575115058063,31.21768927961639],[121.55751153349247,31.217355863051978]]],[[[121.5575115058063,31.21768927961639],[121.56609916205679,31.217701295256443],[121.56609913442186,31.21803471191445],[121.55751147811979,31.218022696277597],[121.5575115058063,31.21768927961639]]],[[[121.55751147811979,31.218022696277597],[121.56753006122447,31.21803640824201],[121.56753003359658,31.218369824996397],[121.55751145043294,31.218356113035703],[121.55751147811979,31.218022696277597]]],[[[121.55751145043294,31.218356113035703],[121.56753003359658,31.218369824996397],[121.56753000596835,31.21870324184778],[121.55751142274575,31.21868952989081],[121.55751145043294,31.218356113035703]]],[[[121.55751142274575,31.21868952989081],[121.56753000596835,31.21870324184778],[121.56752997833978,31.219036658796266],[121.55751139505821,31.219022946843015],[121.55751142274575,31.21868952989081]]],[[[121.55751139505821,31.219022946843015],[121.56717225616427,31.2190362430692],[121.56717222853355,31.219369660115017],[121.55751136737035,31.219356363892423],[121.55751139505821,31.219022946843015]]],[[[121.55715347219702,31.219355796423642],[121.56717222853355,31.219369660115017],[121.5671722009025,31.21970307725814],[121.5571534445064,31.21968921357049],[121.55715347219702,31.219355796423642]]],[[[121.5571534445064,31.21968921357049],[121.5671722009025,31.21970307725814],[121.5671721732711,31.220036494498657],[121.55715341681544,31.22002263081474],[121.5571534445064,31.21968921357049]]],[[[121.55715341681544,31.22002263081474],[121.5671721732711,31.220036494498657],[121.56717214563938,31.220369911836684],[121.55715338912414,31.220356048156493],[121.55715341681544,31.22002263081474]]],[[[121.55715338912414,31.220356048156493],[121.56681441709529,31.220369490534114],[121.56681438946138,31.220702907969876],[121.5571533614325,31.22068946559585],[121.55715338912414,31.220356048156493]]],[[[121.5571533614325,31.220689465595846],[121.56681438946138,31.220702907969873],[121.56681436182716,31.221036325503338],[121.55715333374053,31.22102288313291],[121.5571533614325,31.220689465595846]]],[[[121.55679543261003,31.221022310445623],[121.56681436182716,31.221036325503338],[121.56681433419259,31.221369743134606],[121.55679540491528,31.221355728080628],[121.55679543261003,31.221022310445623]]],[[[121.55679540491528,31.221355728080628],[121.56681433419259,31.221369743134606],[121.56681430655767,31.221703160863783],[121.55679537722018,31.221689145813542],[121.55679540491528,31.221355728080628]]],[[[121.55679537722018,31.221689145813542],[121.56681430655767,31.221703160863783],[121.56681427892242,31.22203657869096],[121.55679534952476,31.222022563644458],[121.55679537722018,31.221689145813542]]],[[[121.55679534952476,31.222022563644458],[121.56645654401886,31.222036151822557],[121.56645651638142,31.222369569747972],[121.556795321829,31.222355981573482],[121.55679534952476,31.222022563644458]]],[[[121.556795321829,31.222355981573482],[121.56645651638142,31.222369569747972],[121.56645648874364,31.222702987771594],[121.5567952941329,31.22268939960071],[121.556795321829,31.222355981573482]]],[[[121.55643738706382,31.22268882171104],[121.56645648874364,31.222702987771594],[121.56645646110553,31.223036405893524],[121.55643735936493,31.223022239836713],[121.55643738706382,31.22268882171104]]],[[[121.55643735936493,31.223022239836713],[121.56645646110553,31.223036405893524],[121.56645643346708,31.22336982411386],[121.55643733166569,31.223355658060793],[121.55643735936493,31.223022239836713]]],[[[121.55643733166569,31.223355658060793],[121.56645643346708,31.22336982411386],[121.56645640582829,31.2237032424327],[121.5564373039661,31.223689076383376],[121.55643733166569,31.223355658060793]]],[[[121.5564373039661,31.223689076383376],[121.56609866457643,31.223702810008234],[121.56609863693542,31.22403622842581],[121.5564372762662,31.224022494804565],[121.5564373039661,31.223689076383376]]],[[[121.55607936327989,31.22402191172872],[121.56609863693542,31.22403622842581],[121.56609860929409,31.22436964694209],[121.55607933557715,31.224355330248752],[121.55607936327989,31.22402191172872]]],[[[121.5567951556473,31.22435649121344],[121.56609860929409,31.224369646942087],[121.5660985816524,31.22470306555717],[121.55679512794916,31.224689909832],[121.5567951556473,31.22435649121344]]],[[[121.55751092431848,31.224691049984376],[121.56574083406753,31.224702627586403],[121.5657408064236,31.225036046300524],[121.55751089662486,31.225024468701566],[121.55751092431848,31.224691049984376]]],[[[121.55822666914393,31.22502558791357],[121.5657408064236,31.225036046300524],[121.56574077877936,31.225369465113644],[121.55822664145475,31.225359006729494],[121.55822666914393,31.22502558791357]]],[[[121.55894238997834,31.225360104876742],[121.56574077877936,31.225369465113644],[121.56574075113477,31.225702884025868],[121.55894236229351,31.22569352379149],[121.55894238997834,31.225360104876742]]],[[[121.5600159397785,31.22569513125297],[121.56574075113477,31.225702884025868],[121.56574072348984,31.22603630303729],[121.5600159121002,31.226028550266516],[121.5600159397785,31.22569513125297]]],[[[121.56073160002553,31.226029595231914],[121.56538296958186,31.226035859530615],[121.56538294193469,31.22636927864147],[121.56073157235137,31.22636301434449],[121.56073160002553,31.226029595231914]]],[[[121.56144723580675,31.226364037838778],[121.56538294193469,31.22636927864147],[121.56538291428716,31.226702697851724],[121.56144720813666,31.226697457050488],[121.56144723580675,31.226364037838778]]],[[[121.56252065716282,31.22669895179907],[121.56538291428716,31.226702697851724],[121.5653828866393,31.227036117161475],[121.56252062949879,31.227032371109875],[121.56252065716282,31.22669895179907]]],[[[121.56323623123613,31.22703334046345],[121.5653828866393,31.227036117161475],[121.5653828589911,31.227369536570823],[121.56323620357594,31.227366759873586],[121.56323623123613,31.22703334046345]]],[[[121.563951780422,31.227367707395484],[121.56502509877211,31.227369087538737],[121.56502507112164,31.227702507047912],[121.56395175276556,31.227701126905053],[121.563951780422,31.227367707395484]]]]}},{"type":"Feature","properties":{"parcel_id":"zhangjiang:parcel:0031","geometry_method":"road_barrier_raster_plus_buildings","functional_type":"mixed","dominant_type":"residential","confidence":0.49,"building_count":3,"avg_building_area_m2":606,"centroid_lng":121.597742,"centroid_lat":31.228642,"parcel_area_m2":1775490,"safety_clipped":false,"classification_source":"osm_tags+building_morphology+spatial_prior","synthetic_classification":true,"qc_flags":"low_confidence"},"geometry":{"type":"MultiPolygon","coordinates":[[[[121.58397835499147,31.217049141324836],[121.58433577087612,31.217049288744697],[121.58433574330859,31.217382705202958],[121.5839783274232,31.217382557783214],[121.58397835499147,31.217049141324836]]],[[[121.5839783274232,31.217382557783214],[121.58469315263466,31.217382846878348],[121.58469312506749,31.21771626343319],[121.5839782998546,31.217715974338287],[121.5839783274232,31.217382557783214]]],[[[121.5839782998546,31.217715974338287],[121.58540792405498,31.217716529561166],[121.58540789648883,31.218049946212577],[121.58397827228566,31.218049390990156],[121.5839782998546,31.217715974338287]]],[[[121.58397827228566,31.218049390990156],[121.58576528615691,31.21805007067104],[121.58576525859108,31.21838348741924],[121.58397824471639,31.218382807738926],[121.58397827228566,31.218049390990156]]],[[[121.58397824471639,31.218382807738926],[121.58612264171387,31.21838360614497],[121.58612261414831,31.218717022990052],[121.58397821714678,31.218716224584693],[121.58397824471639,31.218382807738926]]],[[[121.58397821714678,31.218716224584693],[121.58683736077379,31.218717243257917],[121.58683733320908,31.219050660199873],[121.58397818957684,31.219049641527562],[121.58397821714678,31.218716224584693]]],[[[121.58397818957684,31.219049641527562],[121.58826674810916,31.219051032116642],[121.58826672054616,31.219384449155353],[121.58397816200655,31.219383058567633],[121.58397818957684,31.219049641527562]]],[[[121.58397816200655,31.219383058567633],[121.58898138890639,31.21938460087884],[121.58898136134395,31.21971801801463],[121.58397813443594,31.219716475705006],[121.58397816200655,31.219383058567633]]],[[[121.58397813443594,31.219716475705006],[121.59005331516032,31.21971820292623],[121.59005328759872,31.22005162015909],[121.58397810686498,31.22004989293978],[121.58397813443594,31.219716475705006]]],[[[121.58397810686498,31.22004989293978],[121.5911251831138,31.220051754008058],[121.59112515555283,31.22038517133809],[121.58397807929369,31.220383310272062],[121.58397810686498,31.22004989293978]]],[[[121.58397807929369,31.220383310272062],[121.591839720276,31.22038523229161],[121.59183969271523,31.22071864971903],[121.58397805172206,31.220716727701944],[121.58397807929369,31.220383310272062]]],[[[121.58397805172206,31.22071672770194],[121.59291149153908,31.2207186988775],[121.5929114639786,31.2210521164023],[121.5839780241501,31.22105014522953],[121.58397805172206,31.22071672770194]]],[[[121.5839780241501,31.22105014522953],[121.59362596446093,31.22105212108616],[121.59362593690041,31.22138553870855],[121.5839779965778,31.221383562854925],[121.5839780241501,31.22105014522953]]],[[[121.5839779965778,31.221383562854925],[121.59362593690041,31.22138553870855],[121.59362590933956,31.221718956428845],[121.58397796900516,31.221716980578226],[121.5839779965778,31.221383562854925]]],[[[121.58397796900516,31.221716980578226],[121.59362590933956,31.221718956428845],[121.59362588177837,31.22205237424715],[121.5839779414322,31.22205039839953],[121.58397796900516,31.221716980578226]]],[[[121.5839779414322,31.22205039839953],[121.59362588177837,31.22205237424715],[121.59362585421685,31.222385792163557],[121.58397791385887,31.222383816318942],[121.5839779414322,31.22205039839953]]],[[[121.58397791385887,31.222383816318942],[121.59362585421685,31.222385792163557],[121.59362582665499,31.22271921017817],[121.58397788628524,31.22271723433656],[121.58397791385887,31.222383816318942]]],[[[121.58397788628524,31.22271723433656],[121.59362582665499,31.22271921017817],[121.59362579909279,31.22305262829109],[121.58397785871125,31.223050652452486],[121.58397788628524,31.22271723433656]]],[[[121.58362043625102,31.223050499288025],[121.59362579909279,31.22305262829109],[121.59362577153027,31.223386046502416],[121.58362040867594,31.22338391750247],[121.58362043625102,31.223050499288025]]],[[[121.58362040867594,31.22338391750247],[121.59362577153027,31.223386046502416],[121.59362574396741,31.22371946481225],[121.58362038110053,31.22371733581542],[121.58362040867594,31.22338391750247]]],[[[121.58362038110053,31.22371733581542],[121.59362574396741,31.22371946481225],[121.5936257164042,31.224052883220683],[121.5836203535248,31.224050754226976],[121.58362038110053,31.22371733581542]]],[[[121.5836203535248,31.224050754226976],[121.59326846936209,31.224052883683004],[121.59326844179841,31.224386302190254],[121.5836203259487,31.224384172737235],[121.5836203535248,31.224050754226976]]],[[[121.5836203259487,31.22438417273723],[121.59326844179841,31.22438630219025],[121.5932684142344,31.2247197207963],[121.58362029837228,31.224717591346298],[121.5836203259487,31.22438417273723]]],[[[121.58362029837228,31.224717591346298],[121.5932684142344,31.2247197207963],[121.59326838667005,31.22505313950126],[121.58362027079554,31.225051010054266],[121.58362029837228,31.224717591346298]]],[[[121.58362027079554,31.225051010054266],[121.59326838667005,31.22505313950126],[121.59326835910535,31.225386558305217],[121.58362024321843,31.225384428861236],[121.58362027079554,31.225051010054266]]],[[[121.58362024321843,31.225384428861236],[121.59326835910535,31.225386558305217],[121.59326833154033,31.22571997720828],[121.583620215641,31.22571784776731],[121.58362024321843,31.225384428861236]]],[[[121.583620215641,31.22571784776731],[121.59326833154033,31.22571997720828],[121.59326830397497,31.226053396210542],[121.58362018806325,31.226051266772586],[121.583620215641,31.22571784776731]]],[[[121.58362018806325,31.226051266772586],[121.59326830397497,31.226053396210542],[121.59326827640928,31.226386815312104],[121.58362016048514,31.22638468587716],[121.58362018806325,31.226051266772586]]],[[[121.58362016048514,31.22638468587716],[121.59326827640928,31.226386815312104],[121.59326824884324,31.226720234513067],[121.5836201329067,31.226718105081133],[121.58362016048514,31.22638468587716]]],[[[121.5836201329067,31.226718105081133],[121.59326824884324,31.226720234513067],[121.59326822127687,31.227053653813527],[121.58362010532794,31.227051524384603],[121.5836201329067,31.226718105081133]]],[[[121.58326267629363,31.22705136547279],[121.59326822127687,31.227053653813527],[121.59326819371017,31.22738707321358],[121.58326264871373,31.227384784875973],[121.58326267629363,31.22705136547279]]],[[[121.58326264871373,31.227384784875973],[121.59326819371017,31.22738707321358],[121.59326816614313,31.22772049271333],[121.58326262113351,31.227718204378853],[121.58326264871373,31.227384784875973]]],[[[121.58326262113351,31.227718204378853],[121.59291091269837,31.227720487570274],[121.59291088513082,31.228053907169926],[121.58326259355294,31.228051623981525],[121.58326262113351,31.227718204378853]]],[[[121.58290515794914,31.228051459319495],[121.59291088513082,31.228053907169922],[121.59291085756296,31.228387326869466],[121.58290513036744,31.228384879022173],[121.58290515794914,31.228051459319495]]],[[[121.58290513036744,31.228384879022173],[121.59291085756296,31.228387326869466],[121.59291082999474,31.228720746668998],[121.5829051027854,31.228718298824845],[121.58290513036744,31.228384879022173]]],[[[121.5829051027854,31.228718298824845],[121.59291082999474,31.228720746668998],[121.59291080242619,31.22905416656862],[121.58290507520303,31.2290517187276],[121.5829051027854,31.228718298824845]]],[[[121.58254763302783,31.22905154831379],[121.59291080242619,31.22905416656862],[121.5929107748573,31.229387586568432],[121.58254760544429,31.22938496831685],[121.58254763302783,31.22905154831379]]],[[[121.58219015669776,31.2293847921497],[121.5929107748573,31.229387586568432],[121.59291074728809,31.229721006668523],[121.58219012911304,31.22971821225316],[121.58219015669776,31.2293847921497]]],[[[121.58219012911304,31.22971821225316],[121.59291074728809,31.229721006668523],[121.59291071971853,31.230054426869],[121.58219010152798,31.230051632457005],[121.58219012911304,31.22971821225316]]],[[[121.58183264620803,31.230051450535544],[121.59291071971853,31.230054426869],[121.59291069214864,31.230387847169958],[121.58183261862175,31.230384870839988],[121.58183264620803,31.230051450535544]]],[[[121.58183261862175,31.230384870839988],[121.59291069214864,31.230387847169958],[121.5929106645784,31.23072126757149],[121.58183259103514,31.230718291245008],[121.58183261862175,31.230384870839988]]],[[[121.58147512914071,31.230718103568417],[121.5929106645784,31.23072126757149],[121.59291063700783,31.2310546880737],[121.58147510155288,31.23105152407423],[121.58147512914071,31.230718103568417]]],[[[121.58147510155288,31.23105152407423],[121.59291063700783,31.2310546880737],[121.59291060943694,31.231388108676683],[121.5814750739647,31.231384944680816],[121.58147510155288,31.23105152407423]]],[[[121.58111760549511,31.231384751248513],[121.59291060943694,31.231388108676683],[121.5929105818657,31.231721529380536],[121.58111757790567,31.231718171956086],[121.58111760549511,31.231384751248513]]],[[[121.58111757790567,31.231718171956082],[121.5929105818657,31.231721529380533],[121.59291055429412,31.232054950185354],[121.58111755031591,31.232051592764623],[121.58111757790567,31.231718171956082]]],[[[121.5807600752707,31.232051393576274],[121.59291055429412,31.232054950185354],[121.59291052672222,31.23238837109124],[121.58076004767966,31.232384814486],[121.5807600752707,31.232051393576274]]],[[[121.5804025660597,31.232384609541405],[121.59291052672222,31.23238837109124],[121.59291049914997,31.23272179209829],[121.58040253846735,31.23271803055241],[121.5804025660597,31.232384609541405]]],[[[121.58040253846735,31.23271803055241],[121.59291049914997,31.23272179209829],[121.59291047157738,31.233055213206598],[121.58040251087466,31.233051451664675],[121.58040253846735,31.23271803055241]]],[[[121.58004502267913,31.233051240964112],[121.59291047157738,31.233055213206598],[121.59291044400447,31.23338863441626],[121.58004499508512,31.23338466217785],[121.58004502267913,31.233051240964112]]],[[[121.58111743995346,31.233385277010413],[121.59291044400447,31.23338863441626],[121.59291041643121,31.233722055727377],[121.58111741236202,31.233718698325248],[121.58111743995346,31.233385277010413]]],[[[121.58218979807009,31.233719261352437],[121.59291041643121,31.233722055727377],[121.59291038885762,31.234055477140043],[121.582189770481,31.23405268276847],[121.58218979807009,31.233719261352437]]],[[[121.58326209704529,31.234053194005998],[121.59291038885762,31.234055477140043],[121.5929103612837,31.234388898654355],[121.58326206945833,31.23438661552333],[121.58326209704529,31.234053194005998]]],[[[121.58433433691864,31.234387075007014],[121.5929103612837,31.234388898654355],[121.59291033370943,31.23472232027041],[121.58433430933363,31.23472049662574],[121.58433433691864,31.234387075007014]]],[[[121.58540651775319,31.23472090441147],[121.59291033370943,31.23472232027041],[121.59291030613483,31.235055741988308],[121.5854064901699,31.235054326131696],[121.58540651775319,31.23472090441147]]],[[[121.58647863963522,31.23505468229541],[121.59291030613483,31.235055741988308],[121.5929102785599,31.235389163808136],[121.58647861205344,31.23538810411723],[121.58647863963522,31.23505468229541]]],[[[121.58755070267426,31.235388408754872],[121.5929102785599,31.235389163808133],[121.59291025098462,31.235722585729995],[121.58755067509381,31.235721830678386],[121.58755070267426,31.235388408754872]]],[[[121.58862270700313,31.235722083905856],[121.59291025098462,31.235722585729995],[121.59291022340902,31.236056007753987],[121.58862267942378,31.236055505931162],[121.58862270700313,31.235722083905856]]],[[[121.5893373348221,31.236055646254467],[121.59291022340902,31.236056007753987],[121.59291019583307,31.2363894298802],[121.58933730724328,31.236389068381776],[121.5893373348221,31.236055646254467]]],[[[121.59040924165875,31.23638923623706],[121.59291019583307,31.2363894298802],[121.5929101682568,31.236722852108738],[121.5904092140807,31.236722658466356],[121.59040924165875,31.23638923623706]]],[[[121.59148109025209,31.236722775317592],[121.5929101682568,31.236722852108738],[121.59291014068017,31.237056274439688],[121.59148106267459,31.237056197648975],[121.59148109025209,31.236722775317592]]],[[[121.59219561453756,31.23705624730646],[121.59291014068017,31.237056274439688],[121.59291011310322,31.23738969687315],[121.5921955869602,31.237389669740136],[121.59219561453756,31.23705624730646]]]]}},{"type":"Feature","properties":{"parcel_id":"zhangjiang:parcel:0032","geometry_method":"road_barrier_raster_plus_buildings","functional_type":"mixed","dominant_type":"office","confidence":0.53,"building_count":2,"avg_building_area_m2":606,"centroid_lng":121.626829,"centroid_lat":31.221842,"parcel_area_m2":67709,"safety_clipped":false,"classification_source":"osm_tags+building_morphology+spatial_prior","synthetic_classification":true,"qc_flags":"low_confidence"},"geometry":{"type":"MultiPolygon","coordinates":[[[[121.62218640204117,31.220368255106838],[121.62254318737804,31.22036784946416],[121.62254315975997,31.220701266883243],[121.62218637442457,31.220701672526005],[121.62218640204117,31.220368255106838]]],[[[121.62218637442457,31.220701672526],[121.6228999403754,31.220700857082992],[121.6228999127555,31.221034274599695],[121.62218634680765,31.221035090042875],[121.62218637442457,31.220701672526]]],[[[121.62218634680765,31.221035090042875],[121.62325668867956,31.221033860667813],[121.62325666105781,31.221367278282234],[121.62218631919039,31.22136850765755],[121.62218634680765,31.221035090042875]]],[[[121.62218631919039,31.22136850765755],[121.62325666105781,31.221367278282234],[121.62325663343572,31.221700695994556],[121.62218629157279,31.221701925370134],[121.62218631919039,31.22136850765755]]],[[[121.62254307690374,31.221701519727112],[121.6236134046971,31.22170027795705],[121.62361337707314,31.222033695767298],[121.62254304928433,31.222034937537614],[121.62254307690374,31.221701519727112]]],[[[121.62289982989377,31.222034527737026],[121.62397014370384,31.22203327365052],[121.62397011607801,31.222366691558786],[121.62289980227251,31.22236794564555],[121.62289982989377,31.222034527737026]]],[[[121.62325657819052,31.222367531713324],[121.62432687810869,31.222366265389176],[121.62432685048095,31.222699683395565],[121.62325655056742,31.222700949719968],[121.62325657819052,31.222367531713324]]],[[[121.62325655056742,31.222700949719968],[121.62432685048095,31.222699683395565],[121.62432682285288,31.223033101500256],[121.62325652294398,31.223034367824916],[121.62325655056742,31.222700949719968]]],[[[121.62361329419925,31.22303394978707],[121.62504033323614,31.223032237109013],[121.62504030560456,31.22336565531194],[121.62361326657394,31.22336736799034],[121.62361329419925,31.22303394978707]]],[[[121.62361326657394,31.22336736799034],[121.62611053746379,31.22336432899956],[121.62611050982699,31.223697747300736],[121.6236132389483,31.223700786292113],[121.62361326657394,31.22336736799034]]],[[[121.62397000557128,31.22370036417491],[121.62718070198848,31.223696385972783],[121.62718067434633,31.224029804372314],[121.62396997794376,31.224033782575205],[121.62397000557128,31.22370036417491]]],[[[121.62468349742181,31.22403292620898],[121.62753739639427,31.224029342944096],[121.62753736875008,31.22436276144225],[121.62468346979081,31.22436634470781],[121.62468349742181,31.22403292620898]]],[[[121.62539697111936,31.22436547234405],[121.62718064670385,31.22436322287055],[121.62718061906102,31.224696641467595],[121.62539694348482,31.224698890941514],[121.62539697111936,31.22436547234405]]]]}},{"type":"Feature","properties":{"parcel_id":"zhangjiang:parcel:0033","geometry_method":"road_barrier_raster_plus_buildings","functional_type":"residential","dominant_type":"residential","confidence":1,"building_count":1,"avg_building_area_m2":606,"centroid_lng":121.648512,"centroid_lat":31.226585,"parcel_area_m2":516597,"safety_clipped":false,"classification_source":"osm_tags+building_morphology+spatial_prior","synthetic_classification":true,"qc_flags":""},"geometry":{"type":"MultiPolygon","coordinates":[[[[121.64643851193469,31.222666548844774],[121.64679505350573,31.222665927001383],[121.64679502575184,31.22299934510106],[121.64643848418315,31.222999966944524],[121.64643851193469,31.222666548844774]]],[[[121.64643848418315,31.222999966944524],[121.64822116941026,31.222996837328537],[121.64822114164662,31.22333025552632],[121.64643845643127,31.22333338514268],[121.64643848418315,31.222999966944524]]],[[[121.64643845643127,31.22333338514268],[121.6492907267578,31.223328354244252],[121.64929069898668,31.223661772540314],[121.64643842867905,31.223666803439343],[121.64643845643127,31.22333338514268]]],[[[121.64608188477361,31.2236674231744],[121.65178632873467,31.22365727371672],[121.65178630094628,31.22399069211087],[121.64608185702338,31.224000841569744],[121.64608188477361,31.2236674231744]]],[[[121.64572531073912,31.224001459162114],[121.65285582968983,31.223988739534263],[121.65285580189376,31.224322158026894],[121.64572528299087,31.224334877656236],[121.64572531073912,31.224001459162114]]],[[[121.64572528299087,31.224334877656233],[121.65392531611185,31.224320192118544],[121.65392528830805,31.224653610709762],[121.64572525524228,31.224668296249156],[121.64572528299087,31.224334877656233]]],[[[121.64536870654187,31.224668911664775],[121.65428179001047,31.224652952609546],[121.65428176220385,31.224986371299593],[121.64536867879526,31.22500233035668],[121.64536870654187,31.224668911664775]]],[[[121.64501212763683,31.225002943561414],[121.65428176220385,31.224986371299593],[121.65428173439689,31.225319790088644],[121.64501209989217,31.225336362352397],[121.64501212763683,31.225002943561414]]],[[[121.64501209989217,31.225336362352397],[121.65428173439689,31.225319790088644],[121.65428170658959,31.225653208976798],[121.64501207214718,31.225669781242484],[121.64501209989217,31.225336362352397]]],[[[121.64465551849356,31.22567039220243],[121.65428170658959,31.225653208976798],[121.65428167878194,31.22598662796415],[121.64465549075052,31.226003811191795],[121.64465551849356,31.22567039220243]]],[[[121.64465549075052,31.226003811191795],[121.65428167878194,31.22598662796415],[121.65428165097396,31.226320047050805],[121.64465546300714,31.226337230280457],[121.64465549075052,31.226003811191795]]],[[[121.64465546300714,31.226337230280457],[121.65499465004962,31.226318726866598],[121.65499462223633,31.226652146052505],[121.64465543526343,31.22667064946852],[121.64465546300714,31.226337230280457]]],[[[121.6442988790775,31.226671258149867],[121.65499462223633,31.226652146052505],[121.6549945944227,31.22698556533791],[121.64429885133572,31.227004677437503],[121.6442988790775,31.226671258149867]]],[[[121.64394229257361,31.227005283806285],[121.6549945944227,31.22698556533791],[121.65499456660874,31.22731898472291],[121.64394226483378,31.227338703193592],[121.64394229257361,31.227005283806285]]],[[[121.64394226483378,31.227338703193592],[121.65499456660874,31.22731898472291],[121.65499453879443,31.227652404207603],[121.64394223709361,31.227672122680595],[121.64394226483378,31.227338703193592]]],[[[121.64429879585117,31.227671516311663],[121.65499453879443,31.227652404207603],[121.65499451097978,31.227985823792093],[121.64429876810838,31.228004935898383],[121.64429879585117,31.227671516311663]]],[[[121.64715114863495,31.228000004541705],[121.65499451097978,31.22798582379209],[121.65499448316478,31.22831924347647],[121.6471511208733,31.228333424227714],[121.64715114863495,31.228000004541705]]],[[[121.64893378389513,31.22833027472431],[121.65499448316478,31.22831924347647],[121.65499445534945,31.228652663260842],[121.64893375612131,31.228663694509937],[121.64893378389513,31.22833027472431]]],[[[121.65107288416705,31.228659853880902],[121.65499445534945,31.228652663260842],[121.65499442753378,31.2289860831453],[121.65107285637843,31.22899327376617],[121.65107288416705,31.228659853880902]]],[[[121.65285541271311,31.22899002734328],[121.65499442753378,31.2289860831453],[121.65499439971778,31.22931950312995],[121.65285538491194,31.229323447328365],[121.65285541271311,31.22899002734328]]],[[[121.65463790090598,31.229320163874704],[121.65499439971778,31.22931950312995],[121.65499437190142,31.22965292321488],[121.65463787309211,31.229653583959706],[121.65463790090598,31.229320163874704]]]]}},{"type":"Feature","properties":{"parcel_id":"zhangjiang:parcel:0034","geometry_method":"road_barrier_raster_plus_buildings","functional_type":"residential","dominant_type":"residential","confidence":0.81,"building_count":1,"avg_building_area_m2":606,"centroid_lng":121.60745,"centroid_lat":31.234793,"parcel_area_m2":1093381,"safety_clipped":false,"classification_source":"osm_tags+building_morphology+spatial_prior","synthetic_classification":true,"qc_flags":""},"geometry":{"type":"MultiPolygon","coordinates":[[[[121.60469732101923,31.223383308316393],[121.60648250699094,31.223382386475677],[121.60648247941856,31.223715804781833],[121.60469729344983,31.223716726623035],[121.60469732101923,31.223383308316393]]],[[[121.60434023849739,31.223716895417677],[121.60791052280112,31.223714974867296],[121.60791049522564,31.22404839327167],[121.60434021092819,31.22405031382302],[121.60434023849739,31.223716895417677]]],[[[121.60434021092819,31.22405031382302],[121.61005238769089,31.22404699695988],[121.61005236011034,31.224380415462385],[121.60434018335863,31.224383732327073],[121.60434021092819,31.22405031382302]]],[[[121.60398312244419,31.224383895893226],[121.611837115239,31.224379115606354],[121.61183708765364,31.224712534207193],[121.60398309487482,31.224717314496182],[121.60398312244419,31.224383895893226]]],[[[121.60398309487482,31.224717314496182],[121.61183708765364,31.224712534207193],[121.61183706006793,31.225045952906935],[121.60398306730512,31.22505073319804],[121.60398309487482,31.224717314496182]]],[[[121.60398306730512,31.22505073319804],[121.61183706006793,31.225045952906935],[121.61183703248189,31.22537937170568],[121.60398303973508,31.2253841519989],[121.60398306730512,31.22505073319804]]],[[[121.60362597284093,31.22538431032105],[121.61183703248189,31.22537937170568],[121.6118370048955,31.225712790603527],[121.60362594527105,31.225717729221113],[121.60362597284093,31.22538431032105]]],[[[121.60362594527105,31.225717729221113],[121.6118370048955,31.225712790603527],[121.6118369773088,31.226046209600575],[121.60362591770082,31.226051148220375],[121.60362594527105,31.225717729221113]]],[[[121.60362591770082,31.226051148220375],[121.6118369773088,31.226046209600575],[121.61183694972175,31.22637962869692],[121.60362589013027,31.226384567318938],[121.60362591770082,31.226051148220375]]],[[[121.60326881723844,31.226384720381684],[121.61183694972175,31.22637962869692],[121.61183692213436,31.22671304789267],[121.60326878966802,31.226718139579745],[121.60326881723844,31.226384720381684]]],[[[121.60326878966802,31.226718139579745],[121.61183692213436,31.22671304789267],[121.61183689454664,31.227046467187915],[121.60326876209726,31.227051558877303],[121.60326878966802,31.226718139579745]]],[[[121.60326876209726,31.227051558877303],[121.61183689454664,31.227046467187915],[121.61183686695858,31.227379886582757],[121.60326873452617,31.227384978274458],[121.60326876209726,31.227051558877303]]],[[[121.60291165561891,31.227385126062625],[121.61183686695858,31.227379886582757],[121.61183683937018,31.22771330607729],[121.60291162804793,31.227718545559576],[121.60291165561891,31.227385126062625]]],[[[121.60291162804793,31.227718545559576],[121.61183683937018,31.22771330607729],[121.61183681178144,31.22804672567162],[121.60291160047662,31.228051965156318],[121.60291162804793,31.227718545559576]]],[[[121.60291160047662,31.228051965156315],[121.61183681178144,31.228046725671618],[121.61183678419238,31.22838014536584],[121.60291157290496,31.22838538485295],[121.60291160047662,31.228051965156315]]],[[[121.60291157290496,31.22838538485295],[121.61219371854025,31.228379870761724],[121.6121936909499,31.228713290555845],[121.60291154533297,31.228718804649578],[121.60291157290496,31.22838538485295]]],[[[121.60255446039326,31.22871894714831],[121.6121936909499,31.228713290555845],[121.6121936633592,31.229046710450053],[121.60255443282136,31.229052367045124],[121.60255446039326,31.22871894714831]]],[[[121.60255443282136,31.229052367045124],[121.6121936633592,31.229046710450053],[121.61219363576815,31.229380130444444],[121.60255440524914,31.229385787042126],[121.60255443282136,31.229052367045124]]],[[[121.60255440524914,31.229385787042126],[121.61219363576815,31.229380130444444],[121.61219360817678,31.229713550539124],[121.60255437767657,31.22971920713941],[121.60255440524914,31.229385787042126]]],[[[121.60219728668675,31.229719344333883],[121.61219360817678,31.229713550539124],[121.61219358058507,31.230046970734183],[121.60219725911425,31.230052764531653],[121.60219728668675,31.229719344333883]]],[[[121.60219725911425,31.230052764531653],[121.61219358058507,31.230046970734183],[121.61219355299303,31.230380391029723],[121.60219723154142,31.2303861848299],[121.60219725911425,31.230052764531653]]],[[[121.60219723154142,31.2303861848299],[121.61219355299303,31.230380391029723],[121.61219352540066,31.230713811425844],[121.60219720396825,31.230719605228728],[121.60219723154142,31.2303861848299]]],[[[121.60219720396825,31.230719605228728],[121.61219352540066,31.230713811425844],[121.61219349780794,31.231047231922638],[121.60219717639474,31.23105302572823],[121.60219720396825,31.230719605228728]]],[[[121.60219717639474,31.23105302572823],[121.61219349780794,31.231047231922638],[121.61219347021488,31.231380652520205],[121.60219714882089,31.231386446328507],[121.60219717639474,31.23105302572823]]],[[[121.60219714882089,31.231386446328507],[121.61219347021488,31.231380652520205],[121.61219344262149,31.23171407321864],[121.60219712124672,31.23171986702965],[121.60219714882089,31.231386446328507]]],[[[121.60184002419103,31.231719998905664],[121.61219344262149,31.231714073218637],[121.61219341502776,31.232047494018044],[121.6018399966169,31.232053419707878],[121.60184002419103,31.231719998905664]]],[[[121.6018399966169,31.232053419707878],[121.61219341502776,31.232047494018044],[121.6121933874337,31.232380914918515],[121.60183996904243,31.23238684061116],[121.6018399966169,31.232053419707878]]],[[[121.60183996904243,31.23238684061116],[121.6121933874337,31.232380914918515],[121.6121933598393,31.232714335920146],[121.60183994146763,31.2327202616156],[121.60183996904243,31.23238684061116]]],[[[121.60183994146763,31.2327202616156],[121.6121933598393,31.232714335920146],[121.61219333224457,31.23304775702304],[121.60183991389249,31.2330536827213],[121.60183994146763,31.2327202616156]]],[[[121.60183991389249,31.2330536827213],[121.61219333224457,31.23304775702304],[121.6121933046495,31.233381178227287],[121.60183988631702,31.233387103928358],[121.60183991389249,31.2330536827213]]],[[[121.60183988631702,31.233387103928358],[121.6121933046495,31.233381178227287],[121.61219327705409,31.233714599532988],[121.60183985874122,31.233720525236865],[121.60183988631702,31.233387103928358]]],[[[121.60183985874122,31.233720525236865],[121.61112245745767,31.233715408777726],[121.61112242986474,31.23404883018526],[121.60183983116507,31.234053946646927],[121.60183985874122,31.233720525236865]]],[[[121.60183983116507,31.234053946646927],[121.60969459230066,31.234049840619903],[121.60969456471086,31.23438326212946],[121.60183980358858,31.234387368158632],[121.60183983116507,31.234053946646927]]],[[[121.60183980358858,31.234387368158632],[121.60862362717369,31.23438396785831],[121.60862359958595,31.234717389469893],[121.60183977601176,31.23472078977208],[121.60183980358858,31.234387368158632]]],[[[121.60183977601176,31.23472078977208],[121.60755261051426,31.234718049982998],[121.6075525829284,31.23505147169671],[121.6018397484346,31.23505421148737],[121.60183977601176,31.23472078977208]]],[[[121.6018397484346,31.23505421148737],[121.60612451636122,31.23505228120695],[121.60612448877771,31.235385703022985],[121.60183972085711,31.235387633304594],[121.6018397484346,31.23505421148737]]],[[[121.60148261772054,31.23538775984838],[121.60433927337516,31.23538659898001],[121.60433924579418,31.23572002089857],[121.60148259014308,31.235721181767737],[121.60148261772054,31.23538775984838]]],[[[121.60148259014308,31.235721181767737],[121.60326804513959,31.235720495858846],[121.60326801755974,31.23605391787983],[121.60148256256528,31.23605460378922],[121.60148259014308,31.235721181767737]]],[[[121.60148256256528,31.23605460378922],[121.60219676275179,31.236054345367904],[121.60219673517291,31.23638776749141],[121.60148253498714,31.23638802591293],[121.60148256256528,31.23605460378922]]]]}},{"type":"Feature","properties":{"parcel_id":"zhangjiang:parcel:0035","geometry_method":"road_barrier_raster_plus_buildings","functional_type":"residential","dominant_type":"residential","confidence":0.94,"building_count":2,"avg_building_area_m2":606,"centroid_lng":121.632251,"centroid_lat":31.237773,"parcel_area_m2":815020,"safety_clipped":false,"classification_source":"osm_tags+building_morphology+spatial_prior","synthetic_classification":true,"qc_flags":""},"geometry":{"type":"MultiPolygon","coordinates":[[[[121.62254271782503,31.226035958944458],[121.62289949841652,31.226035549142836],[121.62289947079122,31.226368968236407],[121.62254269020123,31.226369378038115],[121.62254271782503,31.226035958944458]]],[[[121.622185904891,31.226369783682348],[121.62432654655359,31.226367287975922],[121.6243265189218,31.226700707168547],[121.62218587726834,31.22670320287549],[121.622185904891,31.226369783682348]]],[[[121.62218587726834,31.22670320287549],[121.62575352159676,31.22669896249268],[121.62575349395823,31.227032381784465],[121.62218584964535,31.22703662216813],[121.62218587726834,31.22670320287549]]],[[[121.62218584964535,31.22703662216813],[121.62682369920515,31.227031032043207],[121.62682367156131,31.227364451434337],[121.62218582202202,31.227370041560366],[121.62218584964535,31.22703662216813]]],[[[121.62218582202202,31.227370041560366],[121.62682367156131,31.227364451434337],[121.62682364391715,31.227697870925162],[121.62218579439835,31.227703461052297],[121.62218582202202,31.227370041560366]]],[[[121.62218579439835,31.227703461052297],[121.62682364391715,31.227697870925162],[121.62682361627263,31.22803129051578],[121.62218576677435,31.22803688064402],[121.62218579439835,31.227703461052297]]],[[[121.62218576677435,31.228036880644016],[121.6264668855846,31.228031744302093],[121.62646685794144,31.228365163992688],[121.62218573915001,31.228370300335634],[121.62218576677435,31.228036880644016]]],[[[121.62218573915001,31.228370300335634],[121.62646685794144,31.228365163992688],[121.62646683029793,31.22869858378327],[121.62218571152533,31.22870372012724],[121.62218573915001,31.228370300335634]]],[[[121.62218571152533,31.22870372012724],[121.62646683029793,31.22869858378327],[121.62646680265408,31.229032003673943],[121.62218568390031,31.229037140018935],[121.62218571152533,31.22870372012724]]],[[[121.62218568390031,31.229037140018935],[121.62646680265408,31.229032003673943],[121.62646677500989,31.229365423664802],[121.62218565627497,31.229370560010818],[121.62218568390031,31.229037140018935]]],[[[121.62218565627497,31.229370560010818],[121.62646677500989,31.229365423664802],[121.62646674736536,31.229698843755944],[121.62218562864928,31.229703980102983],[121.62218565627497,31.229370560010818]]],[[[121.62182883860355,31.229704381564847],[121.62682347804503,31.229698389969208],[121.62682345039849,31.23003181016065],[121.62182881097898,31.23003780175748],[121.62182883860355,31.229704381564847]]],[[[121.62182881097898,31.23003780175748],[121.62682345039849,31.23003181016065],[121.62682342275161,31.23036523045257],[121.62182878335409,31.230371222050596],[121.62182881097898,31.23003780175748]]],[[[121.62182878335409,31.230371222050596],[121.62682342275161,31.23036523045257],[121.62682339510441,31.23069865084507],[121.62182875572886,31.23070464244429],[121.62182878335409,31.230371222050596]]],[[[121.62182875572886,31.23070464244429],[121.62682339510441,31.23069865084507],[121.62682336745686,31.231032071338245],[121.62182872810328,31.23103806293866],[121.62182875572886,31.23070464244429]]],[[[121.62182872810328,31.23103806293866],[121.62682336745686,31.231032071338245],[121.62682333980898,31.231365491932195],[121.62182870047738,31.2313714835338],[121.62182872810328,31.23103806293866]]],[[[121.62182870047738,31.2313714835338],[121.62682333980898,31.231365491932195],[121.62682331216077,31.231698912627014],[121.62182867285112,31.23170490422981],[121.62182870047738,31.2313714835338]]],[[[121.62182867285112,31.231704904229808],[121.62718003848379,31.231698455004377],[121.62718001083354,31.23203187580008],[121.62182864522455,31.23203832502679],[121.62182867285112,31.231704904229808]]],[[[121.62182864522455,31.23203832502679],[121.62718001083354,31.23203187580008],[121.62717998318296,31.232365296696848],[121.62182861759763,31.232371745924834],[121.62182864522455,31.23203832502679]]],[[[121.62182861759763,31.232371745924834],[121.62717998318296,31.232365296696848],[121.62717995553204,31.232698717694777],[121.62182858997038,31.232705166924042],[121.62182861759763,31.232371745924834]]],[[[121.62182858997038,31.232705166924042],[121.62717995553204,31.232698717694777],[121.62717992788077,31.23303213879397],[121.62182856234277,31.23303858802451],[121.62182858997038,31.232705166924042]]],[[[121.62182856234277,31.23303858802451],[121.62753664988274,31.233031677363492],[121.62753662222946,31.233365098563954],[121.62182853471485,31.233372009226333],[121.62182856234277,31.23303858802451]]],[[[121.62182853471485,31.233372009226333],[121.62753662222946,31.233365098563954],[121.62753659457582,31.23369851986587],[121.62182850708658,31.233705430529607],[121.62182853471485,31.233372009226333]]],[[[121.62182850708658,31.233705430529607],[121.62753659457582,31.23369851986587],[121.62753656692185,31.234031941269336],[121.62182847945797,31.234038851934436],[121.62182850708658,31.233705430529607]]],[[[121.62182847945797,31.234038851934436],[121.62753656692185,31.234031941269336],[121.62753653926752,31.234365362774447],[121.62182845182903,31.234372273440908],[121.62182847945797,31.234038851934436]]],[[[121.62182845182903,31.234372273440908],[121.62789325698088,31.23436489756417],[121.62789322932451,31.234698319170942],[121.62182842419975,31.234705695049122],[121.62182845182903,31.234372273440908]]],[[[121.62182842419975,31.234705695049122],[121.62789322932451,31.234698319170942],[121.6278932016678,31.235031740879553],[121.62182839657014,31.235039116759175],[121.62182842419975,31.234705695049122]]],[[[121.62182839657014,31.235039116759175],[121.6278932016678,31.235031740879553],[121.62789317401077,31.235365162690098],[121.62182836894019,31.235372538571166],[121.62182839657014,31.235039116759175]]],[[[121.62182836894019,31.235372538571163],[121.62789317401077,31.235365162690094],[121.62789314635339,31.235698584602673],[121.6218283413099,31.235705960485184],[121.62182836894019,31.235372538571163]]],[[[121.6218283413099,31.235705960485184],[121.62789314635339,31.235698584602673],[121.62789311869567,31.23603200661738],[121.62182831367927,31.236039382501335],[121.6218283413099,31.235705960485184]]],[[[121.62182831367927,31.236039382501335],[121.62824983215125,31.23603153765541],[121.62824980449147,31.236364959772256],[121.6218282860483,31.23637280461971],[121.62182831367927,31.236039382501335]]],[[[121.6218282860483,31.23637280461971],[121.62789309103762,31.23636542873431],[121.62789306337923,31.23669885095356],[121.621828258417,31.236706226840404],[121.6218282860483,31.23637280461971]]],[[[121.621828258417,31.236706226840404],[121.62789306337923,31.23669885095356],[121.6278930357205,31.237032273275226],[121.62182823078537,31.237039649163513],[121.621828258417,31.236706226840404]]],[[[121.62182823078537,31.237039649163513],[121.6278930357205,31.237032273275226],[121.62789300806143,31.237365695699403],[121.62182820315338,31.237373071589133],[121.62182823078537,31.237039649163513]]],[[[121.62182820315338,31.237373071589133],[121.62789300806143,31.237365695699403],[121.62789298040202,31.23769911822619],[121.62182817552107,31.23770649411736],[121.62182820315338,31.237373071589133]]],[[[121.62182817552107,31.23770649411736],[121.62789298040202,31.23769911822619],[121.62789295274229,31.238032540855677],[121.62182814788842,31.238039916748296],[121.62182817552107,31.23770649411736]]],[[[121.62182814788842,31.238039916748296],[121.62789295274229,31.238032540855677],[121.62789292508221,31.238365963587963],[121.62182812025544,31.238373339482024],[121.62182814788842,31.238039916748296]]],[[[121.62182812025544,31.238373339482024],[121.62789292508221,31.238365963587963],[121.62789289742179,31.238699386423143],[121.62182809262212,31.238706762318646],[121.62182812025544,31.238373339482024]]],[[[121.62182809262212,31.238706762318643],[121.62789289742179,31.23869938642314],[121.62789286976104,31.239032809361305],[121.62182806498846,31.239040185258254],[121.62182809262212,31.238706762318643]]],[[[121.62182806498846,31.239040185258254],[121.62789286976104,31.239032809361305],[121.62789284209994,31.23936623240256],[121.62182803735446,31.23937360830095],[121.62182806498846,31.239040185258254]]],[[[121.62182803735446,31.23937360830095],[121.62789284209994,31.23936623240256],[121.62789281443851,31.23969965554699],[121.62182800972012,31.239707031446827],[121.62182803735446,31.23937360830095]]],[[[121.62182800972012,31.239707031446827],[121.62789281443851,31.23969965554699],[121.62789278677675,31.240033078794696],[121.62182798208545,31.240040454695976],[121.62182800972012,31.239707031446827]]],[[[121.62182798208545,31.240040454695976],[121.62824950021154,31.24003260983173],[121.6282494725477,31.24036603318272],[121.62182795445044,31.240373878048494],[121.62182798208545,31.240040454695976]]],[[[121.62182795445044,31.240373878048494],[121.6282494725477,31.24036603318272],[121.62824944488352,31.240699456637174],[121.6218279268151,31.240707301504475],[121.62182795445044,31.240373878048494]]]]}},{"type":"Feature","properties":{"parcel_id":"zhangjiang:parcel:0036","geometry_method":"road_barrier_raster_plus_buildings","functional_type":"mixed","dominant_type":"office","confidence":0.53,"building_count":2,"avg_building_area_m2":606,"centroid_lng":121.634771,"centroid_lat":31.233164,"parcel_area_m2":1245100,"safety_clipped":false,"classification_source":"osm_tags+building_morphology+spatial_prior","synthetic_classification":true,"qc_flags":"low_confidence"},"geometry":{"type":"MultiPolygon","coordinates":[[[[121.62789383768661,31.227363067175204],[121.6296773633629,31.2273606854325],[121.62967733570481,31.22769410492266],[121.62789381003734,31.227696486665778],[121.62789383768661,31.227363067175204]]],[[[121.62789381003734,31.227696486665778],[121.63146075931776,31.227691632985177],[121.63146073165017,31.228025052574722],[121.62789378238772,31.228029906256147],[121.62789381003734,31.227696486665778]]],[[[121.62789378238772,31.228029906256143],[121.6332440574608,31.22802249411333],[121.63324402978334,31.22835591380236],[121.62789375473777,31.2283633259464],[121.62789378238772,31.228029906256143]]],[[[121.62789375473777,31.2283633259464],[121.63538389780629,31.22835273473347],[121.63538387011666,31.228686154522013],[121.62789372708747,31.228696745736652],[121.62789375473777,31.2283633259464]]],[[[121.62789372708747,31.228696745736652],[121.63609713088539,31.22868506949241],[121.63609710319137,31.229018489380884],[121.62789369943684,31.229030165626988],[121.62789372708747,31.228696745736652]]],[[[121.62789369943684,31.229030165626988],[121.63681035015424,31.229017392096665],[121.63681032245577,31.229350812085166],[121.62789367178587,31.229363585617513],[121.62789369943684,31.229030165626988]]],[[[121.62789367178587,31.229363585617513],[121.63716694085086,31.22935025892629],[121.63716691315,31.229683679014993],[121.62789364413457,31.22969700570832],[121.62789367178587,31.229363585617513]]],[[[121.62789364413457,31.22969700570832],[121.6375235282025,31.229683122887135],[121.63752350049921,31.230016543076147],[121.62789361648292,31.230030425899514],[121.62789364413457,31.22969700570832]]],[[[121.62789361648292,31.230030425899514],[121.63788011224605,31.23001598401112],[121.63788008454034,31.230349404300533],[121.62789358883094,31.230363846191185],[121.62789361648292,31.230030425899514]]],[[[121.62825030231599,31.230363377230628],[121.63788008454034,31.230349404300533],[121.6378800568343,31.230682824690525],[121.62825027466195,31.230696797622794],[121.62825030231599,31.230363377230628]]],[[[121.62825027466195,31.230696797622794],[121.63823666531042,31.230682262720183],[121.63823663760193,31.23101568321077],[121.62825024700756,31.231030218115638],[121.62825027466195,31.230696797622794]]],[[[121.62825024700756,31.231030218115638],[121.63823663760193,31.23101568321077],[121.63823660989311,31.231349103802135],[121.62825021935284,31.23136363870925],[121.62825024700756,31.231030218115638]]],[[[121.62860692861665,31.231363166025513],[121.63859321513567,31.23134853895852],[121.6385931874244,31.231681959650672],[121.62860690095985,31.231696586719917],[121.62860692861665,31.231363166025513]]],[[[121.62860690095985,31.231696586719913],[121.6385931874244,31.23168195965067],[121.6385931597128,31.23201538044379],[121.6286068733027,31.23203000751528],[121.62860690095985,31.231696586719913]]],[[[121.6286068733027,31.23203000751528],[121.6385931597128,31.23201538044379],[121.63859313200085,31.232348801337977],[121.62860684564521,31.232363428411716],[121.6286068733027,31.23203000751528]]],[[[121.62860684564521,31.232363428411716],[121.63859313200085,31.232348801337977],[121.63859310428856,31.232682222333324],[121.62860681798739,31.232696849409315],[121.62860684564521,31.232363428411716]]],[[[121.6289635230612,31.23269637303081],[121.63859310428856,31.232682222333324],[121.63859307657594,31.233015643429933],[121.62896349540128,31.233029794129582],[121.6289635230612,31.23269637303081]]],[[[121.62896349540128,31.233029794129582],[121.63859307657594,31.233015643429933],[121.63859304886297,31.233349064627898],[121.62896346774102,31.23336321532971],[121.62896349540128,31.233029794129582]]],[[[121.62896346774102,31.23336321532971],[121.63859304886297,31.233349064627898],[121.63859302114967,31.233682485927314],[121.62896344008043,31.233696636631297],[121.62896346774102,31.23336321532971]]],[[[121.62896344008043,31.233696636631297],[121.63859302114967,31.233682485927314],[121.63859299343603,31.23401590732828],[121.6289634124195,31.234030058034428],[121.62896344008043,31.233696636631297]]],[[[121.6289634124195,31.234030058034428],[121.63859299343603,31.23401590732828],[121.63859296572205,31.234349328830895],[121.62896338475822,31.23436347953921],[121.6289634124195,31.234030058034428]]],[[[121.62932008567338,31.234362999494493],[121.63859296572205,31.234349328830895],[121.63859293800775,31.23468275043525],[121.62932005801,31.234696421100935],[121.62932008567338,31.234362999494493]]],[[[121.62932005801,31.234696421100935],[121.63823633278632,31.234683315279646],[121.63823630507379,31.23501673698592],[121.62932003034628,31.23502984280921],[121.62932005801,31.234696421100935]]],[[[121.62932003034628,31.23502984280921],[121.63823630507379,31.23501673698592],[121.6382362773609,31.235350158794127],[121.6293200026822,31.235363264619426],[121.62932003034628,31.23502984280921]]],[[[121.6293200026822,31.235363264619423],[121.6382362773609,31.235350158794123],[121.63823624964769,31.235683580704364],[121.62931997501781,31.23569668653167],[121.6293200026822,31.235363264619423]]],[[[121.62931997501781,31.23569668653167],[121.6378796412031,31.23568414267588],[121.63787961349165,31.236017564688325],[121.62931994735307,31.236030108546046],[121.62931997501781,31.23569668653167]]],[[[121.62931994735307,31.236030108546046],[121.63787961349165,31.236017564688325],[121.63787958577986,31.236350986802996],[121.629319919688,31.236363530662643],[121.62931994735307,31.236030108546046]]],[[[121.629319919688,31.236363530662643],[121.63752297407274,31.236351545869514],[121.63752294636271,31.236684968086582],[121.6293198920226,31.236696952881562],[121.629319919688,31.236363530662643]]],[[[121.6293198920226,31.236696952881562],[121.63716633135388,31.236685524216092],[121.63716630364557,31.237018946535656],[121.62931986435683,31.2370303752029],[121.6293198920226,31.236696952881562]]],[[[121.62931986435683,31.2370303752029],[121.63716630364557,31.237018946535656],[121.63716627593693,31.237352368957733],[121.62931983669075,31.237363797626745],[121.62931986435683,31.2370303752029]]],[[[121.62931983669075,31.237363797626745],[121.63680965759147,31.2373529221185],[121.63680962988457,31.23768634464326],[121.62931980902432,31.237697220153198],[121.62931983669075,31.237363797626745]]],[[[121.62931980902432,31.237697220153198],[121.63680962988457,31.23768634464326],[121.63680960217731,31.23801976727073],[121.62931978135757,31.238030642782356],[121.62931980902432,31.237697220153198]]],[[[121.62931978135757,31.238030642782356],[121.63645298045836,31.238020317431058],[121.63645295275283,31.2383537401614],[121.62931975369045,31.23836406551431],[121.62931978135757,31.238030642782356]]],[[[121.62931975369045,31.23836406551431],[121.63645295275283,31.2383537401614],[121.63645292504697,31.238687162994633],[121.62931972602303,31.23869748834916],[121.62931975369045,31.23836406551431]]],[[[121.62931972602303,31.238697488349157],[121.63645292504697,31.23868716299463],[121.63645289734076,31.239020585930856],[121.62931969835525,31.239030911286992],[121.62931972602303,31.238697488349157]]],[[[121.62931969835525,31.239030911286992],[121.63645289734076,31.239020585930856],[121.63645286963421,31.239354008970164],[121.62931967068712,31.239364334327913],[121.62931969835525,31.239030911286992]]],[[[121.62931967068712,31.239364334327913],[121.63609624450915,31.239354556098633],[121.63609621680432,31.239687979241197],[121.62931964301868,31.239697757472012],[121.62931967068712,31.239364334327913]]],[[[121.62931964301868,31.239697757472012],[121.63573958823042,31.239688523306107],[121.63573956052728,31.240021946552027],[121.62931961534989,31.240031180719388],[121.62931964301868,31.239697757472012]]],[[[121.62931961534989,31.240031180719388],[121.63573956052728,31.240021946552027],[121.63573953282379,31.240355369901312],[121.62931958768077,31.24036460407013],[121.62931961534989,31.240031180719388]]],[[[121.62931958768077,31.24036460407013],[121.63538290076664,31.240355910871397],[121.63538287306486,31.240689334324227],[121.6293195600113,31.240698027524335],[121.62931958768077,31.24036460407013]]],[[[121.63359965921565,31.240691991661894],[121.63502623748616,31.240689872168186],[121.63502620978602,31.241023295724656],[121.63359963152341,31.241025415218683],[121.63359965921565,31.240691991661894]]],[[[121.63359963152341,31.241025415218683],[121.63502620978602,31.241023295724656],[121.63502618208555,31.241356719384775],[121.63359960383085,31.241358838879123],[121.63359963152341,31.241025415218683]]],[[[121.63359960383085,31.241358838879123],[121.6343129002211,31.241357785570134],[121.63431287252428,31.24169120933416],[121.63359957613794,31.24169226264331],[121.63359960383085,31.241358838879123]]],[[[121.62931947700088,31.24169829850868],[121.6339562261647,31.241691737613657],[121.6339561984695,31.242025161481607],[121.62931944933007,31.242031722377686],[121.62931947700088,31.24169829850868]]],[[[121.62931944933007,31.242031722377686],[121.63359954844469,31.24202568651134],[121.63359952075112,31.242359110483303],[121.6293194216589,31.242365146350625],[121.62931944933007,31.242031722377686]]],[[[121.6293194216589,31.242365146350622],[121.63324286702553,31.242359632232674],[121.63324283933356,31.24269305630875],[121.62931939398742,31.242698570427592],[121.6293194216589,31.242365146350622]]],[[[121.62931939398742,31.242698570427592],[121.63288618187181,31.242693574747307],[121.63288615418142,31.243026998927586],[121.62931936631558,31.243031994608685],[121.62931939398742,31.242698570427592]]],[[[121.62931936631558,31.243031994608685],[121.63252949294827,31.243027514024995],[121.63252946525947,31.24336093830957],[121.62931933864343,31.243365418893998],[121.62931936631558,31.243031994608685]]],[[[121.62931933864343,31.243365418893998],[121.63217280021978,31.243361450035632],[121.63217277253254,31.2436948744246],[121.62931931097091,31.24369884328362],[121.62931933864343,31.243365418893998]]]]}},{"type":"Feature","properties":{"parcel_id":"zhangjiang:parcel:0037","geometry_method":"road_barrier_raster_plus_buildings","functional_type":"mixed","dominant_type":"residential","confidence":0.54,"building_count":2,"avg_building_area_m2":606,"centroid_lng":121.644657,"centroid_lat":31.229635,"parcel_area_m2":687125,"safety_clipped":false,"classification_source":"osm_tags+building_morphology+spatial_prior","synthetic_classification":true,"qc_flags":"low_confidence"},"geometry":{"type":"MultiPolygon","coordinates":[[[[121.64215920914984,31.230009057869776],[121.64429860164455,31.23000545551987],[121.64429857389939,31.230338875807895],[121.6421591814182,31.23034247815826],[121.64215920914984,31.230009057869776]]],[[[121.6421591814182,31.23034247815826],[121.64643787356344,31.230335190211495],[121.6464378458041,31.230668610599643],[121.64215915368621,31.23067589854732],[121.6421591814182,31.23034247815826]]],[[[121.64215915368621,31.23067589854732],[121.6475074634836,31.230666738875637],[121.64750743571689,31.23100015936424],[121.6421591259539,31.231009319037057],[121.64215915368621,31.23067589854732]]],[[[121.64108939228925,31.231011086729637],[121.64893356169502,31.23099763581728],[121.64893353391847,31.231331056406354],[121.64108936456321,31.231344507320376],[121.64108939228925,31.231011086729637]]],[[[121.64108936456321,31.231344507320376],[121.65000310661244,31.2313291440212],[121.65000307882836,31.231662564710923],[121.64108933683684,31.231677928011987],[121.64108936456321,31.231344507320376]]],[[[121.64108933683684,31.231677928011983],[121.65107263405731,31.23166063646325],[121.65107260626566,31.23199405725372],[121.64108930911014,31.232011348804562],[121.64108933683684,31.231677928011983]]],[[[121.64073272542515,31.232011932853844],[121.6521421451272,31.23199211408895],[121.65214211732787,31.23232553498026],[121.6407326977003,31.232345353747565],[121.64073272542515,31.232011932853844]]],[[[121.6407326977003,31.232345353747565],[121.65356814559131,31.232322922531896],[121.65356811778182,31.232656343524077],[121.64073266997511,31.23267877474245],[121.6407326977003,31.232345353747565]]],[[[121.64073266997511,31.23267877474245],[121.65392462091474,31.232655686797145],[121.65392459310243,31.232989107890507],[121.64073264224957,31.23301219583859],[121.64073266997511,31.23267877474245]]],[[[121.64073264224957,31.23301219583859],[121.65392459310243,31.232989107890507],[121.65392456528978,31.23332252908523],[121.6407326145237,31.23334561703609],[121.64073264224957,31.23301219583859]]],[[[121.6407326145237,31.23334561703609],[121.65392456528978,31.23332252908523],[121.6539245374768,31.233655950381404],[121.64073258679748,31.23367903833504],[121.6407326145237,31.23334561703609]]],[[[121.64073258679748,31.23367903833504],[121.6539245374768,31.233655950381404],[121.65392450966348,31.233989371779128],[121.64073255907094,31.234012459735542],[121.64073258679748,31.23367903833504]]],[[[121.64073255907094,31.234012459735542],[121.65392450966348,31.233989371779128],[121.65392448184981,31.234322793278498],[121.64073253134404,31.23434588123769],[121.64073255907094,31.234012459735542]]],[[[121.64073253134404,31.23434588123769],[121.65392448184981,31.234322793278498],[121.6539244540358,31.23465621487961],[121.64073250361682,31.234679302841577],[121.64073253134404,31.23434588123769]]],[[[121.64073250361682,31.234679302841577],[121.6539244540358,31.23465621487961],[121.65392442622147,31.234989636582565],[121.64073247588925,31.235012724547307],[121.64073250361682,31.234679302841577]]],[[[121.64358506539882,31.235007980840063],[121.65392442622147,31.234989636582565],[121.65392439840679,31.23532305838745],[121.64358503765312,31.235341402647112],[121.64358506539882,31.235007980840063]]],[[[121.64643745713772,31.235336506648906],[121.65392439840679,31.235323058387447],[121.65392437059175,31.235656480294367],[121.6464374293733,31.235669928557385],[121.64643745713772,31.235336506648906]]],[[[121.64750704694727,31.23566805683],[121.65392437059175,31.235656480294367],[121.65392434277639,31.235989902303416],[121.64750701917546,31.236001478840382],[121.64750704694727,31.23566805683]]],[[[121.64893314501124,31.23599895528894],[121.65392434277639,31.235989902303416],[121.65392431496069,31.236323324414688],[121.6489331172296,31.236332377401247],[121.64893314501124,31.23599895528894]]],[[[121.64964616761422,31.23633110428461],[121.65392431496069,31.236323324414688],[121.65392428714465,31.23665674662828],[121.64964613982745,31.236664526499087],[121.64964616761422,31.23633110428461]]],[[[121.65107221714663,31.23666195897615],[121.65392428714465,31.23665674662828],[121.65392425932826,31.23699016894429],[121.65107218934986,31.236995381292747],[121.65107221714663,31.23666195897615]]],[[[121.65178521693433,31.236994087446238],[121.65392425932826,31.23699016894429],[121.65392423151154,31.23732359136281],[121.65178518913235,31.2373275098652],[121.65178521693433,31.236994087446238]]],[[[121.65249820976686,31.237326209669966],[121.65392423151154,31.23732359136281],[121.65392420369447,31.237657013883936],[121.65249818195966,31.237659632191388],[121.65249820976686,31.237326209669966]]],[[[121.65356770059864,31.23765767061197],[121.65392420369447,31.237657013883936],[121.65392417587707,31.237990436507765],[121.65356767278371,31.237991093235873],[121.65356770059864,31.23765767061197]]]]}},{"type":"Feature","properties":{"parcel_id":"zhangjiang:parcel:0038","geometry_method":"road_barrier_raster_plus_buildings","functional_type":"residential","dominant_type":"residential","confidence":1,"building_count":1,"avg_building_area_m2":606,"centroid_lng":121.572248,"centroid_lat":31.234902,"parcel_area_m2":204382,"safety_clipped":false,"classification_source":"osm_tags+building_morphology+spatial_prior","synthetic_classification":true,"qc_flags":""},"geometry":{"type":"MultiPolygon","coordinates":[[[[121.56717131653063,31.230372477812278],[121.56788675463184,31.23037330367233],[121.56788672699325,31.23070672408214],[121.56717128888845,31.230705898222347],[121.56717131653063,31.230372477812278]]],[[[121.56717128888845,31.230705898222347],[121.56860213956443,31.23070752756477],[121.56860211192902,31.231040948075],[121.56717126124593,31.231039318733092],[121.56717128888845,31.230705898222347]]],[[[121.5668135326432,31.23103889743466],[121.56931749888882,31.231041729110736],[121.5693174712565,31.231375149721483],[121.5668135049985,31.231372318046308],[121.5668135326432,31.23103889743466]]],[[[121.5668135049985,31.231372318046308],[121.5693174712565,31.231375149721483],[121.56931744362382,31.2317085704331],[121.56681347735348,31.231705738758826],[121.5668135049985,31.231372318046308]]],[[[121.56645574239612,31.231705311894174],[121.56931744362382,31.231708570433096],[121.56931741599081,31.232041991245683],[121.5664557147489,31.23203873270779],[121.56645574239612,31.231705311894174]]],[[[121.5664557147489,31.23203873270779],[121.56895972571257,31.23204160353822],[121.56895969807752,31.232375024451997],[121.56645568710134,31.23237215362247],[121.5664557147489,31.23203873270779]]],[[[121.56645568710134,31.23237215362247],[121.56895969807752,31.232375024451997],[121.56895967044214,31.23270844546694],[121.56645565945344,31.232705574638313],[121.56645568710134,31.23237215362247]]],[[[121.56609791815089,31.232705142217355],[121.56895967044214,31.23270844546694],[121.56895964280642,31.23304186658314],[121.56609789050077,31.233038563334585],[121.56609791815089,31.232705142217355]]],[[[121.56609789050077,31.233038563334585],[121.56860194610942,31.23304147325602],[121.56860191847166,31.233374894473705],[121.56609786285031,31.233371984553173],[121.56609789050077,31.233038563334585]]],[[[121.56609786285031,31.233371984553173],[121.56860191847166,31.233374894473705],[121.56860189083353,31.233708315792843],[121.56609783519953,31.233705405873213],[121.56609786285031,31.233371984553173]]],[[[121.56574008756336,31.233704967905965],[121.56860189083353,31.233708315792843],[121.56860186319508,31.23404173721353],[121.56574005991033,31.234038389327683],[121.56574008756336,31.233704967905965]]],[[[121.56574005991033,31.234038389327683],[121.56824416008894,31.234041338275073],[121.5682441324484,31.234374759797536],[121.56574003225697,31.23437181085105],[121.56574005991033,31.234038389327683]]],[[[121.56538227830094,31.234371367347638],[121.5682441324484,31.234374759797536],[121.56824410480753,31.23470818142174],[121.56538225064531,31.234704788972877],[121.56538227830094,31.234371367347638]]],[[[121.56538225064531,31.234704788972877],[121.56824410480753,31.23470818142174],[121.56824407716631,31.235041603147785],[121.56538222298936,31.23503821069996],[121.56538225064531,31.234704788972877]]],[[[121.56502446272566,31.23503776167088],[121.56788636766089,31.23504119860656],[121.56788634001758,31.23537462043467],[121.56502443506741,31.23537118350003],[121.56502446272566,31.23503776167088]]],[[[121.56502443506741,31.235371183500025],[121.56788634001758,31.235374620434666],[121.56788631237393,31.235708042364806],[121.56502440740883,31.235704605431202],[121.56502443506741,31.235371183500025]]],[[[121.56502440740883,31.235704605431202],[121.56752859648115,31.23570763222949],[121.56752856883537,31.236041054261886],[121.56502437974991,31.23603802746451],[121.56502440740883,31.235704605431202]]],[[[121.56466661318903,31.23603757292064],[121.56752856883537,31.236041054261886],[121.56752854118926,31.23637447639651],[121.5646665855278,31.2363709950563],[121.56466661318903,31.23603757292064]]],[[[121.5646665855278,31.2363709950563],[121.56752854118926,31.23637447639651],[121.56752851354281,31.236707898633448],[121.56466655786625,31.23670441729428],[121.5646665855278,31.2363709950563]]],[[[121.56466655786625,31.23670441729428],[121.56752851354281,31.236707898633448],[121.56752848589602,31.237041320972807],[121.56466653020433,31.237037839634677],[121.56466655786625,31.23670441729428]]],[[[121.56430875735894,31.237037379586997],[121.56717076362277,31.23704090525271],[121.56717073597383,31.237374327694706],[121.56430872969472,31.237370802030036],[121.56430875735894,31.237037379586997]]],[[[121.5646665025421,31.237371262077588],[121.56681300733628,31.237373906398734],[121.56681297968517,31.23770732894347],[121.56466647487953,31.237704684623104],[121.5646665025421,31.237371262077588]]],[[[121.56538200172949,31.23770558819435],[121.56681297968517,31.23770732894347],[121.56681295203371,31.238040751590905],[121.56538197407049,31.238039010842304],[121.56538200172949,31.23770558819435]]],[[[121.56609747570852,31.23803989230984],[121.56681295203371,31.238040751590905],[121.56681292438194,31.23837417434114],[121.566097448053,31.238373315060333],[121.56609747570852,31.23803989230984]]],[[[121.56645518938747,31.238373747479084],[121.56681292438194,31.23837417434114],[121.56681289672981,31.238707597194267],[121.5664551617335,31.23870717033234],[121.56645518938747,31.238373747479084]]]]}},{"type":"Feature","properties":{"parcel_id":"zhangjiang:parcel:0039","geometry_method":"road_barrier_raster_plus_buildings","functional_type":"residential","dominant_type":"residential","confidence":1,"building_count":1,"avg_building_area_m2":606,"centroid_lng":121.586491,"centroid_lat":31.235823,"parcel_area_m2":63948,"safety_clipped":false,"classification_source":"osm_tags+building_morphology+spatial_prior","synthetic_classification":true,"qc_flags":""},"geometry":{"type":"MultiPolygon","coordinates":[[[[121.57932988858589,31.23471790938167],[121.58040237290619,31.23471855874827],[121.58040234531148,31.23505198047012],[121.57932986098815,31.235051331103875],[121.57932988858589,31.23471790938167]]],[[[121.57897235306969,31.235051103138897],[121.58147477047255,31.23505257803207],[121.58147474288033,31.235385999855506],[121.57897232547056,31.23538452496316],[121.57897235306969,31.235051103138897]]],[[[121.57897232547056,31.235384524963155],[121.58254710888306,31.235386545615096],[121.58254708129313,31.23571996754021],[121.57897229787109,31.23571794688945],[121.57897232547056,31.235384524963155]]],[[[121.57861478338056,31.235717713171653],[121.58254708129313,31.23571996754021],[121.58254705370285,31.236053389567452],[121.57861475577967,31.236051135200196],[121.57861478338056,31.235717713171653]]],[[[121.57861475577967,31.236051135200196],[121.58218960493933,31.23605321340263],[121.58218957734788,31.236386635532213],[121.57861472817844,31.23638455733096],[121.57861475577967,31.236051135200196]]],[[[121.58004474672387,31.236385457678466],[121.58218957734788,31.236386635532213],[121.5821895497561,31.236720057764117],[121.58004471912649,31.236718879911077],[121.58004474672387,31.236385457678466]]],[[[121.58075968896541,31.236719295553396],[121.5821895497561,31.236720057764117],[121.58218952216396,31.237053480098435],[121.58075966136965,31.237052717888183],[121.58075968896541,31.236719295553396]]]]}},{"type":"Feature","properties":{"parcel_id":"zhangjiang:parcel:0040","geometry_method":"road_barrier_raster_plus_buildings","functional_type":"mixed","dominant_type":"office","confidence":0.53,"building_count":2,"avg_building_area_m2":606,"centroid_lng":121.564202,"centroid_lat":31.236059,"parcel_area_m2":211905,"safety_clipped":false,"classification_source":"osm_tags+building_morphology+spatial_prior","synthetic_classification":true,"qc_flags":"low_confidence"},"geometry":{"type":"MultiPolygon","coordinates":[[[[121.555004591287,31.236023261234195],[121.55572044680372,31.236024453159256],[121.55572041908628,31.236357875298285],[121.55500456356451,31.2363566833735],[121.555004591287,31.236023261234195]]],[[[121.55500456356451,31.2363566833735],[121.55643625113127,31.23635904660992],[121.5564362234185,31.236692468850993],[121.55500453584168,31.236690105615125],[121.55500456356451,31.2363566833735]]],[[[121.55500453584168,31.236690105615125],[121.557152031836,31.236693619415732],[121.55715200412777,31.237027041758946],[121.5550045081185,31.237023527959167],[121.55500453584168,31.236690105615125]]],[[[121.5550045081185,31.237023527959167],[121.55786778876616,31.23702817144693],[121.55786776106241,31.23736159389238],[121.555004480395,31.237356950405722],[121.5550045081185,31.237023527959167]]],[[[121.555004480395,31.237356950405722],[121.55822564441883,31.237362150867966],[121.55822561671712,31.23769557341589],[121.55500445267114,31.23769037295488],[121.555004480395,31.237356950405722]]],[[[121.55500445267114,31.23769037295488],[121.55929923071733,31.237697212684637],[121.55929920302229,31.238030635334855],[121.55500442494696,31.238023795606743],[121.55500445267114,31.23769037295488]]],[[[121.55500442494696,31.238023795606743],[121.5596570622744,31.23803117115518],[121.55965703458132,31.23836459390806],[121.55500439722243,31.238357218361404],[121.55500442494696,31.238023795606743]]],[[[121.55500439722243,31.238357218361404],[121.55965703458132,31.23836459390806],[121.55965700688789,31.238698016763834],[121.55500436949757,31.238690641218962],[121.55500439722243,31.238357218361404]]],[[[121.55500436949757,31.23869064121896],[121.55965700688789,31.23869801676383],[121.55965697919413,31.239031439722595],[121.55500434177236,31.2390240641795],[121.55500436949757,31.23869064121896]]],[[[121.55500434177236,31.2390240641795],[121.56001483238279,31.239031970216907],[121.56001480469097,31.239365393278618],[121.55500431404681,31.23935748724313],[121.55500434177236,31.2390240641795]]],[[[121.55500431404681,31.23935748724313],[121.56001480469097,31.239365393278618],[121.5600147769988,31.23969881644351],[121.55500428632094,31.239690910409934],[121.55500431404681,31.23935748724313]]],[[[121.55500428632094,31.239690910409934],[121.5600147769988,31.23969881644351],[121.56001474930629,31.240032239711674],[121.55500425859472,31.240024333680015],[121.55500428632094,31.239690910409934]]],[[[121.55572011417223,31.24002552560175],[121.55965689611082,31.24003170921777],[121.55965686841571,31.24036513258944],[121.55572008645073,31.240358948974926],[121.55572011417223,31.24002552560175]]],[[[121.55607800544767,31.240359537214157],[121.55965686841571,31.24036513258944],[121.55965684072027,31.240698556064572],[121.55607797772835,31.240692960690655],[121.55607800544767,31.240359537214157]]],[[[121.55643589083869,31.240693543759615],[121.55929898144981,31.24069802024533],[121.55929895375174,31.241031443824156],[121.55643586312151,31.241026967339533],[121.55643589083869,31.240693543759615]]],[[[121.55643586312151,31.241026967339533],[121.55929895375174,31.241031443824156],[121.55929892605332,31.241364867506633],[121.55643583540399,31.241360391023104],[121.55643586312151,31.241026967339533]]],[[[121.55679374261081,31.241360968905077],[121.55894106072475,31.24136432637657],[121.55894103302367,31.241697750162928],[121.5567937148954,31.241694392692256],[121.55679374261081,31.241360968905077]]],[[[121.55750951151249,31.241695532830647],[121.55858316165643,31.241697203736653],[121.55858313395268,31.24203062762699],[121.55750948380161,31.242028956721395],[121.55750951151249,31.241695532830647]]],[[[121.55822525656417,31.242030075919477],[121.55858313395268,31.24203062762699],[121.5585831062486,31.242364051621262],[121.55822522885774,31.24236349991389],[121.55822525656417,31.242030075919477]]]]}},{"type":"Feature","properties":{"parcel_id":"zhangjiang:parcel:0041","geometry_method":"road_barrier_raster_plus_buildings","functional_type":"mixed","dominant_type":"residential","confidence":0.54,"building_count":2,"avg_building_area_m2":606,"centroid_lng":121.615033,"centroid_lat":31.23873,"parcel_area_m2":211905,"safety_clipped":false,"classification_source":"osm_tags+building_morphology+spatial_prior","synthetic_classification":true,"qc_flags":"low_confidence"},"geometry":{"type":"MultiPolygon","coordinates":[[[[121.61183614955094,31.23604882612795],[121.6121930838768,31.23604855152169],[121.6121930562787,31.23638197364249],[121.6118361219538,31.23638224824884],[121.61183614955094,31.23604882612795]]],[[[121.61040832916915,31.236383297967684],[121.6121930562787,31.23638197364249],[121.61219302868025,31.23671539586561],[121.61040830157529,31.23671672019127],[121.61040832916915,31.236383297967684]]],[[[121.60933739809023,31.23671745578742],[121.61219302868025,31.23671539586561],[121.61219300108148,31.237048818191145],[121.60933737049857,31.237050878113706],[121.60933739809023,31.23671745578742]]],[[[121.60898039133312,31.237051113363638],[121.61219300108148,31.237048818191145],[121.61219297348238,31.23738224061919],[121.6089803637419,31.237384535792533],[121.60898039133312,31.237051113363638]]],[[[121.60933734290657,31.237384300542505],[121.61219297348238,31.23738224061919],[121.61219294588292,31.237715663149846],[121.60933731531422,31.237717723073914],[121.60933734290657,31.237384300542505]]],[[[121.60933731531422,31.237717723073914],[121.61219294588292,31.237715663149846],[121.61219291828314,31.238049085783203],[121.60933728772156,31.238051145708024],[121.60933731531422,31.237717723073914]]],[[[121.60933728772156,31.238051145708024],[121.61219291828314,31.238049085783203],[121.61219289068302,31.238382508519358],[121.60933726012854,31.23838456844493],[121.60933728772156,31.238051145708024]]],[[[121.60933726012854,31.23838456844493],[121.61219289068302,31.238382508519358],[121.61219286308257,31.238715931358406],[121.6093372325352,31.23871799128473],[121.60933726012854,31.23838456844493]]],[[[121.6093372325352,31.238717991284727],[121.61219286308257,31.238715931358403],[121.61219283548176,31.239049354300437],[121.60933720494151,31.239051414227518],[121.6093372325352,31.238717991284727]]],[[[121.60933720494151,31.239051414227518],[121.61219283548176,31.239049354300437],[121.61219280788063,31.23938277734556],[121.6093371773475,31.23938483727339],[121.60933720494151,31.239051414227518]]],[[[121.6093371773475,31.23938483727339],[121.61219280788063,31.23938277734556],[121.61219278027917,31.23971620049386],[121.60933714975315,31.239718260422443],[121.6093371773475,31.23938483727339]]],[[[121.60933714975315,31.239718260422443],[121.61219278027917,31.23971620049386],[121.61219275267737,31.240049623745435],[121.60933712215845,31.24005168367477],[121.60933714975315,31.239718260422443]]],[[[121.60933712215845,31.24005168367477],[121.61219275267737,31.240049623745435],[121.61219272507523,31.240383047100377],[121.60933709456341,31.240385107030466],[121.60933712215845,31.24005168367477]]],[[[121.60933709456341,31.240385107030466],[121.61219272507523,31.240383047100377],[121.61219269747275,31.240716470558784],[121.60933706696805,31.240718530489623],[121.60933709456341,31.240385107030466]]],[[[121.60933706696805,31.240718530489623],[121.61219269747275,31.240716470558784],[121.61219266986994,31.241049894120746],[121.60933703937235,31.24105195405234],[121.60933706696805,31.240718530489623]]],[[[121.60933703937235,31.24105195405234],[121.61219266986994,31.241049894120746],[121.61219264226679,31.241383317786365],[121.6093370117763,31.24138537771871],[121.60933703937235,31.24105195405234]]],[[[121.6093370117763,31.24138537771871],[121.61219264226679,31.241383317786365],[121.6121926146633,31.241716741555727],[121.60933698417993,31.241718801488826],[121.6093370117763,31.24138537771871]]],[[[121.60898000502569,31.24171903674009],[121.61254954347083,31.241716462117544],[121.61254951586604,31.242049885990657],[121.60897997742977,31.242052460614143],[121.60898000502569,31.24171903674009]]],[[[121.60897997742977,31.242052460614143],[121.61290643919432,31.242049601742547],[121.61290641158818,31.2423830257195],[121.60897994983353,31.24238588459213],[121.60897997742977,31.242052460614143]]],[[[121.60933692898618,31.242385649340676],[121.61290641158818,31.242383025719498],[121.61290638398172,31.242716449800483],[121.60933690138879,31.2427190734226],[121.60933692898618,31.242385649340676]]],[[[121.61040780482851,31.242718337821337],[121.61290638398172,31.242716449800483],[121.6129063563749,31.24304987398559],[121.61040777722827,31.2430517620071],[121.61040780482851,31.242718337821337]]],[[[121.61112168472835,31.243051246925123],[121.61254943304961,31.243050158233977],[121.61254940544346,31.243383582523396],[121.61112165712599,31.243384671214915],[121.61112168472835,31.243051246925123]]]]}},{"type":"Feature","properties":{"parcel_id":"zhangjiang:parcel:0042","geometry_method":"road_barrier_raster_plus_buildings","functional_type":"office","dominant_type":"office","confidence":0.89,"building_count":1,"avg_building_area_m2":606,"centroid_lng":121.64632,"centroid_lat":31.242096,"parcel_area_m2":1025672,"safety_clipped":false,"classification_source":"osm_tags+building_morphology+spatial_prior","synthetic_classification":true,"qc_flags":""},"geometry":{"type":"MultiPolygon","coordinates":[[[[121.64073239270454,31.236012990276492],[121.64287185151402,31.2360094474428],[121.6428718237718,31.23634286955639],[121.6407323649756,31.236346412390542],[121.64073239270454,31.236012990276492]]],[[[121.6407323649756,31.236346412390542],[121.64572428382806,31.236338010013903],[121.64572425606727,31.2366714322292],[121.64073233724635,31.23667983460691],[121.6407323649756,31.236346412390542]]],[[[121.64073233724635,31.23667983460691],[121.64679388755087,31.236669573049426],[121.64679385978275,31.237002995366918],[121.64073230951675,31.237013256925696],[121.64073233724635,31.23667983460691]]],[[[121.64073230951675,31.237013256925696],[121.64822000304524,31.237000487581813],[121.64821997526735,31.237333910001517],[121.64073228178681,31.23734667934699],[121.64073230951675,31.237013256925696]]],[[[121.64073228178681,31.23734667934699],[121.64893303388267,31.23733264435247],[121.64893300609967,31.23766606687463],[121.64073225405654,31.237680101870897],[121.64073228178681,31.23734667934699]]],[[[121.64073225405654,31.237680101870897],[121.65000257865697,31.23766415448524],[121.65000255086643,31.237997577109883],[121.64073222632592,31.238013524497504],[121.64073225405654,31.237680101870897]]],[[[121.64073222632592,31.238013524497504],[121.65071558946606,31.237996293312833],[121.65071556167037,31.238329716040123],[121.64073219859497,31.23834694722691],[121.64073222632592,31.238013524497504]]],[[[121.64073219859497,31.23834694722691],[121.6517851057244,31.238327777738107],[121.65178507792106,31.23866120056807],[121.64073217086369,31.238680370059207],[121.64073219859497,31.23834694722691]]],[[[121.64073217086369,31.238680370059203],[121.65249809853599,31.238659900372244],[121.65249807072742,31.23899332330505],[121.64073214313206,31.23901379299449],[121.64073217086369,31.238680370059203]]],[[[121.64073214313206,31.23901379299449],[121.65392409242281,31.23899070499642],[121.65392406460406,31.239324128032017],[121.64073211540008,31.23934721603286],[121.64073214313206,31.23901379299449]]],[[[121.64073211540008,31.23934721603286],[121.65392406460406,31.239324128032017],[121.65392403678494,31.23965755117079],[121.64073208766779,31.239680639174413],[121.64073211540008,31.23934721603286]]],[[[121.64073208766779,31.239680639174413],[121.65392403678494,31.23965755117079],[121.6539240089655,31.239990974412837],[121.64073205993513,31.240014062419238],[121.64073208766779,31.239680639174413]]],[[[121.64073205993513,31.240014062419238],[121.6539240089655,31.239990974412837],[121.65392398114571,31.240324397758254],[121.64073203220215,31.24034748576743],[121.64073205993513,31.240014062419238]]],[[[121.64073203220215,31.24034748576743],[121.65392398114571,31.240324397758254],[121.65392395332559,31.240657821207133],[121.64073200446883,31.240680909219087],[121.64073203220215,31.24034748576743]]],[[[121.64073200446883,31.240680909219087],[121.65392395332559,31.240657821207133],[121.65392392550513,31.24099124475957],[121.64073197673517,31.2410143327743],[121.64073200446883,31.240680909219087]]],[[[121.64073197673517,31.2410143327743],[121.65392392550513,31.24099124475957],[121.65392389768432,31.24132466841566],[121.64073194900116,31.241347756433168],[121.64073197673517,31.2410143327743]]],[[[121.64073194900116,31.241347756433168],[121.65392389768432,31.24132466841566],[121.65392386986318,31.2416580921755],[121.64073192126683,31.24168118019578],[121.64073194900116,31.241347756433168]]],[[[121.64073192126683,31.24168118019578],[121.65392386986318,31.2416580921755],[121.65392384204169,31.241991516039175],[121.64073189353215,31.242014604062238],[121.64073192126683,31.24168118019578]]],[[[121.64073189353215,31.242014604062238],[121.65392384204169,31.241991516039175],[121.65392381421987,31.24232494000679],[121.64073186579714,31.242348028032627],[121.64073189353215,31.242014604062238]]],[[[121.64073186579714,31.242348028032623],[121.65392381421987,31.242324940006785],[121.6539237863977,31.24265836407843],[121.64073183806178,31.242681452107043],[121.64073186579714,31.242348028032623]]],[[[121.64073183806178,31.242681452107043],[121.6539237863977,31.24265836407843],[121.65392375857519,31.242991788254198],[121.64073181032609,31.24301487628559],[121.64073183806178,31.242681452107043]]],[[[121.64073181032609,31.24301487628559],[121.65392375857519,31.242991788254198],[121.65392373075234,31.24332521253418],[121.64073178259005,31.24334830056835],[121.64073181032609,31.24301487628559]]],[[[121.64073178259005,31.24334830056835],[121.65392373075234,31.24332521253418],[121.65392370292916,31.24365863691848],[121.64073175485369,31.243681724955422],[121.64073178259005,31.24334830056835]]],[[[121.64501057341415,31.243674551184174],[121.65392370292916,31.24365863691848],[121.65392367510563,31.24399206140718],[121.64501054565052,31.244007975674734],[121.64501057341415,31.243674551184174]]],[[[121.64643673515234,31.24400550970915],[121.65392367510563,31.24399206140718],[121.65392364728176,31.24432548600038],[121.64643670737908,31.24433893430391],[121.64643673515234,31.24400550970915]]],[[[121.64786285940271,31.244336434602783],[121.65392364728176,31.24432548600038],[121.65392361945756,31.244658910698174],[121.64786283161972,31.244669859301833],[121.64786285940271,31.244336434602783]]],[[[121.64928894872136,31.244667328066534],[121.65392361945756,31.244658910698174],[121.653923591633,31.24499233550065],[121.64928892092851,31.245000752869974],[121.64928894872136,31.244667328066534]]],[[[121.65107152212559,31.244997547863246],[121.653923591633,31.24499233550065],[121.65392356380812,31.24532576040791],[121.65107149432033,31.245330972771093],[121.65107152212559,31.244997547863246]]],[[[121.6521410328893,31.245329029597464],[121.65499306414931,31.245323782110603],[121.65499303631664,31.245657207122512],[121.65214100507639,31.245662454609963],[121.6521410328893,31.245329029597464]]],[[[121.65285402223842,31.245661151342485],[121.65499303631664,31.245657207122512],[121.65499300848361,31.245990632239387],[121.65285399442025,31.2459945764598],[121.65285402223842,31.245661151342485]]],[[[121.65392350815732,31.24599261053713],[121.65499300848361,31.245990632239383],[121.65499298065026,31.24632405746132],[121.65392348033141,31.246326035759285],[121.65392350815732,31.24599261053713]]]]}},{"type":"Feature","properties":{"parcel_id":"zhangjiang:parcel:0043","geometry_method":"road_barrier_raster_plus_buildings","functional_type":"residential","dominant_type":"residential","confidence":0.81,"building_count":1,"avg_building_area_m2":606,"centroid_lng":121.599039,"centroid_lat":31.241723,"parcel_area_m2":67709,"safety_clipped":false,"classification_source":"osm_tags+building_morphology+spatial_prior","synthetic_classification":true,"qc_flags":""},"geometry":{"type":"MultiPolygon","coordinates":[[[[121.59255271535146,31.239056799827097],[121.5929099752134,31.239056810581474],[121.59290994763444,31.23939023363201],[121.59255268777231,31.23939022287774],[121.59255271535146,31.239056799827097]]],[[[121.59255268777231,31.23939022287774],[121.59290994763444,31.23939023363201],[121.59290992005512,31.239723656785728],[121.59255266019281,31.239723646031564],[121.59255268777231,31.23939022287774]]],[[[121.59219539390935,31.23972362965423],[121.59290992005512,31.239723656785728],[121.59290989247549,31.240057080042718],[121.5921953663293,31.240057052911435],[121.59219539390935,31.23972362965423]]],[[[121.5921953663293,31.240057052911435],[121.59326714592632,31.24005708518179],[121.59326711834649,31.24039050854204],[121.59219533874892,31.240390476272008],[121.5921953663293,31.240057052911435]]],[[[121.59219533874892,31.240390476272008],[121.59326711834649,31.24039050854204],[121.59326709076635,31.240723932005753],[121.59219531116821,31.240723899736047],[121.59219533874892,31.240390476272008]]],[[[121.59183803845372,31.240723877727916],[121.59326709076635,31.240723932005753],[121.59326706318585,31.241057355573027],[121.59183801087244,31.24105730129562],[121.59183803845372,31.240723877727916]]],[[[121.59183801087244,31.24105730129562],[121.59362431023517,31.241057355105227],[121.59362428265449,31.241390778776044],[121.59183798329083,31.241390724966976],[121.59183801087244,31.24105730129562]]],[[[121.59148070413652,31.241390697320234],[121.59362428265449,31.241390778776044],[121.59362425507346,31.241724202550607],[121.5914806765543,31.241724121095448],[121.59148070413652,31.241390697320234]]],[[[121.59112339095174,31.241724087802524],[121.59398149573106,31.24172419648471],[121.59398146814982,31.24205762036301],[121.59112336336892,31.242057511681686],[121.59112339095174,31.241724087802524]]],[[[121.59112336336892,31.242057511681686],[121.59398146814982,31.24205762036301],[121.59398144056824,31.242391044345244],[121.59112333578575,31.242390935664787],[121.59112336336892,31.242057511681686]]],[[[121.59183790054396,31.242390996603906],[121.59398144056824,31.24239104434524],[121.59398141298634,31.242724468431504],[121.591837872961,31.242724420690813],[121.59183790054396,31.242390996603906]]],[[[121.59219514567688,31.242724442698293],[121.59362417232839,31.24272447449772],[121.59362414474603,31.243057898688214],[121.59219511809381,31.24305786688922],[121.59219514567688,31.242724442698293]]],[[[121.59255238437937,31.24305788326547],[121.59326689769586,31.24305789915666],[121.59326687011301,31.24339132345148],[121.59255235679618,31.243391307560508],[121.59255238437937,31.24305788326547]]],[[[121.59290961666055,31.24339131831348],[121.59326687011301,31.24339132345148],[121.59326684252983,31.24372474785061],[121.5929095890772,31.243724742712722],[121.59290961666055,31.24339131831348]]]]}},{"type":"Feature","properties":{"parcel_id":"zhangjiang:parcel:0044","geometry_method":"road_barrier_raster_plus_buildings","functional_type":"commercial","dominant_type":"commercial","confidence":0.86,"building_count":1,"avg_building_area_m2":606,"centroid_lng":121.60839,"centroid_lat":31.239578,"parcel_area_m2":224444,"safety_clipped":false,"classification_source":"osm_tags+building_morphology+spatial_prior","synthetic_classification":true,"qc_flags":""},"geometry":{"type":"MultiPolygon","coordinates":[[[[121.59862513041942,31.240723341592247],[121.59933942896808,31.24072316936866],[121.59933940138697,31.241056592934147],[121.59862510283871,31.241056765157936],[121.59862513041942,31.240723341592247]]],[[[121.5982679442379,31.241056843098622],[121.60041080279235,31.241056293929084],[121.60041077521014,31.241389717597915],[121.59826791665702,31.241390266768068],[121.5982679442379,31.241056843098622]]],[[[121.59826791665702,31.241390266768068],[121.60148212127473,31.241389370100443],[121.60148209369122,31.241722793872718],[121.59826788907581,31.241723690541264],[121.59826791665702,31.241390266768068]]],[[[121.59826788907581,31.241723690541264],[121.60255338484015,31.241722398249888],[121.60255335725513,31.242055822125703],[121.59826786149426,31.242057114418298],[121.59826788907581,31.241723690541264]]],[[[121.59791069665752,31.242057186895767],[121.60326752106522,31.242055531830413],[121.603267493479,31.24238895580996],[121.59791066907579,31.242390610876843],[121.59791069665752,31.242057186895767]]],[[[121.5975534979891,31.24239067787914],[121.60362456634824,31.242388802742436],[121.60362453876121,31.242722226825915],[121.59755347040715,31.24272410196435],[121.5975534979891,31.24239067787914]]],[[[121.59719629305717,31.242724163479966],[121.60362453876121,31.242722226825915],[121.60362451117383,31.243055651013517],[121.59719626547499,31.2430575876694],[121.59719629305717,31.242724163479966]]],[[[121.59755344282487,31.24305752615368],[121.60362451117383,31.243055651013517],[121.60362448358613,31.243389075305334],[121.59755341524226,31.24339095044723],[121.59755344282487,31.24305752615368]]],[[[121.59755341524226,31.24339095044723],[121.6032674107183,31.243389228373154],[121.60326738313073,31.243722652769385],[121.5975533876593,31.24372437484509],[121.59755341524226,31.24339095044723]]],[[[121.5975533876593,31.24372437484509],[121.60326738313073,31.243722652769385],[121.60326735554281,31.244056077270024],[121.597553360076,31.244057799347356],[121.5975533876593,31.24372437484509]]],[[[121.59791053116206,31.244057732344533],[121.60326735554281,31.244056077270024],[121.60326732795457,31.24438950187516],[121.5979105035783,31.244391156951195],[121.59791053116206,31.244057732344533]]],[[[121.5979105035783,31.244391156951195],[121.60291024907023,31.24438964966841],[121.6029102214821,31.24472307437824],[121.59791047599421,31.24472458166245],[121.5979105035783,31.244391156951195]]],[[[121.59826764082979,31.24472450918415],[121.6029102214821,31.24472307437824],[121.60291019389363,31.24505649919275],[121.59826761324521,31.245057933999984],[121.59826764082979,31.24472450918415]]],[[[121.60041047178353,31.24505738482305],[121.60291019389363,31.24505649919275],[121.60291016630482,31.24538992411204],[121.60041044419728,31.24539080974305],[121.60041047178353,31.24505738482305]]],[[[121.60183889337596,31.24539033569511],[121.60255308138653,31.245390066615776],[121.60255305379782,31.245723491640042],[121.60183886578804,31.245723760719574],[121.60183889337596,31.24539033569511]]]]}},{"type":"Feature","properties":{"parcel_id":"zhangjiang:parcel:0045","geometry_method":"road_barrier_raster_plus_buildings","functional_type":"residential","dominant_type":"residential","confidence":0.81,"building_count":1,"avg_building_area_m2":606,"centroid_lng":121.621997,"centroid_lat":31.238894,"parcel_area_m2":137926,"safety_clipped":false,"classification_source":"osm_tags+building_morphology+spatial_prior","synthetic_classification":true,"qc_flags":""},"geometry":{"type":"MultiPolygon","coordinates":[[[[121.61397723176863,31.241381872705695],[121.61683229651548,31.241379315989874],[121.61683226889782,31.24171273975805],[121.61397720416007,31.2417152964746],[121.61397723176863,31.241381872705695]]],[[[121.61397720416007,31.2417152964746],[121.62004382164565,31.241709516181277],[121.62004379401601,31.242042940052492],[121.61397717655117,31.24204872034734],[121.61397720416007,31.2417152964746]]],[[[121.61397717655117,31.24204872034734],[121.62004379401601,31.242042940052492],[121.62004376638606,31.242376364027646],[121.61397714894193,31.24238214432402],[121.61397717655117,31.24204872034734]]],[[[121.61397714894193,31.242382144324015],[121.62004376638606,31.242376364027642],[121.62004373875575,31.242709788106822],[121.61397712133235,31.242715568404723],[121.61397714894193,31.242382144324015]]],[[[121.61397712133235,31.242715568404723],[121.62004373875575,31.242709788106822],[121.62004371112512,31.24304321229013],[121.61397709372245,31.243048992589554],[121.61397712133235,31.242715568404723]]],[[[121.61397709372245,31.243048992589554],[121.62004371112512,31.24304321229013],[121.62004368349415,31.24337663657765],[121.6139770661122,31.243382416878603],[121.61397709372245,31.243048992589554]]],[[[121.6139770661122,31.243382416878603],[121.62004368349415,31.24337663657765],[121.62004365586283,31.243710060969484],[121.61397703850162,31.243715841271964],[121.6139770661122,31.243382416878603]]]]}},{"type":"Feature","properties":{"parcel_id":"zhangjiang:parcel:0046","geometry_method":"road_barrier_raster_plus_buildings","functional_type":"residential","dominant_type":"residential","confidence":0.81,"building_count":1,"avg_building_area_m2":606,"centroid_lng":121.576531,"centroid_lat":31.242861,"parcel_area_m2":27585,"safety_clipped":false,"classification_source":"osm_tags+building_morphology+spatial_prior","synthetic_classification":true,"qc_flags":""},"geometry":{"type":"MultiPolygon","coordinates":[[[[121.57038950869658,31.243379488947493],[121.57110483141183,31.243380213578924],[121.57110480377517,31.243713637985294],[121.57038948105672,31.243712913354116],[121.57038950869658,31.243379488947493]]],[[[121.57003181001768,31.24371254255868],[121.57182010062681,31.24371433995747],[121.57182007299292,31.244047764467993],[121.57003178237586,31.244045967069834],[121.57003181001768,31.24371254255868]]],[[[121.57003178237586,31.244045967069834],[121.57182007299292,31.244047764467993],[121.57182004535869,31.244381189083015],[121.57003175473369,31.244379391685488],[121.57003178237586,31.244045967069834]]],[[[121.56967407724949,31.244379015246786],[121.57182004535869,31.244381189083015],[121.57182001772412,31.244714613802632],[121.56967404960534,31.244712439967156],[121.56967407724949,31.244379015246786]]],[[[121.57003172709119,31.244712816405734],[121.57146237253092,31.24471426565263],[121.57146234489447,31.245047690477055],[121.57003169944836,31.245046241230664],[121.57003172709119,31.244712816405734]]]]}},{"type":"Feature","properties":{"parcel_id":"zhangjiang:parcel:0047","geometry_method":"road_barrier_raster_plus_buildings","functional_type":"residential","dominant_type":"residential","confidence":1,"building_count":1,"avg_building_area_m2":606,"centroid_lng":121.565129,"centroid_lat":31.245683,"parcel_area_m2":26331,"safety_clipped":false,"classification_source":"osm_tags+building_morphology+spatial_prior","synthetic_classification":true,"qc_flags":""},"geometry":{"type":"MultiPolygon","coordinates":[[[[121.5596564806486,31.24503307069938],[121.56001433387814,31.245033601191263],[121.56001430618024,31.245367026124637],[121.55965645294842,31.245366495632894],[121.5596564806486,31.24503307069938]]],[[[121.55894072828953,31.245365418687104],[121.56037215332465,31.245367551276498],[121.56037212562865,31.24570097631461],[121.55894070058439,31.24569884372576],[121.55894072828953,31.245365418687104]]],[[[121.55858282918912,31.24569829730111],[121.56072996667149,31.2457014961124],[121.56072993897737,31.246034921255344],[121.55858280148132,31.246031722444865],[121.55858282918912,31.24569829730111]]],[[[121.55929853823989,31.24603280999754],[121.56108777390253,31.246035435685243],[121.56108774621028,31.246368860933114],[121.5592985105364,31.246366235246082],[121.55929853823989,31.24603280999754]]],[[[121.55965636984583,31.246366771063027],[121.56108774621028,31.246368860933114],[121.5610877185177,31.246702286286133],[121.55965634214428,31.246700196416583],[121.55965636984583,31.246366771063027]]],[[[121.5603720425386,31.24670125205911],[121.56072988358814,31.246701771856497],[121.56072985589302,31.247035197314894],[121.56037201484125,31.247034677517643],[121.5603720425386,31.24670125205911]]]]}},{"type":"Feature","properties":{"parcel_id":"zhangjiang:parcel:0048","geometry_method":"road_barrier_raster_plus_buildings","functional_type":"residential","dominant_type":"residential","confidence":0.81,"building_count":1,"avg_building_area_m2":606,"centroid_lng":121.590118,"centroid_lat":31.243612,"parcel_area_m2":51409,"safety_clipped":false,"classification_source":"osm_tags+building_morphology+spatial_prior","synthetic_classification":true,"qc_flags":""},"geometry":{"type":"MultiPolygon","coordinates":[[[[121.58576291426616,31.246724275688916],[121.5861202974416,31.246724394404993],[121.58612026984746,31.247057819854586],[121.5857628866714,31.247057701138623],[121.58576291426616,31.246724275688916]]],[[[121.58540549694742,31.24705757669007],[121.58683501657238,31.24705804010321],[121.58683498897908,31.247391465657913],[121.58540546935167,31.247391002245227],[121.58540549694742,31.24705757669007]]],[[[121.58469067024369,31.247390736137607],[121.58719235253754,31.247391567198303],[121.58719232494445,31.247724992858323],[121.58469064264627,31.247724161798423],[121.58469067024369,31.247390736137607]]],[[[121.58469064264627,31.247724161798423],[121.58790703247791,31.247725178792734],[121.58790700488552,31.24805860455805],[121.58469061504849,31.24805758756476],[121.58469064264627,31.247724161798423]]],[[[121.58540541415918,31.248057853671924],[121.58826434887119,31.248058688961393],[121.58826432127894,31.248392114832214],[121.58540538656244,31.248391279543643],[121.58540541415918,31.248057853671924]]],[[[121.58612015946753,31.248391522707248],[121.58826432127894,31.248392114832214],[121.58826429368636,31.24872554080874],[121.58612013187171,31.24872494868445],[121.58612015946753,31.248391522707248]]],[[[121.5864775085069,31.24872506167081],[121.58790694969973,31.24872545640562],[121.58790692210633,31.249058882488054],[121.58647748091134,31.249058487753697],[121.5864775085069,31.24872506167081]]],[[[121.58719221456872,31.249058696554542],[121.58790692210633,31.249058882488054],[121.58790689451259,31.24939230867638],[121.58719218697395,31.249392122743092],[121.58719221456872,31.249058696554542]]]]}},{"type":"Feature","properties":{"parcel_id":"zhangjiang:parcel:0049","geometry_method":"road_barrier_raster_plus_buildings","functional_type":"residential","dominant_type":"residential","confidence":1,"building_count":1,"avg_building_area_m2":606,"centroid_lng":121.568978,"centroid_lat":31.248249,"parcel_area_m2":188082,"safety_clipped":false,"classification_source":"osm_tags+building_morphology+spatial_prior","synthetic_classification":true,"qc_flags":""},"geometry":{"type":"MultiPolygon","coordinates":[[[[121.55750906809777,31.24703032760739],[121.55786695750663,31.247030889829748],[121.55786692979274,31.247364315394563],[121.55750904038148,31.247363753172344],[121.55750906809777,31.24703032760739]]],[[[121.55750904038148,31.247363753172344],[121.55822481322048,31.24736487236606],[121.55822478550861,31.24769829803617],[121.55750901266484,31.247697178842728],[121.55750904038148,31.247363753172344]]],[[[121.55715111728593,31.247696611385585],[121.55894053434648,31.2476993961652],[121.55894050663896,31.24803282194056],[121.55715108956652,31.248030037161627],[121.55715111728593,31.247696611385585]]],[[[121.55679318823842,31.248029464485448],[121.55929837201383,31.24803336306791],[121.5592983443083,31.24836678894875],[121.55679316051624,31.248362890367243],[121.55679318823842,31.248029464485448]]],[[[121.55679316051624,31.248362890367243],[121.55965620363149,31.24836732476488],[121.55965617592791,31.248700750751293],[121.55679313279373,31.248696316354742],[121.55679316051624,31.248362890367243]]],[[[121.55643522553274,31.248695738475792],[121.56037187634938,31.2487018063922],[121.56037184865,31.24903523248414],[121.55643519780742,31.24902916456923],[121.55643522553274,31.248695738475792]]],[[[121.55643519780742,31.24902916456923],[121.56108752466015,31.24903626670928],[121.56108749696486,31.24936969290684],[121.55643517008177,31.249362590768555],[121.55643519780742,31.24902916456923]]],[[[121.55679307734768,31.24936316864723],[121.56144532577606,31.249370201954072],[121.56144529808263,31.24970362825748],[121.55679304962415,31.2496965949524],[121.55679307734768,31.24936316864723]]],[[[121.55750884635789,31.249697735084208],[121.56216093723926,31.249704630154515],[121.56216090954979,31.250038056563728],[121.5575088186389,31.25003116149518],[121.55750884635789,31.249697735084208]]],[[[121.55786670806934,31.250031723716308],[121.56287652398315,31.25003903677804],[121.56287649629756,31.250372463293157],[121.55786668035239,31.250365150233307],[121.55786670806934,31.250031723716308]]],[[[121.55822456380155,31.250365707203574],[121.56359208589049,31.25037342172455],[121.5635920582087,31.25070684834566],[121.55822453608663,31.250699133826696],[121.55822456380155,31.250365707203574]]],[[[121.55894028496674,31.250700231953278],[121.56394984365512,31.25070731936245],[121.56394981597504,31.251040746089778],[121.55894025725618,31.25103365868248],[121.55894028496674,31.250700231953278]]],[[[121.55965598199342,31.251034735623662],[121.56359203052656,31.25104027507312],[121.5635920028441,31.25137370190702],[121.55965595428714,31.251368162459034],[121.55965598199342,31.251034735623662]]],[[[121.56001380755986,31.251368692948347],[121.5632342111542,31.251373225420668],[121.56323418346933,31.251706652361232],[121.56001377985551,31.251702119890115],[121.56001380755986,31.251368692948347]]],[[[121.5603716270427,31.251702645039416],[121.56287638555183,31.25170617041712],[121.56287635786455,31.25203959746444],[121.56037159934026,31.25203607208767],[121.5603716270427,31.251702645039416]]],[[[121.56072944042548,31.252036591882906],[121.56251855373364,31.252039110074737],[121.56251852604392,31.252372537228904],[121.56072941272492,31.25237001903774],[121.56072944042548,31.252036591882906]]],[[[121.56180289920202,31.25237154616247],[121.56251852604392,31.252372537228904],[121.56251849835385,31.252705964489877],[121.5618028715077,31.252704973423707],[121.56180289920202,31.25237154616247]]]]}},{"type":"Feature","properties":{"parcel_id":"zhangjiang:parcel:0050","geometry_method":"road_barrier_raster_plus_buildings","functional_type":"residential","dominant_type":"residential","confidence":0.81,"building_count":1,"avg_building_area_m2":606,"centroid_lng":121.58413,"centroid_lat":31.244302,"parcel_area_m2":81502,"safety_clipped":false,"classification_source":"osm_tags+building_morphology+spatial_prior","synthetic_classification":true,"qc_flags":""},"geometry":{"type":"MultiPolygon","coordinates":[[[[121.57718366574859,31.2477199789268],[121.57825626843777,31.24772073181425],[121.57825624082365,31.2480541575827],[121.57718363813102,31.24805340469561],[121.57718366574859,31.2477199789268]]],[[[121.57718363813102,31.24805340469561],[121.57897127645388,31.248054630761086],[121.57897124884161,31.24838805663491],[121.57718361051312,31.248386830570038],[121.57718363813102,31.24805340469561]]],[[[121.57718361051312,31.248386830570038],[121.5793287568024,31.248388284595116],[121.57932872919085,31.24872171057453],[121.57718358289486,31.24872025655017],[121.57718361051312,31.248386830570038]]],[[[121.5768260355389,31.24871999409787],[121.57968623058044,31.24872193278041],[121.57968620296958,31.2490553588655],[121.57682600791912,31.24905342018392],[121.5768260355389,31.24871999409787]]],[[[121.57646845400554,31.249053151990864],[121.58004369778682,31.249055575316152],[121.58004367017664,31.249389001507012],[121.5764684263842,31.24938657818293],[121.57646845400554,31.249053151990864]]],[[[121.57611086591636,31.249386304252013],[121.57932867396674,31.249388562850836],[121.57932864635418,31.24972198914792],[121.57611083829345,31.24971973055018],[121.57611086591636,31.249386304252013]]],[[[121.57575327127503,31.249719450884545],[121.57861362385322,31.249721527475412],[121.57861359623817,31.250054953878806],[121.57575324365051,31.25005287728891],[121.57575327127503,31.249719450884545]]],[[[121.57575324365051,31.25005287728891],[121.57825607513186,31.250054714414514],[121.57825604751538,31.250388140924194],[121.57575321602565,31.250386303799438],[121.57575324365051,31.25005287728891]]],[[[121.57611078304659,31.250386583464824],[121.57789851984064,31.250387895710038],[121.5778984922227,31.250721322326097],[121.57611075542266,31.25072001008149],[121.57611078304659,31.250386583464824]]],[[[121.57611075542266,31.25072001008149],[121.5771834171783,31.25072081465594],[121.5771833895577,31.251054241378586],[121.5761107277984,31.251053436804504],[121.57611075542266,31.25072001008149]]],[[[121.57646828827245,31.251053710734812],[121.57682584219336,31.25105397892714],[121.57682581457122,31.25138740575635],[121.5764682606491,31.251387137564144],[121.57646828827245,31.251053710734812]]]]}},{"type":"Feature","properties":{"parcel_id":"zhangjiang:parcel:0051","geometry_method":"road_barrier_raster_plus_buildings","functional_type":"residential","dominant_type":"residential","confidence":1,"building_count":1,"avg_building_area_m2":606,"centroid_lng":121.572731,"centroid_lat":31.248452,"parcel_area_m2":30093,"safety_clipped":false,"classification_source":"osm_tags+building_morphology+spatial_prior","synthetic_classification":true,"qc_flags":""},"geometry":{"type":"MultiPolygon","coordinates":[[[[121.5660965628981,31.249042897919384],[121.56752749038678,31.249044594198782],[121.5675274627275,31.249378020393973],[121.56609653523144,31.249376324115097],[121.5660965628981,31.249042897919384]]],[[[121.56609653523144,31.249376324115097],[121.56860059146142,31.24937923399227],[121.56860056380711,31.24971266029306],[121.56609650756444,31.24970975041679],[121.56609653523144,31.249376324115097]]],[[[121.56609650756444,31.249709750416788],[121.56824286061897,31.249712261360624],[121.56824283296257,31.250045687767617],[121.5660964798971,31.250043176824555],[121.56609650756444,31.249709750416788]]],[[[121.5660964798971,31.250043176824555],[121.56788512337765,31.250045283232176],[121.56788509571913,31.250378709745462],[121.56609645222942,31.25037660333849],[121.5660964798971,31.250043176824555]]],[[[121.56681192869281,31.25037746260995],[121.56752737974763,31.250378299615814],[121.567527352087,31.25071172623549],[121.56681190102854,31.250710889229886],[121.56681192869281,31.25037746260995]]]]}},{"type":"Feature","properties":{"parcel_id":"zhangjiang:parcel:0052","geometry_method":"road_barrier_raster_plus_buildings","functional_type":"commercial","dominant_type":"commercial","confidence":0.86,"building_count":1,"avg_building_area_m2":606,"centroid_lng":121.598743,"centroid_lat":31.253705,"parcel_area_m2":135419,"safety_clipped":false,"classification_source":"osm_tags+building_morphology+spatial_prior","synthetic_classification":true,"qc_flags":""},"geometry":{"type":"MultiPolygon","coordinates":[[[[121.59076540921386,31.25005967723375],[121.5914799868898,31.250059749467653],[121.59147995929884,31.250393175973095],[121.59076538162233,31.250393103739412],[121.59076540921386,31.25005967723375]]],[[[121.59076538162233,31.250393103739412],[121.59219451118123,31.250393225621877],[121.59219448359043,31.250726652233364],[121.59076535403045,31.250726530351333],[121.59076538162233,31.250393103739412]]],[[[121.59076535403045,31.250726530351333],[121.5925517498808,31.250726668607125],[121.59255172228987,31.25106009532485],[121.59076532643826,31.251059957069604],[121.59076535403045,31.250726530351333]]],[[[121.59040802790585,31.251059912465735],[121.59362348266833,31.251060110739836],[121.59362345507755,31.25139353756368],[121.59040800031299,31.25139333929056],[121.59040802790585,31.251059912465735]]],[[[121.59040800031299,31.25139333929056],[121.5939806957386,31.251393531494678],[121.5939806681476,31.251726958424946],[121.59040797271979,31.25172676622191],[121.59040800031299,31.25139333929056]]],[[[121.59076527125283,31.25172681082556],[121.59469513033338,31.251726929529],[121.59469510274222,31.25206035656568],[121.59076524365962,31.252060237863425],[121.59076527125283,31.25172681082556]]],[[[121.59112253572786,31.252060276806475],[121.5954095394847,31.252060305388067],[121.5954095118933,31.252393732531246],[121.5911225081346,31.252393703950947],[121.59112253572786,31.252060276806475]]],[[[121.59183707290875,31.252393764883525],[121.59612392328255,31.252393659149938],[121.5961238956908,31.252727086399712],[121.59183704531569,31.252727192134582],[121.59183707290875,31.252393764883525]]],[[[121.59255158433015,31.252727230511915],[121.59648109190732,31.252727041408047],[121.5964810643152,31.253060468764613],[121.5925515567372,31.253060657869653],[121.59255158433015,31.252727230511915]]],[[[121.59290881660698,31.253060668619497],[121.59719543785316,31.253060362232137],[121.59719541026055,31.25339378969548],[121.59290878901388,31.253394096084115],[121.59290881660698,31.253060668619497]]],[[[121.59326604247127,31.253394101218877],[121.59719541026055,31.253393789695476],[121.5971953826676,31.253727217265897],[121.593266014878,31.253727528790463],[121.59326604247127,31.253394101218877]]],[[[121.59398050259458,31.25372752224883],[121.5971953826676,31.253727217265897],[121.59719535507433,31.25406064494349],[121.59398047500122,31.25406094992737],[121.59398050259458,31.25372752224883]]]]}},{"type":"Feature","properties":{"parcel_id":"zhangjiang:parcel:0053","geometry_method":"road_barrier_raster_plus_buildings","functional_type":"commercial","dominant_type":"commercial","confidence":0.86,"building_count":1,"avg_building_area_m2":606,"centroid_lng":121.570691,"centroid_lat":31.249272,"parcel_area_m2":48901,"safety_clipped":false,"classification_source":"osm_tags+building_morphology+spatial_prior","synthetic_classification":true,"qc_flags":""},"geometry":{"type":"MultiPolygon","coordinates":[[[[121.56502310707434,31.25137555303843],[121.56538086743335,31.2513760020611],[121.5653808397605,31.251709429000876],[121.56502307939954,31.251708979978336],[121.56502310707434,31.25137555303843]]],[[[121.56466531274619,31.251708525440627],[121.5657385938165,31.251709872497504],[121.56573856614524,31.25204329954377],[121.56466528506908,31.25204195248729],[121.56466531274619,31.251708525440627]]],[[[121.56430751213415,31.252041492445517],[121.56645405529747,31.252044169917284],[121.56645402762963,31.252377597070005],[121.56430748445472,31.252374919599024],[121.56430751213415,31.252041492445517]]],[[[121.56430748445472,31.252374919599024],[121.56609628621625,31.25237716465671],[121.56609625854621,31.25271059191637],[121.56430745677494,31.252708346859336],[121.56430748445472,31.252374919599024]]],[[[121.56394967756948,31.252707881324852],[121.56609625854621,31.25271059191637],[121.56609623087583,31.253044019282925],[121.56394964988735,31.253041308692193],[121.56394967756948,31.252707881324852]]],[[[121.56359186442668,31.253040837676323],[121.56573848312941,31.253043581323226],[121.56573845545678,31.253377008796896],[121.56359183674219,31.253374265150782],[121.56359186442668,31.253040837676323]]],[[[121.56359183674219,31.25337426515078],[121.56573845545678,31.253377008796893],[121.56573842778383,31.253710436377645],[121.56359180905736,31.253707692732316],[121.56359183674219,31.25337426515078]]],[[[121.56394959452209,31.253708163747923],[121.56538067371626,31.2537099928818],[121.56538064604105,31.254043420569847],[121.56394956683896,31.254041591436497],[121.56394959452209,31.253708163747923]]],[[[121.56430734605246,31.25404205697045],[121.56502288566647,31.254042971548227],[121.56502285798895,31.254376399343663],[121.564307318371,31.254375484766154],[121.56430734605246,31.25404205697045]]]]}},{"type":"Feature","properties":{"parcel_id":"zhangjiang:parcel:0054","geometry_method":"road_barrier_raster_plus_buildings","functional_type":"residential","dominant_type":"residential","confidence":0.81,"building_count":1,"avg_building_area_m2":606,"centroid_lng":121.582056,"centroid_lat":31.249323,"parcel_area_m2":81502,"safety_clipped":false,"classification_source":"osm_tags+building_morphology+spatial_prior","synthetic_classification":true,"qc_flags":""},"geometry":{"type":"MultiPolygon","coordinates":[[[[121.57932850828634,31.25138912222628],[121.57968600968421,31.25138934443121],[121.57968598207066,31.251722771365994],[121.57932848067175,31.25172254916118],[121.57932850828634,31.25138912222628]]],[[[121.57861345815793,31.25172208749011],[121.58004347689598,31.251722987815693],[121.58004344928311,31.252056414856984],[121.57861343054087,31.252055514531875],[121.57861345815793,31.25172208749011]]],[[[121.57789838174754,31.252055029854745],[121.58040093753503,31.252056625550793],[121.58040090992282,31.25239005269868],[121.57789835412792,31.252388457003466],[121.57789838174754,31.252055029854745]]],[[[121.57754081988122,31.25238820604195],[121.58111586670343,31.252390456817352],[121.58111583909279,31.252723884071806],[121.57754079226011,31.252721633297597],[121.57754081988122,31.25238820604195]]],[[[121.57754079226011,31.252721633297597],[121.58147330762125,31.252724077496588],[121.58147328001118,31.25305750485782],[121.57754076463866,31.253055060660138],[121.57754079226011,31.252721633297597]]],[[[121.57789829888765,31.253055311621413],[121.58183074196567,31.25305769252656],[121.58183071435619,31.253391119994664],[121.57789827126702,31.25338873909082],[121.57789829888765,31.253055311621413]]],[[[121.5782557989519,31.253388984303893],[121.58218816973728,31.253391301907932],[121.58218814212832,31.253724729482997],[121.57825577133205,31.25372241188026],[121.5782557989519,31.253388984303893]]],[[[121.57825577133205,31.25372241188026],[121.58183068674634,31.25372454756984],[121.58183065913617,31.25405797525219],[121.57825574371186,31.254055839563794],[121.57825577133205,31.25372241188026]]]]}},{"type":"Feature","properties":{"parcel_id":"zhangjiang:parcel:0055","geometry_method":"road_barrier_raster_plus_buildings","functional_type":"commercial","dominant_type":"commercial","confidence":0.86,"building_count":1,"avg_building_area_m2":606,"centroid_lng":121.631003,"centroid_lat":31.253141,"parcel_area_m2":36362,"safety_clipped":false,"classification_source":"osm_tags+building_morphology+spatial_prior","synthetic_classification":true,"qc_flags":""},"geometry":{"type":"MultiPolygon","coordinates":[[[[121.62539462097915,31.252706415820544],[121.62575136477855,31.252705973699896],[121.62575133711371,31.253039401048746],[121.62539459331593,31.25303984316948],[121.62539462097915,31.252706415820544]]],[[[121.62503784504288,31.25304028134487],[121.62682154197272,31.25303805128781],[121.62682151430255,31.253371478743393],[121.62503781738094,31.253373708800876],[121.62503784504288,31.25304028134487]]],[[[121.62503781738094,31.253373708800872],[121.62717824051582,31.253371021115317],[121.62717821284363,31.253704448677894],[121.62503778971866,31.253707136363953],[121.62503781738094,31.253373708800872]]],[[[121.62468103694206,31.253707570567077],[121.62682148663205,31.25370490630605],[121.62682145896122,31.254038333975885],[121.62468100928103,31.254040998237414],[121.62468103694206,31.253707570567077]]],[[[121.62468100928103,31.254040998237414],[121.62646472840372,31.254038787768746],[121.62646470073422,31.254372215545917],[121.62468098161968,31.254374426015012],[121.62468100928103,31.254040998237414]]],[[[121.6243242243082,31.25437485621894],[121.62539448265969,31.25437355363599],[121.62539445499478,31.254706981520766],[121.62432419664808,31.25470828410397],[121.6243242243082,31.25437485621894]]],[[[121.62432419664808,31.25470828410397],[121.62539445499478,31.254706981520766],[121.62539442732952,31.25504040951298],[121.62432416898761,31.255041712096443],[121.62432419664808,31.25470828410397]]]]}}]}