{"type":"FeatureCollection","features":[{"type":"Feature","properties":{"osm_id":8727018,"highway":"primary","name":"杨高中路","ref":"X001"},"geometry":{"type":"LineString","coordinates":[[121.539088,31.222405],[121.539327,31.222557]]}},{"type":"Feature","properties":{"osm_id":8792331,"highway":"primary","name":"浦东南路","ref":null},"geometry":{"type":"LineString","coordinates":[[121.517906,31.223182],[121.517353,31.224746]]}},{"type":"Feature","properties":{"osm_id":8792376,"highway":"tertiary","name":"潍坊路","ref":null},"geometry":{"type":"LineString","coordinates":[[121.520202,31.223879],[121.519763,31.223739],[121.519608,31.223689],[121.519588,31.223683],[121.519273,31.223582],[121.519193,31.223559],[121.519018,31.223507],[121.518986,31.223498],[121.518501,31.223358],[121.518413,31.223332],[121.517906,31.223182]]}},{"type":"Feature","properties":{"osm_id":8792644,"highway":"tertiary","name":"东泰路","ref":null},"geometry":{"type":"LineString","coordinates":[[121.506646,31.234297],[121.506625,31.234605],[121.506609,31.23517],[121.506612,31.235324],[121.506616,31.235482],[121.506622,31.235566],[121.50664,31.23565],[121.506734,31.23577],[121.506892,31.235819],[121.506904,31.235817],[121.507263,31.235764]]}},{"type":"Feature","properties":{"osm_id":8793027,"highway":"primary","name":"浦东南路","ref":null},"geometry":{"type":"LineString","coordinates":[[121.513683,31.233086],[121.51433,31.231953],[121.514408,31.231783],[121.514452,31.231687],[121.514847,31.230825],[121.51487,31.230773],[121.51497,31.230534],[121.515253,31.22989]]}},{"type":"Feature","properties":{"osm_id":8793482,"highway":"tertiary_link","name":"银城中路","ref":null},"geometry":{"type":"LineString","coordinates":[[121.504044,31.234799],[121.504116,31.234881],[121.504041,31.235329],[121.503957,31.235769],[121.503941,31.235885],[121.503937,31.235994],[121.503938,31.236107],[121.503949,31.236219],[121.50402,31.236698]]}},{"type":"Feature","properties":{"osm_id":8793738,"highway":"secondary","name":"陆家嘴环岛","ref":null},"geometry":{"type":"LineString","coordinates":[[121.500653,31.238541],[121.500549,31.238549],[121.500448,31.238529],[121.500359,31.238483],[121.500293,31.238417]]}},{"type":"Feature","properties":{"osm_id":8793827,"highway":"tertiary","name":"陆家嘴西路","ref":null},"geometry":{"type":"LineString","coordinates":[[121.500245,31.238243],[121.500206,31.238103],[121.500145,31.238017],[121.500045,31.237956],[121.499917,31.237905],[121.499744,31.237838],[121.499394,31.23769]]}},{"type":"Feature","properties":{"osm_id":8794032,"highway":"secondary","name":"世纪大道","ref":null},"geometry":{"type":"LineString","coordinates":[[121.501173,31.237987],[121.501314,31.237944]]}},{"type":"Feature","properties":{"osm_id":8886591,"highway":"trunk","name":"内环高架路","ref":null},"geometry":{"type":"LineString","coordinates":[[121.542211,31.257819],[121.541408,31.258478],[121.540977,31.258839],[121.540566,31.259208],[121.540149,31.259635],[121.539923,31.259887],[121.539406,31.260517],[121.539236,31.260741],[121.539066,31.260994],[121.53876,31.261484],[121.538649,31.261676],[121.537831,31.263099],[121.537633,31.263422],[121.537397,31.26378],[121.537137,31.26411],[121.536778,31.264584],[121.536194,31.26536]]}},{"type":"Feature","properties":{"osm_id":9704035,"highway":"secondary","name":"复兴东路隧道 (下层)","ref":null},"geometry":{"type":"LineString","coordinates":[[121.518876,31.228094],[121.516724,31.227358],[121.513872,31.226329],[121.508626,31.224377],[121.506551,31.223605],[121.502941,31.222319],[121.500149,31.221175],[121.499675,31.221087],[121.499276,31.221012],[121.498617,31.221107],[121.4984,31.221171],[121.498311,31.221197],[121.496558,31.221758]]}},{"type":"Feature","properties":{"osm_id":9832326,"highway":"tertiary","name":"广东路","ref":null},"geometry":{"type":"LineString","coordinates":[[121.477229,31.230481],[121.477442,31.230567],[121.478269,31.230894],[121.479002,31.231179],[121.479442,31.231357],[121.480272,31.23171],[121.481208,31.232116],[121.481405,31.232179]]}},{"type":"Feature","properties":{"osm_id":9832672,"highway":"trunk_link","name":null,"ref":null},"geometry":{"type":"LineString","coordinates":[[121.489374,31.232095],[121.489208,31.232045],[121.489038,31.231995],[121.488793,31.231926],[121.488595,31.231871],[121.488354,31.231809],[121.488293,31.231788],[121.488205,31.231746],[121.488117,31.23168]]}},{"type":"Feature","properties":{"osm_id":10210604,"highway":"secondary","name":"陆家嘴环路","ref":null},"geometry":{"type":"LineString","coordinates":[[121.500831,31.238441],[121.500826,31.238523],[121.500851,31.238622],[121.501019,31.238948],[121.501127,31.239138],[121.501258,31.239321],[121.501468,31.239569],[121.501567,31.239666],[121.501611,31.239709],[121.501762,31.239848],[121.50197,31.24002],[121.502147,31.240155],[121.502186,31.240185],[121.502506,31.240409],[121.502899,31.240644],[121.503051,31.240734],[121.503193,31.240833],[121.503516,31.241045],[121.50363,31.24112],[121.503967,31.24134],[121.504902,31.241959],[121.505043,31.242051]]}},{"type":"Feature","properties":{"osm_id":10211568,"highway":"tertiary","name":"丰和路","ref":null},"geometry":{"type":"LineString","coordinates":[[121.500293,31.238417],[121.500245,31.238412],[121.500116,31.238427],[121.499993,31.238496],[121.499562,31.238755],[121.499213,31.238965],[121.499119,31.239021],[121.499012,31.239102],[121.498255,31.239652],[121.498182,31.2397]]}},{"type":"Feature","properties":{"osm_id":10211595,"highway":"tertiary","name":"陆家嘴西路","ref":null},"geometry":{"type":"LineString","coordinates":[[121.497648,31.236819],[121.497746,31.236867],[121.498701,31.237296],[121.499655,31.237719],[121.49999,31.237843]]}},{"type":"Feature","properties":{"osm_id":10211697,"highway":"secondary","name":"东昌路","ref":null},"geometry":{"type":"LineString","coordinates":[[121.507691,31.231075],[121.508647,31.23132],[121.509214,31.231484],[121.509772,31.231738]]}},{"type":"Feature","properties":{"osm_id":10211715,"highway":"secondary","name":"陆家嘴环路","ref":null},"geometry":{"type":"LineString","coordinates":[[121.509015,31.234922],[121.509034,31.234879],[121.509056,31.234828],[121.509072,31.234793],[121.509094,31.234726],[121.509115,31.234646],[121.509132,31.234546],[121.509146,31.234322],[121.509171,31.233882],[121.509188,31.23369],[121.5092,31.2336],[121.509222,31.233505],[121.509257,31.233367],[121.509283,31.233248]]}},{"type":"Feature","properties":{"osm_id":10260585,"highway":"secondary","name":"浦明路","ref":null},"geometry":{"type":"LineString","coordinates":[[121.512496,31.220702],[121.512409,31.220937],[121.512202,31.221429],[121.512187,31.221499],[121.512154,31.221654],[121.512009,31.222334],[121.511952,31.222605],[121.511926,31.222726],[121.511833,31.223065],[121.511737,31.223323],[121.511638,31.22353],[121.511431,31.223965],[121.511381,31.224068],[121.511355,31.224121],[121.511322,31.224187],[121.511247,31.224335],[121.511062,31.224739]]}},{"type":"Feature","properties":{"osm_id":10345773,"highway":"trunk","name":"杨高路地道","ref":"X001"},"geometry":{"type":"LineString","coordinates":[[121.535753,31.2177],[121.535972,31.218312],[121.536386,31.219334],[121.536528,31.219651],[121.536643,31.219879],[121.536775,31.220124],[121.536898,31.220322],[121.537149,31.220722],[121.537331,31.220957],[121.5375,31.221164],[121.53772,31.221406],[121.538463,31.222054],[121.539712,31.22292]]}},{"type":"Feature","properties":{"osm_id":10360980,"highway":"primary","name":"世纪大道","ref":null},"geometry":{"type":"LineString","coordinates":[[121.525194,31.229708],[121.525361,31.229642],[121.525615,31.229497],[121.526557,31.228956],[121.529483,31.227274],[121.530003,31.226967]]}},{"type":"Feature","properties":{"osm_id":10417516,"highway":"primary","name":"杨高南路","ref":"X001"},"geometry":{"type":"LineString","coordinates":[[121.535654,31.217738],[121.535104,31.216363],[121.534848,31.215821],[121.534679,31.21556]]}},{"type":"Feature","properties":{"osm_id":10417518,"highway":"trunk","name":"杨高路地道","ref":"X001"},"geometry":{"type":"LineString","coordinates":[[121.539633,31.223041],[121.53907,31.222706],[121.538521,31.222335],[121.538182,31.222041],[121.537916,31.221746],[121.537198,31.220863],[121.537102,31.22072],[121.536854,31.220332],[121.53674,31.220136],[121.536622,31.219912],[121.536489,31.219643],[121.535706,31.217714]]}},{"type":"Feature","properties":{"osm_id":10627797,"highway":"secondary","name":"张杨路","ref":null},"geometry":{"type":"LineString","coordinates":[[121.522413,31.229111],[121.522595,31.229158],[121.523153,31.229309],[121.523622,31.229444],[121.523676,31.229459],[121.523994,31.229549]]}},{"type":"Feature","properties":{"osm_id":10627798,"highway":"secondary","name":"张杨路","ref":null},"geometry":{"type":"LineString","coordinates":[[121.518177,31.227727],[121.518591,31.227857],[121.519197,31.228058],[121.51969,31.228209],[121.520175,31.228351],[121.520639,31.228507],[121.52109,31.228677]]}},{"type":"Feature","properties":{"osm_id":10627804,"highway":"tertiary","name":"世纪大道","ref":null},"geometry":{"type":"LineString","coordinates":[[121.538959,31.221673],[121.539012,31.221637],[121.539786,31.221209],[121.540083,31.221041],[121.540779,31.220656],[121.540918,31.220579]]}},{"type":"Feature","properties":{"osm_id":10627815,"highway":"tertiary","name":"世纪大道","ref":null},"geometry":{"type":"LineString","coordinates":[[121.541174,31.220985],[121.540668,31.221273],[121.540093,31.2216],[121.539303,31.222058],[121.539246,31.222092]]}},{"type":"Feature","properties":{"osm_id":10629482,"highway":"secondary","name":"复兴东路","ref":null},"geometry":{"type":"LineString","coordinates":[[121.487839,31.220891],[121.488134,31.221085],[121.488394,31.221257],[121.488575,31.221366],[121.488867,31.221494],[121.489224,31.221613],[121.489463,31.221668],[121.489686,31.221708],[121.489874,31.221738]]}},{"type":"Feature","properties":{"osm_id":10629709,"highway":"secondary","name":"复兴东路","ref":null},"geometry":{"type":"LineString","coordinates":[[121.487764,31.220968],[121.487436,31.220751],[121.486998,31.220459],[121.486736,31.220299],[121.486339,31.220005],[121.486108,31.219823],[121.485962,31.219741],[121.48575,31.219619],[121.48528,31.219399],[121.485202,31.219362],[121.484898,31.219233]]}},{"type":"Feature","properties":{"osm_id":10629711,"highway":"secondary","name":"复兴东路隧道 (下层)","ref":null},"geometry":{"type":"LineString","coordinates":[[121.494851,31.221927],[121.494984,31.22195],[121.495755,31.221852],[121.496128,31.221772],[121.496506,31.221673]]}},{"type":"Feature","properties":{"osm_id":10629715,"highway":"secondary","name":"河南南路","ref":null},"geometry":{"type":"LineString","coordinates":[[121.489977,31.221824],[121.489885,31.222018],[121.489796,31.222191],[121.489574,31.222622],[121.489362,31.223042],[121.489105,31.223531],[121.48866,31.224363]]}},{"type":"Feature","properties":{"osm_id":10629716,"highway":"secondary","name":"河南南路","ref":null},"geometry":{"type":"LineString","coordinates":[[121.489874,31.221738],[121.489924,31.221658],[121.49005,31.221426],[121.490261,31.221037],[121.490371,31.220839],[121.490506,31.220612],[121.490632,31.220395],[121.490814,31.220031],[121.490896,31.219868],[121.490971,31.21971],[121.491101,31.219434],[121.491306,31.219033],[121.491575,31.218497],[121.491619,31.218377]]}},{"type":"Feature","properties":{"osm_id":10632113,"highway":"primary","name":"浦东大道","ref":null},"geometry":{"type":"LineString","coordinates":[[121.529213,31.240996],[121.52911,31.240977],[121.528842,31.240927],[121.528406,31.240895],[121.526777,31.240829],[121.52645,31.240816],[121.525397,31.240795],[121.525347,31.240794],[121.524251,31.240774],[121.523436,31.240738],[121.523157,31.240723],[121.52265,31.240695],[121.522576,31.240691],[121.522486,31.240687],[121.521892,31.240658],[121.521831,31.240655],[121.521412,31.240629],[121.521345,31.240624],[121.520597,31.240563],[121.52022,31.240522],[121.519844,31.240482],[121.519753,31.240471]]}},{"type":"Feature","properties":{"osm_id":10632119,"highway":"secondary","name":"大连路隧道","ref":null},"geometry":{"type":"LineString","coordinates":[[121.519142,31.250372],[121.519372,31.250093],[121.519521,31.249822],[121.519644,31.249548],[121.519735,31.249275],[121.519906,31.248441],[121.519951,31.24799],[121.519945,31.2476],[121.5199,31.246994],[121.519819,31.24636],[121.519672,31.243601],[121.519667,31.242868],[121.519701,31.242063],[121.519718,31.241588],[121.519741,31.241135],[121.519748,31.240923],[121.519801,31.240545],[121.519928,31.239928],[121.519984,31.239756],[121.520058,31.23956],[121.520183,31.239331],[121.520345,31.239028]]}},{"type":"Feature","properties":{"osm_id":10632124,"highway":"primary","name":"浦东大道","ref":null},"geometry":{"type":"LineString","coordinates":[[121.510773,31.237959],[121.511066,31.238047],[121.511848,31.238288],[121.512976,31.238618],[121.513797,31.238824],[121.514383,31.23897],[121.515168,31.2392],[121.515351,31.239249],[121.516421,31.239527],[121.517095,31.239728],[121.517788,31.239919],[121.518421,31.240093],[121.519402,31.240286],[121.51956,31.240317],[121.519744,31.240348]]}},{"type":"Feature","properties":{"osm_id":10632127,"highway":"primary","name":"浦东南路","ref":null},"geometry":{"type":"LineString","coordinates":[[121.513226,31.234077],[121.51311,31.234232]]}},{"type":"Feature","properties":{"osm_id":10632128,"highway":"secondary","name":"浦东南路","ref":null},"geometry":{"type":"LineString","coordinates":[[121.510416,31.238291],[121.510573,31.238015]]}},{"type":"Feature","properties":{"osm_id":10632130,"highway":"tertiary","name":"浦东南路","ref":null},"geometry":{"type":"LineString","coordinates":[[121.507639,31.242636],[121.507575,31.24271],[121.507537,31.242753],[121.507406,31.242844],[121.507254,31.242904],[121.507102,31.24294],[121.506936,31.242979],[121.506809,31.243003],[121.506423,31.243075],[121.506325,31.243115],[121.506279,31.243145],[121.506227,31.243178],[121.506155,31.24323],[121.506091,31.243311],[121.505897,31.243678]]}},{"type":"Feature","properties":{"osm_id":10639397,"highway":"secondary","name":"陆家嘴环路","ref":null},"geometry":{"type":"LineString","coordinates":[[121.509015,31.234922],[121.509011,31.234853],[121.509008,31.234835],[121.509003,31.234799],[121.508992,31.234729],[121.508987,31.234674],[121.508987,31.234557],[121.50902,31.233732],[121.509013,31.233537],[121.508974,31.233417]]}},{"type":"Feature","properties":{"osm_id":10639415,"highway":"secondary","name":"银城中路","ref":null},"geometry":{"type":"LineString","coordinates":[[121.504799,31.230701],[121.504681,31.230924],[121.504575,31.231152],[121.504493,31.231389],[121.504444,31.231562],[121.50441,31.231738],[121.504382,31.231948],[121.504346,31.232349],[121.504331,31.232502]]}},{"type":"Feature","properties":{"osm_id":10639436,"highway":"primary","name":"浦东南路","ref":null},"geometry":{"type":"LineString","coordinates":[[121.517353,31.224746],[121.517031,31.225749]]}},{"type":"Feature","properties":{"osm_id":10639439,"highway":"primary","name":"浦东南路","ref":null},"geometry":{"type":"LineString","coordinates":[[121.517353,31.224746],[121.517237,31.22517],[121.517083,31.225735],[121.517047,31.22584],[121.516839,31.226453],[121.516601,31.227135],[121.516584,31.227185]]}},{"type":"Feature","properties":{"osm_id":10639447,"highway":"primary","name":"浦东南路","ref":null},"geometry":{"type":"LineString","coordinates":[[121.515537,31.229184],[121.515991,31.228274]]}},{"type":"Feature","properties":{"osm_id":10639448,"highway":"primary","name":"浦东南路","ref":null},"geometry":{"type":"LineString","coordinates":[[121.517766,31.223153],[121.51802,31.222346],[121.518035,31.222294],[121.518163,31.221861],[121.518278,31.221477],[121.518342,31.22124],[121.518411,31.220983],[121.518429,31.220914],[121.518456,31.220813],[121.518575,31.220368],[121.518787,31.219445],[121.518805,31.219367],[121.518813,31.219298],[121.518855,31.218945],[121.51887,31.218204]]}},{"type":"Feature","properties":{"osm_id":10639453,"highway":"tertiary","name":"南泉北路","ref":null},"geometry":{"type":"LineString","coordinates":[[121.517287,31.232683],[121.517255,31.232843]]}},{"type":"Feature","properties":{"osm_id":10639460,"highway":"tertiary","name":"福山路","ref":null},"geometry":{"type":"LineString","coordinates":[[121.525489,31.236758],[121.525171,31.237402],[121.524972,31.237806],[121.524817,31.23812],[121.524795,31.238166],[121.524727,31.238303],[121.524664,31.238432],[121.52462,31.238554],[121.524514,31.238926],[121.524447,31.239149],[121.524303,31.240492],[121.524289,31.240575],[121.524251,31.240774],[121.524244,31.240843],[121.524193,31.241409],[121.524175,31.241618]]}},{"type":"Feature","properties":{"osm_id":10670771,"highway":"secondary","name":"东方路","ref":null},"geometry":{"type":"LineString","coordinates":[[121.523928,31.231866],[121.524118,31.231377],[121.524198,31.231169],[121.524549,31.230435],[121.524566,31.230399],[121.524605,31.230326],[121.524698,31.230148]]}},{"type":"Feature","properties":{"osm_id":10670773,"highway":"secondary","name":"东方路","ref":null},"geometry":{"type":"LineString","coordinates":[[121.519744,31.240348],[121.51978,31.240267],[121.519871,31.239932],[121.519917,31.239815],[121.51995,31.239643],[121.520009,31.239467],[121.520226,31.239045],[121.52033,31.238842],[121.520352,31.238801],[121.520534,31.238467],[121.52087,31.237826],[121.521175,31.237197],[121.521483,31.236668],[121.521608,31.236525]]}},{"type":"Feature","properties":{"osm_id":10689621,"highway":"primary","name":"世纪大道","ref":null},"geometry":{"type":"LineString","coordinates":[[121.513112,31.233926],[121.513382,31.233853]]}},{"type":"Feature","properties":{"osm_id":10691116,"highway":"secondary","name":"张杨路","ref":null},"geometry":{"type":"LineString","coordinates":[[121.521044,31.228831],[121.520736,31.228737],[121.520454,31.228651],[121.520072,31.228548],[121.51932,31.228321],[121.518077,31.227898]]}},{"type":"Feature","properties":{"osm_id":10691128,"highway":"secondary","name":"张杨路","ref":null},"geometry":{"type":"LineString","coordinates":[[121.518077,31.227898],[121.517564,31.227735],[121.51651,31.22737]]}},{"type":"Feature","properties":{"osm_id":10692866,"highway":"secondary","name":"张杨路","ref":null},"geometry":{"type":"LineString","coordinates":[[121.525798,31.230063],[121.52586,31.230078],[121.52634,31.23022],[121.527196,31.230486],[121.527593,31.230609],[121.528257,31.230823],[121.52837,31.230861]]}},{"type":"Feature","properties":{"osm_id":10724842,"highway":"tertiary","name":"羽山路","ref":null},"geometry":{"type":"LineString","coordinates":[[121.538301,31.230136],[121.537968,31.229932],[121.537716,31.229785],[121.537559,31.229687],[121.53715,31.229443],[121.536403,31.228976],[121.536273,31.228921],[121.5362,31.228891]]}},{"type":"Feature","properties":{"osm_id":10724843,"highway":"tertiary","name":"潍坊路","ref":null},"geometry":{"type":"LineString","coordinates":[[121.536095,31.228859],[121.53602,31.228841],[121.535777,31.228763],[121.535041,31.228533],[121.534225,31.228278],[121.533113,31.22793]]}},{"type":"Feature","properties":{"osm_id":10738871,"highway":"tertiary","name":"建国新路","ref":null},"geometry":{"type":"LineString","coordinates":[[121.481097,31.213864],[121.481673,31.214136],[121.482095,31.214312],[121.482609,31.214514],[121.483457,31.214763],[121.484512,31.214992],[121.484912,31.215102],[121.485074,31.215162]]}},{"type":"Feature","properties":{"osm_id":10739790,"highway":"tertiary","name":"金陵东路","ref":null},"geometry":{"type":"LineString","coordinates":[[121.493019,31.232004],[121.492866,31.231927],[121.492684,31.231849],[121.492124,31.231698],[121.491498,31.23153]]}},{"type":"Feature","properties":{"osm_id":11620131,"highway":"secondary","name":"中山东一路","ref":null},"geometry":{"type":"LineString","coordinates":[[121.489984,31.24211],[121.490069,31.241966],[121.490143,31.241817],[121.490187,31.241712],[121.490231,31.241565],[121.490256,31.24146],[121.490285,31.241308],[121.4903,31.241142],[121.490304,31.24098],[121.490297,31.2408],[121.490289,31.240689]]}},{"type":"Feature","properties":{"osm_id":11620147,"highway":"primary","name":"中山南路","ref":null},"geometry":{"type":"LineString","coordinates":[[121.503248,31.222369],[121.50317,31.222446]]}},{"type":"Feature","properties":{"osm_id":11620200,"highway":"primary","name":"中山南路","ref":null},"geometry":{"type":"LineString","coordinates":[[121.505557,31.212236],[121.505746,31.212392],[121.505998,31.212631],[121.506113,31.212763],[121.50621,31.212879],[121.506332,31.213062],[121.506434,31.213245],[121.50655,31.213497],[121.506665,31.213785],[121.506727,31.214011],[121.50673,31.214023],[121.506768,31.21426],[121.506786,31.214531],[121.506793,31.214786],[121.506756,31.215015],[121.506747,31.215054],[121.506696,31.215273]]}},{"type":"Feature","properties":{"osm_id":11622557,"highway":"primary","name":"中山南路","ref":null},"geometry":{"type":"LineString","coordinates":[[121.499872,31.225468],[121.500469,31.224831],[121.500731,31.224511],[121.500833,31.224402],[121.501051,31.224192],[121.50125,31.22403],[121.501378,31.22392],[121.501545,31.223765],[121.501927,31.223456],[121.502243,31.223185],[121.502258,31.22317],[121.502347,31.223083],[121.502701,31.222676],[121.502978,31.222372]]}},{"type":"Feature","properties":{"osm_id":11624985,"highway":"tertiary","name":"福州路","ref":null},"geometry":{"type":"LineString","coordinates":[[121.480938,31.233309],[121.479958,31.232963],[121.479651,31.232846],[121.479488,31.232795],[121.479233,31.232694],[121.478724,31.232504],[121.478285,31.232334],[121.477637,31.232076]]}},{"type":"Feature","properties":{"osm_id":11631594,"highway":"tertiary","name":"福建南路","ref":null},"geometry":{"type":"LineString","coordinates":[[121.483847,31.229999],[121.48351,31.230525],[121.483483,31.230566],[121.48345,31.230618],[121.483336,31.23079]]}},{"type":"Feature","properties":{"osm_id":11632317,"highway":"tertiary","name":null,"ref":null},"geometry":{"type":"LineString","coordinates":[[121.48848,31.231499],[121.488424,31.231637],[121.488363,31.23175],[121.488306,31.231868]]}},{"type":"Feature","properties":{"osm_id":11771580,"highway":"primary","name":"杨高南路","ref":"X001"},"geometry":{"type":"LineString","coordinates":[[121.538231,31.2222],[121.538068,31.221977]]}},{"type":"Feature","properties":{"osm_id":12078809,"highway":"tertiary","name":"峨山路","ref":null},"geometry":{"type":"LineString","coordinates":[[121.528922,31.214536],[121.529008,31.214488]]}},{"type":"Feature","properties":{"osm_id":12078828,"highway":"tertiary","name":"峨山路","ref":null},"geometry":{"type":"LineString","coordinates":[[121.534315,31.214528],[121.534186,31.214518]]}},{"type":"Feature","properties":{"osm_id":12080417,"highway":"secondary","name":"东方路","ref":null},"geometry":{"type":"LineString","coordinates":[[121.526424,31.226551],[121.526251,31.22687],[121.525407,31.228953]]}},{"type":"Feature","properties":{"osm_id":12080425,"highway":"secondary","name":"东方路","ref":null},"geometry":{"type":"LineString","coordinates":[[121.523928,31.231866],[121.524586,31.230621]]}},{"type":"Feature","properties":{"osm_id":12080429,"highway":"secondary","name":"东方路","ref":null},"geometry":{"type":"LineString","coordinates":[[121.527678,31.223536],[121.527416,31.224106],[121.526696,31.225934]]}},{"type":"Feature","properties":{"osm_id":12081584,"highway":"tertiary","name":"浦电路","ref":null},"geometry":{"type":"LineString","coordinates":[[121.516641,31.217632],[121.517809,31.217931],[121.518789,31.218183],[121.51887,31.218204]]}},{"type":"Feature","properties":{"osm_id":12081587,"highway":"secondary","name":"东方路","ref":null},"geometry":{"type":"LineString","coordinates":[[121.526563,31.225895],[121.52716,31.224426],[121.52743,31.223771],[121.527661,31.223216],[121.528288,31.221761],[121.528701,31.22071]]}},{"type":"Feature","properties":{"osm_id":12081594,"highway":"secondary","name":"东方路","ref":null},"geometry":{"type":"LineString","coordinates":[[121.528701,31.22071],[121.528802,31.220454],[121.528892,31.220195],[121.529025,31.219696]]}},{"type":"Feature","properties":{"osm_id":12081602,"highway":"tertiary","name":"崂山路","ref":null},"geometry":{"type":"LineString","coordinates":[[121.522413,31.229111],[121.522463,31.228985],[121.52248,31.228931],[121.522596,31.228612],[121.522631,31.228515],[121.522764,31.228115],[121.52284,31.227887],[121.522861,31.227818],[121.522953,31.227589],[121.523155,31.227006],[121.523417,31.226295],[121.523566,31.225909],[121.52374,31.225413],[121.523859,31.225052]]}},{"type":"Feature","properties":{"osm_id":12083728,"highway":"primary","name":"浦东南路","ref":null},"geometry":{"type":"LineString","coordinates":[[121.515537,31.229184],[121.515597,31.229033],[121.515955,31.228143],[121.516152,31.227654],[121.516258,31.227394],[121.5163,31.227293]]}},{"type":"Feature","properties":{"osm_id":12470384,"highway":"secondary","name":"东方路","ref":null},"geometry":{"type":"LineString","coordinates":[[121.52916,31.214479],[121.529179,31.214552]]}},{"type":"Feature","properties":{"osm_id":12595547,"highway":"secondary","name":"浦明路","ref":null},"geometry":{"type":"LineString","coordinates":[[121.509636,31.226561],[121.509994,31.226314],[121.510338,31.226025],[121.510463,31.225885],[121.510493,31.22585],[121.5106,31.225682],[121.510874,31.225122],[121.510929,31.22501]]}},{"type":"Feature","properties":{"osm_id":12620630,"highway":"secondary","name":"东方路","ref":null},"geometry":{"type":"LineString","coordinates":[[121.525729,31.228386],[121.52539,31.22924],[121.525367,31.229294],[121.525257,31.229557]]}},{"type":"Feature","properties":{"osm_id":12627066,"highway":"tertiary","name":"商城路","ref":null},"geometry":{"type":"LineString","coordinates":[[121.52358,31.232888],[121.523677,31.232955],[121.524363,31.233252],[121.524438,31.233283],[121.524914,31.233508],[121.525838,31.233929],[121.526674,31.234336]]}},{"type":"Feature","properties":{"osm_id":12655537,"highway":"secondary","name":"东昌路","ref":null},"geometry":{"type":"LineString","coordinates":[[121.507575,31.231324],[121.507439,31.231284],[121.507177,31.231219],[121.504799,31.230701]]}},{"type":"Feature","properties":{"osm_id":13025693,"highway":"tertiary","name":"商城路","ref":null},"geometry":{"type":"LineString","coordinates":[[121.531714,31.236221],[121.531847,31.236263],[121.531923,31.236283]]}},{"type":"Feature","properties":{"osm_id":13025698,"highway":"tertiary","name":"商城路","ref":null},"geometry":{"type":"LineString","coordinates":[[121.532073,31.236332],[121.532149,31.236352],[121.532884,31.236558],[121.534179,31.236933],[121.534211,31.236942],[121.535712,31.237399],[121.536319,31.237583]]}},{"type":"Feature","properties":{"osm_id":14909570,"highway":"primary","name":"浦东南路","ref":null},"geometry":{"type":"LineString","coordinates":[[121.518853,31.217572],[121.51875,31.216317],[121.518748,31.216298],[121.518741,31.216185],[121.51871,31.215687],[121.518707,31.215639],[121.518681,31.215348],[121.518647,31.214971]]}},{"type":"Feature","properties":{"osm_id":14909575,"highway":"primary","name":"浦东南路","ref":null},"geometry":{"type":"LineString","coordinates":[[121.517205,31.210526],[121.517859,31.211388],[121.518062,31.211656],[121.518361,31.212168],[121.518529,31.21258],[121.518666,31.213014],[121.518728,31.213395],[121.518744,31.213587]]}},{"type":"Feature","properties":{"osm_id":14909598,"highway":"primary","name":"浦东南路","ref":null},"geometry":{"type":"LineString","coordinates":[[121.519039,31.218245],[121.518975,31.218964],[121.518903,31.219646],[121.518817,31.219955],[121.518807,31.219992],[121.518717,31.220361],[121.518571,31.220945],[121.518497,31.221241],[121.518472,31.221322],[121.518327,31.221804],[121.517906,31.223182]]}},{"type":"Feature","properties":{"osm_id":14912334,"highway":"tertiary","name":"浦电路","ref":null},"geometry":{"type":"LineString","coordinates":[[121.535508,31.22402],[121.535558,31.224097]]}},{"type":"Feature","properties":{"osm_id":14912343,"highway":"tertiary","name":"浦电路","ref":null},"geometry":{"type":"LineString","coordinates":[[121.537506,31.225813],[121.53741,31.225788],[121.536609,31.225533],[121.536362,31.225357],[121.536112,31.225014],[121.536013,31.224879],[121.535974,31.224825],[121.535543,31.224234],[121.53552,31.224203],[121.535463,31.224124]]}},{"type":"Feature","properties":{"osm_id":14923968,"highway":"secondary","name":"复兴东路","ref":null},"geometry":{"type":"LineString","coordinates":[[121.492145,31.22187],[121.492355,31.22188],[121.492654,31.221906],[121.492916,31.221925],[121.493171,31.221945],[121.493293,31.221953],[121.494019,31.222006],[121.494158,31.222003],[121.494425,31.221988],[121.494637,31.221961]]}},{"type":"Feature","properties":{"osm_id":15419875,"highway":"secondary","name":"西藏南路","ref":null},"geometry":{"type":"LineString","coordinates":[[121.481161,31.223936],[121.480918,31.224532],[121.480769,31.224873],[121.480427,31.225654]]}},{"type":"Feature","properties":{"osm_id":15419906,"highway":"tertiary","name":"福建南路","ref":null},"geometry":{"type":"LineString","coordinates":[[121.485012,31.228226],[121.48487,31.228443],[121.484826,31.228511],[121.484601,31.228845],[121.48446,31.229052]]}},{"type":"Feature","properties":{"osm_id":15419971,"highway":"secondary","name":"人民路","ref":null},"geometry":{"type":"LineString","coordinates":[[121.487111,31.229001],[121.486921,31.228958],[121.486881,31.228949],[121.486523,31.228818],[121.486282,31.22871],[121.486082,31.228628],[121.485649,31.228473],[121.485242,31.22832],[121.485012,31.228226]]}},{"type":"Feature","properties":{"osm_id":19997100,"highway":"secondary","name":"河南南路","ref":null},"geometry":{"type":"LineString","coordinates":[[121.486726,31.230863],[121.486797,31.230589],[121.486897,31.230086]]}},{"type":"Feature","properties":{"osm_id":24447849,"highway":"primary","name":"海宁路","ref":null},"geometry":{"type":"LineString","coordinates":[[121.471135,31.244793],[121.471257,31.244818],[121.471488,31.244858],[121.471646,31.244869],[121.47206,31.244918],[121.472651,31.245024],[121.473383,31.245143],[121.474167,31.245317],[121.474259,31.245349],[121.474332,31.245395],[121.474814,31.245485],[121.475258,31.245634],[121.475448,31.245688],[121.475621,31.245801],[121.477125,31.246234],[121.47725,31.246272],[121.477361,31.246305],[121.478007,31.246494],[121.478472,31.24663],[121.478705,31.246699],[121.478788,31.246726],[121.478853,31.246747],[121.478998,31.2468],[121.479348,31.246932],[121.479681,31.247064],[121.479873,31.24714],[121.480546,31.247437],[121.480686,31.247495],[121.480826,31.247547],[121.481122,31.24765],[121.481308,31.247716]]}},{"type":"Feature","properties":{"osm_id":24462312,"highway":"secondary","name":"东方路","ref":null},"geometry":{"type":"LineString","coordinates":[[121.521789,31.236429],[121.52168,31.236795],[121.521306,31.237615],[121.521155,31.237929],[121.520669,31.23885],[121.520271,31.2396],[121.520154,31.239794],[121.520085,31.239822],[121.520016,31.239893],[121.519953,31.240019],[121.519899,31.240128],[121.519822,31.240284],[121.519788,31.240356]]}},{"type":"Feature","properties":{"osm_id":24474500,"highway":"secondary","name":null,"ref":null},"geometry":{"type":"LineString","coordinates":[[121.490811,31.24584],[121.490807,31.245939]]}},{"type":"Feature","properties":{"osm_id":24474697,"highway":"secondary","name":"四川北路","ref":null},"geometry":{"type":"LineString","coordinates":[[121.485906,31.243386],[121.48589,31.243449],[121.485834,31.243672]]}},{"type":"Feature","properties":{"osm_id":24475931,"highway":"secondary","name":"吴淞路","ref":null},"geometry":{"type":"LineString","coordinates":[[121.489687,31.248035],[121.489711,31.247823],[121.489703,31.247569],[121.489683,31.247325],[121.489646,31.246945],[121.489545,31.246181]]}},{"type":"Feature","properties":{"osm_id":24576919,"highway":"tertiary","name":"九江路","ref":null},"geometry":{"type":"LineString","coordinates":[[121.488244,31.237428],[121.487556,31.237256],[121.486903,31.23708]]}},{"type":"Feature","properties":{"osm_id":24621218,"highway":"tertiary","name":"浙江南路","ref":null},"geometry":{"type":"LineString","coordinates":[[121.481671,31.230156],[121.482004,31.22969],[121.482332,31.22916],[121.482657,31.228715],[121.482973,31.228273],[121.483339,31.227748],[121.483454,31.227581],[121.483781,31.227061]]}},{"type":"Feature","properties":{"osm_id":27496267,"highway":"secondary","name":"东大名路","ref":null},"geometry":{"type":"LineString","coordinates":[[121.509166,31.252221],[121.509342,31.252199]]}},{"type":"Feature","properties":{"osm_id":27498117,"highway":"tertiary","name":"外白渡桥","ref":null},"geometry":{"type":"LineString","coordinates":[[121.49007,31.242873],[121.49037,31.243815]]}},{"type":"Feature","properties":{"osm_id":33683398,"highway":"tertiary","name":"中华路","ref":null},"geometry":{"type":"LineString","coordinates":[[121.498273,31.216172],[121.49817,31.215781],[121.498085,31.215518],[121.49798,31.215337],[121.497914,31.21523],[121.497762,31.215115],[121.497529,31.215044],[121.497016,31.214935],[121.496591,31.214907],[121.495911,31.214913],[121.49563,31.214942],[121.495514,31.214953],[121.495352,31.21497],[121.495206,31.214989],[121.494596,31.215067],[121.494525,31.215076],[121.494277,31.215113],[121.493777,31.215186],[121.493525,31.215195],[121.493186,31.215176],[121.492811,31.215113],[121.492674,31.215089]]}},{"type":"Feature","properties":{"osm_id":33683439,"highway":"tertiary","name":"人民路","ref":null},"geometry":{"type":"LineString","coordinates":[[121.497274,31.225309],[121.497234,31.225407],[121.497172,31.225537],[121.497162,31.22556],[121.497101,31.225708],[121.497007,31.226027],[121.496877,31.2264],[121.49672,31.226862],[121.496597,31.227175],[121.496396,31.227428],[121.496143,31.22765],[121.495866,31.227816],[121.495602,31.228009],[121.495396,31.228231],[121.495281,31.22844],[121.495173,31.228714],[121.49515,31.228758],[121.495128,31.228786],[121.495026,31.228949],[121.494929,31.229048],[121.494848,31.2291],[121.494792,31.229127]]}},{"type":"Feature","properties":{"osm_id":35422924,"highway":"secondary","name":"东长治路","ref":null},"geometry":{"type":"LineString","coordinates":[[121.49683,31.2496],[121.497599,31.249921],[121.499669,31.250628],[121.49986,31.250702],[121.502159,31.251632],[121.503983,31.252416],[121.505558,31.253032]]}},{"type":"Feature","properties":{"osm_id":35422928,"highway":"tertiary","name":"汉阳路","ref":null},"geometry":{"type":"LineString","coordinates":[[121.489824,31.24807],[121.490084,31.248225],[121.490137,31.248267],[121.490177,31.248298],[121.490297,31.24841],[121.491399,31.2494],[121.492034,31.249897],[121.492326,31.250102],[121.492339,31.250111],[121.492408,31.250155],[121.492435,31.250171]]}},{"type":"Feature","properties":{"osm_id":35422929,"highway":"tertiary","name":"塘沽路","ref":null},"geometry":{"type":"LineString","coordinates":[[121.489687,31.248035],[121.489824,31.24807]]}},{"type":"Feature","properties":{"osm_id":38866713,"highway":"tertiary","name":"虬江路","ref":null},"geometry":{"type":"LineString","coordinates":[[121.477273,31.252594],[121.477359,31.252644],[121.477473,31.252697],[121.477731,31.252835],[121.478133,31.253022],[121.478631,31.253249],[121.478772,31.253314],[121.478804,31.253322],[121.478838,31.253325],[121.478911,31.253322],[121.479023,31.253309],[121.479165,31.253286],[121.479289,31.253263],[121.479405,31.253246],[121.479659,31.253221]]}},{"type":"Feature","properties":{"osm_id":39149255,"highway":"primary","name":"世纪大道","ref":null},"geometry":{"type":"LineString","coordinates":[[121.524396,31.230189],[121.523498,31.2305]]}},{"type":"Feature","properties":{"osm_id":39611498,"highway":"secondary","name":"长阳路","ref":null},"geometry":{"type":"LineString","coordinates":[[121.50805,31.253935],[121.508501,31.254115],[121.508876,31.254275],[121.509035,31.254352],[121.509186,31.254431],[121.509332,31.254511],[121.509486,31.254614],[121.509771,31.254799],[121.51008,31.255061],[121.510446,31.255399],[121.510837,31.255786]]}},{"type":"Feature","properties":{"osm_id":39688734,"highway":"tertiary","name":"溧阳路","ref":null},"geometry":{"type":"LineString","coordinates":[[121.492677,31.250321],[121.492581,31.250395],[121.492564,31.250408],[121.492093,31.250748],[121.492013,31.250815],[121.491975,31.250857],[121.491948,31.250902],[121.491931,31.250955],[121.491918,31.251044],[121.491894,31.251382],[121.491898,31.25143],[121.491913,31.251476],[121.491939,31.251525],[121.49196,31.251577],[121.492053,31.251894],[121.492144,31.252202],[121.492226,31.252504],[121.492264,31.252676],[121.492275,31.252748],[121.49229,31.252854],[121.492297,31.252961],[121.492302,31.253038],[121.4923,31.253225],[121.492273,31.253394],[121.492218,31.253547]]}},{"type":"Feature","properties":{"osm_id":39688829,"highway":"tertiary","name":"东汉阳路","ref":null},"geometry":{"type":"LineString","coordinates":[[121.492517,31.250224],[121.492605,31.250283]]}},{"type":"Feature","properties":{"osm_id":39688842,"highway":"tertiary","name":"东汉阳路","ref":null},"geometry":{"type":"LineString","coordinates":[[121.497978,31.252724],[121.497868,31.25267],[121.497773,31.25261],[121.497672,31.252536],[121.497202,31.252179],[121.497129,31.252119],[121.497049,31.252071],[121.496796,31.251937],[121.49639,31.251722]]}},{"type":"Feature","properties":{"osm_id":39688861,"highway":"tertiary","name":"旅顺路","ref":null},"geometry":{"type":"LineString","coordinates":[[121.495737,31.249116],[121.495658,31.249241],[121.495555,31.249403],[121.495396,31.249618],[121.495361,31.249675],[121.495336,31.249712]]}},{"type":"Feature","properties":{"osm_id":39688890,"highway":"tertiary","name":"商丘路","ref":null},"geometry":{"type":"LineString","coordinates":[[121.497599,31.249921],[121.497515,31.250047],[121.497179,31.250552],[121.496946,31.250903],[121.496495,31.251577],[121.49639,31.251722],[121.49597,31.252291],[121.495884,31.252395],[121.495748,31.25256],[121.495711,31.252608],[121.495679,31.252654],[121.495657,31.252698],[121.495642,31.25274],[121.495635,31.252785],[121.495633,31.252833],[121.495637,31.252883],[121.495645,31.252935],[121.495678,31.253107],[121.495664,31.253316],[121.495588,31.253487],[121.495545,31.25356],[121.495469,31.253673]]}},{"type":"Feature","properties":{"osm_id":39688905,"highway":"secondary","name":null,"ref":null},"geometry":{"type":"LineString","coordinates":[[121.496676,31.254867],[121.496775,31.254705]]}},{"type":"Feature","properties":{"osm_id":39689040,"highway":"tertiary","name":"海拉尔路","ref":null},"geometry":{"type":"LineString","coordinates":[[121.493472,31.255224],[121.493699,31.255487],[121.494685,31.25663]]}},{"type":"Feature","properties":{"osm_id":39689059,"highway":"tertiary","name":"梧州路","ref":null},"geometry":{"type":"LineString","coordinates":[[121.49275,31.257434],[121.492723,31.257267],[121.49271,31.257238],[121.492717,31.257138],[121.492765,31.256983],[121.492813,31.256837],[121.492918,31.256603],[121.493126,31.256138],[121.4932,31.255973],[121.493314,31.255719],[121.493472,31.255224],[121.493477,31.254867],[121.493447,31.25383],[121.493467,31.253566]]}},{"type":"Feature","properties":{"osm_id":39689165,"highway":"secondary","name":"东大名路","ref":null},"geometry":{"type":"LineString","coordinates":[[121.495092,31.246732],[121.495202,31.246782]]}},{"type":"Feature","properties":{"osm_id":39693566,"highway":"tertiary","name":"海门路","ref":null},"geometry":{"type":"LineString","coordinates":[[121.50805,31.253935],[121.508559,31.253144],[121.509037,31.252468],[121.509121,31.252334],[121.509166,31.252221]]}},{"type":"Feature","properties":{"osm_id":39697701,"highway":"tertiary","name":"外咸瓜路","ref":null},"geometry":{"type":"LineString","coordinates":[[121.498582,31.225146],[121.499288,31.223972],[121.499537,31.22359],[121.499823,31.22315],[121.50039,31.222271],[121.500741,31.221561],[121.500782,31.221483],[121.500837,31.221338]]}},{"type":"Feature","properties":{"osm_id":39697834,"highway":"secondary","name":"复兴东路","ref":null},"geometry":{"type":"LineString","coordinates":[[121.494851,31.221927],[121.495053,31.221902],[121.495301,31.221864],[121.495399,31.221855],[121.495679,31.221806],[121.496007,31.221724],[121.496488,31.221586],[121.497173,31.221329],[121.497268,31.22129],[121.497605,31.221199],[121.497966,31.221084],[121.498588,31.220902],[121.498911,31.22085],[121.499065,31.220845]]}},{"type":"Feature","properties":{"osm_id":39750941,"highway":"secondary","name":"河南南路","ref":null},"geometry":{"type":"LineString","coordinates":[[121.491619,31.218377],[121.491661,31.218264],[121.491758,31.217947],[121.491844,31.217718],[121.491897,31.217524],[121.491966,31.217281],[121.492047,31.217033],[121.492082,31.2169],[121.492115,31.216773],[121.492149,31.216613],[121.492162,31.216574],[121.4922,31.216402],[121.492336,31.215893],[121.492535,31.215194],[121.492566,31.21507],[121.492592,31.214969],[121.492716,31.214405],[121.492862,31.213925],[121.493011,31.213289],[121.493101,31.212786]]}},{"type":"Feature","properties":{"osm_id":39750944,"highway":"secondary","name":"河南南路","ref":null},"geometry":{"type":"LineString","coordinates":[[121.492674,31.215089],[121.492646,31.215215],[121.492576,31.215567],[121.492471,31.215917],[121.492257,31.216672],[121.492156,31.21702],[121.492122,31.217122],[121.492101,31.217222],[121.492029,31.217496],[121.491969,31.21769],[121.491792,31.218196],[121.491756,31.218314],[121.491707,31.218444],[121.491671,31.21854],[121.491555,31.218779],[121.491353,31.219149],[121.491003,31.219886]]}},{"type":"Feature","properties":{"osm_id":39751079,"highway":"tertiary","name":"蓬莱路","ref":null},"geometry":{"type":"LineString","coordinates":[[121.491707,31.218444],[121.491619,31.218377],[121.491519,31.218302],[121.490708,31.217935],[121.490053,31.217595],[121.489849,31.217493],[121.48971,31.217424],[121.489488,31.217313],[121.488876,31.217],[121.488097,31.2166],[121.487904,31.216501],[121.487664,31.216378],[121.487385,31.216218],[121.487164,31.216094]]}},{"type":"Feature","properties":{"osm_id":39839504,"highway":"tertiary","name":"湖北路","ref":null},"geometry":{"type":"LineString","coordinates":[[121.478453,31.235521],[121.4786,31.235427],[121.478711,31.235356],[121.479575,31.234806]]}},{"type":"Feature","properties":{"osm_id":39839521,"highway":"tertiary","name":"海口路","ref":null},"geometry":{"type":"LineString","coordinates":[[121.481332,31.23194],[121.481048,31.231219],[121.480985,31.231041]]}},{"type":"Feature","properties":{"osm_id":39874526,"highway":"secondary","name":"陆家嘴环路","ref":null},"geometry":{"type":"LineString","coordinates":[[121.500531,31.237987],[121.500558,31.237855],[121.500572,31.237788],[121.500582,31.237696],[121.500572,31.237524]]}},{"type":"Feature","properties":{"osm_id":39918842,"highway":"tertiary","name":"江西南路","ref":null},"geometry":{"type":"LineString","coordinates":[[121.488709,31.230703],[121.48849,31.231237],[121.488532,31.231329],[121.48848,31.231499]]}},{"type":"Feature","properties":{"osm_id":39920593,"highway":"tertiary","name":"人民路","ref":null},"geometry":{"type":"LineString","coordinates":[[121.483231,31.223192],[121.483137,31.223517],[121.483072,31.223718],[121.483035,31.223828],[121.482978,31.224119],[121.482956,31.22432],[121.482848,31.225108],[121.482844,31.225154],[121.482836,31.22526],[121.482896,31.225561],[121.483118,31.225971],[121.4832,31.226091],[121.483279,31.226206],[121.483421,31.226413],[121.483781,31.227061]]}},{"type":"Feature","properties":{"osm_id":39921192,"highway":"secondary","name":"西藏南路","ref":null},"geometry":{"type":"LineString","coordinates":[[121.480427,31.225654],[121.480289,31.225941],[121.480145,31.226192],[121.480038,31.226353],[121.479974,31.226428],[121.479814,31.226618]]}},{"type":"Feature","properties":{"osm_id":40036882,"highway":"secondary","name":"河南南路","ref":null},"geometry":{"type":"LineString","coordinates":[[121.487375,31.227736],[121.487448,31.227329],[121.487592,31.226647],[121.487606,31.226585]]}},{"type":"Feature","properties":{"osm_id":40040114,"highway":"tertiary","name":"东门路","ref":null},"geometry":{"type":"LineString","coordinates":[[121.499872,31.225468],[121.499554,31.225389],[121.498582,31.225146],[121.497656,31.225008],[121.497494,31.224957]]}},{"type":"Feature","properties":{"osm_id":40109218,"highway":"tertiary","name":"大兴街","ref":null},"geometry":{"type":"LineString","coordinates":[[121.48963,31.212377],[121.489113,31.213009],[121.48869,31.213479],[121.488186,31.21404]]}},{"type":"Feature","properties":{"osm_id":40109240,"highway":"tertiary","name":"安澜路","ref":null},"geometry":{"type":"LineString","coordinates":[[121.485074,31.215162],[121.485779,31.215418],[121.486412,31.215693],[121.486811,31.215887]]}},{"type":"Feature","properties":{"osm_id":40113020,"highway":"secondary","name":"河南中路","ref":null},"geometry":{"type":"LineString","coordinates":[[121.483294,31.241386],[121.483549,31.240851],[121.483689,31.240507],[121.483715,31.240443]]}},{"type":"Feature","properties":{"osm_id":40113058,"highway":"secondary","name":"四川北路","ref":null},"geometry":{"type":"LineString","coordinates":[[121.483369,31.255137],[121.483358,31.255201],[121.483348,31.255287],[121.483344,31.255519],[121.483349,31.255797],[121.483348,31.255843],[121.483345,31.25589],[121.48334,31.255936],[121.483333,31.255982],[121.483296,31.256165],[121.483248,31.25641],[121.483195,31.256657],[121.483174,31.256746],[121.483149,31.256857],[121.48312,31.257016],[121.483054,31.257241],[121.482948,31.257576],[121.482879,31.257786],[121.482864,31.257841],[121.482856,31.257903],[121.482863,31.257982],[121.483047,31.258781],[121.483059,31.258829]]}},{"type":"Feature","properties":{"osm_id":40297647,"highway":"primary","name":"延安东路","ref":null},"geometry":{"type":"LineString","coordinates":[[121.478526,31.228549],[121.478953,31.228832],[121.479069,31.228895],[121.479187,31.228959],[121.479549,31.229143],[121.480203,31.229452]]}},{"type":"Feature","properties":{"osm_id":40297715,"highway":"secondary","name":"淮海东路","ref":null},"geometry":{"type":"LineString","coordinates":[[121.480427,31.225654],[121.481439,31.22607],[121.481771,31.226206],[121.482562,31.226531],[121.483179,31.226784],[121.483328,31.226845],[121.483642,31.226974]]}},{"type":"Feature","properties":{"osm_id":40301235,"highway":"primary","name":"中山东二路","ref":null},"geometry":{"type":"LineString","coordinates":[[121.498761,31.227079],[121.498479,31.227327],[121.497465,31.228193],[121.49655,31.228964],[121.495523,31.22983],[121.495483,31.229867],[121.495362,31.229982]]}},{"type":"Feature","properties":{"osm_id":40301368,"highway":"secondary","name":"中山东一路","ref":null},"geometry":{"type":"LineString","coordinates":[[121.49192,31.233273],[121.491805,31.233478],[121.491667,31.233752],[121.491553,31.23399],[121.491441,31.234195],[121.491336,31.234367],[121.491264,31.234479],[121.491214,31.234554],[121.491168,31.234618],[121.491062,31.234777],[121.490882,31.235041],[121.490669,31.235372],[121.490587,31.235535],[121.490535,31.235651],[121.490492,31.23578],[121.490443,31.235993],[121.490401,31.236232],[121.490373,31.236463],[121.490324,31.236867],[121.490314,31.236956],[121.490301,31.237059],[121.490282,31.237226],[121.490206,31.237786],[121.490191,31.237906],[121.490179,31.238018],[121.490105,31.238514],[121.49008,31.238752],[121.490073,31.238948],[121.49008,31.239102],[121.490089,31.239225],[121.490104,31.239348],[121.490166,31.23967],[121.490206,31.239853]]}},{"type":"Feature","properties":{"osm_id":40779706,"highway":"primary","name":"陆家嘴东路","ref":null},"geometry":{"type":"LineString","coordinates":[[121.507776,31.236574],[121.50743,31.23651],[121.507124,31.236472],[121.506936,31.236455],[121.506783,31.236453],[121.506655,31.236453],[121.506514,31.236463],[121.506246,31.236498],[121.505932,31.236556],[121.505614,31.236633]]}},{"type":"Feature","properties":{"osm_id":40779710,"highway":"tertiary_link","name":null,"ref":null},"geometry":{"type":"LineString","coordinates":[[121.507776,31.236574],[121.507558,31.236587],[121.507217,31.236549],[121.50682,31.236525],[121.506521,31.236542],[121.505923,31.236638],[121.505312,31.236822],[121.504801,31.236998],[121.504327,31.237189]]}},{"type":"Feature","properties":{"osm_id":40784417,"highway":"secondary","name":"浦城路","ref":null},"geometry":{"type":"LineString","coordinates":[[121.509283,31.233248],[121.509398,31.23302],[121.509463,31.23288]]}},{"type":"Feature","properties":{"osm_id":40784418,"highway":"secondary","name":"陆家嘴环路","ref":null},"geometry":{"type":"LineString","coordinates":[[121.509399,31.233411],[121.50936,31.233522],[121.509336,31.233627],[121.509321,31.233714],[121.509315,31.23381],[121.509305,31.234021],[121.509281,31.234598]]}},{"type":"Feature","properties":{"osm_id":40784445,"highway":"primary","name":"陆家嘴环路","ref":null},"geometry":{"type":"LineString","coordinates":[[121.50912,31.235563],[121.509111,31.235616],[121.509064,31.235838],[121.508978,31.236205],[121.508919,31.236436],[121.508902,31.236486],[121.508863,31.236589],[121.508803,31.236722]]}},{"type":"Feature","properties":{"osm_id":40784465,"highway":"secondary","name":"陆家嘴环路","ref":null},"geometry":{"type":"LineString","coordinates":[[121.507424,31.238877],[121.507602,31.238473],[121.507753,31.238214],[121.50793,31.237931],[121.50805,31.237711],[121.508353,31.237058],[121.508369,31.237026],[121.508483,31.236796]]}},{"type":"Feature","properties":{"osm_id":40784645,"highway":"primary","name":"陆家嘴东路","ref":null},"geometry":{"type":"LineString","coordinates":[[121.505611,31.236382],[121.505748,31.236359],[121.505998,31.236337],[121.506277,31.236321],[121.506688,31.236326],[121.50692,31.236332],[121.50716,31.236344],[121.507443,31.23637],[121.507746,31.236413],[121.508078,31.236488],[121.508249,31.236534],[121.508339,31.23656],[121.508567,31.236625]]}},{"type":"Feature","properties":{"osm_id":40784659,"highway":"secondary","name":"银城路","ref":null},"geometry":{"type":"LineString","coordinates":[[121.517133,31.241626],[121.51577,31.241822],[121.515162,31.241898],[121.514311,31.242007],[121.513686,31.242068],[121.513421,31.242082],[121.513226,31.242092],[121.513103,31.242099],[121.513029,31.242102],[121.51247,31.242103],[121.512283,31.242103],[121.511279,31.242065],[121.511042,31.242033],[121.510824,31.242004],[121.509977,31.24189],[121.509242,31.24177],[121.508539,31.241604],[121.508376,31.241548]]}},{"type":"Feature","properties":{"osm_id":40784677,"highway":"secondary","name":"浦城路","ref":null},"geometry":{"type":"LineString","coordinates":[[121.510213,31.232006],[121.509804,31.232717],[121.50947,31.233281],[121.509446,31.233321]]}},{"type":"Feature","properties":{"osm_id":40784707,"highway":"tertiary","name":"花园石桥路","ref":null},"geometry":{"type":"LineString","coordinates":[[121.504065,31.23461],[121.503843,31.234633],[121.503652,31.234653],[121.503521,31.234666],[121.503232,31.234692],[121.503016,31.234708],[121.50291,31.234716],[121.502743,31.234686],[121.502501,31.234632],[121.502171,31.234539],[121.501937,31.234443],[121.501744,31.234338],[121.501655,31.234304],[121.501546,31.234238]]}},{"type":"Feature","properties":{"osm_id":43926433,"highway":"secondary","name":"吴淞路","ref":null},"geometry":{"type":"LineString","coordinates":[[121.489635,31.245894],[121.489652,31.246062],[121.48967,31.246215],[121.489693,31.246405],[121.489752,31.246827],[121.489829,31.247517],[121.489816,31.247861],[121.489824,31.24807]]}},{"type":"Feature","properties":{"osm_id":43927096,"highway":"primary","name":"世纪大道","ref":null},"geometry":{"type":"LineString","coordinates":[[121.538455,31.222442],[121.538365,31.222432],[121.538356,31.222432]]}},{"type":"Feature","properties":{"osm_id":43927115,"highway":"secondary","name":"源深路","ref":null},"geometry":{"type":"LineString","coordinates":[[121.535096,31.230555],[121.535032,31.230652],[121.5346,31.231294],[121.534222,31.231961],[121.534077,31.232274],[121.533946,31.23255],[121.533917,31.232612]]}},{"type":"Feature","properties":{"osm_id":43927157,"highway":"secondary","name":null,"ref":null},"geometry":{"type":"LineString","coordinates":[[121.53881,31.223043],[121.538819,31.222956],[121.538815,31.222879],[121.538781,31.222776],[121.538696,31.222645]]}},{"type":"Feature","properties":{"osm_id":46975377,"highway":"secondary","name":"河南中路","ref":null},"geometry":{"type":"LineString","coordinates":[[121.486788,31.231075],[121.486745,31.231137],[121.486713,31.231191],[121.48665,31.231336],[121.486608,31.231507],[121.486592,31.231574],[121.4865,31.231982],[121.486425,31.232312],[121.486399,31.232423],[121.486305,31.232836],[121.486192,31.233318],[121.486122,31.233616],[121.486087,31.233731],[121.48597,31.234113],[121.485878,31.2345],[121.485817,31.23474]]}},{"type":"Feature","properties":{"osm_id":46975399,"highway":"secondary","name":"河南中路","ref":null},"geometry":{"type":"LineString","coordinates":[[121.485683,31.234705],[121.485845,31.234085],[121.485882,31.233952],[121.485962,31.233674],[121.486053,31.233313],[121.486166,31.232812],[121.486281,31.232266],[121.486499,31.231374],[121.486529,31.231276],[121.486565,31.231208]]}},{"type":"Feature","properties":{"osm_id":47088302,"highway":"secondary","name":"西藏南路","ref":null},"geometry":{"type":"LineString","coordinates":[[121.483966,31.217392],[121.483538,31.21811],[121.483171,31.218662],[121.483084,31.218837]]}},{"type":"Feature","properties":{"osm_id":47150988,"highway":"secondary","name":"九江路","ref":null},"geometry":{"type":"LineString","coordinates":[[121.485117,31.23662],[121.484953,31.236585],[121.484229,31.236413],[121.483385,31.236185],[121.482781,31.236001],[121.482117,31.235781],[121.481905,31.235705],[121.48164,31.235604],[121.481303,31.235467],[121.480697,31.235216]]}},{"type":"Feature","properties":{"osm_id":47150994,"highway":"tertiary","name":"湖北路","ref":null},"geometry":{"type":"LineString","coordinates":[[121.479575,31.234806],[121.479902,31.2346],[121.480153,31.234441],[121.48027,31.234339],[121.480316,31.234271]]}},{"type":"Feature","properties":{"osm_id":47157282,"highway":"secondary","name":"西藏南路","ref":null},"geometry":{"type":"LineString","coordinates":[[121.47841,31.228501],[121.478588,31.228185],[121.478858,31.227793],[121.47953,31.226761],[121.479577,31.226689],[121.479684,31.226561]]}},{"type":"Feature","properties":{"osm_id":47270544,"highway":"tertiary","name":"南苏州路","ref":null},"geometry":{"type":"LineString","coordinates":[[121.485906,31.243386],[121.486477,31.243473],[121.487031,31.243544],[121.487274,31.243581],[121.487415,31.243594],[121.487504,31.243604]]}},{"type":"Feature","properties":{"osm_id":47279968,"highway":"tertiary","name":"崂山路","ref":null},"geometry":{"type":"LineString","coordinates":[[121.51594,31.238007],[121.515899,31.237997],[121.515862,31.23798],[121.515824,31.237947],[121.515799,31.237905],[121.515791,31.237859],[121.5158,31.237812],[121.515812,31.237792],[121.515827,31.237768],[121.51587,31.237734],[121.515923,31.237714],[121.515982,31.23771],[121.516038,31.237723],[121.516086,31.237751],[121.51612,31.237791],[121.516137,31.237839],[121.516135,31.237889],[121.516115,31.237933],[121.516081,31.23797],[121.516035,31.237995],[121.515982,31.238007],[121.51594,31.238007]]}},{"type":"Feature","properties":{"osm_id":47279971,"highway":"tertiary","name":"崂山路","ref":null},"geometry":{"type":"LineString","coordinates":[[121.516135,31.237889],[121.516222,31.237921],[121.516918,31.23817],[121.517382,31.238343],[121.517451,31.238368],[121.517606,31.238424],[121.517672,31.238434],[121.517734,31.238432],[121.517786,31.238417],[121.517831,31.238393],[121.517876,31.238362],[121.517906,31.238324],[121.517929,31.238283],[121.517949,31.238246],[121.518581,31.236981]]}},{"type":"Feature","properties":{"osm_id":47279976,"highway":"tertiary_link","name":null,"ref":null},"geometry":{"type":"LineString","coordinates":[[121.522283,31.230953],[121.521515,31.231265],[121.521347,31.231378],[121.52127,31.23147],[121.521267,31.231483]]}},{"type":"Feature","properties":{"osm_id":47279978,"highway":"tertiary","name":"东泰路","ref":null},"geometry":{"type":"LineString","coordinates":[[121.506372,31.235947],[121.506451,31.235852],[121.506492,31.235759],[121.506485,31.235694],[121.506488,31.235608],[121.506489,31.235383],[121.50649,31.235317],[121.506487,31.235029],[121.506485,31.234328],[121.506493,31.234238]]}},{"type":"Feature","properties":{"osm_id":47279986,"highway":"secondary","name":"陆家嘴环路","ref":null},"geometry":{"type":"LineString","coordinates":[[121.502981,31.240817],[121.502835,31.240726],[121.502446,31.240483],[121.502035,31.240196],[121.501754,31.239976],[121.501582,31.239825],[121.50142,31.239678],[121.501261,31.23949],[121.501132,31.239323],[121.500991,31.239099],[121.500761,31.238675],[121.500653,31.238541]]}},{"type":"Feature","properties":{"osm_id":47280266,"highway":"secondary","name":"昌邑路","ref":null},"geometry":{"type":"LineString","coordinates":[[121.543391,31.247487],[121.543168,31.247333],[121.542682,31.247022],[121.542382,31.246825],[121.541419,31.246193],[121.54036,31.245793],[121.539965,31.245674],[121.539379,31.245498],[121.539249,31.245472],[121.539113,31.245453],[121.537758,31.245199],[121.537136,31.24505],[121.533904,31.244239],[121.533577,31.244145],[121.532615,31.243889],[121.530901,31.243446],[121.530622,31.243371],[121.529746,31.243136],[121.52877,31.242874],[121.528457,31.242783],[121.528025,31.242658]]}},{"type":"Feature","properties":{"osm_id":47281518,"highway":"secondary","name":"东方路","ref":null},"geometry":{"type":"LineString","coordinates":[[121.525329,31.228931],[121.526173,31.226861],[121.526293,31.226512]]}},{"type":"Feature","properties":{"osm_id":47281523,"highway":"secondary_link","name":null,"ref":null},"geometry":{"type":"LineString","coordinates":[[121.523994,31.229549],[121.524332,31.22961],[121.524378,31.229618],[121.524495,31.229615],[121.524742,31.229558],[121.52496,31.229439],[121.525055,31.229358]]}},{"type":"Feature","properties":{"osm_id":47281525,"highway":"secondary","name":"东方路","ref":null},"geometry":{"type":"LineString","coordinates":[[121.524671,31.23064],[121.52409,31.231891]]}},{"type":"Feature","properties":{"osm_id":47281526,"highway":"secondary","name":"东方路","ref":null},"geometry":{"type":"LineString","coordinates":[[121.524586,31.230621],[121.525329,31.228931]]}},{"type":"Feature","properties":{"osm_id":47281527,"highway":"secondary","name":"东方路","ref":null},"geometry":{"type":"LineString","coordinates":[[121.525407,31.228953],[121.524671,31.23064]]}},{"type":"Feature","properties":{"osm_id":47281528,"highway":"secondary_link","name":null,"ref":null},"geometry":{"type":"LineString","coordinates":[[121.525795,31.23031],[121.525528,31.230287],[121.525455,31.230291],[121.525387,31.230317],[121.525319,31.230349],[121.525223,31.230401],[121.525107,31.230423],[121.524977,31.230435],[121.52489,31.230454],[121.524835,31.230498]]}},{"type":"Feature","properties":{"osm_id":47281529,"highway":"secondary_link","name":null,"ref":null},"geometry":{"type":"LineString","coordinates":[[121.524198,31.231169],[121.524256,31.23089],[121.524256,31.230809],[121.524234,31.23073],[121.524132,31.230594],[121.524124,31.230584],[121.524045,31.230538],[121.523941,31.230506]]}},{"type":"Feature","properties":{"osm_id":47281530,"highway":"secondary_link","name":null,"ref":null},"geometry":{"type":"LineString","coordinates":[[121.523727,31.230299],[121.523922,31.230145],[121.52398,31.230035]]}},{"type":"Feature","properties":{"osm_id":47281535,"highway":"secondary","name":"大连路隧道","ref":null},"geometry":{"type":"LineString","coordinates":[[121.520451,31.239056],[121.52027,31.239375],[121.520137,31.239596],[121.520068,31.239772],[121.520016,31.239938],[121.519889,31.240554],[121.519845,31.240923],[121.519834,31.241161],[121.519814,31.241766],[121.519808,31.242464],[121.519828,31.243302],[121.519947,31.244675],[121.520025,31.245214],[121.520247,31.246344],[121.520325,31.24685],[121.520377,31.247685],[121.520364,31.248009],[121.520314,31.24846],[121.520113,31.249302],[121.519997,31.249591],[121.519822,31.249914],[121.51961,31.250232],[121.519323,31.250609],[121.51768,31.25197],[121.517344,31.25242],[121.517087,31.252792],[121.516809,31.253199]]}},{"type":"Feature","properties":{"osm_id":47281536,"highway":"secondary","name":"大连路隧道","ref":null},"geometry":{"type":"LineString","coordinates":[[121.520345,31.239028],[121.521608,31.236525]]}},{"type":"Feature","properties":{"osm_id":47283775,"highway":"secondary","name":"浦明路","ref":null},"geometry":{"type":"LineString","coordinates":[[121.505195,31.230149],[121.504923,31.230522]]}},{"type":"Feature","properties":{"osm_id":47283776,"highway":"secondary","name":"浦明路","ref":null},"geometry":{"type":"LineString","coordinates":[[121.50479,31.230479],[121.505195,31.230149]]}},{"type":"Feature","properties":{"osm_id":47283780,"highway":"tertiary","name":"浦城路","ref":null},"geometry":{"type":"LineString","coordinates":[[121.510101,31.231865],[121.510255,31.231766]]}},{"type":"Feature","properties":{"osm_id":47283890,"highway":"secondary","name":"复兴东路隧道 (上层)","ref":null},"geometry":{"type":"LineString","coordinates":[[121.513905,31.22624],[121.515137,31.226668]]}},{"type":"Feature","properties":{"osm_id":47283891,"highway":"secondary","name":"复兴东路隧道 (上层)","ref":null},"geometry":{"type":"LineString","coordinates":[[121.498773,31.220968],[121.499086,31.220932],[121.499444,31.220963],[121.499696,31.221026],[121.500169,31.221144],[121.501084,31.221469],[121.50175,31.221757],[121.502995,31.222286],[121.503231,31.22238],[121.503587,31.222514],[121.504084,31.222691],[121.506562,31.223594],[121.513905,31.22624]]}},{"type":"Feature","properties":{"osm_id":47283892,"highway":"secondary","name":"复兴东路隧道 (上层)","ref":null},"geometry":{"type":"LineString","coordinates":[[121.498802,31.221048],[121.498339,31.221137],[121.497691,31.221337],[121.497518,31.221424],[121.49719,31.221606],[121.496916,31.221747]]}},{"type":"Feature","properties":{"osm_id":47283894,"highway":"secondary","name":"复兴东路隧道 (下层)","ref":null},"geometry":{"type":"LineString","coordinates":[[121.521044,31.228831],[121.520508,31.228597],[121.518876,31.228094]]}},{"type":"Feature","properties":{"osm_id":47283896,"highway":"secondary","name":"复兴东路隧道 (下层)","ref":null},"geometry":{"type":"LineString","coordinates":[[121.518896,31.228035],[121.520119,31.228401],[121.520599,31.228565],[121.52109,31.228677]]}},{"type":"Feature","properties":{"osm_id":47283897,"highway":"secondary","name":"复兴东路隧道 (上层)","ref":null},"geometry":{"type":"LineString","coordinates":[[121.515143,31.226867],[121.513838,31.226351]]}},{"type":"Feature","properties":{"osm_id":47283898,"highway":"secondary","name":"复兴东路隧道 (下层)","ref":null},"geometry":{"type":"LineString","coordinates":[[121.496558,31.221758],[121.49623,31.221853],[121.495827,31.221926],[121.49527,31.221994],[121.495111,31.22202],[121.494829,31.222118]]}},{"type":"Feature","properties":{"osm_id":47313767,"highway":"primary","name":"浦东南路","ref":null},"geometry":{"type":"LineString","coordinates":[[121.515991,31.228274],[121.516949,31.225718]]}},{"type":"Feature","properties":{"osm_id":47313768,"highway":"primary","name":"浦东南路","ref":null},"geometry":{"type":"LineString","coordinates":[[121.517031,31.225749],[121.516068,31.228287]]}},{"type":"Feature","properties":{"osm_id":47313769,"highway":"primary","name":"浦东南路","ref":null},"geometry":{"type":"LineString","coordinates":[[121.516068,31.228287],[121.515723,31.22923]]}},{"type":"Feature","properties":{"osm_id":47313770,"highway":"primary","name":"浦东南路","ref":null},"geometry":{"type":"LineString","coordinates":[[121.516949,31.225718],[121.517237,31.224728]]}},{"type":"Feature","properties":{"osm_id":47405752,"highway":"secondary","name":"天潼路","ref":null},"geometry":{"type":"LineString","coordinates":[[121.482273,31.243778],[121.482205,31.243758],[121.482146,31.243747],[121.482097,31.24374],[121.482022,31.243734],[121.481429,31.243677],[121.481272,31.243665],[121.481154,31.243657],[121.48025,31.243559],[121.479607,31.243494],[121.478532,31.243405],[121.477861,31.243355],[121.476701,31.243242],[121.476196,31.243173]]}},{"type":"Feature","properties":{"osm_id":47405758,"highway":"secondary","name":"吴淞路","ref":null},"geometry":{"type":"LineString","coordinates":[[121.488908,31.251052],[121.488979,31.250669],[121.489089,31.250289],[121.489149,31.250045],[121.489205,31.24989],[121.489266,31.249679],[121.489396,31.249258],[121.4895,31.248923],[121.489599,31.248555],[121.489609,31.248497],[121.489687,31.248035]]}},{"type":"Feature","properties":{"osm_id":47405949,"highway":"secondary","name":"吴淞路","ref":null},"geometry":{"type":"LineString","coordinates":[[121.489622,31.245801],[121.489635,31.245894]]}},{"type":"Feature","properties":{"osm_id":47405951,"highway":"primary","name":"外滩隧道","ref":null},"geometry":{"type":"LineString","coordinates":[[121.488908,31.251052],[121.489072,31.250707],[121.489236,31.250128],[121.489443,31.249485],[121.489552,31.249138]]}},{"type":"Feature","properties":{"osm_id":48876384,"highway":"tertiary_link","name":"陆家嘴环路","ref":null},"geometry":{"type":"LineString","coordinates":[[121.49999,31.237843],[121.500197,31.237881],[121.500307,31.237881],[121.500393,31.237859],[121.500462,31.237821],[121.500493,31.237779],[121.500517,31.237728],[121.500537,31.237656],[121.500572,31.237524]]}},{"type":"Feature","properties":{"osm_id":48985076,"highway":"secondary","name":"河南北路","ref":null},"geometry":{"type":"LineString","coordinates":[[121.482381,31.243809],[121.482381,31.243907],[121.482381,31.243963],[121.482376,31.244031],[121.482282,31.244736],[121.482222,31.245188],[121.482196,31.245342],[121.482185,31.245408],[121.482141,31.245628],[121.482105,31.245791],[121.482061,31.245947],[121.48186,31.246612],[121.481802,31.246803],[121.48172,31.247058],[121.481623,31.24731],[121.48158,31.24742],[121.481469,31.247663],[121.481416,31.247752]]}},{"type":"Feature","properties":{"osm_id":49170997,"highway":"tertiary","name":"武进路","ref":null},"geometry":{"type":"LineString","coordinates":[[121.479638,31.249892],[121.479582,31.249858],[121.479533,31.249827]]}},{"type":"Feature","properties":{"osm_id":49171011,"highway":"tertiary","name":"东宝兴路","ref":null},"geometry":{"type":"LineString","coordinates":[[121.480371,31.258654],[121.480425,31.258643],[121.480466,31.258635],[121.480515,31.258623],[121.48057,31.258608],[121.48079,31.25854],[121.481002,31.258467],[121.481148,31.258414],[121.481329,31.258342],[121.48167,31.258201],[121.48186,31.25812],[121.481962,31.258077],[121.482035,31.258047],[121.482125,31.258015],[121.482244,31.257979],[121.482633,31.257857],[121.482879,31.257786]]}},{"type":"Feature","properties":{"osm_id":49202192,"highway":"tertiary","name":"秦皇岛路","ref":null},"geometry":{"type":"LineString","coordinates":[[121.516399,31.250889],[121.516444,31.250768],[121.516473,31.250654],[121.516491,31.250557],[121.516504,31.250436],[121.516505,31.250338],[121.516482,31.249716]]}},{"type":"Feature","properties":{"osm_id":49202200,"highway":"secondary","name":"杨树浦路","ref":null},"geometry":{"type":"LineString","coordinates":[[121.516009,31.251633],[121.51674,31.251716],[121.517489,31.251816]]}},{"type":"Feature","properties":{"osm_id":49219225,"highway":"secondary","name":"新建路隧道","ref":null},"geometry":{"type":"LineString","coordinates":[[121.505885,31.240028],[121.50583,31.239965],[121.50576,31.239894],[121.505619,31.239768],[121.505126,31.239369]]}},{"type":"Feature","properties":{"osm_id":49219226,"highway":"secondary","name":"新建路隧道","ref":null},"geometry":{"type":"LineString","coordinates":[[121.506732,31.240013],[121.506019,31.240973],[121.505619,31.241511],[121.504404,31.243329],[121.500689,31.249156],[121.50002,31.250316],[121.499846,31.250619],[121.499542,31.251051],[121.49924,31.251437]]}},{"type":"Feature","properties":{"osm_id":49219232,"highway":"secondary_link","name":"新建路隧道","ref":null},"geometry":{"type":"LineString","coordinates":[[121.498339,31.252408],[121.498419,31.252296],[121.498474,31.252226],[121.498538,31.252146],[121.498586,31.252083],[121.498709,31.251938],[121.49885,31.251785],[121.499047,31.251575]]}},{"type":"Feature","properties":{"osm_id":49219234,"highway":"secondary","name":"新建路隧道","ref":null},"geometry":{"type":"LineString","coordinates":[[121.507762,31.238649],[121.507631,31.23882]]}},{"type":"Feature","properties":{"osm_id":49224795,"highway":"secondary","name":"人民路隧道","ref":null},"geometry":{"type":"LineString","coordinates":[[121.507838,31.231299],[121.507446,31.231198],[121.506359,31.230952],[121.505765,31.230815],[121.50541,31.230727],[121.505025,31.23063],[121.504479,31.230463],[121.504027,31.230297],[121.503505,31.230093],[121.502917,31.22992],[121.502654,31.229855],[121.502412,31.229801],[121.502125,31.229743],[121.501878,31.22969],[121.501594,31.229647],[121.501307,31.229611],[121.501005,31.229596],[121.500713,31.229588],[121.500394,31.229601],[121.500077,31.229634],[121.499745,31.229675],[121.499374,31.229725],[121.499048,31.22976],[121.498714,31.229778],[121.498357,31.22979],[121.498,31.22979],[121.497627,31.229771],[121.497225,31.229734],[121.496771,31.229682],[121.496417,31.229642],[121.496079,31.2296]]}},{"type":"Feature","properties":{"osm_id":49224800,"highway":"secondary","name":"人民路隧道","ref":null},"geometry":{"type":"LineString","coordinates":[[121.490089,31.229446],[121.490542,31.229473],[121.490962,31.229471],[121.491671,31.229457],[121.49197,31.22944],[121.494069,31.229369],[121.494448,31.229373],[121.49482,31.229389],[121.495403,31.229427]]}},{"type":"Feature","properties":{"osm_id":49224804,"highway":"secondary","name":"人民路","ref":null},"geometry":{"type":"LineString","coordinates":[[121.484226,31.227419],[121.484434,31.227518],[121.484513,31.227587],[121.484754,31.227809],[121.484906,31.227903],[121.485137,31.228016],[121.485341,31.228107],[121.486057,31.228371],[121.486291,31.228459],[121.486965,31.228707],[121.487076,31.228745],[121.487161,31.228774]]}},{"type":"Feature","properties":{"osm_id":49225334,"highway":"secondary","name":"天潼路","ref":null},"geometry":{"type":"LineString","coordinates":[[121.484427,31.244592],[121.484324,31.244516],[121.484141,31.244398],[121.483904,31.24423],[121.483795,31.244157],[121.483676,31.244103],[121.483643,31.244093],[121.48361,31.244085],[121.483573,31.244079],[121.483534,31.244076],[121.48336,31.244075],[121.483295,31.244071],[121.483233,31.244065],[121.483178,31.244055],[121.483118,31.244041],[121.483034,31.244014],[121.482689,31.243903],[121.482381,31.243809]]}},{"type":"Feature","properties":{"osm_id":49225612,"highway":"primary","name":"四平路","ref":null},"geometry":{"type":"LineString","coordinates":[[121.486975,31.254068],[121.486977,31.254154],[121.486987,31.254242],[121.487034,31.254345],[121.487178,31.254641],[121.487595,31.255497],[121.487712,31.255744]]}},{"type":"Feature","properties":{"osm_id":49227388,"highway":"secondary","name":"复兴东路","ref":null},"geometry":{"type":"LineString","coordinates":[[121.50317,31.222446],[121.503086,31.222414],[121.502978,31.222372]]}},{"type":"Feature","properties":{"osm_id":49233711,"highway":"secondary","name":"浦东南路","ref":null},"geometry":{"type":"LineString","coordinates":[[121.510703,31.238072],[121.510544,31.238344],[121.510205,31.238873],[121.509894,31.239343],[121.509747,31.239577]]}},{"type":"Feature","properties":{"osm_id":49233715,"highway":"primary","name":"浦东南路","ref":null},"geometry":{"type":"LineString","coordinates":[[121.510644,31.237902],[121.510799,31.237647],[121.511156,31.237058],[121.511184,31.237012],[121.511214,31.236963],[121.511865,31.235882],[121.511904,31.235816],[121.512492,31.234839],[121.512701,31.234492],[121.512728,31.234447],[121.512809,31.234312]]}},{"type":"Feature","properties":{"osm_id":50323215,"highway":"secondary","name":"复兴东路","ref":null},"geometry":{"type":"LineString","coordinates":[[121.489188,31.22174],[121.488837,31.221633],[121.488441,31.221455],[121.488078,31.221232],[121.48791,31.221111],[121.487764,31.220968]]}},{"type":"Feature","properties":{"osm_id":50323216,"highway":"secondary","name":"复兴东路","ref":null},"geometry":{"type":"LineString","coordinates":[[121.490753,31.22192],[121.490188,31.221899],[121.489708,31.221848],[121.489188,31.22174]]}},{"type":"Feature","properties":{"osm_id":50323222,"highway":"secondary","name":"复兴东路","ref":null},"geometry":{"type":"LineString","coordinates":[[121.487839,31.220891],[121.488126,31.221037],[121.488399,31.221175],[121.488638,31.221307],[121.489217,31.221537]]}},{"type":"Feature","properties":{"osm_id":50323223,"highway":"secondary","name":"复兴东路","ref":null},"geometry":{"type":"LineString","coordinates":[[121.490779,31.221714],[121.491801,31.221787],[121.492145,31.22187]]}},{"type":"Feature","properties":{"osm_id":50323224,"highway":"secondary","name":"复兴东路","ref":null},"geometry":{"type":"LineString","coordinates":[[121.489217,31.221537],[121.489447,31.221602],[121.489803,31.221651],[121.490022,31.221672],[121.490387,31.221691],[121.490779,31.221714]]}},{"type":"Feature","properties":{"osm_id":50325547,"highway":"tertiary","name":"宝通路","ref":null},"geometry":{"type":"LineString","coordinates":[[121.479659,31.253221],[121.479652,31.2534]]}},{"type":"Feature","properties":{"osm_id":50407793,"highway":"secondary","name":"杨树浦路","ref":null},"geometry":{"type":"LineString","coordinates":[[121.535747,31.254292],[121.535996,31.254415]]}},{"type":"Feature","properties":{"osm_id":50407800,"highway":"secondary","name":"杨树浦路","ref":null},"geometry":{"type":"LineString","coordinates":[[121.535996,31.254415],[121.536246,31.254571],[121.53638,31.254665],[121.536571,31.254804],[121.536728,31.254926],[121.536763,31.254955],[121.536951,31.255114],[121.537376,31.255453],[121.537504,31.255577],[121.537708,31.255832],[121.537788,31.255913],[121.537841,31.255966],[121.537942,31.256042],[121.538068,31.256117],[121.538191,31.256185],[121.538262,31.256221],[121.538984,31.256691],[121.539112,31.256811],[121.54002,31.25764],[121.54016,31.257765],[121.540227,31.257958],[121.54061,31.258214],[121.541118,31.258551],[121.541393,31.258724]]}},{"type":"Feature","properties":{"osm_id":50775228,"highway":"secondary","name":"大连路隧道","ref":null},"geometry":{"type":"LineString","coordinates":[[121.516809,31.253199],[121.51586,31.254564],[121.515478,31.255129],[121.515209,31.255553]]}},{"type":"Feature","properties":{"osm_id":50775229,"highway":"secondary","name":"大连路隧道","ref":null},"geometry":{"type":"LineString","coordinates":[[121.515042,31.255506],[121.515375,31.255085],[121.516727,31.253146]]}},{"type":"Feature","properties":{"osm_id":51296384,"highway":"tertiary","name":"黄家阙路","ref":null},"geometry":{"type":"LineString","coordinates":[[121.488186,31.21404],[121.487118,31.21547],[121.486811,31.215887]]}},{"type":"Feature","properties":{"osm_id":51296826,"highway":"trunk","name":"银城中路出口","ref":null},"geometry":{"type":"LineString","coordinates":[[121.501902,31.237734],[121.502141,31.237641],[121.503023,31.237302],[121.503501,31.237128],[121.504307,31.236833]]}},{"type":"Feature","properties":{"osm_id":53669861,"highway":"primary","name":"外滩隧道","ref":null},"geometry":{"type":"LineString","coordinates":[[121.499869,31.225801],[121.499472,31.226271],[121.499132,31.226615],[121.498931,31.226815],[121.498575,31.227147],[121.498365,31.227324],[121.497883,31.227737],[121.497106,31.228414],[121.495386,31.22989],[121.493168,31.232048],[121.492774,31.232488],[121.49252,31.232813]]}},{"type":"Feature","properties":{"osm_id":53672070,"highway":"primary","name":"外滩隧道","ref":null},"geometry":{"type":"LineString","coordinates":[[121.488074,31.231381],[121.488182,31.231484],[121.488245,31.231533],[121.488338,31.231591],[121.488424,31.231637],[121.488529,31.231676],[121.488644,31.231706],[121.488809,31.231749],[121.488959,31.231788],[121.48909,31.231825],[121.489222,31.231863],[121.489308,31.231894],[121.489408,31.231931],[121.489498,31.231973],[121.489662,31.232067],[121.4898,31.232145],[121.48994,31.232222],[121.489982,31.232249]]}},{"type":"Feature","properties":{"osm_id":53672092,"highway":"primary","name":"外滩隧道","ref":null},"geometry":{"type":"LineString","coordinates":[[121.489982,31.232249],[121.490371,31.232489],[121.490569,31.232594],[121.490823,31.232722],[121.491,31.232812],[121.491118,31.232861],[121.491243,31.232917],[121.491358,31.232965],[121.491486,31.233012],[121.491565,31.233048],[121.491636,31.233085],[121.491684,31.233121],[121.491711,31.233156],[121.491735,31.233199],[121.491754,31.233247],[121.491769,31.233293],[121.491781,31.23336],[121.491783,31.233448],[121.49178,31.233574],[121.49177,31.233663],[121.491737,31.233803],[121.491621,31.23416],[121.491516,31.234448],[121.491424,31.234667]]}},{"type":"Feature","properties":{"osm_id":53672110,"highway":"primary","name":"外滩隧道","ref":null},"geometry":{"type":"LineString","coordinates":[[121.491305,31.234534],[121.491565,31.233935],[121.4916,31.233827],[121.491648,31.233673],[121.491662,31.233515],[121.491659,31.233445],[121.491658,31.233381],[121.491641,31.2333],[121.491617,31.233237],[121.491589,31.233194],[121.491534,31.233144],[121.491435,31.233099],[121.491084,31.232956],[121.490793,31.232816],[121.490505,31.232665],[121.49027,31.232536],[121.48993,31.232308]]}},{"type":"Feature","properties":{"osm_id":53672154,"highway":"secondary","name":"东长治路","ref":null},"geometry":{"type":"LineString","coordinates":[[121.499589,31.25076],[121.498949,31.250538],[121.498135,31.250254],[121.49807,31.250231],[121.497515,31.250047],[121.496984,31.249817],[121.4968,31.249733],[121.496381,31.249565],[121.495658,31.249241],[121.495493,31.249162],[121.494923,31.248875],[121.493908,31.248357],[121.49372,31.248251],[121.49369,31.248228]]}},{"type":"Feature","properties":{"osm_id":53672179,"highway":"secondary","name":"长治路","ref":null},"geometry":{"type":"LineString","coordinates":[[121.493579,31.248149],[121.493484,31.248081]]}},{"type":"Feature","properties":{"osm_id":53672341,"highway":"tertiary","name":"西安路","ref":null},"geometry":{"type":"LineString","coordinates":[[121.495336,31.249712],[121.495402,31.249837],[121.495471,31.24995],[121.495535,31.250065],[121.495604,31.250183],[121.495702,31.250294],[121.495859,31.25039],[121.496064,31.250493],[121.496308,31.250592],[121.496512,31.25067],[121.496703,31.250767],[121.496946,31.250903]]}},{"type":"Feature","properties":{"osm_id":53672359,"highway":"tertiary","name":"旅顺路","ref":null},"geometry":{"type":"LineString","coordinates":[[121.495218,31.251101],[121.495191,31.251046],[121.495189,31.250983],[121.49517,31.250911],[121.495163,31.250837],[121.495151,31.250771],[121.495108,31.250648],[121.495061,31.250505],[121.49503,31.250397],[121.495029,31.250344],[121.495028,31.250321],[121.495024,31.250252],[121.49505,31.250147],[121.495094,31.250046],[121.495131,31.249983],[121.495224,31.249861],[121.495276,31.249784],[121.495336,31.249712]]}},{"type":"Feature","properties":{"osm_id":53746363,"highway":"primary","name":"吴淞路","ref":null},"geometry":{"type":"LineString","coordinates":[[121.486866,31.254049],[121.486892,31.253945],[121.486977,31.253824],[121.487248,31.253587],[121.487514,31.253369],[121.487589,31.253302],[121.4878,31.253093]]}},{"type":"Feature","properties":{"osm_id":57246638,"highway":"secondary","name":"新开河路","ref":null},"geometry":{"type":"LineString","coordinates":[[121.494718,31.229688],[121.495038,31.229837],[121.495154,31.229884]]}},{"type":"Feature","properties":{"osm_id":69156910,"highway":"primary","name":"大连路","ref":null},"geometry":{"type":"LineString","coordinates":[[121.515209,31.255553],[121.514571,31.25649],[121.514495,31.256602],[121.514402,31.256714],[121.513589,31.257592],[121.513254,31.257964],[121.513173,31.258059]]}},{"type":"Feature","properties":{"osm_id":71293423,"highway":"secondary","name":"河南北路","ref":null},"geometry":{"type":"LineString","coordinates":[[121.48135,31.247895],[121.48129,31.248004],[121.481233,31.2481],[121.481187,31.248171],[121.481139,31.248241],[121.481089,31.24831],[121.481036,31.248378],[121.480919,31.248522],[121.480796,31.248661],[121.479814,31.24972],[121.479638,31.249892]]}},{"type":"Feature","properties":{"osm_id":71293429,"highway":"primary","name":"海宁路","ref":null},"geometry":{"type":"LineString","coordinates":[[121.484832,31.249912],[121.48461,31.249734],[121.484597,31.249723],[121.48445,31.249607],[121.484342,31.249513],[121.484148,31.249356],[121.483809,31.24905],[121.483618,31.24888],[121.48353,31.248815],[121.483446,31.248751],[121.483361,31.248685],[121.483271,31.248621],[121.483169,31.248548],[121.483029,31.248461],[121.482916,31.248401],[121.482669,31.248286],[121.482541,31.248231],[121.482411,31.248183],[121.48224,31.248126],[121.482045,31.248069],[121.481912,31.248032],[121.481588,31.247943],[121.481474,31.247919],[121.48135,31.247895]]}},{"type":"Feature","properties":{"osm_id":71293431,"highway":"primary","name":"海宁路","ref":null},"geometry":{"type":"LineString","coordinates":[[121.486806,31.250745],[121.486916,31.250807],[121.487757,31.251285],[121.488212,31.251572]]}},{"type":"Feature","properties":{"osm_id":71293434,"highway":"primary","name":"海宁路","ref":null},"geometry":{"type":"LineString","coordinates":[[121.47977,31.247302],[121.479617,31.247237],[121.47928,31.247097],[121.478949,31.24697],[121.478764,31.246907],[121.478682,31.24688],[121.478608,31.246856],[121.478431,31.246803],[121.477299,31.246473],[121.47719,31.24644],[121.477056,31.246399],[121.475547,31.245969],[121.475381,31.245957],[121.475175,31.245941],[121.474751,31.245862],[121.473842,31.245638],[121.47314,31.245501],[121.472481,31.245304],[121.471651,31.245069],[121.471431,31.24502],[121.471233,31.244977]]}},{"type":"Feature","properties":{"osm_id":71310746,"highway":"secondary_link","name":"人民路隧道","ref":null},"geometry":{"type":"LineString","coordinates":[[121.489476,31.229506],[121.489069,31.229446],[121.488058,31.229252],[121.487252,31.229031]]}},{"type":"Feature","properties":{"osm_id":71310752,"highway":"secondary","name":"人民路","ref":null},"geometry":{"type":"LineString","coordinates":[[121.490325,31.22954],[121.489977,31.22951],[121.488755,31.229308],[121.487794,31.229131],[121.487252,31.229031]]}},{"type":"Feature","properties":{"osm_id":71310758,"highway":"secondary","name":"人民路隧道","ref":null},"geometry":{"type":"LineString","coordinates":[[121.487484,31.228885],[121.487979,31.228951],[121.489364,31.229201]]}},{"type":"Feature","properties":{"osm_id":71310760,"highway":"secondary","name":"人民路隧道","ref":null},"geometry":{"type":"LineString","coordinates":[[121.489364,31.229201],[121.489673,31.229292],[121.490089,31.229446]]}},{"type":"Feature","properties":{"osm_id":71310791,"highway":"secondary","name":"人民路隧道","ref":null},"geometry":{"type":"LineString","coordinates":[[121.484226,31.227419],[121.484402,31.227622],[121.484696,31.227866],[121.484862,31.227958],[121.485097,31.228069],[121.48569,31.228295],[121.486182,31.228491],[121.486424,31.228579]]}},{"type":"Feature","properties":{"osm_id":71310798,"highway":"secondary","name":"人民路隧道","ref":null},"geometry":{"type":"LineString","coordinates":[[121.486396,31.228655],[121.486283,31.22861],[121.485922,31.228475],[121.485346,31.228262],[121.485059,31.228154],[121.484766,31.228022],[121.484536,31.227932]]}},{"type":"Feature","properties":{"osm_id":71310803,"highway":"secondary_link","name":"人民路隧道","ref":null},"geometry":{"type":"LineString","coordinates":[[121.490565,31.229553],[121.489937,31.229544],[121.489732,31.229534],[121.489476,31.229506]]}},{"type":"Feature","properties":{"osm_id":71316404,"highway":"secondary","name":"银城中路地道","ref":null},"geometry":{"type":"LineString","coordinates":[[121.504024,31.237771],[121.50394,31.237389],[121.503837,31.236887],[121.503747,31.23628]]}},{"type":"Feature","properties":{"osm_id":71316407,"highway":"secondary","name":"银城中路地道","ref":null},"geometry":{"type":"LineString","coordinates":[[121.503747,31.23628],[121.503733,31.236171],[121.503724,31.236067],[121.503718,31.235948],[121.503718,31.235843],[121.503726,31.235738],[121.503738,31.235634],[121.503764,31.235508],[121.503796,31.235325],[121.503847,31.235042],[121.503853,31.234904],[121.50383,31.234811]]}},{"type":"Feature","properties":{"osm_id":71316409,"highway":"secondary","name":"银城中路地道","ref":null},"geometry":{"type":"LineString","coordinates":[[121.503865,31.236213],[121.50395,31.236836],[121.504108,31.237554],[121.504216,31.237981],[121.50424,31.238076]]}},{"type":"Feature","properties":{"osm_id":71316417,"highway":"tertiary_link","name":"东园路","ref":null},"geometry":{"type":"LineString","coordinates":[[121.505126,31.239369],[121.505007,31.23933],[121.50493,31.239275],[121.504868,31.239231],[121.504806,31.239202],[121.504742,31.239184],[121.504674,31.239184],[121.504618,31.23919],[121.504553,31.239211],[121.504484,31.239248],[121.50438,31.239326],[121.504272,31.239418]]}},{"type":"Feature","properties":{"osm_id":71316419,"highway":"tertiary_link","name":"东园路","ref":null},"geometry":{"type":"LineString","coordinates":[[121.504272,31.239418],[121.504426,31.239187],[121.50446,31.239068],[121.504427,31.23895]]}},{"type":"Feature","properties":{"osm_id":71316421,"highway":"secondary","name":"银城中路地道","ref":null},"geometry":{"type":"LineString","coordinates":[[121.504859,31.239173],[121.504768,31.239082],[121.504662,31.239],[121.504569,31.238919],[121.504494,31.238847],[121.504422,31.238767],[121.504325,31.238626],[121.50426,31.238516],[121.504211,31.23842],[121.504154,31.238291],[121.504111,31.238163],[121.504062,31.23796],[121.504024,31.237771]]}},{"type":"Feature","properties":{"osm_id":71316424,"highway":"secondary","name":"银城中路地道","ref":null},"geometry":{"type":"LineString","coordinates":[[121.504044,31.234799],[121.503868,31.235693],[121.503844,31.235872],[121.503846,31.236034],[121.503865,31.236213]]}},{"type":"Feature","properties":{"osm_id":71316426,"highway":"secondary","name":"银城中路地道","ref":null},"geometry":{"type":"LineString","coordinates":[[121.50424,31.238076],[121.504283,31.238216],[121.504356,31.23837],[121.504499,31.238611],[121.504655,31.238791],[121.505304,31.239361]]}},{"type":"Feature","properties":{"osm_id":71316429,"highway":"secondary","name":"陆家嘴环路地道","ref":null},"geometry":{"type":"LineString","coordinates":[[121.509111,31.23375],[121.509132,31.233653],[121.509162,31.233535],[121.509193,31.233447],[121.509226,31.233361],[121.509283,31.233248]]}},{"type":"Feature","properties":{"osm_id":71316432,"highway":"secondary","name":"陆家嘴环路地道","ref":null},"geometry":{"type":"LineString","coordinates":[[121.509069,31.234523],[121.50909,31.234158],[121.509111,31.23375]]}},{"type":"Feature","properties":{"osm_id":71316435,"highway":"secondary","name":"陆家嘴环路地道","ref":null},"geometry":{"type":"LineString","coordinates":[[121.508255,31.237504],[121.508379,31.237215],[121.50849,31.236976],[121.508573,31.236815],[121.508631,31.236692],[121.508692,31.236544],[121.508755,31.23638],[121.508802,31.236226],[121.508841,31.236101],[121.508897,31.235862],[121.508981,31.23547],[121.509023,31.235228],[121.50906,31.234997],[121.509068,31.2349],[121.50907,31.234644],[121.509069,31.234523]]}},{"type":"Feature","properties":{"osm_id":71316437,"highway":"secondary","name":"陆家嘴环路地道","ref":null},"geometry":{"type":"LineString","coordinates":[[121.50707,31.232713],[121.507252,31.232798],[121.507427,31.232853],[121.50864,31.233155]]}},{"type":"Feature","properties":{"osm_id":71316439,"highway":"secondary","name":"陆家嘴环路地道","ref":null},"geometry":{"type":"LineString","coordinates":[[121.50864,31.233155],[121.508798,31.233201],[121.508898,31.233239],[121.509001,31.233298],[121.509081,31.233365],[121.509141,31.233435],[121.509196,31.233532],[121.509226,31.233607],[121.509243,31.233701]]}},{"type":"Feature","properties":{"osm_id":71316443,"highway":"secondary","name":"人民路隧道","ref":null},"geometry":{"type":"LineString","coordinates":[[121.509823,31.232508],[121.509796,31.232581],[121.509746,31.232695],[121.509633,31.232911],[121.509479,31.23318],[121.509446,31.233321]]}},{"type":"Feature","properties":{"osm_id":71316450,"highway":"secondary","name":"陆家嘴环路地道","ref":null},"geometry":{"type":"LineString","coordinates":[[121.507683,31.231015],[121.508978,31.231321],[121.509126,31.231362],[121.50924,31.231403],[121.509325,31.231447],[121.509401,31.231494],[121.50946,31.231535],[121.509527,31.231597],[121.509589,31.231666],[121.509651,31.231749],[121.509696,31.231814],[121.509737,31.231893],[121.509768,31.231976],[121.509792,31.232065],[121.509805,31.232149],[121.509814,31.232241],[121.509801,31.232361],[121.509778,31.232456],[121.509743,31.232542],[121.509688,31.232676],[121.5096,31.232837],[121.509494,31.233017],[121.509413,31.233176],[121.509363,31.233291],[121.509319,31.233407],[121.509279,31.233517],[121.509254,31.233603],[121.509243,31.233701]]}},{"type":"Feature","properties":{"osm_id":71316453,"highway":"secondary","name":"陆家嘴环路地道","ref":null},"geometry":{"type":"LineString","coordinates":[[121.508534,31.237186],[121.508346,31.237611]]}},{"type":"Feature","properties":{"osm_id":71316455,"highway":"secondary","name":"陆家嘴环路地道","ref":null},"geometry":{"type":"LineString","coordinates":[[121.507424,31.238877],[121.507738,31.238418],[121.508016,31.237983],[121.508125,31.237782],[121.508201,31.237628],[121.508255,31.237504]]}},{"type":"Feature","properties":{"osm_id":71316462,"highway":"secondary","name":"人民路隧道","ref":null},"geometry":{"type":"LineString","coordinates":[[121.507867,31.231209],[121.509322,31.231593],[121.509772,31.231738]]}},{"type":"Feature","properties":{"osm_id":71316465,"highway":"secondary","name":"人民路隧道","ref":null},"geometry":{"type":"LineString","coordinates":[[121.509595,31.231863],[121.509435,31.231755],[121.509263,31.231671],[121.507838,31.231299]]}},{"type":"Feature","properties":{"osm_id":71316469,"highway":"secondary","name":"人民路隧道","ref":null},"geometry":{"type":"LineString","coordinates":[[121.507683,31.231015],[121.507873,31.231014],[121.508994,31.231278],[121.509143,31.231318],[121.509259,31.231359],[121.509386,31.231422],[121.509495,31.231494],[121.509583,31.23157],[121.509669,31.231665],[121.509737,31.231758],[121.50979,31.231859],[121.509833,31.231968],[121.509859,31.232065],[121.509872,31.232155],[121.509873,31.232244],[121.509865,31.232332],[121.509849,31.23242],[121.509823,31.232508]]}},{"type":"Feature","properties":{"osm_id":71365243,"highway":"tertiary","name":"东长治路","ref":null},"geometry":{"type":"LineString","coordinates":[[121.494826,31.249457],[121.494867,31.249044],[121.494883,31.248965],[121.494923,31.248875]]}},{"type":"Feature","properties":{"osm_id":71365261,"highway":"primary","name":"周家嘴路","ref":null},"geometry":{"type":"LineString","coordinates":[[121.496775,31.254705],[121.497026,31.25491],[121.497352,31.2552],[121.49757,31.255377],[121.49765,31.255442],[121.497719,31.255498],[121.497869,31.255596],[121.4982,31.255757],[121.498467,31.255885],[121.49897,31.256101],[121.499497,31.25632],[121.499897,31.256507],[121.500172,31.256703],[121.500352,31.256851],[121.500438,31.25691],[121.500628,31.257077],[121.500958,31.257408]]}},{"type":"Feature","properties":{"osm_id":71462581,"highway":"primary","name":"外滩隧道","ref":null},"geometry":{"type":"LineString","coordinates":[[121.492567,31.232525],[121.49274,31.232331],[121.493117,31.231991],[121.494131,31.230956],[121.494591,31.230517],[121.49534,31.229817],[121.496971,31.228375],[121.497891,31.227601],[121.498278,31.227261],[121.498833,31.226763],[121.499131,31.226464],[121.499432,31.226143],[121.499677,31.225855],[121.500148,31.225337]]}},{"type":"Feature","properties":{"osm_id":71462584,"highway":"primary","name":"外滩隧道","ref":null},"geometry":{"type":"LineString","coordinates":[[121.49252,31.232813],[121.49237,31.233053]]}},{"type":"Feature","properties":{"osm_id":71462587,"highway":"primary","name":"外滩隧道","ref":null},"geometry":{"type":"LineString","coordinates":[[121.49237,31.233053],[121.492127,31.233404],[121.492011,31.233586],[121.491771,31.234018],[121.491424,31.234667],[121.491193,31.235102],[121.491084,31.235309],[121.490997,31.235489],[121.490908,31.235689],[121.490822,31.23591],[121.490762,31.236091],[121.490704,31.236281],[121.490652,31.236478],[121.490613,31.23666],[121.490528,31.237171],[121.490478,31.237515],[121.490388,31.238087],[121.49036,31.238322],[121.490341,31.238535],[121.490327,31.238763],[121.49032,31.23907],[121.49033,31.239254],[121.490338,31.239419],[121.49038,31.239683],[121.490473,31.24014],[121.490538,31.24046],[121.490583,31.240663],[121.490613,31.240893],[121.490621,31.241023],[121.490617,31.241282],[121.490613,31.24134],[121.490605,31.241398],[121.490576,31.241549],[121.490542,31.241714],[121.490461,31.24203],[121.490418,31.242163],[121.490369,31.242292],[121.490242,31.242606],[121.490226,31.242666],[121.490215,31.242726],[121.49021,31.242775],[121.490209,31.24282],[121.490211,31.242856],[121.490218,31.242895],[121.490518,31.243756],[121.490526,31.243797],[121.490525,31.243832],[121.490519,31.243872],[121.4905,31.243978],[121.490494,31.244022],[121.490495,31.24407],[121.490506,31.244209],[121.490537,31.244349],[121.490657,31.244783],[121.490731,31.245074],[121.490782,31.24523]]}},{"type":"Feature","properties":{"osm_id":71521594,"highway":"primary","name":"外滩隧道","ref":null},"geometry":{"type":"LineString","coordinates":[[121.493381,31.247993],[121.493357,31.247925],[121.493322,31.247893],[121.493108,31.247702],[121.493009,31.247608],[121.492917,31.24752],[121.492784,31.247388],[121.492655,31.247257],[121.49254,31.247139],[121.492472,31.247064]]}},{"type":"Feature","properties":{"osm_id":71521599,"highway":"primary","name":"外滩隧道","ref":null},"geometry":{"type":"LineString","coordinates":[[121.490782,31.24523],[121.490827,31.245412],[121.490863,31.245522],[121.4909,31.245635],[121.490942,31.245738],[121.491006,31.245837],[121.491083,31.245954],[121.491152,31.24604],[121.491226,31.246099],[121.491372,31.246191],[121.491616,31.246356]]}},{"type":"Feature","properties":{"osm_id":71523145,"highway":"secondary","name":"天潼路","ref":null},"geometry":{"type":"LineString","coordinates":[[121.490807,31.245939],[121.490615,31.245922],[121.490269,31.245918],[121.490073,31.245919],[121.489835,31.245918],[121.489746,31.245915],[121.489635,31.245894]]}},{"type":"Feature","properties":{"osm_id":71523148,"highway":"secondary","name":"长治路","ref":null},"geometry":{"type":"LineString","coordinates":[[121.49197,31.24635],[121.492064,31.246432],[121.492169,31.246499],[121.492253,31.246587],[121.492387,31.246731],[121.492613,31.246969],[121.49276,31.247126],[121.492958,31.247357],[121.493074,31.247471],[121.493132,31.24754],[121.493193,31.247639],[121.493543,31.247951],[121.493599,31.247993]]}},{"type":"Feature","properties":{"osm_id":71523152,"highway":"primary","name":"外滩隧道","ref":null},"geometry":{"type":"LineString","coordinates":[[121.492472,31.247064],[121.492338,31.24693],[121.492272,31.246868],[121.492175,31.246778],[121.492058,31.246693],[121.491949,31.246623],[121.491892,31.246588]]}},{"type":"Feature","properties":{"osm_id":71523153,"highway":"primary","name":"外滩隧道","ref":null},"geometry":{"type":"LineString","coordinates":[[121.492041,31.246621],[121.492135,31.246668],[121.492236,31.246734],[121.492385,31.246853],[121.492506,31.246982],[121.492662,31.247157],[121.492876,31.247387],[121.49305,31.247547],[121.493097,31.247588],[121.493193,31.247639]]}},{"type":"Feature","properties":{"osm_id":73897717,"highway":"secondary","name":"河南北路","ref":null},"geometry":{"type":"LineString","coordinates":[[121.48302,31.242026],[121.48291,31.242216],[121.482801,31.242425]]}},{"type":"Feature","properties":{"osm_id":73897718,"highway":"secondary","name":"河南中路","ref":null},"geometry":{"type":"LineString","coordinates":[[121.48339,31.241441],[121.48302,31.242026]]}},{"type":"Feature","properties":{"osm_id":73897730,"highway":"secondary","name":"河南北路","ref":null},"geometry":{"type":"LineString","coordinates":[[121.482712,31.242336],[121.482814,31.242133],[121.482923,31.241939]]}},{"type":"Feature","properties":{"osm_id":73897732,"highway":"secondary","name":"河南中路","ref":null},"geometry":{"type":"LineString","coordinates":[[121.482923,31.241939],[121.483294,31.241386]]}},{"type":"Feature","properties":{"osm_id":78485050,"highway":"primary","name":"海宁路","ref":null},"geometry":{"type":"LineString","coordinates":[[121.483163,31.248388],[121.483245,31.248429],[121.483358,31.248488],[121.483493,31.248578],[121.483609,31.248654],[121.483711,31.24873],[121.483835,31.248825],[121.484349,31.249299],[121.484665,31.249571],[121.484822,31.249712],[121.484932,31.249803]]}},{"type":"Feature","properties":{"osm_id":78485054,"highway":"primary","name":"吴淞路","ref":null},"geometry":{"type":"LineString","coordinates":[[121.488636,31.251801],[121.488735,31.25154],[121.488779,31.251417]]}},{"type":"Feature","properties":{"osm_id":78485058,"highway":"secondary","name":"河南北路","ref":null},"geometry":{"type":"LineString","coordinates":[[121.479533,31.249827],[121.479702,31.249653],[121.480297,31.249004],[121.480678,31.248592],[121.4808,31.248448],[121.480932,31.248314],[121.481124,31.24805],[121.481216,31.247865]]}},{"type":"Feature","properties":{"osm_id":78485061,"highway":"secondary","name":"河南北路","ref":null},"geometry":{"type":"LineString","coordinates":[[121.481308,31.247716],[121.481351,31.247635],[121.481387,31.247554],[121.481451,31.247387],[121.481485,31.24728],[121.481543,31.247079],[121.481575,31.246978],[121.481619,31.246849],[121.481711,31.246577],[121.481745,31.246477]]}},{"type":"Feature","properties":{"osm_id":83429674,"highway":"secondary","name":"陆家嘴环路","ref":null},"geometry":{"type":"LineString","coordinates":[[121.507762,31.238649],[121.507606,31.23896],[121.507427,31.239268]]}},{"type":"Feature","properties":{"osm_id":83429676,"highway":"tertiary_link","name":"银城中路","ref":null},"geometry":{"type":"LineString","coordinates":[[121.504859,31.239173],[121.504427,31.23895]]}},{"type":"Feature","properties":{"osm_id":100820769,"highway":"secondary","name":"昌邑路","ref":null},"geometry":{"type":"LineString","coordinates":[[121.528025,31.242658],[121.527867,31.242639],[121.526949,31.242388],[121.526168,31.2422],[121.524575,31.241757],[121.52417,31.241671]]}},{"type":"Feature","properties":{"osm_id":135633001,"highway":"tertiary","name":"商城路","ref":null},"geometry":{"type":"LineString","coordinates":[[121.51184,31.22912],[121.512006,31.229156],[121.512429,31.229248],[121.512824,31.229333],[121.513399,31.22946],[121.513634,31.229509],[121.514524,31.229709],[121.515108,31.229852],[121.515253,31.22989]]}},{"type":"Feature","properties":{"osm_id":135721886,"highway":"primary","name":"浦东南路","ref":null},"geometry":{"type":"LineString","coordinates":[[121.518607,31.21359],[121.518591,31.213434],[121.51853,31.213027],[121.518307,31.212373],[121.518162,31.212106],[121.517968,31.21175],[121.517907,31.211674],[121.517094,31.21067],[121.516996,31.210549]]}},{"type":"Feature","properties":{"osm_id":135721890,"highway":"primary","name":"浦东南路","ref":null},"geometry":{"type":"LineString","coordinates":[[121.518647,31.214971],[121.518625,31.214516]]}},{"type":"Feature","properties":{"osm_id":135721892,"highway":"primary","name":"浦东南路","ref":null},"geometry":{"type":"LineString","coordinates":[[121.518782,31.214501],[121.518813,31.214957]]}},{"type":"Feature","properties":{"osm_id":135721894,"highway":"primary","name":"浦东南路","ref":null},"geometry":{"type":"LineString","coordinates":[[121.518813,31.214957],[121.518816,31.214997],[121.518889,31.215935],[121.518918,31.216303],[121.51898,31.217348],[121.519001,31.217607]]}},{"type":"Feature","properties":{"osm_id":135838725,"highway":"secondary","name":"浦东南路","ref":null},"geometry":{"type":"LineString","coordinates":[[121.509063,31.240439],[121.509356,31.239938],[121.509635,31.239525],[121.510095,31.238823],[121.510356,31.23839],[121.510416,31.238291]]}},{"type":"Feature","properties":{"osm_id":136014464,"highway":"secondary","name":"东大名路","ref":null},"geometry":{"type":"LineString","coordinates":[[121.510761,31.251512],[121.510363,31.251824],[121.509979,31.252088],[121.509832,31.252163],[121.509581,31.252241],[121.509382,31.252296],[121.509325,31.252295],[121.509276,31.252289],[121.50923,31.252274],[121.509166,31.252221]]}},{"type":"Feature","properties":{"osm_id":136014469,"highway":"secondary","name":"杨树浦路","ref":null},"geometry":{"type":"LineString","coordinates":[[121.514825,31.251476],[121.514649,31.25145],[121.514612,31.251442],[121.513859,31.251275],[121.512817,31.25105],[121.512474,31.250987],[121.512244,31.250972],[121.512001,31.250975],[121.511742,31.251019],[121.511443,31.251105],[121.511154,31.251221],[121.510761,31.251512]]}},{"type":"Feature","properties":{"osm_id":143991683,"highway":"secondary","name":"杨树浦路","ref":null},"geometry":{"type":"LineString","coordinates":[[121.517712,31.251854],[121.51909,31.252029],[121.519215,31.25203],[121.519309,31.252036],[121.519407,31.252045],[121.519513,31.252055],[121.519724,31.252065],[121.520019,31.252075],[121.520641,31.252098],[121.521092,31.252127],[121.521489,31.252156],[121.522114,31.252217],[121.522993,31.252325],[121.523501,31.252388],[121.524396,31.252511],[121.525135,31.25258],[121.525416,31.252602]]}},{"type":"Feature","properties":{"osm_id":144005251,"highway":"secondary","name":"江浦路","ref":null},"geometry":{"type":"LineString","coordinates":[[121.529118,31.256123],[121.529228,31.256005],[121.529316,31.25587],[121.529436,31.25573],[121.529934,31.255208],[121.530225,31.254892],[121.530627,31.254317],[121.530775,31.254117],[121.530919,31.253942],[121.53108,31.253761],[121.53121,31.253632],[121.531274,31.253568],[121.531336,31.253494],[121.531442,31.253343],[121.531606,31.253085],[121.531652,31.253023],[121.531705,31.252973]]}},{"type":"Feature","properties":{"osm_id":144960887,"highway":"tertiary","name":"中山东一路","ref":null},"geometry":{"type":"LineString","coordinates":[[121.490012,31.242618],[121.49007,31.242873]]}},{"type":"Feature","properties":{"osm_id":144960890,"highway":"secondary_link","name":null,"ref":null},"geometry":{"type":"LineString","coordinates":[[121.490123,31.242144],[121.490084,31.242185],[121.490058,31.242203],[121.490029,31.242204],[121.490005,31.242199],[121.489992,31.242187],[121.489979,31.242173],[121.489966,31.242148],[121.489984,31.24211]]}},{"type":"Feature","properties":{"osm_id":144965239,"highway":"secondary","name":"天潼路","ref":null},"geometry":{"type":"LineString","coordinates":[[121.489184,31.245747],[121.488336,31.245648],[121.487833,31.245596]]}},{"type":"Feature","properties":{"osm_id":144965240,"highway":"secondary","name":"天潼路","ref":null},"geometry":{"type":"LineString","coordinates":[[121.489622,31.245801],[121.489713,31.24581],[121.489822,31.245816],[121.490073,31.245814],[121.490308,31.24582],[121.490618,31.245829],[121.490811,31.24584]]}},{"type":"Feature","properties":{"osm_id":144968539,"highway":"tertiary","name":"大名路","ref":null},"geometry":{"type":"LineString","coordinates":[[121.49037,31.243815],[121.490407,31.244021]]}},{"type":"Feature","properties":{"osm_id":145007007,"highway":"tertiary","name":"唐山路","ref":null},"geometry":{"type":"LineString","coordinates":[[121.501334,31.253272],[121.501165,31.253227],[121.500774,31.25311],[121.500648,31.253075],[121.500361,31.252989],[121.500082,31.252893],[121.499744,31.252775],[121.4993,31.252617],[121.499054,31.252522],[121.498941,31.252475],[121.498915,31.252466],[121.49884,31.252438],[121.498679,31.252391],[121.498497,31.252313],[121.498332,31.252233],[121.498214,31.252169]]}},{"type":"Feature","properties":{"osm_id":145007009,"highway":"tertiary","name":"唐山路","ref":null},"geometry":{"type":"LineString","coordinates":[[121.498214,31.252169],[121.498407,31.252175],[121.498566,31.252206],[121.498765,31.252246],[121.498947,31.252307],[121.499409,31.252497],[121.499547,31.252555],[121.499624,31.2526],[121.49971,31.252638],[121.49981,31.252673],[121.500561,31.252926],[121.50069,31.252983],[121.500913,31.253087]]}},{"type":"Feature","properties":{"osm_id":145007010,"highway":"tertiary","name":"唐山路","ref":null},"geometry":{"type":"LineString","coordinates":[[121.506778,31.256745],[121.507309,31.25744],[121.507515,31.2577],[121.507648,31.257883],[121.507916,31.258203],[121.508907,31.259527],[121.508937,31.259568]]}},{"type":"Feature","properties":{"osm_id":145007012,"highway":"tertiary","name":"唐山路","ref":null},"geometry":{"type":"LineString","coordinates":[[121.496495,31.251577],[121.49657,31.251577],[121.496643,31.251579],[121.496696,31.251587],[121.49676,31.251606],[121.497145,31.251746],[121.497319,31.251809],[121.498214,31.252169]]}},{"type":"Feature","properties":{"osm_id":145007013,"highway":"secondary","name":"新建路","ref":null},"geometry":{"type":"LineString","coordinates":[[121.50063,31.249395],[121.499927,31.250582],[121.49986,31.250702],[121.499774,31.250821],[121.499602,31.251059],[121.499267,31.251483],[121.498844,31.252111],[121.498765,31.252246],[121.498679,31.252391],[121.498623,31.25248],[121.498127,31.253208],[121.498047,31.253329]]}},{"type":"Feature","properties":{"osm_id":145007015,"highway":"secondary","name":"新建路","ref":null},"geometry":{"type":"LineString","coordinates":[[121.497734,31.253267],[121.497827,31.25322],[121.497924,31.253162],[121.497985,31.253088],[121.498497,31.252313],[121.498566,31.252206],[121.49865,31.252067],[121.498788,31.251868],[121.498953,31.251653],[121.499139,31.251378]]}},{"type":"Feature","properties":{"osm_id":145007016,"highway":"secondary","name":"新建路隧道","ref":null},"geometry":{"type":"LineString","coordinates":[[121.499047,31.251575],[121.499545,31.250938],[121.499781,31.250579],[121.500615,31.249113],[121.503603,31.244276],[121.504159,31.243274],[121.505938,31.240962],[121.505983,31.240883],[121.506017,31.240819],[121.506046,31.240739],[121.506063,31.240655],[121.506072,31.240564],[121.50607,31.24045],[121.506053,31.240357],[121.506031,31.240266],[121.505991,31.240179],[121.505939,31.240097],[121.505885,31.240028]]}},{"type":"Feature","properties":{"osm_id":145007019,"highway":"secondary_link","name":"新建路隧道","ref":null},"geometry":{"type":"LineString","coordinates":[[121.497734,31.253267],[121.497859,31.253094],[121.498339,31.252408]]}},{"type":"Feature","properties":{"osm_id":145007020,"highway":"secondary","name":"新建路隧道","ref":null},"geometry":{"type":"LineString","coordinates":[[121.495226,31.256358],[121.495589,31.256159],[121.495744,31.256036],[121.495905,31.255905],[121.496058,31.255761],[121.496215,31.255606],[121.496337,31.255465],[121.496489,31.255285]]}},{"type":"Feature","properties":{"osm_id":145007023,"highway":"secondary","name":"新建路隧道","ref":null},"geometry":{"type":"LineString","coordinates":[[121.496574,31.255335],[121.496454,31.255491],[121.496324,31.255637],[121.496144,31.255812],[121.495996,31.255954],[121.495793,31.256112],[121.495623,31.256237],[121.495536,31.256314],[121.495411,31.256443]]}},{"type":"Feature","properties":{"osm_id":145007025,"highway":"secondary","name":"海伦路","ref":null},"geometry":{"type":"LineString","coordinates":[[121.494685,31.25663],[121.49489,31.256535],[121.495032,31.256462],[121.495226,31.256358],[121.495396,31.256204],[121.495515,31.256115],[121.495682,31.255993],[121.495866,31.255847],[121.495994,31.255731],[121.496105,31.255619],[121.496289,31.255403],[121.496482,31.255142],[121.496676,31.254867]]}},{"type":"Feature","properties":{"osm_id":145007028,"highway":"tertiary","name":"金田路","ref":null},"geometry":{"type":"LineString","coordinates":[[121.495861,31.254258],[121.495812,31.254287],[121.495614,31.25441],[121.495403,31.254534],[121.493699,31.255487]]}},{"type":"Feature","properties":{"osm_id":150928465,"highway":"tertiary","name":"浙江中路","ref":null},"geometry":{"type":"LineString","coordinates":[[121.480985,31.231041],[121.481287,31.230658],[121.481434,31.230475]]}},{"type":"Feature","properties":{"osm_id":150943904,"highway":"secondary","name":"四川中路","ref":null},"geometry":{"type":"LineString","coordinates":[[121.486765,31.240708],[121.486736,31.240816],[121.486593,31.241247],[121.486573,31.241303],[121.486322,31.242082],[121.486297,31.242164],[121.486128,31.242672],[121.485939,31.243266],[121.485906,31.243386]]}},{"type":"Feature","properties":{"osm_id":159942186,"highway":"secondary","name":"东方路","ref":null},"geometry":{"type":"LineString","coordinates":[[121.529441,31.218321],[121.529347,31.218913],[121.529252,31.219367],[121.529154,31.219766]]}},{"type":"Feature","properties":{"osm_id":159942189,"highway":"secondary","name":"东方路","ref":null},"geometry":{"type":"LineString","coordinates":[[121.529025,31.219696],[121.529115,31.219334],[121.529208,31.218852],[121.529306,31.218277]]}},{"type":"Feature","properties":{"osm_id":159942190,"highway":"secondary","name":"东方路","ref":null},"geometry":{"type":"LineString","coordinates":[[121.529306,31.218277],[121.529381,31.217653],[121.529403,31.217236],[121.529401,31.216672],[121.529303,31.216017],[121.52919,31.21529],[121.52903,31.214559]]}},{"type":"Feature","properties":{"osm_id":159942194,"highway":"secondary","name":"东方路","ref":null},"geometry":{"type":"LineString","coordinates":[[121.52881,31.220749],[121.52863,31.221256],[121.528425,31.221835],[121.528118,31.222535],[121.52806,31.222668],[121.5278,31.223259],[121.527678,31.223536]]}},{"type":"Feature","properties":{"osm_id":159942198,"highway":"tertiary","name":"南泉路","ref":null},"geometry":{"type":"LineString","coordinates":[[121.522654,31.21906],[121.522375,31.219831],[121.52229,31.220066],[121.522277,31.220101],[121.52187,31.221137],[121.52186,31.221164],[121.521849,31.22119],[121.521712,31.221519],[121.521467,31.221929],[121.521284,31.222236],[121.521057,31.222581],[121.520917,31.222785],[121.520813,31.222927],[121.520202,31.223879]]}},{"type":"Feature","properties":{"osm_id":159942201,"highway":"tertiary","name":"南泉路","ref":null},"geometry":{"type":"LineString","coordinates":[[121.522995,31.215469],[121.522997,31.215519],[121.523011,31.215804],[121.523014,31.215873]]}},{"type":"Feature","properties":{"osm_id":160151207,"highway":"primary","name":"延安东路","ref":null},"geometry":{"type":"LineString","coordinates":[[121.491824,31.23324],[121.49174,31.233214],[121.491712,31.233206],[121.49159,31.233168],[121.491493,31.233138],[121.491442,31.233121]]}},{"type":"Feature","properties":{"osm_id":160165220,"highway":"tertiary_link","name":null,"ref":null},"geometry":{"type":"LineString","coordinates":[[121.502154,31.238223],[121.502069,31.238219],[121.501984,31.238212],[121.501878,31.2382],[121.501786,31.238186],[121.501712,31.238177],[121.501663,31.238177],[121.501615,31.23818],[121.501554,31.238189]]}},{"type":"Feature","properties":{"osm_id":164957789,"highway":"tertiary_link","name":null,"ref":null},"geometry":{"type":"LineString","coordinates":[[121.504699,31.236668],[121.504825,31.236574]]}},{"type":"Feature","properties":{"osm_id":164957790,"highway":"secondary","name":"银城路","ref":null},"geometry":{"type":"LineString","coordinates":[[121.508494,31.241491],[121.508592,31.241529],[121.509272,31.241701],[121.509552,31.241746],[121.509956,31.241817],[121.51099,31.241962],[121.511047,31.241968],[121.511262,31.241993],[121.51226,31.242041],[121.513029,31.242042],[121.513711,31.242006],[121.514308,31.241944],[121.514822,31.241887],[121.51532,31.241813],[121.516054,31.241709],[121.517144,31.241559],[121.517287,31.241557]]}},{"type":"Feature","properties":{"osm_id":164957797,"highway":"tertiary_link","name":"银城中路","ref":null},"geometry":{"type":"LineString","coordinates":[[121.50432,31.238801],[121.504149,31.2386],[121.504127,31.238546],[121.504044,31.238349],[121.503945,31.237943],[121.503938,31.237916],[121.503905,31.237742]]}},{"type":"Feature","properties":{"osm_id":164957801,"highway":"secondary","name":"银城中路","ref":null},"geometry":{"type":"LineString","coordinates":[[121.504162,31.232489],[121.50418,31.23233],[121.504269,31.231821],[121.504293,31.231671],[121.504329,31.231503],[121.504404,31.23128],[121.504481,31.231078],[121.504575,31.230863],[121.504674,31.23066]]}},{"type":"Feature","properties":{"osm_id":164957803,"highway":"tertiary_link","name":null,"ref":null},"geometry":{"type":"LineString","coordinates":[[121.504327,31.237189],[121.504225,31.237251],[121.504137,31.237319],[121.504002,31.237427],[121.503921,31.2375],[121.503871,31.237553],[121.503815,31.237625],[121.503756,31.237682],[121.503697,31.237716]]}},{"type":"Feature","properties":{"osm_id":164957808,"highway":"tertiary_link","name":null,"ref":null},"geometry":{"type":"LineString","coordinates":[[121.503905,31.237742],[121.503904,31.237702],[121.50391,31.237651],[121.50392,31.237619],[121.503945,31.237577],[121.503982,31.237541],[121.504015,31.237524],[121.504065,31.23751],[121.504117,31.237514],[121.504156,31.237529],[121.504193,31.237547],[121.504228,31.237579],[121.50425,31.237614],[121.504271,31.237662]]}},{"type":"Feature","properties":{"osm_id":164968673,"highway":"tertiary_link","name":null,"ref":null},"geometry":{"type":"LineString","coordinates":[[121.503454,31.237818],[121.503216,31.237904],[121.503081,31.237953],[121.502927,31.238013],[121.502767,31.238074]]}},{"type":"Feature","properties":{"osm_id":165591945,"highway":"secondary","name":"世纪大道","ref":null},"geometry":{"type":"LineString","coordinates":[[121.504152,31.237179],[121.503565,31.2374],[121.50338,31.237479],[121.503179,31.237557],[121.502462,31.237839],[121.501955,31.238034],[121.501554,31.238189]]}},{"type":"Feature","properties":{"osm_id":166332793,"highway":"secondary","name":"陆家嘴环路","ref":null},"geometry":{"type":"LineString","coordinates":[[121.507427,31.239268],[121.507332,31.239394],[121.507072,31.239736],[121.506788,31.240124],[121.506592,31.24038]]}},{"type":"Feature","properties":{"osm_id":166332795,"highway":"secondary","name":"新建路隧道","ref":null},"geometry":{"type":"LineString","coordinates":[[121.50869,31.236955],[121.508548,31.237037],[121.508509,31.237067],[121.508452,31.237183],[121.508369,31.237373],[121.508234,31.237677],[121.508122,31.237893],[121.507966,31.238129],[121.507766,31.23846],[121.507675,31.238633],[121.507631,31.23882]]}},{"type":"Feature","properties":{"osm_id":166332797,"highway":"secondary","name":"陆家嘴环路","ref":null},"geometry":{"type":"LineString","coordinates":[[121.508346,31.237611],[121.508248,31.237816],[121.508125,31.238035],[121.507949,31.238345],[121.507762,31.238649]]}},{"type":"Feature","properties":{"osm_id":167052883,"highway":"secondary_link","name":"陆家嘴环路","ref":null},"geometry":{"type":"LineString","coordinates":[[121.509281,31.234598],[121.509289,31.234707],[121.509302,31.234765],[121.509313,31.234794],[121.509328,31.234835],[121.509351,31.234876],[121.509385,31.234916],[121.509405,31.234933],[121.509427,31.234952],[121.509474,31.234972],[121.509525,31.234984],[121.509577,31.234989],[121.509643,31.234988]]}},{"type":"Feature","properties":{"osm_id":167052885,"highway":"primary","name":"世纪大道","ref":null},"geometry":{"type":"LineString","coordinates":[[121.50999,31.235038],[121.509649,31.23513],[121.509558,31.235151],[121.509492,31.235165],[121.509451,31.235174],[121.509416,31.235181],[121.509347,31.235195],[121.509189,31.235228]]}},{"type":"Feature","properties":{"osm_id":167167541,"highway":"tertiary_link","name":null,"ref":null},"geometry":{"type":"LineString","coordinates":[[121.499701,31.238592],[121.499725,31.238534],[121.499925,31.238418],[121.50005,31.23832],[121.500099,31.238248],[121.500115,31.238186],[121.500109,31.238148],[121.500102,31.238103],[121.500075,31.238035],[121.500045,31.237956]]}},{"type":"Feature","properties":{"osm_id":167167543,"highway":"secondary_link","name":null,"ref":null},"geometry":{"type":"LineString","coordinates":[[121.501494,31.238204],[121.501443,31.238189],[121.5014,31.238183],[121.50134,31.238197],[121.501293,31.238212],[121.501257,31.238219],[121.501205,31.238225],[121.501159,31.23822],[121.501124,31.238201],[121.501099,31.238176],[121.501079,31.238148],[121.501072,31.238119],[121.501076,31.238087],[121.501088,31.238059],[121.501122,31.238025],[121.501173,31.237987]]}},{"type":"Feature","properties":{"osm_id":168899776,"highway":"tertiary","name":"浦城路","ref":null},"geometry":{"type":"LineString","coordinates":[[121.510255,31.231766],[121.510307,31.23169],[121.510843,31.230911],[121.510868,31.230874],[121.510942,31.230767],[121.511073,31.230552],[121.511254,31.230254],[121.511428,31.229927],[121.511662,31.229475],[121.511761,31.229278],[121.51184,31.22912]]}},{"type":"Feature","properties":{"osm_id":168899777,"highway":"tertiary","name":"浦城路","ref":null},"geometry":{"type":"LineString","coordinates":[[121.510255,31.231766],[121.510213,31.232006]]}},{"type":"Feature","properties":{"osm_id":168949174,"highway":"tertiary","name":"花园石桥路","ref":null},"geometry":{"type":"LineString","coordinates":[[121.501549,31.234087],[121.501632,31.234154]]}},{"type":"Feature","properties":{"osm_id":168949175,"highway":"tertiary","name":"丰和路","ref":null},"geometry":{"type":"LineString","coordinates":[[121.498111,31.239614],[121.498175,31.239566],[121.498748,31.239168],[121.498945,31.23903],[121.499058,31.23895],[121.49915,31.2389],[121.499259,31.238839],[121.499701,31.238592],[121.499953,31.23845],[121.500038,31.238403],[121.500138,31.238336],[121.500245,31.238243]]}},{"type":"Feature","properties":{"osm_id":168949176,"highway":"tertiary","name":"东园路","ref":null},"geometry":{"type":"LineString","coordinates":[[121.502981,31.240817],[121.503051,31.240734],[121.503172,31.240597],[121.503568,31.240178],[121.503604,31.240135],[121.503721,31.240009],[121.503984,31.239727],[121.504272,31.239418]]}},{"type":"Feature","properties":{"osm_id":168970622,"highway":"tertiary","name":"桃林路","ref":null},"geometry":{"type":"LineString","coordinates":[[121.536319,31.237583],[121.537554,31.235179],[121.5376,31.235097],[121.537804,31.234748],[121.537987,31.234397],[121.538006,31.234361],[121.538189,31.234032]]}},{"type":"Feature","properties":{"osm_id":168993859,"highway":"secondary","name":"长治路","ref":null},"geometry":{"type":"LineString","coordinates":[[121.491846,31.246564],[121.491655,31.246368],[121.491593,31.246298],[121.49147,31.246204],[121.491301,31.246093],[121.491229,31.246059],[121.491124,31.246014],[121.491023,31.245983],[121.490807,31.245939]]}},{"type":"Feature","properties":{"osm_id":168993860,"highway":"secondary","name":"东大名路","ref":null},"geometry":{"type":"LineString","coordinates":[[121.496785,31.247517],[121.496961,31.247588],[121.497643,31.247887],[121.497707,31.247916],[121.497943,31.248024],[121.498051,31.248078],[121.498621,31.248367],[121.498662,31.248388],[121.49934,31.248772],[121.499697,31.248968],[121.499855,31.249046],[121.500085,31.249157],[121.500418,31.249302]]}},{"type":"Feature","properties":{"osm_id":168993862,"highway":"secondary","name":"大名路","ref":null},"geometry":{"type":"LineString","coordinates":[[121.495015,31.246699],[121.495092,31.246732]]}},{"type":"Feature","properties":{"osm_id":168993864,"highway":"secondary","name":"东长治路","ref":null},"geometry":{"type":"LineString","coordinates":[[121.49369,31.248228],[121.493579,31.248149]]}},{"type":"Feature","properties":{"osm_id":168993866,"highway":"secondary","name":"长治路","ref":null},"geometry":{"type":"LineString","coordinates":[[121.493599,31.247993],[121.493801,31.24813]]}},{"type":"Feature","properties":{"osm_id":168993867,"highway":"secondary","name":"东长治路","ref":null},"geometry":{"type":"LineString","coordinates":[[121.493801,31.24813],[121.493831,31.248149],[121.493999,31.248254],[121.495578,31.249042],[121.495737,31.249116]]}},{"type":"Feature","properties":{"osm_id":169000444,"highway":"tertiary","name":"公平路","ref":null},"geometry":{"type":"LineString","coordinates":[[121.50644,31.251448],[121.506394,31.251568],[121.50633,31.251707],[121.505996,31.252296],[121.505558,31.253032]]}},{"type":"Feature","properties":{"osm_id":169004583,"highway":"tertiary","name":"峨山路","ref":null},"geometry":{"type":"LineString","coordinates":[[121.534161,31.214452],[121.534284,31.214442]]}},{"type":"Feature","properties":{"osm_id":169004585,"highway":"tertiary","name":"峨山路","ref":null},"geometry":{"type":"LineString","coordinates":[[121.522943,31.214517],[121.52272,31.214447],[121.522337,31.214296],[121.522142,31.214213],[121.521952,31.214127],[121.521849,31.214085],[121.521689,31.214025],[121.521536,31.213966],[121.521363,31.213905],[121.521186,31.213851],[121.521016,31.213806],[121.520846,31.213763],[121.520664,31.213729],[121.520479,31.213699],[121.520292,31.213675],[121.520121,31.213658],[121.520058,31.213652],[121.51987,31.213636],[121.519662,31.213623],[121.518937,31.213589],[121.518811,31.213588],[121.518744,31.213587]]}},{"type":"Feature","properties":{"osm_id":169004589,"highway":"tertiary","name":"峨山路","ref":null},"geometry":{"type":"LineString","coordinates":[[121.534186,31.214518],[121.533332,31.214525],[121.53306,31.214528],[121.532273,31.214535],[121.53128,31.214538],[121.531154,31.214538],[121.529266,31.214548],[121.529179,31.214552]]}},{"type":"Feature","properties":{"osm_id":169562957,"highway":"tertiary","name":"肇周路","ref":null},"geometry":{"type":"LineString","coordinates":[[121.481909,31.211403],[121.481615,31.212345],[121.48152,31.212636],[121.481406,31.212971],[121.481097,31.213864]]}},{"type":"Feature","properties":{"osm_id":173471114,"highway":"tertiary","name":"虬江路","ref":null},"geometry":{"type":"LineString","coordinates":[[121.479659,31.253221],[121.479787,31.253211],[121.479904,31.253212]]}},{"type":"Feature","properties":{"osm_id":173471115,"highway":"tertiary","name":"虬江路","ref":null},"geometry":{"type":"LineString","coordinates":[[121.479904,31.253212],[121.479964,31.253221],[121.480017,31.253237],[121.480071,31.253261],[121.480294,31.253405],[121.480332,31.253425],[121.480371,31.253444],[121.480416,31.253463],[121.480464,31.253481],[121.480643,31.253535],[121.480693,31.253551],[121.480739,31.253568],[121.480783,31.253586],[121.480831,31.253607],[121.480908,31.253645],[121.480977,31.253682],[121.480996,31.253693],[121.481482,31.253952],[121.481538,31.253982],[121.481633,31.254033],[121.481861,31.254152],[121.481934,31.254188],[121.482008,31.254223],[121.482091,31.254258],[121.482182,31.254293],[121.4823,31.254335],[121.482445,31.25438]]}},{"type":"Feature","properties":{"osm_id":175621777,"highway":"primary","name":"吴淞路","ref":null},"geometry":{"type":"LineString","coordinates":[[121.488309,31.252401],[121.488343,31.252345]]}},{"type":"Feature","properties":{"osm_id":175621779,"highway":"tertiary","name":"武进路","ref":null},"geometry":{"type":"LineString","coordinates":[[121.4878,31.253093],[121.487629,31.253028],[121.487026,31.252776],[121.486789,31.252693],[121.486759,31.252681],[121.486674,31.252646],[121.486025,31.252381],[121.485832,31.252308],[121.485184,31.252057],[121.484593,31.251824],[121.484497,31.251791],[121.484375,31.251756]]}},{"type":"Feature","properties":{"osm_id":175621782,"highway":"tertiary","name":"武进路","ref":null},"geometry":{"type":"LineString","coordinates":[[121.480018,31.250062],[121.479834,31.249994],[121.479787,31.249974],[121.479732,31.249947],[121.479638,31.249892]]}},{"type":"Feature","properties":{"osm_id":175759118,"highway":"tertiary","name":"虬江路","ref":null},"geometry":{"type":"LineString","coordinates":[[121.482231,31.254532],[121.482066,31.254486],[121.480983,31.254178],[121.480919,31.254157],[121.480861,31.254136],[121.480802,31.254113],[121.480749,31.254091],[121.480649,31.25404],[121.480542,31.253976],[121.480441,31.253914],[121.480121,31.253723],[121.479758,31.253469],[121.479652,31.2534]]}},{"type":"Feature","properties":{"osm_id":175957674,"highway":"tertiary","name":"新广路","ref":null},"geometry":{"type":"LineString","coordinates":[[121.482445,31.25438],[121.482382,31.25443],[121.4823,31.254487],[121.482231,31.254532]]}},{"type":"Feature","properties":{"osm_id":176150317,"highway":"tertiary","name":"东汉阳路","ref":null},"geometry":{"type":"LineString","coordinates":[[121.493593,31.250832],[121.493624,31.250847],[121.493691,31.250872],[121.493769,31.25089],[121.494861,31.25104],[121.495218,31.251101],[121.495384,31.251165],[121.496338,31.251541],[121.496418,31.251562],[121.496495,31.251577]]}},{"type":"Feature","properties":{"osm_id":176150324,"highway":"secondary","name":"海伦路","ref":null},"geometry":{"type":"LineString","coordinates":[[121.494769,31.256741],[121.494294,31.256935],[121.493509,31.25723],[121.493086,31.257356],[121.492912,31.257401],[121.49275,31.257434],[121.492673,31.257448]]}},{"type":"Feature","properties":{"osm_id":176150325,"highway":"secondary","name":"海伦路","ref":null},"geometry":{"type":"LineString","coordinates":[[121.492673,31.257448],[121.492516,31.257473]]}},{"type":"Feature","properties":{"osm_id":176150326,"highway":"tertiary","name":"海门路","ref":null},"geometry":{"type":"LineString","coordinates":[[121.500958,31.257408],[121.501235,31.25732],[121.501338,31.257291],[121.50174,31.257179],[121.50187,31.257142]]}},{"type":"Feature","properties":{"osm_id":176150327,"highway":"tertiary","name":"汉阳路","ref":null},"geometry":{"type":"LineString","coordinates":[[121.492435,31.250171],[121.492517,31.250224]]}},{"type":"Feature","properties":{"osm_id":176150338,"highway":"tertiary","name":"东余杭路","ref":null},"geometry":{"type":"LineString","coordinates":[[121.493561,31.251822],[121.493629,31.251853],[121.493694,31.251876],[121.493766,31.251896],[121.494396,31.252049],[121.494605,31.252099],[121.495633,31.252332],[121.495884,31.252395]]}},{"type":"Feature","properties":{"osm_id":176150339,"highway":"tertiary","name":"东余杭路","ref":null},"geometry":{"type":"LineString","coordinates":[[121.49597,31.252291],[121.496407,31.252561],[121.49683,31.252828],[121.496888,31.25287],[121.496942,31.252911],[121.496997,31.252955],[121.497049,31.252996],[121.497088,31.253024],[121.497116,31.25304],[121.497141,31.253052],[121.497224,31.253086],[121.497329,31.253125],[121.497523,31.253198],[121.497734,31.253267]]}},{"type":"Feature","properties":{"osm_id":176866876,"highway":"trunk","name":"内环高架路","ref":null},"geometry":{"type":"LineString","coordinates":[[121.536022,31.265412],[121.53668,31.264558],[121.536983,31.264142],[121.537215,31.263837],[121.53751,31.263411],[121.538306,31.262037],[121.538638,31.26147],[121.539016,31.260865],[121.539169,31.260636],[121.539562,31.260151],[121.54014,31.259481],[121.540432,31.259183],[121.540925,31.258749],[121.542052,31.257836]]}},{"type":"Feature","properties":{"osm_id":177573605,"highway":"primary","name":"外滩隧道","ref":null},"geometry":{"type":"LineString","coordinates":[[121.489779,31.248953],[121.489648,31.249369],[121.489432,31.250109],[121.489304,31.250506],[121.489193,31.250789]]}},{"type":"Feature","properties":{"osm_id":177573606,"highway":"primary","name":"四平路","ref":null},"geometry":{"type":"LineString","coordinates":[[121.487687,31.255925],[121.487607,31.255764],[121.487436,31.255419],[121.487013,31.254527],[121.486891,31.254239],[121.486866,31.254049]]}},{"type":"Feature","properties":{"osm_id":177573607,"highway":"primary","name":"四平路","ref":null},"geometry":{"type":"LineString","coordinates":[[121.487814,31.256177],[121.487687,31.255925]]}},{"type":"Feature","properties":{"osm_id":177573608,"highway":"primary","name":"吴淞路","ref":null},"geometry":{"type":"LineString","coordinates":[[121.488774,31.251882],[121.48868,31.252034],[121.488483,31.252355],[121.48838,31.252501],[121.48832,31.252585],[121.487907,31.253143],[121.487585,31.253421],[121.48727,31.253675],[121.487068,31.253858],[121.487022,31.253935],[121.486993,31.254],[121.486975,31.254068]]}},{"type":"Feature","properties":{"osm_id":177573609,"highway":"primary","name":"四平路","ref":null},"geometry":{"type":"LineString","coordinates":[[121.487838,31.256009],[121.487942,31.256227],[121.488285,31.256888],[121.488451,31.257229],[121.488691,31.257859],[121.48873,31.257995],[121.488745,31.258057],[121.488764,31.258234],[121.488773,31.258417],[121.488784,31.259197],[121.488793,31.259288],[121.488804,31.259359],[121.488834,31.259484],[121.488884,31.259638],[121.489108,31.260236],[121.489387,31.26088]]}},{"type":"Feature","properties":{"osm_id":177573611,"highway":"primary","name":"四平路","ref":null},"geometry":{"type":"LineString","coordinates":[[121.487712,31.255744],[121.487838,31.256009]]}},{"type":"Feature","properties":{"osm_id":177574794,"highway":"secondary","name":"大名路","ref":null},"geometry":{"type":"LineString","coordinates":[[121.490652,31.24507],[121.490781,31.245103],[121.490824,31.24511],[121.490897,31.245132],[121.491118,31.245232],[121.491401,31.245361],[121.49157,31.245452],[121.491733,31.24556],[121.491832,31.245621]]}},{"type":"Feature","properties":{"osm_id":177574804,"highway":"secondary","name":"天潼路","ref":null},"geometry":{"type":"LineString","coordinates":[[121.489478,31.245845],[121.489385,31.245803],[121.489295,31.245774],[121.489184,31.245747]]}},{"type":"Feature","properties":{"osm_id":177574806,"highway":"tertiary","name":"长治路","ref":null},"geometry":{"type":"LineString","coordinates":[[121.490811,31.24584],[121.490802,31.245652],[121.490775,31.245506],[121.490694,31.245203],[121.490652,31.24507]]}},{"type":"Feature","properties":{"osm_id":177575808,"highway":"primary","name":"外滩隧道","ref":null},"geometry":{"type":"LineString","coordinates":[[121.49067,31.245239],[121.490582,31.244929],[121.490405,31.244337],[121.490326,31.244091],[121.490185,31.243792],[121.489933,31.243034],[121.489915,31.242867],[121.489925,31.242771],[121.489967,31.24264],[121.490072,31.242439],[121.490113,31.242351],[121.490144,31.242279],[121.490203,31.242131],[121.49031,31.241776],[121.49036,31.241612],[121.490403,31.241419],[121.490409,31.241375],[121.490412,31.241326],[121.490419,31.241078],[121.490406,31.240708],[121.490372,31.240478],[121.490335,31.240275],[121.490261,31.239871],[121.490191,31.239467],[121.490174,31.239334],[121.490156,31.239121],[121.490151,31.238978],[121.490161,31.238752],[121.490207,31.238325],[121.490247,31.238024],[121.490287,31.237707],[121.490321,31.237506],[121.490395,31.236958],[121.490473,31.236501],[121.490508,31.23631],[121.490554,31.236113],[121.490594,31.23593],[121.490654,31.235725],[121.490726,31.235541],[121.49084,31.235321],[121.490934,31.235151],[121.491068,31.234903],[121.491305,31.234534]]}},{"type":"Feature","properties":{"osm_id":177575809,"highway":"primary","name":"外滩隧道","ref":null},"geometry":{"type":"LineString","coordinates":[[121.490782,31.24523],[121.490788,31.245451],[121.490785,31.245614],[121.490776,31.245703],[121.490731,31.24591],[121.490697,31.246056],[121.490661,31.246148],[121.490624,31.246239],[121.490414,31.246694],[121.490362,31.246775],[121.490293,31.246885],[121.490133,31.247128],[121.490064,31.247278],[121.490017,31.247428],[121.489986,31.247607],[121.489965,31.247778],[121.48995,31.247981],[121.489779,31.248953]]}},{"type":"Feature","properties":{"osm_id":177579660,"highway":"primary","name":"外滩隧道","ref":null},"geometry":{"type":"LineString","coordinates":[[121.491616,31.246356],[121.491815,31.246505],[121.491937,31.246569],[121.492041,31.246621]]}},{"type":"Feature","properties":{"osm_id":177594555,"highway":"tertiary","name":"南苏州路","ref":null},"geometry":{"type":"LineString","coordinates":[[121.489538,31.242612],[121.489587,31.242553],[121.489764,31.242342],[121.489895,31.242185],[121.489984,31.24211]]}},{"type":"Feature","properties":{"osm_id":177594557,"highway":"tertiary","name":"南苏州路","ref":null},"geometry":{"type":"LineString","coordinates":[[121.490012,31.242618],[121.489936,31.242559],[121.489889,31.242535],[121.489826,31.242518],[121.489771,31.242513],[121.489728,31.242515],[121.489675,31.242529],[121.489628,31.242551],[121.489611,31.242563],[121.489538,31.242612]]}},{"type":"Feature","properties":{"osm_id":177594558,"highway":"secondary","name":"四川北路","ref":null},"geometry":{"type":"LineString","coordinates":[[121.48573,31.244326],[121.485721,31.24441]]}},{"type":"Feature","properties":{"osm_id":177594560,"highway":"secondary","name":"四川路桥","ref":null},"geometry":{"type":"LineString","coordinates":[[121.485834,31.243672],[121.485776,31.244004],[121.48573,31.244326]]}},{"type":"Feature","properties":{"osm_id":177598813,"highway":"primary_link","name":null,"ref":null},"geometry":{"type":"LineString","coordinates":[[121.488343,31.252345],[121.488374,31.252225],[121.488375,31.252183],[121.488375,31.252137],[121.488358,31.252065],[121.488327,31.251958],[121.488299,31.251895],[121.488256,31.251831],[121.488215,31.251793],[121.488089,31.251678]]}},{"type":"Feature","properties":{"osm_id":177598823,"highway":"primary_link","name":null,"ref":null},"geometry":{"type":"LineString","coordinates":[[121.489008,31.251385],[121.488979,31.251548],[121.488966,31.251642],[121.488963,31.251658],[121.488958,31.251745],[121.488961,31.251782],[121.488971,31.251837],[121.488987,31.251878],[121.489009,31.25192],[121.489055,31.251975],[121.489076,31.251994],[121.48912,31.252033],[121.489169,31.25208],[121.489261,31.252152]]}},{"type":"Feature","properties":{"osm_id":177714720,"highway":"primary","name":"海宁路","ref":null},"geometry":{"type":"LineString","coordinates":[[121.492218,31.253547],[121.49216,31.253539]]}},{"type":"Feature","properties":{"osm_id":177714722,"highway":"secondary","name":"新建路","ref":null},"geometry":{"type":"LineString","coordinates":[[121.497734,31.253267],[121.497743,31.253154],[121.497756,31.25308],[121.497773,31.253041],[121.497978,31.252724],[121.498047,31.252616],[121.49823,31.252337],[121.498274,31.252285],[121.498332,31.252233],[121.498407,31.252175],[121.498507,31.252081],[121.498617,31.251965],[121.498788,31.251764],[121.499139,31.251378],[121.499296,31.251182],[121.499465,31.250962],[121.499589,31.25076]]}},{"type":"Feature","properties":{"osm_id":177714723,"highway":"primary","name":"海宁路","ref":null},"geometry":{"type":"LineString","coordinates":[[121.491897,31.253483],[121.491748,31.253437],[121.491507,31.253353],[121.49109,31.253173],[121.49066,31.252971],[121.490495,31.252896],[121.490019,31.252678],[121.489651,31.252509],[121.489073,31.252232],[121.488824,31.252112],[121.48868,31.252034],[121.488555,31.251957]]}},{"type":"Feature","properties":{"osm_id":177714726,"highway":"primary","name":"海宁路","ref":null},"geometry":{"type":"LineString","coordinates":[[121.492187,31.25338],[121.492273,31.253394]]}},{"type":"Feature","properties":{"osm_id":177714729,"highway":"secondary","name":null,"ref":null},"geometry":{"type":"LineString","coordinates":[[121.497026,31.25491],[121.496927,31.255064]]}},{"type":"Feature","properties":{"osm_id":177714738,"highway":"primary","name":"海宁路","ref":null},"geometry":{"type":"LineString","coordinates":[[121.491932,31.253327],[121.492187,31.25338]]}},{"type":"Feature","properties":{"osm_id":177714740,"highway":"primary","name":"海宁路","ref":null},"geometry":{"type":"LineString","coordinates":[[121.49216,31.253539],[121.491897,31.253483]]}},{"type":"Feature","properties":{"osm_id":177719682,"highway":"secondary","name":"杨树浦路","ref":null},"geometry":{"type":"LineString","coordinates":[[121.510701,31.251437],[121.510994,31.251234],[121.511134,31.251151],[121.511355,31.251045],[121.511543,31.250975],[121.51168,31.250944],[121.511777,31.250922],[121.512003,31.250902],[121.512228,31.250894],[121.512512,31.2509],[121.51278,31.250937],[121.513207,31.251033],[121.51421,31.251248],[121.514638,31.25133],[121.514856,31.251372]]}},{"type":"Feature","properties":{"osm_id":177719684,"highway":"secondary","name":"平凉路","ref":null},"geometry":{"type":"LineString","coordinates":[[121.517115,31.252847],[121.517274,31.252961],[121.517873,31.253256],[121.517967,31.253315],[121.519367,31.254062],[121.519724,31.254238],[121.520151,31.254456],[121.520467,31.254632],[121.521367,31.255147],[121.521613,31.255322],[121.522428,31.255887],[121.52275,31.256133],[121.523647,31.256852],[121.523716,31.2569],[121.52407,31.257136],[121.524989,31.257809],[121.525388,31.258106],[121.525526,31.258187],[121.525732,31.258272],[121.526114,31.258423],[121.526252,31.258477],[121.526864,31.258686]]}},{"type":"Feature","properties":{"osm_id":177724634,"highway":"secondary","name":"河南北路","ref":null},"geometry":{"type":"LineString","coordinates":[[121.479638,31.249892],[121.47953,31.249998],[121.479344,31.25019],[121.479202,31.250327]]}},{"type":"Feature","properties":{"osm_id":177730677,"highway":"primary","name":"海宁路","ref":null},"geometry":{"type":"LineString","coordinates":[[121.491817,31.253295],[121.491932,31.253327]]}},{"type":"Feature","properties":{"osm_id":177741559,"highway":"primary","name":"大连路","ref":null},"geometry":{"type":"LineString","coordinates":[[121.51529,31.255019],[121.515603,31.254547],[121.515695,31.254463],[121.515842,31.25426],[121.516078,31.253899],[121.516401,31.253448],[121.516624,31.253099],[121.516924,31.252701]]}},{"type":"Feature","properties":{"osm_id":177741564,"highway":"primary","name":"周家嘴路","ref":null},"geometry":{"type":"LineString","coordinates":[[121.500815,31.257429],[121.500682,31.25732],[121.500558,31.257203],[121.500258,31.25698],[121.500041,31.256838],[121.4998,31.25668],[121.499602,31.256575],[121.499214,31.256403],[121.498837,31.256242],[121.498563,31.256069],[121.498113,31.255882],[121.497858,31.255766],[121.497729,31.255685],[121.497525,31.255541],[121.497254,31.255328],[121.496927,31.255064],[121.496676,31.254867],[121.49646,31.25472],[121.496252,31.254565],[121.496027,31.254358],[121.495861,31.254258],[121.49558,31.254061],[121.495163,31.253834],[121.494782,31.2537],[121.49438,31.253602],[121.494056,31.253563]]}},{"type":"Feature","properties":{"osm_id":177768115,"highway":"tertiary","name":"天章路","ref":null},"geometry":{"type":"LineString","coordinates":[[121.516399,31.250889],[121.516442,31.250905],[121.516491,31.250915],[121.51726,31.250912]]}},{"type":"Feature","properties":{"osm_id":177924165,"highway":"secondary","name":"东大名路","ref":null},"geometry":{"type":"LineString","coordinates":[[121.509342,31.252199],[121.509511,31.252158],[121.509728,31.252083],[121.509897,31.251987],[121.510106,31.251868],[121.510701,31.251437]]}},{"type":"Feature","properties":{"osm_id":177925123,"highway":"primary","name":"中山东二路","ref":null},"geometry":{"type":"LineString","coordinates":[[121.495362,31.229982],[121.495159,31.230169],[121.494852,31.230462],[121.494332,31.230964],[121.494233,31.231056],[121.494137,31.231152],[121.493301,31.231989],[121.493175,31.232111]]}},{"type":"Feature","properties":{"osm_id":177925124,"highway":"primary","name":"中山东二路","ref":null},"geometry":{"type":"LineString","coordinates":[[121.495454,31.229633],[121.496925,31.228331],[121.497285,31.22802],[121.497995,31.227416],[121.498354,31.227096],[121.498565,31.226902]]}},{"type":"Feature","properties":{"osm_id":178441747,"highway":"tertiary","name":"广东路","ref":null},"geometry":{"type":"LineString","coordinates":[[121.48249,31.232361],[121.482627,31.232343],[121.482753,31.232343],[121.483487,31.232465],[121.483562,31.232475],[121.484868,31.23266],[121.485674,31.232757],[121.485911,31.232784],[121.486166,31.232812],[121.486305,31.232836],[121.487022,31.233055],[121.487188,31.233108],[121.487847,31.233328],[121.488369,31.23356],[121.488533,31.233628],[121.488676,31.233676],[121.489397,31.233869],[121.491071,31.234402],[121.491185,31.234442],[121.491264,31.234479]]}},{"type":"Feature","properties":{"osm_id":178444039,"highway":"secondary","name":"昌邑路","ref":null},"geometry":{"type":"LineString","coordinates":[[121.519512,31.241655],[121.519628,31.24165],[121.5197,31.24165],[121.520254,31.241644],[121.520819,31.241635],[121.521491,31.241632],[121.521936,31.241627],[121.522527,31.241621],[121.523001,31.241617],[121.523875,31.241607],[121.524175,31.241618]]}},{"type":"Feature","properties":{"osm_id":178477020,"highway":"primary","name":"外滩隧道","ref":null},"geometry":{"type":"LineString","coordinates":[[121.491892,31.246588],[121.491635,31.246426],[121.491399,31.246277],[121.491205,31.246148],[121.491122,31.246078],[121.49105,31.246003],[121.490985,31.245928],[121.490909,31.245817],[121.49087,31.245729],[121.490819,31.245627],[121.49075,31.245463],[121.49067,31.245239]]}},{"type":"Feature","properties":{"osm_id":178477022,"highway":"primary","name":"外滩隧道","ref":null},"geometry":{"type":"LineString","coordinates":[[121.489552,31.249138],[121.489628,31.248832],[121.489658,31.248611],[121.489716,31.248285],[121.489759,31.247946],[121.489797,31.247624],[121.489901,31.247315],[121.490037,31.247081],[121.490255,31.246732],[121.490355,31.246555],[121.490447,31.246355],[121.490579,31.246072],[121.490652,31.245763],[121.490675,31.245656],[121.490688,31.245431],[121.49067,31.245239]]}},{"type":"Feature","properties":{"osm_id":178487027,"highway":"primary","name":null,"ref":null},"geometry":{"type":"LineString","coordinates":[[121.492011,31.233122],[121.49192,31.233273]]}},{"type":"Feature","properties":{"osm_id":178487028,"highway":"secondary","name":null,"ref":null},"geometry":{"type":"LineString","coordinates":[[121.491824,31.23324],[121.491915,31.233078]]}},{"type":"Feature","properties":{"osm_id":178487029,"highway":"trunk_link","name":null,"ref":null},"geometry":{"type":"LineString","coordinates":[[121.488537,31.231595],[121.488747,31.231668],[121.489027,31.231745],[121.489152,31.231781],[121.489274,31.23182],[121.489407,31.231871]]}},{"type":"Feature","properties":{"osm_id":178487030,"highway":"trunk_link","name":null,"ref":null},"geometry":{"type":"LineString","coordinates":[[121.488537,31.231595],[121.488741,31.231628],[121.488933,31.231671],[121.489085,31.231711],[121.489092,31.231713],[121.489261,31.231765],[121.489426,31.231826]]}},{"type":"Feature","properties":{"osm_id":178487031,"highway":"primary","name":"中山东二路","ref":null},"geometry":{"type":"LineString","coordinates":[[121.493705,31.231339],[121.493929,31.231107],[121.493986,31.231048],[121.494076,31.230954],[121.494174,31.230855],[121.494748,31.230276],[121.494998,31.230033],[121.495017,31.230014],[121.495154,31.229884]]}},{"type":"Feature","properties":{"osm_id":178487032,"highway":"trunk_link","name":null,"ref":null},"geometry":{"type":"LineString","coordinates":[[121.489407,31.231871],[121.489581,31.231967],[121.489684,31.232032],[121.489766,31.232093],[121.489811,31.232125],[121.489867,31.232169],[121.48994,31.232222]]}},{"type":"Feature","properties":{"osm_id":178489247,"highway":"trunk_link","name":null,"ref":null},"geometry":{"type":"LineString","coordinates":[[121.489426,31.231826],[121.489553,31.231895],[121.489684,31.231976],[121.489828,31.232077],[121.490015,31.232185],[121.490139,31.232223]]}},{"type":"Feature","properties":{"osm_id":178489249,"highway":"trunk_link","name":null,"ref":null},"geometry":{"type":"LineString","coordinates":[[121.489394,31.232029],[121.489134,31.231951],[121.488894,31.231887],[121.488695,31.231844],[121.488491,31.231802],[121.488295,31.231756],[121.488208,31.231726],[121.488117,31.23168]]}},{"type":"Feature","properties":{"osm_id":178489250,"highway":"trunk_link","name":null,"ref":null},"geometry":{"type":"LineString","coordinates":[[121.489879,31.232271],[121.489672,31.23217],[121.489587,31.232124],[121.489506,31.232078],[121.489394,31.232029]]}},{"type":"Feature","properties":{"osm_id":178489251,"highway":"trunk_link","name":null,"ref":null},"geometry":{"type":"LineString","coordinates":[[121.489947,31.232483],[121.489883,31.232376],[121.489826,31.232333],[121.489766,31.232288],[121.489653,31.232227],[121.489541,31.232164],[121.489449,31.232123],[121.489374,31.232095]]}},{"type":"Feature","properties":{"osm_id":178489252,"highway":"primary","name":"外滩隧道","ref":null},"geometry":{"type":"LineString","coordinates":[[121.48993,31.232308],[121.489879,31.232271],[121.489797,31.232212],[121.489722,31.23216],[121.489643,31.232108],[121.489549,31.232057],[121.489464,31.23201],[121.489374,31.231972],[121.489271,31.231934],[121.489122,31.231891],[121.488881,31.231824],[121.48856,31.231751],[121.488487,31.231743],[121.488415,31.231746],[121.488363,31.23175],[121.488301,31.231748],[121.488234,31.231741],[121.488133,31.231722],[121.488045,31.231691]]}},{"type":"Feature","properties":{"osm_id":178492980,"highway":"primary","name":"外滩隧道","ref":null},"geometry":{"type":"LineString","coordinates":[[121.500148,31.225337],[121.500675,31.224746],[121.501304,31.22412],[121.501523,31.223923],[121.501623,31.223824],[121.502243,31.223185]]}},{"type":"Feature","properties":{"osm_id":178492984,"highway":"secondary","name":"人民路隧道","ref":null},"geometry":{"type":"LineString","coordinates":[[121.495403,31.229427],[121.496141,31.229493]]}},{"type":"Feature","properties":{"osm_id":178492985,"highway":"primary_link","name":"外滩隧道","ref":null},"geometry":{"type":"LineString","coordinates":[[121.499985,31.225697],[121.499868,31.225872],[121.499847,31.225939],[121.499813,31.226038]]}},{"type":"Feature","properties":{"osm_id":178492989,"highway":"secondary","name":"人民路隧道","ref":null},"geometry":{"type":"LineString","coordinates":[[121.496141,31.229493],[121.496454,31.229529],[121.496807,31.229564],[121.497216,31.229608],[121.497559,31.229642],[121.497897,31.229663],[121.498231,31.229667],[121.498591,31.229658],[121.498952,31.229642],[121.499311,31.229607],[121.499666,31.229563],[121.499987,31.229519],[121.500303,31.229485],[121.500606,31.229463],[121.500888,31.229464],[121.501195,31.229477],[121.501461,31.229504],[121.501718,31.229542],[121.501972,31.229589],[121.502234,31.229639],[121.502527,31.229703],[121.502871,31.229792],[121.503161,31.229871],[121.503589,31.230004],[121.504011,31.230169],[121.504529,31.23036],[121.505038,31.230532],[121.505518,31.230659],[121.505806,31.230734],[121.506399,31.230873],[121.506584,31.230915]]}},{"type":"Feature","properties":{"osm_id":178492993,"highway":"secondary","name":"人民路隧道","ref":null},"geometry":{"type":"LineString","coordinates":[[121.495372,31.229533],[121.49511,31.229511],[121.494764,31.229489],[121.494418,31.229471],[121.493931,31.229465],[121.493327,31.229495],[121.492611,31.229516],[121.491668,31.229552],[121.490963,31.22956],[121.490565,31.229553]]}},{"type":"Feature","properties":{"osm_id":178492994,"highway":"primary","name":"外滩隧道","ref":null},"geometry":{"type":"LineString","coordinates":[[121.50009,31.225604],[121.499985,31.225697],[121.499869,31.225801]]}},{"type":"Feature","properties":{"osm_id":178493001,"highway":"secondary","name":"人民路隧道","ref":null},"geometry":{"type":"LineString","coordinates":[[121.496079,31.2296],[121.495372,31.229533]]}},{"type":"Feature","properties":{"osm_id":178583141,"highway":"trunk_link","name":null,"ref":null},"geometry":{"type":"LineString","coordinates":[[121.483166,31.231053],[121.482809,31.231019],[121.482599,31.230979]]}},{"type":"Feature","properties":{"osm_id":178583144,"highway":"trunk_link","name":null,"ref":null},"geometry":{"type":"LineString","coordinates":[[121.484147,31.231235],[121.483998,31.231238],[121.483906,31.231235],[121.483803,31.231228],[121.483646,31.231217]]}},{"type":"Feature","properties":{"osm_id":178583145,"highway":"tertiary","name":"福建南路","ref":null},"geometry":{"type":"LineString","coordinates":[[121.48345,31.230618],[121.483421,31.230675],[121.4834,31.230714],[121.483397,31.230766],[121.483405,31.23078],[121.483424,31.230794],[121.483469,31.23081]]}},{"type":"Feature","properties":{"osm_id":178583146,"highway":"trunk_link","name":null,"ref":null},"geometry":{"type":"LineString","coordinates":[[121.482397,31.230559],[121.482717,31.230671],[121.483179,31.230826],[121.483423,31.230893],[121.483872,31.230993],[121.484285,31.231068]]}},{"type":"Feature","properties":{"osm_id":178583148,"highway":"primary","name":"延安东路","ref":null},"geometry":{"type":"LineString","coordinates":[[121.480679,31.229665],[121.48099,31.22991],[121.481132,31.229995],[121.481606,31.230245],[121.481876,31.230393],[121.482169,31.230545],[121.482282,31.230593],[121.482453,31.230655],[121.482648,31.230725],[121.482993,31.230839],[121.483138,31.230879],[121.483267,31.230908],[121.48379,31.231029],[121.484265,31.231154],[121.484432,31.231204],[121.484532,31.23123],[121.484751,31.23127],[121.484859,31.231288],[121.485036,31.231298],[121.485232,31.231284],[121.485655,31.23124],[121.486435,31.23108],[121.486676,31.230982],[121.486761,31.230943],[121.48685,31.230916],[121.486941,31.2309],[121.487031,31.230883],[121.487168,31.230874]]}},{"type":"Feature","properties":{"osm_id":178583149,"highway":"primary","name":"延安东路","ref":null},"geometry":{"type":"LineString","coordinates":[[121.483166,31.231053],[121.482966,31.231006],[121.482635,31.230916],[121.482413,31.230845],[121.48221,31.230763],[121.481496,31.230392]]}},{"type":"Feature","properties":{"osm_id":178583150,"highway":"trunk","name":"延安东路隧道","ref":null},"geometry":{"type":"LineString","coordinates":[[121.486199,31.231211],[121.48584,31.231283],[121.485564,31.231327],[121.485413,31.231342],[121.485217,31.231357],[121.485036,31.23136],[121.484781,31.231342],[121.484577,31.231314],[121.484406,31.231291],[121.484147,31.231235]]}},{"type":"Feature","properties":{"osm_id":178583151,"highway":"tertiary","name":"福建中路","ref":null},"geometry":{"type":"LineString","coordinates":[[121.483027,31.231326],[121.483008,31.231368],[121.48297,31.231432]]}},{"type":"Feature","properties":{"osm_id":178583153,"highway":"trunk","name":"延安东路隧道","ref":null},"geometry":{"type":"LineString","coordinates":[[121.484285,31.231068],[121.484516,31.23111],[121.484775,31.231131],[121.484982,31.231135],[121.48517,31.23113],[121.485375,31.231112],[121.485667,31.231057],[121.486474,31.230918]]}},{"type":"Feature","properties":{"osm_id":178583155,"highway":"tertiary_link","name":null,"ref":null},"geometry":{"type":"LineString","coordinates":[[121.48297,31.231432],[121.482989,31.231335],[121.482985,31.231295],[121.482981,31.231271],[121.482959,31.231223],[121.482934,31.23119],[121.482899,31.231161],[121.482857,31.231133],[121.482768,31.231092]]}},{"type":"Feature","properties":{"osm_id":178583158,"highway":"tertiary_link","name":null,"ref":null},"geometry":{"type":"LineString","coordinates":[[121.483313,31.231164],[121.483232,31.231178],[121.483172,31.231195],[121.483124,31.231233],[121.483068,31.231285],[121.483027,31.231326]]}},{"type":"Feature","properties":{"osm_id":178583159,"highway":"trunk_link","name":null,"ref":null},"geometry":{"type":"LineString","coordinates":[[121.482397,31.230559],[121.482634,31.230669],[121.482854,31.230766],[121.483138,31.230879]]}},{"type":"Feature","properties":{"osm_id":178583160,"highway":"trunk_link","name":null,"ref":null},"geometry":{"type":"LineString","coordinates":[[121.482234,31.230823],[121.482055,31.230736],[121.4816,31.230494],[121.481066,31.230209]]}},{"type":"Feature","properties":{"osm_id":178583161,"highway":"tertiary_link","name":null,"ref":null},"geometry":{"type":"LineString","coordinates":[[121.483419,31.231092],[121.483206,31.231114],[121.483139,31.23113],[121.483104,31.231152]]}},{"type":"Feature","properties":{"osm_id":178583162,"highway":"tertiary","name":"福建中路","ref":null},"geometry":{"type":"LineString","coordinates":[[121.480697,31.235216],[121.480648,31.235282],[121.48045,31.235637],[121.480398,31.235723],[121.480326,31.235844],[121.480296,31.235912],[121.480271,31.235988],[121.480225,31.236109],[121.480161,31.236278],[121.480124,31.236378],[121.48008,31.2365],[121.479922,31.236975],[121.479892,31.237068]]}},{"type":"Feature","properties":{"osm_id":178583167,"highway":"tertiary","name":null,"ref":null},"geometry":{"type":"LineString","coordinates":[[121.481496,31.230392],[121.481606,31.230245],[121.481671,31.230156]]}},{"type":"Feature","properties":{"osm_id":178583694,"highway":"primary","name":"延安东路","ref":null},"geometry":{"type":"LineString","coordinates":[[121.487696,31.231397],[121.487443,31.231242],[121.487222,31.231141],[121.48704,31.231096],[121.486973,31.231087],[121.486906,31.231076],[121.486788,31.231075]]}},{"type":"Feature","properties":{"osm_id":178583695,"highway":"secondary","name":null,"ref":null},"geometry":{"type":"LineString","coordinates":[[121.486865,31.230861],[121.48685,31.230916],[121.486788,31.231075]]}},{"type":"Feature","properties":{"osm_id":178583696,"highway":"secondary","name":null,"ref":null},"geometry":{"type":"LineString","coordinates":[[121.486565,31.231208],[121.486676,31.230982],[121.486726,31.230863]]}},{"type":"Feature","properties":{"osm_id":178702239,"highway":"trunk","name":"延安高架路","ref":null},"geometry":{"type":"LineString","coordinates":[[121.474677,31.226515],[121.475471,31.226851],[121.475698,31.226967],[121.475845,31.227065],[121.476232,31.227287],[121.476876,31.227738],[121.477195,31.22795],[121.477556,31.228166],[121.477749,31.228277],[121.478139,31.228485],[121.47819,31.228512],[121.478294,31.228567],[121.4785,31.228674],[121.478666,31.228769],[121.478935,31.228905],[121.479161,31.229019],[121.480131,31.229526],[121.480856,31.229893],[121.481404,31.230197],[121.481827,31.230419],[121.482288,31.230633],[121.482457,31.230693],[121.482742,31.230769],[121.483163,31.230861],[121.483392,31.230917],[121.483497,31.230941],[121.483973,31.23105],[121.48449,31.231161],[121.484603,31.231177],[121.484771,31.231191],[121.484914,31.231191],[121.485106,31.231184],[121.485293,31.231171],[121.485512,31.231136],[121.485767,31.231099],[121.486445,31.230991],[121.486565,31.23098],[121.486765,31.230965],[121.48695,31.230972],[121.487111,31.230993],[121.487249,31.231027],[121.48737,31.231067],[121.487472,31.231113],[121.487568,31.231165],[121.487652,31.231215],[121.487731,31.231269],[121.487828,31.231342],[121.487913,31.2314],[121.48798,31.231447],[121.48804,31.23148],[121.488131,31.231518],[121.488233,31.231549],[121.488346,31.23157],[121.488537,31.231595]]}},{"type":"Feature","properties":{"osm_id":178702243,"highway":"trunk","name":"延安高架路","ref":null},"geometry":{"type":"LineString","coordinates":[[121.488117,31.23168],[121.48797,31.231578],[121.487856,31.231474],[121.487714,31.231347],[121.487603,31.23127],[121.487485,31.231199],[121.487397,31.231157],[121.487311,31.231122],[121.487221,31.231097],[121.487128,31.231076],[121.486999,31.231059],[121.486843,31.231046],[121.486696,31.231046],[121.486512,31.231061],[121.485844,31.23117],[121.485363,31.231241],[121.485188,31.231263],[121.485037,31.231272],[121.484846,31.231273],[121.484691,31.231269],[121.484504,31.23125],[121.484292,31.23121],[121.484079,31.231159],[121.483418,31.231014],[121.483288,31.230984],[121.483025,31.230924],[121.482649,31.230833],[121.482344,31.23074],[121.482057,31.230612],[121.481741,31.23045],[121.481261,31.230206],[121.481053,31.2301],[121.480689,31.229907],[121.480169,31.229635],[121.479748,31.229439],[121.478597,31.228828],[121.478471,31.228761],[121.478241,31.228639],[121.478081,31.228554],[121.47756,31.228277],[121.477199,31.228058],[121.476845,31.227831],[121.476267,31.227424],[121.475958,31.227237],[121.475565,31.227026],[121.475185,31.226872],[121.474806,31.22674]]}},{"type":"Feature","properties":{"osm_id":178702249,"highway":"trunk_link","name":null,"ref":null},"geometry":{"type":"LineString","coordinates":[[121.475698,31.226967],[121.475908,31.22705],[121.476117,31.227155],[121.47628,31.227251],[121.476403,31.227333],[121.476798,31.227608],[121.477088,31.227814],[121.477336,31.227971],[121.477568,31.228108],[121.477953,31.228315],[121.478172,31.228433],[121.478331,31.228518],[121.478558,31.22864],[121.478699,31.228717],[121.479076,31.228913],[121.479969,31.229388],[121.480382,31.22959],[121.480776,31.229774],[121.481059,31.22991],[121.481237,31.229999]]}},{"type":"Feature","properties":{"osm_id":178702251,"highway":"trunk_link","name":null,"ref":null},"geometry":{"type":"LineString","coordinates":[[121.481237,31.229999],[121.481803,31.230284],[121.482102,31.230428],[121.482397,31.230559]]}},{"type":"Feature","properties":{"osm_id":194474922,"highway":"tertiary_link","name":null,"ref":null},"geometry":{"type":"LineString","coordinates":[[121.500666,31.237581],[121.500722,31.237748],[121.500771,31.237833],[121.500826,31.237888],[121.500902,31.237932],[121.500987,31.237952],[121.50108,31.237954],[121.501198,31.237944]]}},{"type":"Feature","properties":{"osm_id":194474923,"highway":"tertiary_link","name":null,"ref":null},"geometry":{"type":"LineString","coordinates":[[121.501198,31.237944],[121.501411,31.237863]]}},{"type":"Feature","properties":{"osm_id":226657313,"highway":"secondary","name":"北京东路","ref":null},"geometry":{"type":"LineString","coordinates":[[121.486765,31.240708],[121.486846,31.240733],[121.487369,31.240737],[121.487471,31.240736],[121.488302,31.240726],[121.489086,31.240718],[121.490124,31.240695],[121.490289,31.240689]]}},{"type":"Feature","properties":{"osm_id":237271804,"highway":"tertiary","name":"崂山路","ref":null},"geometry":{"type":"LineString","coordinates":[[121.519732,31.234678],[121.520336,31.233452],[121.520361,31.233404],[121.520708,31.232743],[121.521211,31.231783]]}},{"type":"Feature","properties":{"osm_id":237271809,"highway":"tertiary","name":"浦电路","ref":null},"geometry":{"type":"LineString","coordinates":[[121.52881,31.220749],[121.52887,31.220779],[121.529656,31.221045],[121.530214,31.221245],[121.53055,31.221362],[121.530977,31.221512],[121.531546,31.22171],[121.531634,31.221741],[121.53192,31.221834],[121.532357,31.221992],[121.533083,31.222226],[121.533114,31.222236],[121.533343,31.22231],[121.533779,31.222499],[121.533923,31.222578],[121.533946,31.22259],[121.534156,31.222709],[121.534495,31.222951],[121.534602,31.223065],[121.534765,31.223238],[121.534832,31.223309],[121.535163,31.223679],[121.535253,31.223788]]}},{"type":"Feature","properties":{"osm_id":237271818,"highway":"tertiary","name":"杨源路","ref":null},"geometry":{"type":"LineString","coordinates":[[121.542971,31.225638],[121.542825,31.225587],[121.542161,31.225357],[121.541999,31.2253],[121.540866,31.224907],[121.540645,31.22483],[121.540389,31.22474],[121.540264,31.224696],[121.539965,31.224594],[121.539692,31.224501],[121.539179,31.224336],[121.538515,31.224075],[121.538455,31.224051],[121.538362,31.22401]]}},{"type":"Feature","properties":{"osm_id":238219443,"highway":"tertiary","name":"济南路","ref":null},"geometry":{"type":"LineString","coordinates":[[121.480629,31.216277],[121.480053,31.217329],[121.479765,31.217856]]}},{"type":"Feature","properties":{"osm_id":238346293,"highway":"tertiary","name":"四川中路","ref":null},"geometry":{"type":"LineString","coordinates":[[121.488244,31.237428],[121.48819,31.237576],[121.488152,31.237657],[121.488076,31.237793],[121.487973,31.237966],[121.487932,31.238039],[121.487793,31.238324],[121.487718,31.238484]]}},{"type":"Feature","properties":{"osm_id":238478722,"highway":"tertiary","name":"虬江路","ref":null},"geometry":{"type":"LineString","coordinates":[[121.482445,31.25438],[121.482725,31.254457],[121.48317,31.254594],[121.483356,31.254652],[121.483541,31.254709]]}},{"type":"Feature","properties":{"osm_id":238485701,"highway":"tertiary","name":"海拉尔路","ref":null},"geometry":{"type":"LineString","coordinates":[[121.494769,31.256741],[121.494867,31.256946],[121.495263,31.257431],[121.495461,31.257657],[121.495615,31.25783],[121.495737,31.257973]]}},{"type":"Feature","properties":{"osm_id":289722804,"highway":"secondary","name":"浦城路","ref":null},"geometry":{"type":"LineString","coordinates":[[121.509463,31.23288],[121.510001,31.232]]}},{"type":"Feature","properties":{"osm_id":289722805,"highway":"secondary","name":"陆家嘴环路","ref":null},"geometry":{"type":"LineString","coordinates":[[121.508784,31.233086],[121.508883,31.233107],[121.508985,31.233113],[121.509069,31.23311],[121.509153,31.233086],[121.509233,31.233048],[121.509306,31.233008],[121.509374,31.232956],[121.509463,31.23288]]}},{"type":"Feature","properties":{"osm_id":289722806,"highway":"secondary","name":"陆家嘴环路","ref":null},"geometry":{"type":"LineString","coordinates":[[121.501546,31.234238],[121.501386,31.234435],[121.501177,31.234675],[121.50108,31.234806],[121.50102,31.234888],[121.500934,31.235032],[121.500864,31.235186],[121.500792,31.235354],[121.500757,31.235536],[121.500744,31.235669],[121.500715,31.235979],[121.500706,31.236087]]}},{"type":"Feature","properties":{"osm_id":289722808,"highway":"secondary","name":"陆家嘴环路地道","ref":null},"geometry":{"type":"LineString","coordinates":[[121.509111,31.23375],[121.509097,31.23365],[121.509073,31.233567],[121.509028,31.233491],[121.508974,31.233417]]}},{"type":"Feature","properties":{"osm_id":357851084,"highway":"tertiary","name":"陆家嘴西路","ref":null},"geometry":{"type":"LineString","coordinates":[[121.499394,31.23769],[121.499249,31.237628],[121.498695,31.237389],[121.49852,31.237314],[121.498064,31.237117],[121.497697,31.236959],[121.497595,31.236915]]}},{"type":"Feature","properties":{"osm_id":421846085,"highway":"secondary","name":"人民路","ref":null},"geometry":{"type":"LineString","coordinates":[[121.493377,31.229396],[121.493268,31.229403],[121.492865,31.22943],[121.492485,31.229448],[121.492216,31.229463],[121.492102,31.229467],[121.49198,31.22947],[121.491797,31.229478],[121.491626,31.229476],[121.491319,31.22948],[121.49078,31.229486]]}},{"type":"Feature","properties":{"osm_id":422821290,"highway":"tertiary","name":"安澜路","ref":null},"geometry":{"type":"LineString","coordinates":[[121.486811,31.215887],[121.487164,31.216094]]}},{"type":"Feature","properties":{"osm_id":436659362,"highway":"secondary","name":"世纪大道","ref":null},"geometry":{"type":"LineString","coordinates":[[121.501494,31.238204],[121.501485,31.238207],[121.501318,31.238254],[121.500987,31.238336],[121.500866,31.238396]]}},{"type":"Feature","properties":{"osm_id":436828153,"highway":"primary","name":"浦东大道地道","ref":null},"geometry":{"type":"LineString","coordinates":[[121.513686,31.238867],[121.511151,31.238127],[121.510897,31.238017],[121.510576,31.237865],[121.510379,31.237744],[121.510189,31.237607],[121.509817,31.237303],[121.509454,31.237042],[121.509072,31.23677],[121.50873,31.236572],[121.508502,31.236467],[121.508279,31.236399],[121.507967,31.236323],[121.507739,31.236279],[121.507568,31.236266],[121.507386,31.236257],[121.50715,31.236256],[121.506966,31.236269],[121.506797,31.236294],[121.506499,31.236354],[121.506098,31.236458],[121.505522,31.236628],[121.5053,31.236702],[121.504968,31.236826],[121.504458,31.237021],[121.503811,31.237282],[121.503533,31.237393],[121.503053,31.237582],[121.502567,31.237775],[121.502064,31.237969],[121.501875,31.238038],[121.501691,31.2381],[121.50153,31.238154],[121.501379,31.238204],[121.501234,31.238246]]}},{"type":"Feature","properties":{"osm_id":436828154,"highway":"primary","name":"浦东大道地道","ref":null},"geometry":{"type":"LineString","coordinates":[[121.501214,31.238053],[121.501363,31.238026],[121.501537,31.237996],[121.501706,31.237957],[121.501855,31.237921],[121.502021,31.237876],[121.502158,31.237834],[121.502421,31.23774],[121.502839,31.237572],[121.503412,31.23735],[121.503757,31.237206],[121.504406,31.236927],[121.504929,31.236731],[121.505442,31.236549],[121.506057,31.23637],[121.506491,31.236249],[121.506818,31.236187],[121.507115,31.236156],[121.507413,31.236162],[121.507705,31.236179],[121.507946,31.236212],[121.508323,31.236303],[121.508547,31.236374],[121.508778,31.23648],[121.509142,31.236687],[121.509554,31.236968],[121.509937,31.237243],[121.51031,31.237539],[121.510469,31.237655],[121.510646,31.237767],[121.510916,31.237904],[121.511211,31.238026],[121.51523,31.239202],[121.516655,31.239618],[121.518706,31.240139],[121.520131,31.24037],[121.52097,31.240452],[121.521939,31.24051],[121.522607,31.24055],[121.52389,31.240606],[121.527733,31.240672],[121.528778,31.240758],[121.529146,31.240832],[121.535151,31.242424],[121.539211,31.243581],[121.540562,31.244094],[121.543009,31.24514],[121.544987,31.245966],[121.546328,31.246567],[121.548865,31.248063],[121.54942,31.248435],[121.5499,31.248851],[121.551125,31.250057],[121.5518,31.250635],[121.552807,31.251801],[121.554466,31.253641],[121.555647,31.25491],[121.556297,31.255439]]}},{"type":"Feature","properties":{"osm_id":436828155,"highway":"primary_link","name":"银城中路出口","ref":null},"geometry":{"type":"LineString","coordinates":[[121.505522,31.236628],[121.505326,31.23674],[121.505197,31.236786],[121.505014,31.236851],[121.504828,31.236925],[121.504733,31.236971],[121.504666,31.237011],[121.504594,31.237068],[121.504526,31.237128],[121.504463,31.237201],[121.504413,31.237268],[121.504366,31.237343],[121.50433,31.237413],[121.5043,31.237482],[121.50427,31.237555],[121.504245,31.237624],[121.50423,31.237683],[121.504218,31.237758],[121.504212,31.237853],[121.504216,31.237981]]}},{"type":"Feature","properties":{"osm_id":446275072,"highway":"tertiary","name":"人民路","ref":null},"geometry":{"type":"LineString","coordinates":[[121.494792,31.229127],[121.494492,31.229246],[121.494026,31.229391]]}},{"type":"Feature","properties":{"osm_id":448931481,"highway":"secondary","name":"中山东一路","ref":null},"geometry":{"type":"LineString","coordinates":[[121.489991,31.238943],[121.49,31.238746],[121.490025,31.238506],[121.490051,31.238319],[121.490096,31.238005],[121.490109,31.237893]]}},{"type":"Feature","properties":{"osm_id":448931482,"highway":"secondary","name":"中山东一路","ref":null},"geometry":{"type":"LineString","coordinates":[[121.490235,31.236952],[121.49024,31.236906],[121.49025,31.236814],[121.490308,31.236353],[121.490365,31.235983],[121.49042,31.235768],[121.490462,31.235631]]}},{"type":"Feature","properties":{"osm_id":449718769,"highway":"secondary","name":"河南中路","ref":null},"geometry":{"type":"LineString","coordinates":[[121.484949,31.237629],[121.484923,31.237701],[121.484901,31.237754],[121.484776,31.238062],[121.484556,31.238605]]}},{"type":"Feature","properties":{"osm_id":449718771,"highway":"secondary","name":"河南中路","ref":null},"geometry":{"type":"LineString","coordinates":[[121.484808,31.237665],[121.484835,31.237586]]}},{"type":"Feature","properties":{"osm_id":449718773,"highway":"secondary","name":"河南中路","ref":null},"geometry":{"type":"LineString","coordinates":[[121.484835,31.237586],[121.4849,31.237406],[121.484934,31.237299],[121.485083,31.236747],[121.485117,31.23662]]}},{"type":"Feature","properties":{"osm_id":449718776,"highway":"secondary","name":"河南中路","ref":null},"geometry":{"type":"LineString","coordinates":[[121.484445,31.238569],[121.484719,31.237894],[121.484786,31.237722],[121.484808,31.237665]]}},{"type":"Feature","properties":{"osm_id":449718778,"highway":"secondary","name":"河南中路","ref":null},"geometry":{"type":"LineString","coordinates":[[121.484556,31.238605],[121.484283,31.239271],[121.483816,31.240459]]}},{"type":"Feature","properties":{"osm_id":455698680,"highway":"tertiary","name":"武进路","ref":null},"geometry":{"type":"LineString","coordinates":[[121.481632,31.25068],[121.481528,31.25064],[121.480482,31.25024],[121.480018,31.250062]]}},{"type":"Feature","properties":{"osm_id":469632300,"highway":"tertiary","name":"南苏州路","ref":null},"geometry":{"type":"LineString","coordinates":[[121.487504,31.243604],[121.48759,31.243609],[121.487683,31.243606],[121.487783,31.24358],[121.487894,31.243544],[121.488195,31.243446],[121.48832,31.243401],[121.488652,31.243278],[121.488945,31.243154],[121.48908,31.243081],[121.489207,31.242983],[121.489318,31.242864],[121.489538,31.242612]]}},{"type":"Feature","properties":{"osm_id":469632301,"highway":"tertiary","name":"大名路","ref":null},"geometry":{"type":"LineString","coordinates":[[121.490407,31.244021],[121.490474,31.244353],[121.490652,31.24507]]}},{"type":"Feature","properties":{"osm_id":473523869,"highway":"primary_link","name":null,"ref":null},"geometry":{"type":"LineString","coordinates":[[121.491533,31.232945],[121.491585,31.232979],[121.491606,31.233005],[121.491618,31.23303],[121.491619,31.233051],[121.49161,31.233082],[121.491596,31.233103],[121.491567,31.233119],[121.491537,31.233128],[121.491495,31.233129],[121.491442,31.233121]]}},{"type":"Feature","properties":{"osm_id":474143552,"highway":"tertiary","name":"金陵东路","ref":null},"geometry":{"type":"LineString","coordinates":[[121.48446,31.229052],[121.482973,31.228273],[121.482268,31.227904],[121.481682,31.227592],[121.48103,31.227253],[121.480601,31.227025],[121.480047,31.226731],[121.479904,31.226661],[121.479814,31.226618]]}},{"type":"Feature","properties":{"osm_id":475044040,"highway":"secondary","name":"西藏南路","ref":null},"geometry":{"type":"LineString","coordinates":[[121.481132,31.223601],[121.481194,31.223453],[121.481248,31.223224],[121.481365,31.22248],[121.481411,31.22214],[121.481455,31.221844],[121.481475,31.22175],[121.481616,31.221094],[121.481663,31.220878]]}},{"type":"Feature","properties":{"osm_id":475437749,"highway":"secondary","name":"大名路","ref":null},"geometry":{"type":"LineString","coordinates":[[121.492285,31.245905],[121.492561,31.246052],[121.492631,31.246082],[121.492776,31.246134],[121.4929,31.24617],[121.493047,31.246199],[121.493219,31.246212],[121.493425,31.246213],[121.49369,31.246221],[121.493856,31.246231],[121.493922,31.246245],[121.493991,31.246258],[121.494115,31.246304],[121.494217,31.246345],[121.494386,31.24641],[121.494535,31.246475],[121.49496,31.246667],[121.495015,31.246699]]}},{"type":"Feature","properties":{"osm_id":477993575,"highway":"secondary","name":"大连路隧道","ref":null},"geometry":{"type":"LineString","coordinates":[[121.518959,31.250592],[121.519142,31.250372]]}},{"type":"Feature","properties":{"osm_id":477993576,"highway":"secondary","name":"大连路隧道","ref":null},"geometry":{"type":"LineString","coordinates":[[121.516727,31.253146],[121.517407,31.252136],[121.517838,31.251606],[121.518026,31.251431],[121.518959,31.250592]]}},{"type":"Feature","properties":{"osm_id":478271873,"highway":"primary","name":"延安东路","ref":null},"geometry":{"type":"LineString","coordinates":[[121.490324,31.232676],[121.490201,31.23262],[121.489979,31.232501],[121.489947,31.232483],[121.489763,31.232361],[121.489606,31.232269],[121.489476,31.232208],[121.489346,31.232155],[121.489068,31.232075],[121.488847,31.232014],[121.488616,31.231953],[121.488447,31.23191],[121.488306,31.231868],[121.488162,31.231785],[121.488045,31.231691],[121.48793,31.231609],[121.487696,31.231397]]}},{"type":"Feature","properties":{"osm_id":478271874,"highway":"primary","name":"延安东路","ref":null},"geometry":{"type":"LineString","coordinates":[[121.491533,31.232945],[121.491789,31.233028],[121.491915,31.233078]]}},{"type":"Feature","properties":{"osm_id":478271876,"highway":"primary","name":"延安东路","ref":null},"geometry":{"type":"LineString","coordinates":[[121.487339,31.230887],[121.487408,31.230911],[121.487475,31.230949],[121.487523,31.23098],[121.487574,31.231019],[121.487648,31.231075],[121.487719,31.231132],[121.487862,31.231234],[121.487967,31.231307],[121.488074,31.231381],[121.48817,31.231419],[121.48827,31.231446],[121.488328,31.231461]]}},{"type":"Feature","properties":{"osm_id":478271879,"highway":"primary","name":"延安东路","ref":null},"geometry":{"type":"LineString","coordinates":[[121.489419,31.231757],[121.489642,31.231872],[121.489781,31.231968],[121.489978,31.232102],[121.490139,31.232223],[121.490185,31.232252],[121.49029,31.232331],[121.490631,31.23253],[121.490835,31.232655]]}},{"type":"Feature","properties":{"osm_id":479205309,"highway":"trunk","name":"延安东路隧道","ref":null},"geometry":{"type":"LineString","coordinates":[[121.489854,31.231906],[121.489421,31.231737],[121.488883,31.231536],[121.488647,31.231447],[121.488437,31.231358],[121.487824,31.231076],[121.487622,31.230983],[121.487506,31.230944],[121.487354,31.230916],[121.487247,31.230909],[121.487131,31.230911],[121.487021,31.230931],[121.486934,31.230955],[121.486798,31.231001],[121.486714,31.231036],[121.486565,31.231098],[121.486465,31.231133],[121.486351,31.231169],[121.486199,31.231211]]}},{"type":"Feature","properties":{"osm_id":479205310,"highway":"trunk","name":"延安东路隧道","ref":null},"geometry":{"type":"LineString","coordinates":[[121.490263,31.232075],[121.489854,31.231906]]}},{"type":"Feature","properties":{"osm_id":479208647,"highway":"trunk","name":"延安东路隧道","ref":null},"geometry":{"type":"LineString","coordinates":[[121.490778,31.232293],[121.490263,31.232075]]}},{"type":"Feature","properties":{"osm_id":479210211,"highway":"trunk","name":"延安东路隧道","ref":null},"geometry":{"type":"LineString","coordinates":[[121.490521,31.231673],[121.49141,31.232262]]}},{"type":"Feature","properties":{"osm_id":479210212,"highway":"trunk","name":"延安东路隧道","ref":null},"geometry":{"type":"LineString","coordinates":[[121.486474,31.230918],[121.486838,31.23085],[121.487158,31.23079],[121.487491,31.23073],[121.487793,31.230695],[121.488072,31.230683],[121.488314,31.230698],[121.488553,31.230746],[121.48884,31.230833],[121.489137,31.230941],[121.489447,31.231061],[121.4897,31.231178],[121.489838,31.231252]]}},{"type":"Feature","properties":{"osm_id":484295014,"highway":"trunk","name":"延安东路隧道","ref":null},"geometry":{"type":"LineString","coordinates":[[121.499043,31.238377],[121.498823,31.238356],[121.498585,31.238322],[121.498355,31.238276],[121.498099,31.238203],[121.497864,31.238121],[121.497638,31.238023],[121.497417,31.237907],[121.49707,31.237709],[121.496565,31.237365]]}},{"type":"Feature","properties":{"osm_id":484295015,"highway":"trunk","name":"延安东路隧道","ref":null},"geometry":{"type":"LineString","coordinates":[[121.499637,31.238415],[121.499043,31.238377]]}},{"type":"Feature","properties":{"osm_id":484295016,"highway":"trunk","name":"延安东路隧道","ref":null},"geometry":{"type":"LineString","coordinates":[[121.499466,31.237982],[121.499659,31.238056]]}},{"type":"Feature","properties":{"osm_id":484295017,"highway":"trunk","name":"延安东路隧道","ref":null},"geometry":{"type":"LineString","coordinates":[[121.499659,31.238056],[121.499793,31.238099],[121.499906,31.238123],[121.500015,31.23814],[121.500155,31.238155],[121.500296,31.238156],[121.500419,31.238147],[121.500553,31.238133],[121.500718,31.238121],[121.500965,31.23809],[121.501214,31.238053]]}},{"type":"Feature","properties":{"osm_id":484295019,"highway":"trunk","name":"延安东路隧道","ref":null},"geometry":{"type":"LineString","coordinates":[[121.49141,31.232262],[121.491867,31.232583],[121.492149,31.232788],[121.492637,31.233162],[121.496928,31.236682],[121.49727,31.236914],[121.498008,31.237312],[121.498564,31.237583],[121.499037,31.2378],[121.499466,31.237982]]}},{"type":"Feature","properties":{"osm_id":484295020,"highway":"trunk","name":"延安东路隧道","ref":null},"geometry":{"type":"LineString","coordinates":[[121.496212,31.237095],[121.496061,31.236976],[121.495732,31.236677],[121.492596,31.233571],[121.492061,31.233022],[121.491892,31.232876]]}},{"type":"Feature","properties":{"osm_id":484295021,"highway":"trunk","name":"延安东路隧道","ref":null},"geometry":{"type":"LineString","coordinates":[[121.496565,31.237365],[121.496212,31.237095]]}},{"type":"Feature","properties":{"osm_id":484295022,"highway":"trunk","name":"延安东路隧道","ref":null},"geometry":{"type":"LineString","coordinates":[[121.490291,31.231521],[121.490521,31.231673]]}},{"type":"Feature","properties":{"osm_id":484295023,"highway":"trunk","name":"延安东路隧道","ref":null},"geometry":{"type":"LineString","coordinates":[[121.489838,31.231252],[121.489999,31.231347],[121.490291,31.231521]]}},{"type":"Feature","properties":{"osm_id":484295024,"highway":"trunk","name":"延安东路隧道","ref":null},"geometry":{"type":"LineString","coordinates":[[121.491343,31.232549],[121.491064,31.232417],[121.490778,31.232293]]}},{"type":"Feature","properties":{"osm_id":484295025,"highway":"trunk","name":"延安东路隧道","ref":null},"geometry":{"type":"LineString","coordinates":[[121.491892,31.232876],[121.49177,31.232787],[121.491673,31.232724],[121.491569,31.232662],[121.491343,31.232549]]}},{"type":"Feature","properties":{"osm_id":488788626,"highway":"secondary","name":"西藏南路","ref":null},"geometry":{"type":"LineString","coordinates":[[121.479814,31.226618],[121.479708,31.226737],[121.479497,31.227044],[121.479489,31.227056],[121.47935,31.227258],[121.479242,31.227429],[121.479147,31.227579],[121.479049,31.227723],[121.478736,31.228194],[121.478547,31.228502],[121.478526,31.228549]]}},{"type":"Feature","properties":{"osm_id":488788627,"highway":"secondary","name":"西藏南路","ref":null},"geometry":{"type":"LineString","coordinates":[[121.485074,31.215162],[121.48459,31.216083],[121.484509,31.216228],[121.48417,31.216939],[121.483966,31.217392]]}},{"type":"Feature","properties":{"osm_id":488788632,"highway":"tertiary","name":"肇周路","ref":null},"geometry":{"type":"LineString","coordinates":[[121.481097,31.213864],[121.48073,31.215773],[121.480671,31.216077],[121.480629,31.216277]]}},{"type":"Feature","properties":{"osm_id":490474063,"highway":"secondary","name":"西藏南路","ref":null},"geometry":{"type":"LineString","coordinates":[[121.48147,31.22248],[121.481469,31.222631],[121.481446,31.222747],[121.481423,31.222908],[121.481402,31.223097],[121.481395,31.223219],[121.481366,31.223352],[121.481333,31.223485],[121.481322,31.223515],[121.481279,31.223637],[121.481161,31.223936]]}},{"type":"Feature","properties":{"osm_id":490474064,"highway":"secondary","name":"西藏南路","ref":null},"geometry":{"type":"LineString","coordinates":[[121.483689,31.217486],[121.484457,31.21599],[121.484912,31.215102]]}},{"type":"Feature","properties":{"osm_id":495188606,"highway":"secondary","name":"吴淞路","ref":null},"geometry":{"type":"LineString","coordinates":[[121.489824,31.24807],[121.489794,31.248315],[121.489768,31.248528],[121.489734,31.248725],[121.489684,31.248919],[121.48952,31.249482],[121.489353,31.250038],[121.489233,31.250426],[121.489193,31.250789]]}},{"type":"Feature","properties":{"osm_id":513082623,"highway":"trunk_link","name":null,"ref":null},"geometry":{"type":"LineString","coordinates":[[121.481066,31.230209],[121.480809,31.230072],[121.480496,31.229876],[121.480154,31.229675],[121.479748,31.229439]]}},{"type":"Feature","properties":{"osm_id":520214803,"highway":"primary","name":null,"ref":null},"geometry":{"type":"LineString","coordinates":[[121.498761,31.227079],[121.498565,31.226902]]}},{"type":"Feature","properties":{"osm_id":553692643,"highway":"tertiary_link","name":null,"ref":null},"geometry":{"type":"LineString","coordinates":[[121.502767,31.238074],[121.502686,31.238105],[121.502535,31.23816]]}},{"type":"Feature","properties":{"osm_id":558885222,"highway":"secondary","name":"海伦路","ref":null},"geometry":{"type":"LineString","coordinates":[[121.492516,31.257473],[121.492472,31.257479],[121.491929,31.257555],[121.49075,31.257711],[121.490122,31.257825],[121.489718,31.257889],[121.489329,31.257955],[121.489107,31.257991],[121.488923,31.258022],[121.488745,31.258057],[121.488584,31.258094]]}},{"type":"Feature","properties":{"osm_id":558885224,"highway":"secondary","name":"海伦路","ref":null},"geometry":{"type":"LineString","coordinates":[[121.488584,31.258094],[121.48873,31.257995],[121.48883,31.257942],[121.488961,31.257896],[121.48921,31.257837],[121.489537,31.257783],[121.490094,31.257711],[121.490732,31.257625],[121.491866,31.257434],[121.492153,31.257379],[121.492432,31.257344],[121.492482,31.257322]]}},{"type":"Feature","properties":{"osm_id":558885226,"highway":"secondary","name":"海伦路","ref":null},"geometry":{"type":"LineString","coordinates":[[121.492654,31.257304],[121.492723,31.257267],[121.49291,31.257216],[121.493154,31.257149],[121.493562,31.257007],[121.494207,31.25679],[121.494685,31.25663]]}},{"type":"Feature","properties":{"osm_id":558885227,"highway":"secondary","name":"海伦路","ref":null},"geometry":{"type":"LineString","coordinates":[[121.492482,31.257322],[121.492654,31.257304]]}},{"type":"Feature","properties":{"osm_id":574887041,"highway":"tertiary","name":"浦电路","ref":null},"geometry":{"type":"LineString","coordinates":[[121.515184,31.217244],[121.516031,31.217471],[121.516641,31.217632]]}},{"type":"Feature","properties":{"osm_id":604428822,"highway":"primary","name":"中山南路地道","ref":null},"geometry":{"type":"LineString","coordinates":[[121.506234,31.212809],[121.506349,31.21299],[121.506495,31.213241],[121.506553,31.213367],[121.506698,31.21371],[121.506768,31.213914],[121.506814,31.214146],[121.506843,31.214522],[121.506838,31.214806],[121.506788,31.215076],[121.506681,31.21534],[121.506518,31.215627],[121.50629,31.215987],[121.506091,31.216299],[121.505884,31.216677],[121.505643,31.217212],[121.505486,31.217647],[121.505338,31.218213],[121.505224,31.218606],[121.50513,31.218906],[121.505026,31.219175],[121.504935,31.219383],[121.504731,31.219788],[121.504523,31.220212]]}},{"type":"Feature","properties":{"osm_id":604428824,"highway":"primary","name":"中山南路地道","ref":null},"geometry":{"type":"LineString","coordinates":[[121.504523,31.220212],[121.504128,31.221044],[121.504011,31.221268]]}},{"type":"Feature","properties":{"osm_id":604428826,"highway":"primary","name":"中山南路","ref":null},"geometry":{"type":"LineString","coordinates":[[121.503432,31.221882],[121.50364,31.22166],[121.503829,31.221456],[121.503939,31.221234]]}},{"type":"Feature","properties":{"osm_id":604428827,"highway":"primary","name":"中山南路地道","ref":null},"geometry":{"type":"LineString","coordinates":[[121.504451,31.220195],[121.504665,31.219723],[121.504864,31.219302],[121.505031,31.218858],[121.505245,31.218193],[121.505394,31.217627],[121.505511,31.2172],[121.505741,31.216651],[121.505955,31.216218],[121.506322,31.21559],[121.506549,31.215202],[121.506623,31.215015],[121.506649,31.214837],[121.506649,31.214522],[121.506621,31.214238],[121.506576,31.213983],[121.506496,31.213751],[121.506424,31.213519],[121.506326,31.213317],[121.506244,31.213178],[121.506152,31.213042]]}},{"type":"Feature","properties":{"osm_id":604428829,"highway":"trunk_link","name":null,"ref":null},"geometry":{"type":"LineString","coordinates":[[121.506496,31.213751],[121.506373,31.213531],[121.50625,31.213314],[121.50609,31.213073]]}},{"type":"Feature","properties":{"osm_id":604428830,"highway":"primary","name":"中山南路","ref":null},"geometry":{"type":"LineString","coordinates":[[121.506645,31.215057],[121.506691,31.214828],[121.506707,31.214614],[121.506684,31.214245],[121.506643,31.214021],[121.506604,31.213864],[121.506564,31.213734],[121.506481,31.213515],[121.50638,31.213295],[121.506302,31.213159],[121.506232,31.213056],[121.506165,31.212972],[121.506098,31.212908],[121.50592,31.212758]]}},{"type":"Feature","properties":{"osm_id":604428831,"highway":"trunk_link","name":null,"ref":null},"geometry":{"type":"LineString","coordinates":[[121.50609,31.213073],[121.506017,31.212983],[121.505924,31.212889],[121.505684,31.212668]]}},{"type":"Feature","properties":{"osm_id":604428833,"highway":"primary","name":"中山南路","ref":null},"geometry":{"type":"LineString","coordinates":[[121.504011,31.221268],[121.503896,31.221457],[121.503821,31.221608],[121.503656,31.221922]]}},{"type":"Feature","properties":{"osm_id":604428835,"highway":"primary","name":"中山南路地道","ref":null},"geometry":{"type":"LineString","coordinates":[[121.503939,31.221234],[121.504019,31.221088],[121.504451,31.220195]]}},{"type":"Feature","properties":{"osm_id":604428838,"highway":"secondary","name":"复兴东路","ref":null},"geometry":{"type":"LineString","coordinates":[[121.503057,31.222294],[121.503165,31.222336],[121.503248,31.222369]]}},{"type":"Feature","properties":{"osm_id":604428850,"highway":"primary","name":"中山南路","ref":null},"geometry":{"type":"LineString","coordinates":[[121.502978,31.222372],[121.503057,31.222294]]}},{"type":"Feature","properties":{"osm_id":604428852,"highway":"secondary","name":"复兴东路","ref":null},"geometry":{"type":"LineString","coordinates":[[121.501701,31.221854],[121.501193,31.221643],[121.500782,31.221483],[121.50013,31.221228],[121.499276,31.221078],[121.499089,31.221106]]}},{"type":"Feature","properties":{"osm_id":604428856,"highway":"primary","name":"中山南路","ref":null},"geometry":{"type":"LineString","coordinates":[[121.50317,31.222446],[121.502863,31.222737],[121.501723,31.223886],[121.501049,31.224581],[121.5008,31.224802],[121.500596,31.225032],[121.50009,31.225604]]}},{"type":"Feature","properties":{"osm_id":604428861,"highway":"primary","name":"中山南路","ref":null},"geometry":{"type":"LineString","coordinates":[[121.504545,31.219798],[121.504736,31.219488],[121.504817,31.219333],[121.504897,31.219133],[121.504999,31.218862],[121.50509,31.21857],[121.505461,31.217265],[121.505576,31.21697],[121.505702,31.216694],[121.505867,31.216356]]}},{"type":"Feature","properties":{"osm_id":666271198,"highway":"secondary","name":"东方路","ref":null},"geometry":{"type":"LineString","coordinates":[[121.529008,31.214488],[121.528619,31.213303],[121.528227,31.212455],[121.527804,31.211684]]}},{"type":"Feature","properties":{"osm_id":666886086,"highway":"primary","name":"延安东路","ref":null},"geometry":{"type":"LineString","coordinates":[[121.483313,31.231164],[121.483104,31.231152],[121.483028,31.231138],[121.482768,31.231092],[121.482568,31.231042],[121.482269,31.230926],[121.482074,31.230828],[121.481434,31.230475]]}},{"type":"Feature","properties":{"osm_id":666886087,"highway":"primary","name":"陆家嘴东路","ref":null},"geometry":{"type":"LineString","coordinates":[[121.510573,31.238015],[121.510386,31.237916],[121.509731,31.237481],[121.509396,31.237262],[121.509045,31.23706],[121.508942,31.236999],[121.508902,31.236976],[121.50872,31.236892]]}},{"type":"Feature","properties":{"osm_id":666886088,"highway":"secondary","name":"陆家嘴环路","ref":null},"geometry":{"type":"LineString","coordinates":[[121.50869,31.236955],[121.508667,31.237114],[121.508637,31.237213],[121.508484,31.237565],[121.508401,31.237723],[121.508164,31.238169],[121.507968,31.238503]]}},{"type":"Feature","properties":{"osm_id":666886089,"highway":"secondary","name":"陆家嘴环路","ref":null},"geometry":{"type":"LineString","coordinates":[[121.509281,31.234598],[121.509257,31.234771],[121.509253,31.234802],[121.509217,31.235058],[121.509207,31.23512]]}},{"type":"Feature","properties":{"osm_id":666886090,"highway":"primary","name":"世纪大道","ref":null},"geometry":{"type":"LineString","coordinates":[[121.513226,31.234077],[121.512926,31.23416]]}},{"type":"Feature","properties":{"osm_id":666886091,"highway":"primary","name":"浦东南路","ref":null},"geometry":{"type":"LineString","coordinates":[[121.513852,31.233142],[121.513589,31.233539],[121.513565,31.233574],[121.513465,31.233737]]}},{"type":"Feature","properties":{"osm_id":667543940,"highway":"tertiary","name":"南泉路","ref":null},"geometry":{"type":"LineString","coordinates":[[121.52265,31.211896],[121.522761,31.212558],[121.522783,31.212725],[121.522895,31.214044],[121.522943,31.214517]]}},{"type":"Feature","properties":{"osm_id":688370391,"highway":"primary","name":"中山南路","ref":null},"geometry":{"type":"LineString","coordinates":[[121.506645,31.215057],[121.506659,31.214822],[121.506648,31.214651],[121.506597,31.214334],[121.50651,31.214037]]}},{"type":"Feature","properties":{"osm_id":730661155,"highway":"secondary","name":"北京东路","ref":null},"geometry":{"type":"LineString","coordinates":[[121.479107,31.239147],[121.479168,31.239163],[121.479402,31.239222],[121.479742,31.239308],[121.479848,31.239335],[121.480084,31.239409],[121.481084,31.239748],[121.481756,31.239986],[121.481886,31.24003],[121.482252,31.240129],[121.48252,31.2402],[121.483715,31.240443]]}},{"type":"Feature","properties":{"osm_id":730661156,"highway":"secondary","name":"河南中路","ref":null},"geometry":{"type":"LineString","coordinates":[[121.483816,31.240459],[121.483784,31.240533],[121.48339,31.241441]]}},{"type":"Feature","properties":{"osm_id":730661158,"highway":"secondary","name":"北京东路","ref":null},"geometry":{"type":"LineString","coordinates":[[121.485561,31.240592],[121.486673,31.240682],[121.486765,31.240708]]}},{"type":"Feature","properties":{"osm_id":761409907,"highway":"secondary","name":"复兴东路隧道 (上层)","ref":null},"geometry":{"type":"LineString","coordinates":[[121.497173,31.221329],[121.497355,31.221334],[121.497459,31.221309],[121.497852,31.221205],[121.498412,31.22104],[121.498773,31.220968]]}},{"type":"Feature","properties":{"osm_id":761409911,"highway":"primary","name":"世纪大道","ref":null},"geometry":{"type":"LineString","coordinates":[[121.504699,31.236668],[121.505417,31.236414]]}},{"type":"Feature","properties":{"osm_id":761486034,"highway":"secondary","name":"复兴东路","ref":null},"geometry":{"type":"LineString","coordinates":[[121.492439,31.222018],[121.492152,31.222019],[121.490753,31.22192]]}},{"type":"Feature","properties":{"osm_id":803292726,"highway":"tertiary","name":"花园石桥路","ref":null},"geometry":{"type":"LineString","coordinates":[[121.501632,31.234154],[121.501791,31.234267],[121.502117,31.234454],[121.502456,31.234542],[121.502823,31.234615],[121.502924,31.234628],[121.503054,31.234626],[121.50367,31.234551],[121.503859,31.234528]]}},{"type":"Feature","properties":{"osm_id":803292728,"highway":"tertiary","name":"花园石桥路","ref":null},"geometry":{"type":"LineString","coordinates":[[121.504074,31.234501],[121.504277,31.234484],[121.505155,31.23439],[121.505217,31.234385],[121.506493,31.234238]]}},{"type":"Feature","properties":{"osm_id":869126015,"highway":"secondary","name":null,"ref":null},"geometry":{"type":"LineString","coordinates":[[121.516009,31.251633],[121.515886,31.251732],[121.51583,31.251815],[121.515825,31.251886],[121.515836,31.251969],[121.51588,31.252057]]}},{"type":"Feature","properties":{"osm_id":872834745,"highway":"tertiary","name":"东昌路","ref":null},"geometry":{"type":"LineString","coordinates":[[121.510213,31.232006],[121.511666,31.232454],[121.511711,31.232468],[121.513114,31.232925],[121.513683,31.233086]]}},{"type":"Feature","properties":{"osm_id":900279868,"highway":"tertiary","name":"金陵中路","ref":null},"geometry":{"type":"LineString","coordinates":[[121.479814,31.226618],[121.479741,31.226584]]}},{"type":"Feature","properties":{"osm_id":900279886,"highway":"secondary","name":"淮海中路","ref":null},"geometry":{"type":"LineString","coordinates":[[121.478714,31.224958],[121.479214,31.225161],[121.479622,31.225327]]}},{"type":"Feature","properties":{"osm_id":900279888,"highway":"tertiary","name":"福建中路","ref":null},"geometry":{"type":"LineString","coordinates":[[121.48182,31.233634],[121.481381,31.234216],[121.481248,31.234386],[121.481092,31.234576]]}},{"type":"Feature","properties":{"osm_id":900279889,"highway":"tertiary","name":"福州路","ref":null},"geometry":{"type":"LineString","coordinates":[[121.48182,31.233634],[121.481145,31.233388],[121.480938,31.233309]]}},{"type":"Feature","properties":{"osm_id":900279890,"highway":"tertiary","name":"福州路","ref":null},"geometry":{"type":"LineString","coordinates":[[121.490462,31.235631],[121.490335,31.235605],[121.490206,31.235578],[121.489975,31.235534],[121.489439,31.235427],[121.488899,31.235328],[121.488161,31.235196],[121.487901,31.235151],[121.487339,31.235044]]}},{"type":"Feature","properties":{"osm_id":900279891,"highway":"tertiary","name":"湖北路","ref":null},"geometry":{"type":"LineString","coordinates":[[121.480938,31.233309],[121.481043,31.23319],[121.481152,31.233067],[121.481306,31.232743],[121.481377,31.232529],[121.481415,31.232348],[121.481405,31.232179]]}},{"type":"Feature","properties":{"osm_id":900279892,"highway":"tertiary","name":"湖北路","ref":null},"geometry":{"type":"LineString","coordinates":[[121.480316,31.234271],[121.480655,31.233747],[121.480837,31.233466],[121.480938,31.233309]]}},{"type":"Feature","properties":{"osm_id":900279895,"highway":"tertiary","name":"福建中路","ref":null},"geometry":{"type":"LineString","coordinates":[[121.48297,31.231432],[121.482957,31.231459],[121.482751,31.231888],[121.482626,31.232114],[121.48249,31.232361]]}},{"type":"Feature","properties":{"osm_id":940941971,"highway":"primary","name":"杨高南路","ref":"X001"},"geometry":{"type":"LineString","coordinates":[[121.533659,31.212199],[121.534472,31.214216],[121.53454,31.214391]]}},{"type":"Feature","properties":{"osm_id":940941972,"highway":"primary","name":"杨高南路","ref":"X001"},"geometry":{"type":"LineString","coordinates":[[121.534582,31.214498],[121.534645,31.214647],[121.53485,31.215148],[121.534885,31.215245]]}},{"type":"Feature","properties":{"osm_id":940941973,"highway":"trunk_link","name":null,"ref":null},"geometry":{"type":"LineString","coordinates":[[121.534885,31.215245],[121.535023,31.215526],[121.535081,31.215622],[121.53515,31.215798],[121.535645,31.216997]]}},{"type":"Feature","properties":{"osm_id":940941974,"highway":"trunk_link","name":null,"ref":null},"geometry":{"type":"LineString","coordinates":[[121.535645,31.216997],[121.535753,31.2177]]}},{"type":"Feature","properties":{"osm_id":940941975,"highway":"primary","name":"杨高南路","ref":"X001"},"geometry":{"type":"LineString","coordinates":[[121.534885,31.215245],[121.53496,31.215548],[121.535504,31.216967],[121.535697,31.217439],[121.535804,31.217679]]}},{"type":"Feature","properties":{"osm_id":940941977,"highway":"primary","name":"杨高南路","ref":"X001"},"geometry":{"type":"LineString","coordinates":[[121.535804,31.217679],[121.536105,31.218431]]}},{"type":"Feature","properties":{"osm_id":940941978,"highway":"primary","name":"杨高南路","ref":"X001"},"geometry":{"type":"LineString","coordinates":[[121.536105,31.218431],[121.536415,31.219206],[121.536464,31.219329],[121.536704,31.219842],[121.536716,31.219866],[121.536867,31.220147],[121.537081,31.220483]]}},{"type":"Feature","properties":{"osm_id":940941979,"highway":"primary","name":"杨高南路","ref":"X001"},"geometry":{"type":"LineString","coordinates":[[121.535946,31.218491],[121.535654,31.217738]]}},{"type":"Feature","properties":{"osm_id":940941980,"highway":"primary","name":"杨高南路","ref":"X001"},"geometry":{"type":"LineString","coordinates":[[121.536423,31.219619],[121.53641,31.21959],[121.535946,31.218491]]}},{"type":"Feature","properties":{"osm_id":940941982,"highway":"trunk_link","name":null,"ref":null},"geometry":{"type":"LineString","coordinates":[[121.535281,31.217103],[121.534861,31.216022],[121.534814,31.215879],[121.534754,31.215706],[121.534679,31.21556]]}},{"type":"Feature","properties":{"osm_id":940941985,"highway":"trunk_link","name":null,"ref":null},"geometry":{"type":"LineString","coordinates":[[121.535706,31.217714],[121.535281,31.217103]]}},{"type":"Feature","properties":{"osm_id":949844749,"highway":"primary","name":"浦东大道","ref":null},"geometry":{"type":"LineString","coordinates":[[121.540014,31.244034],[121.53991,31.243988],[121.539568,31.243857],[121.539334,31.243768],[121.539269,31.243748],[121.539121,31.243731],[121.538692,31.243638],[121.537401,31.243298],[121.537071,31.24313],[121.536812,31.243023],[121.534527,31.242406],[121.531562,31.241587],[121.530588,31.241325],[121.529984,31.241181],[121.529355,31.24103],[121.529213,31.240996]]}},{"type":"Feature","properties":{"osm_id":949844750,"highway":"secondary","name":"源深路","ref":null},"geometry":{"type":"LineString","coordinates":[[121.529213,31.240996],[121.529161,31.241065],[121.528774,31.241578],[121.528724,31.24165],[121.528581,31.241856],[121.528464,31.242025],[121.528445,31.242053],[121.528124,31.242515],[121.528025,31.242658]]}},{"type":"Feature","properties":{"osm_id":949844751,"highway":"secondary","name":"源深路","ref":null},"geometry":{"type":"LineString","coordinates":[[121.5338,31.232577],[121.53383,31.232513],[121.533971,31.232218],[121.534108,31.231934],[121.534265,31.231674],[121.534518,31.231223],[121.534663,31.230986],[121.534991,31.230502],[121.535414,31.229879],[121.536095,31.228859]]}},{"type":"Feature","properties":{"osm_id":949844758,"highway":"tertiary","name":"商城路","ref":null},"geometry":{"type":"LineString","coordinates":[[121.531923,31.236283],[121.532073,31.236332]]}},{"type":"Feature","properties":{"osm_id":949849176,"highway":"primary","name":"杨高中路","ref":"X001"},"geometry":{"type":"LineString","coordinates":[[121.53951,31.223148],[121.538992,31.222836],[121.538696,31.222645]]}},{"type":"Feature","properties":{"osm_id":949849177,"highway":"primary","name":"杨高中路","ref":"X001"},"geometry":{"type":"LineString","coordinates":[[121.538696,31.222645],[121.538665,31.222618],[121.538455,31.222442]]}},{"type":"Feature","properties":{"osm_id":949849178,"highway":"primary","name":"杨高中路","ref":null},"geometry":{"type":"LineString","coordinates":[[121.538455,31.222442],[121.538386,31.222363]]}},{"type":"Feature","properties":{"osm_id":949849179,"highway":"primary","name":"世纪大道","ref":null},"geometry":{"type":"LineString","coordinates":[[121.538231,31.2222],[121.538274,31.222162],[121.538299,31.222102],[121.538328,31.222056]]}},{"type":"Feature","properties":{"osm_id":949849180,"highway":"primary","name":"杨高中路","ref":"X001"},"geometry":{"type":"LineString","coordinates":[[121.538663,31.221888],[121.538749,31.221938],[121.538802,31.221964],[121.538874,31.222031],[121.538887,31.222051]]}},{"type":"Feature","properties":{"osm_id":949849181,"highway":"primary","name":"世纪大道","ref":null},"geometry":{"type":"LineString","coordinates":[[121.538991,31.222256],[121.538772,31.222393]]}},{"type":"Feature","properties":{"osm_id":949849182,"highway":"primary_link","name":null,"ref":null},"geometry":{"type":"LineString","coordinates":[[121.537682,31.22127],[121.537717,31.221355],[121.537773,31.221466],[121.537832,31.22154],[121.538166,31.221857],[121.5382,31.221889],[121.53827,31.221971]]}},{"type":"Feature","properties":{"osm_id":949849189,"highway":"tertiary","name":"世纪大道","ref":null},"geometry":{"type":"LineString","coordinates":[[121.538663,31.221888],[121.538746,31.221851],[121.538782,31.221832],[121.538811,31.221817],[121.538825,31.221805],[121.538959,31.221673]]}},{"type":"Feature","properties":{"osm_id":949849191,"highway":"primary_link","name":null,"ref":null},"geometry":{"type":"LineString","coordinates":[[121.538027,31.222355],[121.538244,31.222356]]}},{"type":"Feature","properties":{"osm_id":949849192,"highway":"primary_link","name":null,"ref":null},"geometry":{"type":"LineString","coordinates":[[121.537973,31.222361],[121.538027,31.222355]]}},{"type":"Feature","properties":{"osm_id":949849193,"highway":"secondary","name":null,"ref":null},"geometry":{"type":"LineString","coordinates":[[121.53951,31.223148],[121.539305,31.223089],[121.539203,31.223062],[121.539105,31.223047],[121.539036,31.223053],[121.538971,31.223065],[121.538905,31.223108]]}},{"type":"Feature","properties":{"osm_id":950267223,"highway":"secondary","name":"长阳路","ref":null},"geometry":{"type":"LineString","coordinates":[[121.513128,31.257855],[121.513254,31.257964],[121.514443,31.259013],[121.514554,31.259116],[121.514609,31.259159],[121.515466,31.259915],[121.516366,31.260697],[121.516509,31.260816],[121.516617,31.2609],[121.516905,31.261075],[121.517393,31.261338],[121.517699,31.261508],[121.51787,31.261609],[121.518991,31.262272],[121.519355,31.262487],[121.519875,31.262792],[121.520745,31.263161],[121.521504,31.263477],[121.522026,31.263694],[121.522221,31.263734]]}},{"type":"Feature","properties":{"osm_id":950267224,"highway":"tertiary","name":"通北路","ref":null},"geometry":{"type":"LineString","coordinates":[[121.517823,31.261697],[121.51787,31.261609],[121.517911,31.261535],[121.518114,31.261322],[121.518315,31.261114],[121.51844,31.260984],[121.518588,31.260833],[121.519047,31.260173],[121.519159,31.260029],[121.519767,31.258933],[121.520333,31.257893]]}},{"type":"Feature","properties":{"osm_id":950267225,"highway":"secondary","name":"长阳路","ref":null},"geometry":{"type":"LineString","coordinates":[[121.511694,31.256706],[121.511022,31.256072],[121.510778,31.25584],[121.510316,31.255397],[121.509901,31.255006],[121.509612,31.254793],[121.509423,31.254674],[121.509274,31.254579],[121.508989,31.25444],[121.508618,31.254277],[121.507995,31.254033]]}},{"type":"Feature","properties":{"osm_id":957643161,"highway":"tertiary","name":"商城路","ref":null},"geometry":{"type":"LineString","coordinates":[[121.520816,31.231642],[121.520998,31.231707],[121.521131,31.231755],[121.521211,31.231783]]}},{"type":"Feature","properties":{"osm_id":958766047,"highway":"secondary","name":"浦东南路","ref":null},"geometry":{"type":"LineString","coordinates":[[121.508494,31.241491],[121.508376,31.241548]]}},{"type":"Feature","properties":{"osm_id":958766048,"highway":"secondary","name":"银城中路","ref":null},"geometry":{"type":"LineString","coordinates":[[121.507404,31.240933],[121.507844,31.241176],[121.507905,31.241212],[121.508103,31.241315],[121.508314,31.241411],[121.508379,31.241442]]}},{"type":"Feature","properties":{"osm_id":958766049,"highway":"tertiary_link","name":"银城中路","ref":null},"geometry":{"type":"LineString","coordinates":[[121.506316,31.240377],[121.506144,31.240242],[121.506065,31.240195],[121.505778,31.240022],[121.505621,31.239916],[121.505447,31.239767],[121.505077,31.239481],[121.504953,31.239374],[121.504887,31.239323],[121.504832,31.239284],[121.504776,31.239258],[121.504712,31.23924],[121.504647,31.239237],[121.504587,31.239247],[121.504527,31.239268],[121.504471,31.239302],[121.504394,31.239355],[121.504272,31.239418]]}},{"type":"Feature","properties":{"osm_id":961322852,"highway":"secondary","name":"银城中路","ref":null},"geometry":{"type":"LineString","coordinates":[[121.504674,31.23066],[121.50479,31.230479]]}},{"type":"Feature","properties":{"osm_id":961323188,"highway":"tertiary","name":"东泰路","ref":null},"geometry":{"type":"LineString","coordinates":[[121.507158,31.232097],[121.507439,31.231284],[121.507519,31.231038]]}},{"type":"Feature","properties":{"osm_id":964420116,"highway":"secondary","name":"浦明路","ref":null},"geometry":{"type":"LineString","coordinates":[[121.505457,31.229872],[121.505932,31.229371],[121.506141,31.229151],[121.506231,31.229018],[121.506277,31.22895],[121.506448,31.228699],[121.506658,31.228244],[121.506828,31.227926],[121.506987,31.227729],[121.507157,31.227556],[121.507394,31.227411]]}},{"type":"Feature","properties":{"osm_id":964451983,"highway":"secondary","name":"银城中路","ref":null},"geometry":{"type":"LineString","coordinates":[[121.50432,31.23261],[121.504305,31.232713],[121.504189,31.233572],[121.504121,31.234083],[121.504093,31.234341],[121.504074,31.234501]]}},{"type":"Feature","properties":{"osm_id":964451984,"highway":"secondary_link","name":"银城中路","ref":null},"geometry":{"type":"LineString","coordinates":[[121.503501,31.237128],[121.503573,31.23708],[121.503631,31.23703],[121.503662,31.236986],[121.503684,31.236939],[121.503707,31.236865],[121.503712,31.236831],[121.503718,31.236795],[121.503714,31.236724],[121.503659,31.236559],[121.503612,31.236315],[121.503606,31.236255],[121.503592,31.236101],[121.503594,31.23589],[121.50361,31.235749],[121.50362,31.235665],[121.503751,31.234995],[121.503778,31.234867],[121.50383,31.234811]]}},{"type":"Feature","properties":{"osm_id":964451985,"highway":"tertiary_link","name":"世纪大道","ref":null},"geometry":{"type":"LineString","coordinates":[[121.50402,31.236698],[121.504133,31.236737],[121.504232,31.236762],[121.504307,31.236772],[121.504414,31.236772],[121.504699,31.236668]]}},{"type":"Feature","properties":{"osm_id":964451986,"highway":"primary","name":"世纪大道","ref":null},"geometry":{"type":"LineString","coordinates":[[121.504307,31.236833],[121.504699,31.236668]]}},{"type":"Feature","properties":{"osm_id":964451987,"highway":"tertiary_link","name":"银城中路","ref":null},"geometry":{"type":"LineString","coordinates":[[121.504226,31.23744],[121.504271,31.237662],[121.504283,31.237724],[121.504364,31.238083],[121.504426,31.238324],[121.50455,31.238537],[121.504714,31.238738],[121.505001,31.239018],[121.505304,31.239361]]}},{"type":"Feature","properties":{"osm_id":964451988,"highway":"tertiary_link","name":"银城中路","ref":null},"geometry":{"type":"LineString","coordinates":[[121.504427,31.23895],[121.50432,31.238801]]}},{"type":"Feature","properties":{"osm_id":964451989,"highway":"secondary","name":"银城中路","ref":null},"geometry":{"type":"LineString","coordinates":[[121.505126,31.239369],[121.504859,31.239173]]}},{"type":"Feature","properties":{"osm_id":964451990,"highway":"secondary","name":"陆家嘴环路","ref":null},"geometry":{"type":"LineString","coordinates":[[121.505093,31.242201],[121.505075,31.242147],[121.505043,31.242051]]}},{"type":"Feature","properties":{"osm_id":964451991,"highway":"secondary","name":"银城中路","ref":null},"geometry":{"type":"LineString","coordinates":[[121.508376,31.241548],[121.508261,31.241502],[121.50779,31.241256],[121.507333,31.241011],[121.506694,31.240622],[121.506476,31.240489]]}},{"type":"Feature","properties":{"osm_id":964451992,"highway":"tertiary_link","name":null,"ref":null},"geometry":{"type":"LineString","coordinates":[[121.504327,31.237189],[121.504261,31.237251],[121.504238,31.237288],[121.504221,31.237338],[121.50422,31.237386],[121.504223,31.237415],[121.504226,31.23744]]}},{"type":"Feature","properties":{"osm_id":964451993,"highway":"primary","name":"世纪大道","ref":null},"geometry":{"type":"LineString","coordinates":[[121.507263,31.235764],[121.508084,31.235485],[121.508278,31.235419],[121.508621,31.235302],[121.508692,31.235278],[121.508788,31.235245],[121.508903,31.235211],[121.508959,31.235195]]}},{"type":"Feature","properties":{"osm_id":967835505,"highway":"primary","name":"浦东南路","ref":null},"geometry":{"type":"LineString","coordinates":[[121.516469,31.227466],[121.515999,31.228577],[121.515895,31.228822],[121.515723,31.22923]]}},{"type":"Feature","properties":{"osm_id":967835506,"highway":"tertiary","name":"南泉北路","ref":null},"geometry":{"type":"LineString","coordinates":[[121.520202,31.223879],[121.520067,31.224178],[121.519744,31.224889],[121.519555,31.225284],[121.519422,31.225563],[121.519219,31.225941],[121.519185,31.225997],[121.519157,31.226041],[121.519,31.22631],[121.518917,31.226464],[121.518617,31.227016],[121.518579,31.227078],[121.518482,31.227236],[121.518234,31.227636],[121.518177,31.227727]]}},{"type":"Feature","properties":{"osm_id":967985501,"highway":"primary","name":"浦东南路","ref":null},"geometry":{"type":"LineString","coordinates":[[121.515723,31.22923],[121.51556,31.229588],[121.515425,31.229935]]}},{"type":"Feature","properties":{"osm_id":967985502,"highway":"primary","name":"浦东南路","ref":null},"geometry":{"type":"LineString","coordinates":[[121.515065,31.230712],[121.514718,31.231456],[121.51463,31.231653],[121.514546,31.231835],[121.514469,31.232002],[121.514364,31.2322],[121.51413,31.232644],[121.513852,31.233142]]}},{"type":"Feature","properties":{"osm_id":967985513,"highway":"primary","name":"延安东路","ref":null},"geometry":{"type":"LineString","coordinates":[[121.483336,31.23079],[121.483469,31.23081],[121.483541,31.230821],[121.483617,31.230827],[121.483745,31.23083],[121.483867,31.230846],[121.484001,31.230881],[121.48423,31.230965],[121.484401,31.231009],[121.484532,31.231032],[121.484715,31.231053],[121.4849,31.231059],[121.485154,31.231062],[121.485334,31.231049],[121.485457,31.231026],[121.485712,31.230988],[121.485912,31.230961],[121.486297,31.230904],[121.486563,31.230866],[121.486726,31.230863]]}},{"type":"Feature","properties":{"osm_id":967985514,"highway":"primary","name":"浦东南路","ref":null},"geometry":{"type":"LineString","coordinates":[[121.512926,31.23416],[121.513112,31.233926]]}},{"type":"Feature","properties":{"osm_id":967985515,"highway":"primary","name":"世纪大道","ref":null},"geometry":{"type":"LineString","coordinates":[[121.509129,31.235145],[121.509146,31.23514],[121.509207,31.23512]]}},{"type":"Feature","properties":{"osm_id":967998528,"highway":"primary","name":"世纪大道","ref":null},"geometry":{"type":"LineString","coordinates":[[121.523727,31.230299],[121.524284,31.230076],[121.524329,31.230058],[121.524704,31.229908]]}},{"type":"Feature","properties":{"osm_id":967998529,"highway":"secondary","name":"东方路","ref":null},"geometry":{"type":"LineString","coordinates":[[121.525123,31.229867],[121.525091,31.229943]]}},{"type":"Feature","properties":{"osm_id":967998585,"highway":"tertiary","name":"潍坊路","ref":null},"geometry":{"type":"LineString","coordinates":[[121.530768,31.227189],[121.530731,31.227179],[121.530626,31.227148]]}},{"type":"Feature","properties":{"osm_id":967998586,"highway":"tertiary","name":"福山路","ref":null},"geometry":{"type":"LineString","coordinates":[[121.532357,31.221992],[121.532206,31.222383],[121.532138,31.22256],[121.531969,31.222998],[121.531921,31.22312],[121.531421,31.224393],[121.531032,31.225204],[121.530946,31.225382],[121.530746,31.2258],[121.530584,31.226138],[121.530515,31.226315],[121.530409,31.226586]]}},{"type":"Feature","properties":{"osm_id":967998587,"highway":"primary","name":"世纪大道","ref":null},"geometry":{"type":"LineString","coordinates":[[121.530217,31.227027],[121.529998,31.227161],[121.529453,31.227456]]}},{"type":"Feature","properties":{"osm_id":967998588,"highway":"tertiary","name":"潍坊路","ref":null},"geometry":{"type":"LineString","coordinates":[[121.530217,31.227027],[121.530003,31.226967]]}},{"type":"Feature","properties":{"osm_id":967998589,"highway":"secondary","name":"东方路","ref":null},"geometry":{"type":"LineString","coordinates":[[121.526696,31.225934],[121.526569,31.226227],[121.526424,31.226551]]}},{"type":"Feature","properties":{"osm_id":967998590,"highway":"secondary","name":"东方路","ref":null},"geometry":{"type":"LineString","coordinates":[[121.526424,31.226551],[121.526325,31.226885],[121.526111,31.227422]]}},{"type":"Feature","properties":{"osm_id":967998591,"highway":"secondary","name":"东方路","ref":null},"geometry":{"type":"LineString","coordinates":[[121.526111,31.227422],[121.52586,31.228039],[121.525729,31.228386]]}},{"type":"Feature","properties":{"osm_id":968332513,"highway":"secondary","name":"西藏南路","ref":null},"geometry":{"type":"LineString","coordinates":[[121.482873,31.218862],[121.483,31.218659],[121.483367,31.218079],[121.483421,31.217978]]}},{"type":"Feature","properties":{"osm_id":968332515,"highway":"secondary","name":"西藏南路","ref":null},"geometry":{"type":"LineString","coordinates":[[121.484912,31.215102],[121.485269,31.214434],[121.485326,31.214279],[121.485479,31.213892],[121.485594,31.213435],[121.485619,31.213324],[121.485748,31.212601],[121.48587,31.211915]]}},{"type":"Feature","properties":{"osm_id":974204304,"highway":"primary","name":"四平路","ref":null},"geometry":{"type":"LineString","coordinates":[[121.489317,31.260908],[121.489019,31.260272],[121.488708,31.259588],[121.488662,31.259442],[121.488638,31.259315],[121.488612,31.259104],[121.488591,31.25842],[121.488592,31.258268],[121.488584,31.258094],[121.488576,31.257981],[121.488533,31.257808],[121.488466,31.257573],[121.488355,31.257288],[121.4882,31.256968],[121.488005,31.256558],[121.487814,31.256177]]}},{"type":"Feature","properties":{"osm_id":982225957,"highway":"primary","name":"海宁路","ref":null},"geometry":{"type":"LineString","coordinates":[[121.481416,31.247752],[121.481643,31.247823],[121.481946,31.247909],[121.482136,31.247962],[121.482309,31.248012],[121.482491,31.248073],[121.482614,31.248117],[121.482732,31.248166],[121.482962,31.248274],[121.483081,31.248338],[121.483163,31.248388]]}},{"type":"Feature","properties":{"osm_id":982225958,"highway":"tertiary","name":"武进路","ref":null},"geometry":{"type":"LineString","coordinates":[[121.481727,31.250716],[121.481632,31.25068]]}},{"type":"Feature","properties":{"osm_id":986834712,"highway":"tertiary","name":"海门路","ref":null},"geometry":{"type":"LineString","coordinates":[[121.50187,31.257142],[121.50264,31.2569],[121.503527,31.256622],[121.503601,31.256605],[121.503688,31.256594]]}},{"type":"Feature","properties":{"osm_id":986834713,"highway":"tertiary","name":"海门路","ref":null},"geometry":{"type":"LineString","coordinates":[[121.500815,31.257429],[121.500958,31.257408]]}},{"type":"Feature","properties":{"osm_id":986834725,"highway":"tertiary","name":"公平路","ref":null},"geometry":{"type":"LineString","coordinates":[[121.505514,31.253116],[121.50503,31.254045],[121.504831,31.254427]]}},{"type":"Feature","properties":{"osm_id":986834726,"highway":"secondary","name":"东长治路","ref":null},"geometry":{"type":"LineString","coordinates":[[121.506691,31.253557],[121.505909,31.253274],[121.505514,31.253116]]}},{"type":"Feature","properties":{"osm_id":986834727,"highway":"tertiary","name":"唐山路","ref":null},"geometry":{"type":"LineString","coordinates":[[121.504831,31.254427],[121.505384,31.254728]]}},{"type":"Feature","properties":{"osm_id":986834728,"highway":"tertiary","name":"唐山路","ref":null},"geometry":{"type":"LineString","coordinates":[[121.504387,31.254169],[121.5041,31.254001],[121.503895,31.253916],[121.503748,31.253868],[121.503488,31.253805],[121.50326,31.253761],[121.50293,31.253683],[121.502534,31.253578],[121.502076,31.253476],[121.501334,31.253272]]}},{"type":"Feature","properties":{"osm_id":986834729,"highway":"tertiary","name":"公平路","ref":null},"geometry":{"type":"LineString","coordinates":[[121.504831,31.254427],[121.50454,31.25498],[121.504167,31.255687],[121.503688,31.256594]]}},{"type":"Feature","properties":{"osm_id":986834730,"highway":"tertiary","name":"公平路","ref":null},"geometry":{"type":"LineString","coordinates":[[121.503688,31.256594],[121.503627,31.256713],[121.503469,31.256994],[121.503404,31.257078],[121.503301,31.257163],[121.502431,31.257702],[121.501774,31.258113]]}},{"type":"Feature","properties":{"osm_id":986834731,"highway":"tertiary","name":"海门路","ref":null},"geometry":{"type":"LineString","coordinates":[[121.499242,31.257864],[121.499739,31.257738],[121.500113,31.257638],[121.500629,31.257485],[121.500815,31.257429]]}},{"type":"Feature","properties":{"osm_id":987437440,"highway":"tertiary","name":"湖北路","ref":null},"geometry":{"type":"LineString","coordinates":[[121.481405,31.232179],[121.481332,31.23194]]}},{"type":"Feature","properties":{"osm_id":987437442,"highway":"secondary","name":"河南北路","ref":null},"geometry":{"type":"LineString","coordinates":[[121.482273,31.243778],[121.482277,31.24374],[121.482281,31.243701],[121.482295,31.243622],[121.482377,31.243293],[121.482471,31.242963],[121.482521,31.2428],[121.482578,31.242646],[121.482642,31.242489],[121.482712,31.242336]]}},{"type":"Feature","properties":{"osm_id":987437443,"highway":"secondary","name":"北京东路","ref":null},"geometry":{"type":"LineString","coordinates":[[121.483715,31.240443],[121.483816,31.240459]]}},{"type":"Feature","properties":{"osm_id":987437450,"highway":"secondary","name":"河南中路","ref":null},"geometry":{"type":"LineString","coordinates":[[121.483715,31.240443],[121.484181,31.239254],[121.484445,31.238569]]}},{"type":"Feature","properties":{"osm_id":987437451,"highway":"secondary","name":"河南北路","ref":null},"geometry":{"type":"LineString","coordinates":[[121.479138,31.250255],[121.479189,31.250194],[121.479242,31.250129],[121.479433,31.24993],[121.479533,31.249827]]}},{"type":"Feature","properties":{"osm_id":987437452,"highway":"secondary","name":"四川北路","ref":null},"geometry":{"type":"LineString","coordinates":[[121.485556,31.245649],[121.485504,31.246],[121.485498,31.246041],[121.485476,31.24621],[121.485469,31.246257],[121.485411,31.246622],[121.485379,31.246797],[121.485349,31.246996],[121.485336,31.247049],[121.485317,31.247163],[121.485252,31.247651],[121.485178,31.248194]]}},{"type":"Feature","properties":{"osm_id":987437453,"highway":"tertiary","name":"武进路","ref":null},"geometry":{"type":"LineString","coordinates":[[121.484375,31.251756],[121.484238,31.251704],[121.484,31.251611],[121.483961,31.251596],[121.483869,31.251558],[121.483774,31.251514],[121.483739,31.251498],[121.483677,31.25147],[121.483575,31.251427],[121.483129,31.251257],[121.482587,31.25105],[121.482114,31.25087],[121.481727,31.250716]]}},{"type":"Feature","properties":{"osm_id":987437454,"highway":"tertiary","name":"武进路","ref":null},"geometry":{"type":"LineString","coordinates":[[121.487907,31.253143],[121.4878,31.253093]]}},{"type":"Feature","properties":{"osm_id":987437455,"highway":"primary","name":"吴淞路","ref":null},"geometry":{"type":"LineString","coordinates":[[121.4878,31.253093],[121.488309,31.252401]]}},{"type":"Feature","properties":{"osm_id":987438290,"highway":"primary","name":"吴淞路","ref":null},"geometry":{"type":"LineString","coordinates":[[121.489193,31.250789],[121.489175,31.250901],[121.489136,31.251029],[121.489039,31.251304],[121.489008,31.251385]]}},{"type":"Feature","properties":{"osm_id":987438291,"highway":"primary","name":"海宁路","ref":null},"geometry":{"type":"LineString","coordinates":[[121.489261,31.252152],[121.489485,31.252258],[121.491226,31.253067],[121.491565,31.253216],[121.491817,31.253295]]}},{"type":"Feature","properties":{"osm_id":987438292,"highway":"primary","name":"海宁路","ref":null},"geometry":{"type":"LineString","coordinates":[[121.481308,31.247716],[121.481416,31.247752]]}},{"type":"Feature","properties":{"osm_id":987438293,"highway":"secondary","name":"河南北路","ref":null},"geometry":{"type":"LineString","coordinates":[[121.481416,31.247752],[121.48135,31.247895]]}},{"type":"Feature","properties":{"osm_id":987438294,"highway":"tertiary","name":"福建中路","ref":null},"geometry":{"type":"LineString","coordinates":[[121.48249,31.232361],[121.482418,31.232492],[121.481876,31.233527],[121.48182,31.233634]]}},{"type":"Feature","properties":{"osm_id":987438295,"highway":"tertiary","name":"广东路","ref":null},"geometry":{"type":"LineString","coordinates":[[121.482052,31.232328],[121.48222,31.232352],[121.48236,31.232368],[121.48249,31.232361]]}},{"type":"Feature","properties":{"osm_id":987438296,"highway":"tertiary","name":"广东路","ref":null},"geometry":{"type":"LineString","coordinates":[[121.481405,31.232179],[121.481625,31.232238],[121.482052,31.232328]]}},{"type":"Feature","properties":{"osm_id":989909253,"highway":"tertiary","name":"高阳路","ref":null},"geometry":{"type":"LineString","coordinates":[[121.499242,31.257864],[121.498946,31.257967]]}},{"type":"Feature","properties":{"osm_id":991967833,"highway":"secondary","name":"江浦路隧道","ref":null},"geometry":{"type":"LineString","coordinates":[[121.541354,31.241701],[121.540751,31.242818],[121.540193,31.243818],[121.539732,31.244715],[121.539393,31.245305],[121.539117,31.24575],[121.538841,31.246156],[121.53822,31.24709],[121.537749,31.247832],[121.537538,31.248131],[121.537341,31.248387],[121.536389,31.249556],[121.53496,31.251313],[121.534218,31.252238],[121.534079,31.252416],[121.533936,31.252591],[121.533721,31.25279],[121.533466,31.252958],[121.533205,31.253065],[121.53291,31.253131],[121.532409,31.253201],[121.532187,31.25324],[121.53196,31.2533],[121.531763,31.25339],[121.531573,31.253499],[121.531359,31.253646],[121.531219,31.253768],[121.531103,31.253907],[121.530771,31.254387]]}},{"type":"Feature","properties":{"osm_id":991967834,"highway":"secondary","name":"江浦路隧道","ref":null},"geometry":{"type":"LineString","coordinates":[[121.530771,31.254387],[121.53039,31.254946],[121.53022,31.25515],[121.530015,31.255375],[121.529349,31.256083]]}},{"type":"Feature","properties":{"osm_id":991967837,"highway":"secondary","name":"江浦路隧道","ref":null},"geometry":{"type":"LineString","coordinates":[[121.530694,31.254354],[121.531047,31.253862],[121.531161,31.25373],[121.531295,31.253606],[121.531544,31.25344],[121.531735,31.25333],[121.531949,31.253237],[121.532166,31.253177],[121.532396,31.253127],[121.532789,31.253073],[121.532888,31.25306],[121.533175,31.252999],[121.533429,31.252886],[121.533664,31.252732],[121.533849,31.252555],[121.534006,31.252374],[121.534138,31.252197],[121.534869,31.25128],[121.536284,31.249551],[121.537212,31.248419],[121.537453,31.248111],[121.537675,31.2478],[121.538142,31.247062],[121.538772,31.246123],[121.539043,31.245719],[121.5393,31.245299],[121.539646,31.244688],[121.540077,31.243865],[121.540682,31.242786],[121.541279,31.241668]]}},{"type":"Feature","properties":{"osm_id":991967838,"highway":"secondary","name":"江浦路隧道","ref":null},"geometry":{"type":"LineString","coordinates":[[121.529228,31.256005],[121.529998,31.255249],[121.530164,31.255088],[121.530308,31.254921],[121.530694,31.254354]]}},{"type":"Feature","properties":{"osm_id":997282617,"highway":"secondary","name":"江浦路","ref":null},"geometry":{"type":"LineString","coordinates":[[121.531705,31.252973],[121.531714,31.253047],[121.531698,31.253113],[121.531448,31.253523],[121.531383,31.253605],[121.53131,31.253687],[121.53123,31.253796],[121.531168,31.253918],[121.531116,31.254048],[121.531039,31.254183],[121.530948,31.254318],[121.53071,31.254659],[121.530524,31.254949],[121.530415,31.255093],[121.530324,31.255192],[121.530168,31.255354],[121.529956,31.255563],[121.529624,31.255893],[121.529349,31.256083],[121.529235,31.256193],[121.528548,31.256966],[121.527726,31.257861],[121.527631,31.257926],[121.527524,31.257992],[121.527407,31.258096],[121.527303,31.258222],[121.527063,31.258548],[121.527016,31.258631],[121.526982,31.258724]]}},{"type":"Feature","properties":{"osm_id":997282618,"highway":"tertiary","name":"许昌路","ref":null},"geometry":{"type":"LineString","coordinates":[[121.526008,31.253919],[121.526058,31.253798],[121.526064,31.253729],[121.526057,31.25365],[121.526028,31.253566],[121.525981,31.253505],[121.52592,31.253462],[121.525366,31.253204],[121.525325,31.253179],[121.525301,31.253148],[121.525294,31.253121],[121.525298,31.253085],[121.525303,31.253053],[121.525355,31.252913],[121.525399,31.252797],[121.525405,31.252727],[121.525416,31.252602]]}},{"type":"Feature","properties":{"osm_id":997282624,"highway":"secondary","name":"民生路","ref":null},"geometry":{"type":"LineString","coordinates":[[121.540113,31.244071],[121.540073,31.244144],[121.539748,31.244756],[121.539534,31.2451],[121.539404,31.24531],[121.539369,31.245358],[121.539327,31.245402],[121.539249,31.245472]]}},{"type":"Feature","properties":{"osm_id":997282626,"highway":"secondary","name":"民生路","ref":null},"geometry":{"type":"LineString","coordinates":[[121.539249,31.245472],[121.539253,31.245398],[121.539261,31.245341],[121.539281,31.245287],[121.539438,31.245043],[121.539549,31.24488],[121.53966,31.244712],[121.539979,31.244109],[121.540014,31.244034]]}},{"type":"Feature","properties":{"osm_id":999502007,"highway":"tertiary","name":"中华路","ref":null},"geometry":{"type":"LineString","coordinates":[[121.497494,31.224957],[121.497618,31.224738],[121.497694,31.224611],[121.497809,31.224383],[121.498013,31.224005],[121.498355,31.223404],[121.498481,31.22308],[121.498578,31.222805],[121.498839,31.222191],[121.498865,31.222132],[121.498978,31.221881],[121.498993,31.221808],[121.499104,31.221264],[121.499089,31.221106]]}},{"type":"Feature","properties":{"osm_id":999502008,"highway":"tertiary","name":"乔家路","ref":null},"geometry":{"type":"LineString","coordinates":[[121.497467,31.216551],[121.498446,31.216733]]}},{"type":"Feature","properties":{"osm_id":1004590755,"highway":"secondary","name":"天潼路","ref":null},"geometry":{"type":"LineString","coordinates":[[121.476216,31.243053],[121.47694,31.243172],[121.477107,31.243199],[121.477274,31.243215],[121.478196,31.243304],[121.478545,31.243337],[121.479353,31.243411],[121.480024,31.243474],[121.480262,31.243495]]}},{"type":"Feature","properties":{"osm_id":1004591685,"highway":"secondary","name":"天潼路","ref":null},"geometry":{"type":"LineString","coordinates":[[121.489184,31.245747],[121.489462,31.245763]]}},{"type":"Feature","properties":{"osm_id":1027670326,"highway":"primary_link","name":"杨高南路","ref":"X001"},"geometry":{"type":"LineString","coordinates":[[121.535654,31.217738],[121.535534,31.217648],[121.535239,31.217199],[121.535201,31.217104],[121.535129,31.216922],[121.534781,31.216038],[121.534758,31.215953],[121.534697,31.21567],[121.534679,31.21556]]}},{"type":"Feature","properties":{"osm_id":1027670327,"highway":"primary_link","name":"杨高南路","ref":"X001"},"geometry":{"type":"LineString","coordinates":[[121.534885,31.215245],[121.535033,31.215424],[121.535096,31.215537],[121.535213,31.215699],[121.535295,31.215866],[121.535749,31.21705],[121.535765,31.217113],[121.535834,31.21758],[121.535804,31.217679]]}},{"type":"Feature","properties":{"osm_id":1064398286,"highway":"secondary","name":"北京东路","ref":null},"geometry":{"type":"LineString","coordinates":[[121.483816,31.240459],[121.484036,31.240479],[121.484491,31.240508],[121.484921,31.240537],[121.485561,31.240592]]}},{"type":"Feature","properties":{"osm_id":1064398290,"highway":"secondary","name":"河南中路","ref":null},"geometry":{"type":"LineString","coordinates":[[121.485442,31.235921],[121.485306,31.23639],[121.485293,31.236432],[121.485259,31.236549],[121.485224,31.236648]]}},{"type":"Feature","properties":{"osm_id":1064398307,"highway":"secondary","name":"河南南路","ref":null},"geometry":{"type":"LineString","coordinates":[[121.487252,31.229031],[121.487212,31.229247],[121.487031,31.230129],[121.486924,31.230614],[121.486865,31.230861]]}},{"type":"Feature","properties":{"osm_id":1064398308,"highway":"secondary","name":"人民路","ref":null},"geometry":{"type":"LineString","coordinates":[[121.487484,31.228885],[121.488037,31.229038],[121.489209,31.229267],[121.489852,31.229343],[121.490481,31.22938],[121.49078,31.229486]]}},{"type":"Feature","properties":{"osm_id":1064398309,"highway":"secondary","name":"西藏南路","ref":null},"geometry":{"type":"LineString","coordinates":[[121.48303,31.218937],[121.482889,31.219156],[121.481917,31.220668]]}},{"type":"Feature","properties":{"osm_id":1064398311,"highway":"tertiary","name":"建国东路","ref":null},"geometry":{"type":"LineString","coordinates":[[121.479294,31.213221],[121.480099,31.213499],[121.48102,31.213836],[121.481097,31.213864]]}},{"type":"Feature","properties":{"osm_id":1064476618,"highway":"secondary","name":"复兴中路","ref":null},"geometry":{"type":"LineString","coordinates":[[121.479723,31.217938],[121.478668,31.217601],[121.478381,31.217509],[121.477692,31.21728],[121.476761,31.216939],[121.47656,31.216858],[121.476475,31.216774]]}},{"type":"Feature","properties":{"osm_id":1064476620,"highway":"secondary","name":"复兴中路","ref":null},"geometry":{"type":"LineString","coordinates":[[121.482873,31.218862],[121.482693,31.218822],[121.48196,31.218606],[121.481457,31.218437],[121.481064,31.218287],[121.479765,31.217856]]}},{"type":"Feature","properties":{"osm_id":1064476622,"highway":"secondary","name":"西藏南路","ref":null},"geometry":{"type":"LineString","coordinates":[[121.481784,31.22063],[121.482535,31.21945],[121.482758,31.219078],[121.482873,31.218862]]}},{"type":"Feature","properties":{"osm_id":1064476625,"highway":"primary","name":"延安东路","ref":null},"geometry":{"type":"LineString","coordinates":[[121.486565,31.231208],[121.486499,31.23124],[121.486428,31.231262],[121.486358,31.23128],[121.485808,31.231374],[121.48557,31.231407],[121.485127,31.231438],[121.484963,31.23143],[121.484757,31.231409],[121.484467,31.231374],[121.484147,31.231319],[121.483866,31.231267],[121.483646,31.231217]]}},{"type":"Feature","properties":{"osm_id":1064476626,"highway":"secondary","name":"河南北路","ref":null},"geometry":{"type":"LineString","coordinates":[[121.481216,31.247865],[121.481308,31.247716]]}},{"type":"Feature","properties":{"osm_id":1064476627,"highway":"primary","name":"海宁路","ref":null},"geometry":{"type":"LineString","coordinates":[[121.48135,31.247895],[121.481216,31.247865]]}},{"type":"Feature","properties":{"osm_id":1064799801,"highway":"secondary","name":"天潼路","ref":null},"geometry":{"type":"LineString","coordinates":[[121.489635,31.245894],[121.489576,31.245885],[121.489478,31.245845]]}},{"type":"Feature","properties":{"osm_id":1064799802,"highway":"secondary","name":"吴淞路","ref":null},"geometry":{"type":"LineString","coordinates":[[121.489478,31.245845],[121.489462,31.245763]]}},{"type":"Feature","properties":{"osm_id":1064799809,"highway":"tertiary","name":"唐山路","ref":null},"geometry":{"type":"LineString","coordinates":[[121.504387,31.254169],[121.504831,31.254427]]}},{"type":"Feature","properties":{"osm_id":1064799810,"highway":"secondary","name":"天潼路","ref":null},"geometry":{"type":"LineString","coordinates":[[121.489462,31.245763],[121.489565,31.245791],[121.489622,31.245801]]}},{"type":"Feature","properties":{"osm_id":1064799811,"highway":"secondary","name":"天潼路","ref":null},"geometry":{"type":"LineString","coordinates":[[121.482381,31.243809],[121.482273,31.243778]]}},{"type":"Feature","properties":{"osm_id":1064799812,"highway":"secondary","name":"河南北路","ref":null},"geometry":{"type":"LineString","coordinates":[[121.482801,31.242425],[121.482747,31.242545],[121.482693,31.242684],[121.48264,31.242831],[121.48259,31.242993],[121.482492,31.243318],[121.482406,31.243659],[121.48239,31.243738],[121.482381,31.243809]]}},{"type":"Feature","properties":{"osm_id":1064853451,"highway":"tertiary","name":"九江路","ref":null},"geometry":{"type":"LineString","coordinates":[[121.486903,31.23708],[121.486618,31.237009],[121.486373,31.236946],[121.48592,31.236831],[121.485334,31.236675],[121.485224,31.236648]]}},{"type":"Feature","properties":{"osm_id":1066735059,"highway":"secondary","name":"花木路","ref":null},"geometry":{"type":"LineString","coordinates":[[121.538979,31.213056],[121.541088,31.212411],[121.541298,31.212341]]}},{"type":"Feature","properties":{"osm_id":1066735068,"highway":"secondary","name":"复兴东路隧道 (下层)","ref":null},"geometry":{"type":"LineString","coordinates":[[121.496506,31.221673],[121.496968,31.221521],[121.497498,31.2213],[121.498364,31.221084],[121.498605,31.221023],[121.499145,31.220953],[121.49932,31.220964],[121.499688,31.22105],[121.500161,31.221161],[121.501098,31.221499],[121.501739,31.22178],[121.502966,31.222288],[121.503214,31.222393],[121.503587,31.222514],[121.504074,31.222707],[121.504912,31.222998],[121.510548,31.225065],[121.514335,31.226445],[121.518896,31.228035]]}},{"type":"Feature","properties":{"osm_id":1066735070,"highway":"secondary","name":"复兴东路隧道 (上层)","ref":null},"geometry":{"type":"LineString","coordinates":[[121.513838,31.226351],[121.510453,31.225082],[121.506572,31.223622],[121.503676,31.222598],[121.50294,31.222338],[121.501724,31.221824],[121.500138,31.221191],[121.499671,31.221111],[121.499236,31.221037],[121.498802,31.221048]]}},{"type":"Feature","properties":{"osm_id":1067804361,"highway":"secondary","name":"大名路","ref":null},"geometry":{"type":"LineString","coordinates":[[121.491832,31.245621],[121.492285,31.245905]]}},{"type":"Feature","properties":{"osm_id":1067804363,"highway":"secondary","name":"长治路","ref":null},"geometry":{"type":"LineString","coordinates":[[121.493484,31.248081],[121.493433,31.248039],[121.493381,31.247993],[121.493096,31.247812],[121.492899,31.247654],[121.492582,31.247334],[121.492324,31.247048],[121.491846,31.246564]]}},{"type":"Feature","properties":{"osm_id":1067953236,"highway":"tertiary","name":"中华路","ref":null},"geometry":{"type":"LineString","coordinates":[[121.499065,31.220845],[121.499048,31.220659],[121.498999,31.220505],[121.49893,31.220317],[121.498873,31.220186],[121.49883,31.220079]]}},{"type":"Feature","properties":{"osm_id":1067953237,"highway":"tertiary","name":"中华路","ref":null},"geometry":{"type":"LineString","coordinates":[[121.49883,31.220079],[121.498714,31.219816],[121.498607,31.219454],[121.498549,31.218994],[121.498535,31.218842]]}},{"type":"Feature","properties":{"osm_id":1067953238,"highway":"secondary","name":"复兴东路","ref":null},"geometry":{"type":"LineString","coordinates":[[121.499065,31.220845],[121.499264,31.220839],[121.49978,31.220908],[121.500144,31.220966],[121.500711,31.22119],[121.500837,31.221338],[121.501773,31.221737],[121.502652,31.222119],[121.503057,31.222294]]}},{"type":"Feature","properties":{"osm_id":1067953239,"highway":"secondary","name":"复兴东路","ref":null},"geometry":{"type":"LineString","coordinates":[[121.484987,31.219107],[121.485157,31.219175],[121.48529,31.21923],[121.485841,31.219523],[121.486191,31.219734],[121.486363,31.219859],[121.48681,31.22022],[121.486922,31.220288],[121.487143,31.220433],[121.487839,31.220891]]}},{"type":"Feature","properties":{"osm_id":1067953240,"highway":"secondary","name":"复兴东路","ref":null},"geometry":{"type":"LineString","coordinates":[[121.482873,31.218862],[121.483084,31.218837]]}},{"type":"Feature","properties":{"osm_id":1067953241,"highway":"secondary","name":"西藏南路","ref":null},"geometry":{"type":"LineString","coordinates":[[121.483084,31.218837],[121.48303,31.218937]]}},{"type":"Feature","properties":{"osm_id":1067953249,"highway":"secondary","name":"复兴东路","ref":null},"geometry":{"type":"LineString","coordinates":[[121.489834,31.221807],[121.489663,31.221763],[121.489169,31.221656],[121.488817,31.221555],[121.488481,31.221404],[121.488111,31.221163],[121.487764,31.220968]]}},{"type":"Feature","properties":{"osm_id":1067953250,"highway":"secondary","name":"复兴东路","ref":null},"geometry":{"type":"LineString","coordinates":[[121.497967,31.221367],[121.497719,31.221464],[121.497353,31.221613],[121.496916,31.221747],[121.496518,31.221864],[121.496167,31.221955],[121.495758,31.222014],[121.49544,31.222064],[121.494829,31.222118]]}},{"type":"Feature","properties":{"osm_id":1067953251,"highway":"secondary","name":"复兴东路","ref":null},"geometry":{"type":"LineString","coordinates":[[121.502978,31.222372],[121.502578,31.222211],[121.502192,31.222052],[121.501701,31.221854]]}},{"type":"Feature","properties":{"osm_id":1068074792,"highway":"secondary","name":"复兴中路","ref":null},"geometry":{"type":"LineString","coordinates":[[121.481064,31.218287],[121.480915,31.218326],[121.479723,31.217938]]}},{"type":"Feature","properties":{"osm_id":1068139737,"highway":"secondary","name":"天潼路","ref":null},"geometry":{"type":"LineString","coordinates":[[121.485631,31.245159],[121.485544,31.245129],[121.485452,31.245093],[121.48486,31.244836],[121.484759,31.244789],[121.484699,31.24476],[121.484639,31.244727],[121.484541,31.244669],[121.484427,31.244592]]}},{"type":"Feature","properties":{"osm_id":1068139738,"highway":"primary","name":"周家嘴路","ref":null},"geometry":{"type":"LineString","coordinates":[[121.493467,31.253566],[121.492919,31.253561],[121.492478,31.253552],[121.492218,31.253547]]}},{"type":"Feature","properties":{"osm_id":1068139739,"highway":"tertiary","name":"梧州路","ref":null},"geometry":{"type":"LineString","coordinates":[[121.493467,31.253566],[121.493475,31.253413]]}},{"type":"Feature","properties":{"osm_id":1068139747,"highway":"primary","name":"大连路","ref":null},"geometry":{"type":"LineString","coordinates":[[121.517712,31.251854],[121.517667,31.251952],[121.517615,31.252056],[121.517188,31.252681],[121.517148,31.252758],[121.517115,31.252847]]}},{"type":"Feature","properties":{"osm_id":1068139748,"highway":"secondary","name":"平凉路","ref":null},"geometry":{"type":"LineString","coordinates":[[121.516924,31.252701],[121.517115,31.252847]]}},{"type":"Feature","properties":{"osm_id":1068139751,"highway":"secondary","name":"平凉路","ref":null},"geometry":{"type":"LineString","coordinates":[[121.514825,31.251476],[121.51523,31.251671],[121.515735,31.251964],[121.51588,31.252057]]}},{"type":"Feature","properties":{"osm_id":1068139752,"highway":"primary","name":"大连路","ref":null},"geometry":{"type":"LineString","coordinates":[[121.517242,31.252248],[121.517401,31.252021],[121.517448,31.25192],[121.517489,31.251816]]}},{"type":"Feature","properties":{"osm_id":1068139755,"highway":"tertiary","name":"东汉阳路","ref":null},"geometry":{"type":"LineString","coordinates":[[121.492677,31.250321],[121.492749,31.250378],[121.492794,31.250412],[121.492896,31.250462],[121.493468,31.250764],[121.493546,31.250805],[121.493593,31.250832]]}},{"type":"Feature","properties":{"osm_id":1068139756,"highway":"tertiary","name":"梧州路","ref":null},"geometry":{"type":"LineString","coordinates":[[121.493475,31.253413],[121.4935,31.253244],[121.493508,31.252996],[121.493514,31.252837],[121.493529,31.252385],[121.493531,31.252322],[121.493561,31.251822],[121.493547,31.251296],[121.493563,31.250998],[121.493574,31.250938],[121.493587,31.250867],[121.493593,31.250832]]}},{"type":"Feature","properties":{"osm_id":1068139764,"highway":"primary","name":"周家嘴路","ref":null},"geometry":{"type":"LineString","coordinates":[[121.492273,31.253394],[121.492496,31.253412],[121.492807,31.25342],[121.493001,31.25342],[121.493475,31.253413]]}},{"type":"Feature","properties":{"osm_id":1068139765,"highway":"secondary","name":"天潼路","ref":null},"geometry":{"type":"LineString","coordinates":[[121.487833,31.245596],[121.487692,31.245572],[121.487639,31.245565],[121.486925,31.245449],[121.486798,31.245429],[121.486584,31.245391],[121.486257,31.245314],[121.486034,31.245266],[121.485826,31.245218],[121.485732,31.245193],[121.485631,31.245159]]}},{"type":"Feature","properties":{"osm_id":1068139766,"highway":"secondary","name":"四川北路","ref":null},"geometry":{"type":"LineString","coordinates":[[121.485631,31.245159],[121.485604,31.245328],[121.485568,31.245571],[121.485556,31.245649]]}},{"type":"Feature","properties":{"osm_id":1068139767,"highway":"secondary","name":"四川北路","ref":null},"geometry":{"type":"LineString","coordinates":[[121.485721,31.24441],[121.485707,31.244546],[121.485656,31.245003],[121.485631,31.245159]]}},{"type":"Feature","properties":{"osm_id":1068208203,"highway":"secondary","name":"杨树浦路","ref":null},"geometry":{"type":"LineString","coordinates":[[121.514856,31.251372],[121.515681,31.251482],[121.516009,31.251633]]}},{"type":"Feature","properties":{"osm_id":1068400154,"highway":"secondary","name":"新开河路","ref":null},"geometry":{"type":"LineString","coordinates":[[121.494026,31.229391],[121.494503,31.229593]]}},{"type":"Feature","properties":{"osm_id":1068400155,"highway":"secondary_link","name":null,"ref":null},"geometry":{"type":"LineString","coordinates":[[121.494792,31.229127],[121.49478,31.229191],[121.49468,31.229287],[121.494632,31.229332],[121.49462,31.229395],[121.494616,31.229417],[121.494647,31.229527],[121.494718,31.229688]]}},{"type":"Feature","properties":{"osm_id":1068400164,"highway":"primary","name":"海宁路","ref":null},"geometry":{"type":"LineString","coordinates":[[121.488774,31.251882],[121.489095,31.252072],[121.489261,31.252152]]}},{"type":"Feature","properties":{"osm_id":1068400165,"highway":"primary","name":"吴淞路","ref":null},"geometry":{"type":"LineString","coordinates":[[121.489008,31.251385],[121.488774,31.251882]]}},{"type":"Feature","properties":{"osm_id":1068447133,"highway":"secondary","name":"九江路","ref":null},"geometry":{"type":"LineString","coordinates":[[121.479575,31.234806],[121.478808,31.23461],[121.478416,31.234518],[121.478043,31.234425],[121.47742,31.234277],[121.476802,31.234131],[121.476464,31.234056],[121.47528,31.233795],[121.475034,31.233752]]}},{"type":"Feature","properties":{"osm_id":1068447135,"highway":"secondary","name":"中山东一路","ref":null},"geometry":{"type":"LineString","coordinates":[[121.490025,31.23935],[121.490009,31.239221],[121.489998,31.239106],[121.489991,31.238943]]}},{"type":"Feature","properties":{"osm_id":1068447136,"highway":"secondary","name":"杨树浦路","ref":null},"geometry":{"type":"LineString","coordinates":[[121.516009,31.251633],[121.515442,31.251539],[121.515288,31.25152],[121.515099,31.251502],[121.515016,31.25149],[121.514873,31.251485],[121.514825,31.251476]]}},{"type":"Feature","properties":{"osm_id":1068447138,"highway":"secondary","name":"江浦路","ref":null},"geometry":{"type":"LineString","coordinates":[[121.526864,31.258686],[121.526964,31.258537],[121.52717,31.258264],[121.527235,31.258176],[121.52762,31.257767]]}},{"type":"Feature","properties":{"osm_id":1068447144,"highway":"secondary","name":"东大名路","ref":null},"geometry":{"type":"LineString","coordinates":[[121.495202,31.246782],[121.495283,31.246824],[121.495868,31.247099],[121.496096,31.247202],[121.496785,31.247517]]}},{"type":"Feature","properties":{"osm_id":1068447146,"highway":"secondary","name":"东长治路","ref":null},"geometry":{"type":"LineString","coordinates":[[121.495737,31.249116],[121.49683,31.2496]]}},{"type":"Feature","properties":{"osm_id":1068447147,"highway":"secondary","name":"河南中路","ref":null},"geometry":{"type":"LineString","coordinates":[[121.485224,31.236648],[121.485192,31.236768],[121.485098,31.237112],[121.485053,31.237278],[121.485005,31.237442],[121.484949,31.237629]]}},{"type":"Feature","properties":{"osm_id":1068916336,"highway":"tertiary","name":"金陵中路","ref":null},"geometry":{"type":"LineString","coordinates":[[121.479684,31.226561],[121.479597,31.226525],[121.479256,31.226386]]}},{"type":"Feature","properties":{"osm_id":1068916337,"highway":"tertiary","name":"金陵中路","ref":null},"geometry":{"type":"LineString","coordinates":[[121.479741,31.226584],[121.479684,31.226561]]}},{"type":"Feature","properties":{"osm_id":1074542776,"highway":"primary","name":"大连路","ref":null},"geometry":{"type":"LineString","coordinates":[[121.513128,31.257855],[121.51426,31.25661],[121.514364,31.256477],[121.515042,31.255506]]}},{"type":"Feature","properties":{"osm_id":1074542777,"highway":"primary","name":"大连路","ref":null},"geometry":{"type":"LineString","coordinates":[[121.510184,31.261121],[121.510828,31.260498],[121.511036,31.260259],[121.511275,31.259981],[121.511561,31.259655],[121.512194,31.258933],[121.513048,31.257949],[121.513128,31.257855]]}},{"type":"Feature","properties":{"osm_id":1074542778,"highway":"secondary","name":"长阳路","ref":null},"geometry":{"type":"LineString","coordinates":[[121.511756,31.256643],[121.51212,31.256964],[121.513128,31.257855]]}},{"type":"Feature","properties":{"osm_id":1074542779,"highway":"secondary","name":"长阳路","ref":null},"geometry":{"type":"LineString","coordinates":[[121.510837,31.255786],[121.511451,31.256344],[121.511475,31.256381],[121.511523,31.256461],[121.511756,31.256643]]}},{"type":"Feature","properties":{"osm_id":1074542781,"highway":"primary","name":"周家嘴路","ref":null},"geometry":{"type":"LineString","coordinates":[[121.500958,31.257408],[121.501268,31.257679],[121.501463,31.257859],[121.501774,31.258113]]}},{"type":"Feature","properties":{"osm_id":1074542799,"highway":"primary","name":"周家嘴路","ref":null},"geometry":{"type":"LineString","coordinates":[[121.501629,31.258213],[121.501157,31.257757],[121.500815,31.257429]]}},{"type":"Feature","properties":{"osm_id":1074771164,"highway":"tertiary","name":"福州路","ref":null},"geometry":{"type":"LineString","coordinates":[[121.485683,31.234705],[121.485329,31.23461],[121.485175,31.234573],[121.484547,31.234407],[121.483631,31.234161],[121.482867,31.233951],[121.482462,31.233838],[121.482183,31.233755],[121.481939,31.233678],[121.48182,31.233634]]}},{"type":"Feature","properties":{"osm_id":1074771165,"highway":"secondary","name":"河南中路","ref":null},"geometry":{"type":"LineString","coordinates":[[121.485332,31.235898],[121.485424,31.235575],[121.485549,31.235136],[121.485642,31.234845],[121.485683,31.234705]]}},{"type":"Feature","properties":{"osm_id":1075724555,"highway":"primary","name":"海宁路","ref":null},"geometry":{"type":"LineString","coordinates":[[121.488212,31.251572],[121.488636,31.251801]]}},{"type":"Feature","properties":{"osm_id":1075724556,"highway":"primary","name":"吴淞路","ref":null},"geometry":{"type":"LineString","coordinates":[[121.488779,31.251417],[121.488908,31.251052]]}},{"type":"Feature","properties":{"osm_id":1075724557,"highway":"primary_link","name":null,"ref":null},"geometry":{"type":"LineString","coordinates":[[121.488212,31.251572],[121.488271,31.251577],[121.488401,31.251587],[121.488641,31.25152],[121.488747,31.251441],[121.488779,31.251417]]}},{"type":"Feature","properties":{"osm_id":1075724562,"highway":"primary","name":"吴淞路","ref":null},"geometry":{"type":"LineString","coordinates":[[121.488555,31.251957],[121.488636,31.251801]]}},{"type":"Feature","properties":{"osm_id":1075724563,"highway":"primary","name":"海宁路","ref":null},"geometry":{"type":"LineString","coordinates":[[121.488636,31.251801],[121.488774,31.251882]]}},{"type":"Feature","properties":{"osm_id":1075724564,"highway":"primary","name":"海宁路","ref":null},"geometry":{"type":"LineString","coordinates":[[121.484932,31.249803],[121.485081,31.249883],[121.485474,31.250073],[121.485976,31.25032],[121.486305,31.250483],[121.486806,31.250745]]}},{"type":"Feature","properties":{"osm_id":1075724565,"highway":"secondary","name":"四川北路","ref":null},"geometry":{"type":"LineString","coordinates":[[121.485178,31.248194],[121.485061,31.248958],[121.48503,31.249203],[121.484977,31.249708],[121.484932,31.249803]]}},{"type":"Feature","properties":{"osm_id":1075724581,"highway":"secondary","name":"四川北路","ref":null},"geometry":{"type":"LineString","coordinates":[[121.484832,31.249912],[121.484759,31.250105],[121.484747,31.250138],[121.484636,31.250505],[121.484628,31.25054],[121.484547,31.250875],[121.484525,31.250995],[121.484463,31.251328],[121.484439,31.251446],[121.484375,31.251756]]}},{"type":"Feature","properties":{"osm_id":1078939190,"highway":"tertiary","name":"岳州路","ref":null},"geometry":{"type":"LineString","coordinates":[[121.497488,31.256625],[121.498005,31.257086],[121.498161,31.257272],[121.498421,31.25769],[121.498679,31.258117],[121.498904,31.258528]]}},{"type":"Feature","properties":{"osm_id":1079896542,"highway":"primary","name":"浦东大道","ref":null},"geometry":{"type":"LineString","coordinates":[[121.529403,31.240827],[121.529514,31.240836],[121.529947,31.240943],[121.53145,31.241371],[121.531546,31.241397],[121.53166,31.241454],[121.531777,31.241501],[121.532281,31.241647],[121.534557,31.242307],[121.535766,31.242595],[121.536734,31.242888],[121.538637,31.243433],[121.539302,31.243644],[121.53996,31.24388],[121.540069,31.243928]]}},{"type":"Feature","properties":{"osm_id":1079896543,"highway":"secondary","name":"源深路","ref":null},"geometry":{"type":"LineString","coordinates":[[121.529403,31.240827],[121.529213,31.240996]]}},{"type":"Feature","properties":{"osm_id":1079896544,"highway":"secondary","name":"源深路","ref":null},"geometry":{"type":"LineString","coordinates":[[121.530692,31.238665],[121.5304,31.239178],[121.529453,31.240751],[121.529403,31.240827]]}},{"type":"Feature","properties":{"osm_id":1079896546,"highway":"tertiary","name":"商城路","ref":null},"geometry":{"type":"LineString","coordinates":[[121.529027,31.235399],[121.529737,31.235617],[121.529828,31.235645],[121.530388,31.235818],[121.5307,31.235914],[121.531109,31.23604],[121.531714,31.236221]]}},{"type":"Feature","properties":{"osm_id":1079896547,"highway":"tertiary","name":"商城路","ref":null},"geometry":{"type":"LineString","coordinates":[[121.526674,31.234336],[121.527594,31.234787],[121.527996,31.234955],[121.529027,31.235399]]}},{"type":"Feature","properties":{"osm_id":1079896548,"highway":"tertiary","name":"福山路","ref":null},"geometry":{"type":"LineString","coordinates":[[121.528236,31.231117],[121.528199,31.231191],[121.527827,31.231948],[121.527786,31.232031],[121.527729,31.232144],[121.526674,31.234336]]}},{"type":"Feature","properties":{"osm_id":1079896549,"highway":"tertiary","name":"福山路","ref":null},"geometry":{"type":"LineString","coordinates":[[121.530217,31.227027],[121.530104,31.227236]]}},{"type":"Feature","properties":{"osm_id":1079896550,"highway":"secondary","name":"张杨路","ref":null},"geometry":{"type":"LineString","coordinates":[[121.52837,31.230861],[121.52891,31.231026],[121.530663,31.23156],[121.531948,31.231979],[121.532594,31.23219],[121.533711,31.232552],[121.5338,31.232577]]}},{"type":"Feature","properties":{"osm_id":1079896551,"highway":"secondary","name":"张杨路","ref":null},"geometry":{"type":"LineString","coordinates":[[121.525215,31.229896],[121.525422,31.229955]]}},{"type":"Feature","properties":{"osm_id":1079896552,"highway":"secondary","name":"东方路","ref":null},"geometry":{"type":"LineString","coordinates":[[121.525194,31.229708],[121.525123,31.229867]]}},{"type":"Feature","properties":{"osm_id":1079981825,"highway":"secondary","name":"东方路","ref":null},"geometry":{"type":"LineString","coordinates":[[121.526293,31.226512],[121.526563,31.225895]]}},{"type":"Feature","properties":{"osm_id":1079981826,"highway":"tertiary","name":"潍坊路","ref":null},"geometry":{"type":"LineString","coordinates":[[121.526696,31.225934],[121.526563,31.225895]]}},{"type":"Feature","properties":{"osm_id":1079981827,"highway":"secondary","name":"张杨路","ref":null},"geometry":{"type":"LineString","coordinates":[[121.528236,31.231117],[121.528134,31.231082],[121.527002,31.230698],[121.526474,31.230523],[121.526089,31.230393],[121.525795,31.23031]]}},{"type":"Feature","properties":{"osm_id":1079981828,"highway":"tertiary","name":"福山路","ref":null},"geometry":{"type":"LineString","coordinates":[[121.52837,31.230861],[121.528236,31.231117]]}},{"type":"Feature","properties":{"osm_id":1079981829,"highway":"secondary","name":"源深路","ref":null},"geometry":{"type":"LineString","coordinates":[[121.529213,31.240996],[121.52928,31.240816],[121.529334,31.240726],[121.52949,31.24046],[121.530138,31.239353],[121.530567,31.238619]]}},{"type":"Feature","properties":{"osm_id":1080422130,"highway":"tertiary","name":"福山路","ref":null},"geometry":{"type":"LineString","coordinates":[[121.526674,31.234336],[121.526518,31.234659],[121.526336,31.235035],[121.526145,31.23543],[121.525819,31.23609],[121.525489,31.236758]]}},{"type":"Feature","properties":{"osm_id":1080422132,"highway":"secondary","name":"源深路","ref":null},"geometry":{"type":"LineString","coordinates":[[121.530567,31.238619],[121.531923,31.236283]]}},{"type":"Feature","properties":{"osm_id":1080422134,"highway":"secondary","name":"源深路","ref":null},"geometry":{"type":"LineString","coordinates":[[121.532073,31.236332],[121.530692,31.238665]]}},{"type":"Feature","properties":{"osm_id":1082351070,"highway":"secondary","name":"东方路","ref":null},"geometry":{"type":"LineString","coordinates":[[121.527931,31.211675],[121.528318,31.212437],[121.528728,31.21329],[121.52916,31.214479]]}},{"type":"Feature","properties":{"osm_id":1083257378,"highway":"tertiary","name":"浦东南路","ref":null},"geometry":{"type":"LineString","coordinates":[[121.50773,31.242499],[121.507705,31.242542],[121.507647,31.24263],[121.507639,31.242636]]}},{"type":"Feature","properties":{"osm_id":1083257401,"highway":"secondary","name":"银城中路","ref":null},"geometry":{"type":"LineString","coordinates":[[121.508379,31.241442],[121.508494,31.241491]]}},{"type":"Feature","properties":{"osm_id":1083257402,"highway":"secondary","name":"浦东南路","ref":null},"geometry":{"type":"LineString","coordinates":[[121.508376,31.241548],[121.508379,31.241442]]}},{"type":"Feature","properties":{"osm_id":1083257403,"highway":"tertiary","name":"浦东南路","ref":null},"geometry":{"type":"LineString","coordinates":[[121.508376,31.241548],[121.508321,31.241624],[121.508245,31.241731],[121.508218,31.241772],[121.50802,31.242066],[121.507853,31.242316],[121.50773,31.242499]]}},{"type":"Feature","properties":{"osm_id":1084696954,"highway":"secondary","name":"吴淞路","ref":null},"geometry":{"type":"LineString","coordinates":[[121.489545,31.246181],[121.489533,31.246107],[121.489522,31.246028],[121.489502,31.245939],[121.489478,31.245845]]}},{"type":"Feature","properties":{"osm_id":1085064642,"highway":"primary","name":"海宁路","ref":null},"geometry":{"type":"LineString","coordinates":[[121.488555,31.251957],[121.488089,31.251678]]}},{"type":"Feature","properties":{"osm_id":1085064643,"highway":"primary","name":"吴淞路","ref":null},"geometry":{"type":"LineString","coordinates":[[121.488343,31.252345],[121.488555,31.251957]]}},{"type":"Feature","properties":{"osm_id":1085107696,"highway":"secondary","name":"河南南路","ref":null},"geometry":{"type":"LineString","coordinates":[[121.487297,31.228821],[121.487252,31.229031]]}},{"type":"Feature","properties":{"osm_id":1085107731,"highway":"secondary","name":"人民路","ref":null},"geometry":{"type":"LineString","coordinates":[[121.49078,31.229486],[121.490325,31.22954],[121.489998,31.229565],[121.489562,31.229582],[121.489113,31.229525],[121.488717,31.229465],[121.488292,31.229366],[121.487775,31.229239],[121.487497,31.229159],[121.487252,31.229031]]}},{"type":"Feature","properties":{"osm_id":1085107732,"highway":"secondary","name":"复兴东路","ref":null},"geometry":{"type":"LineString","coordinates":[[121.490001,31.22176],[121.490275,31.221781],[121.490637,31.221793],[121.492145,31.22187]]}},{"type":"Feature","properties":{"osm_id":1085107733,"highway":"secondary","name":"河南南路","ref":null},"geometry":{"type":"LineString","coordinates":[[121.491003,31.219886],[121.490977,31.219936],[121.490833,31.220212],[121.490627,31.220604],[121.490451,31.220941],[121.490152,31.221475],[121.490027,31.221698],[121.490001,31.22176]]}},{"type":"Feature","properties":{"osm_id":1085107735,"highway":"primary","name":"陆家浜路","ref":null},"geometry":{"type":"LineString","coordinates":[[121.49787,31.212019],[121.497567,31.212463],[121.497437,31.21266],[121.497163,31.212936],[121.496805,31.213112],[121.496486,31.213147],[121.496127,31.213138],[121.495748,31.213064],[121.495252,31.212932],[121.495078,31.212898],[121.494939,31.212862],[121.494571,31.212807],[121.49395,31.212772],[121.493248,31.212783]]}},{"type":"Feature","properties":{"osm_id":1085107737,"highway":"secondary","name":"河南南路","ref":null},"geometry":{"type":"LineString","coordinates":[[121.489424,31.222616],[121.489577,31.22233],[121.489675,31.222146],[121.489742,31.222021],[121.489834,31.221807]]}},{"type":"Feature","properties":{"osm_id":1085107738,"highway":"secondary","name":"复兴东路","ref":null},"geometry":{"type":"LineString","coordinates":[[121.492439,31.222018],[121.492215,31.22196],[121.490772,31.221865],[121.490284,31.221844],[121.489977,31.221824]]}},{"type":"Feature","properties":{"osm_id":1085107739,"highway":"secondary","name":"复兴东路","ref":null},"geometry":{"type":"LineString","coordinates":[[121.499089,31.221106],[121.498943,31.221128],[121.498394,31.221255],[121.497967,31.221367]]}},{"type":"Feature","properties":{"osm_id":1085107740,"highway":"tertiary","name":"中华路","ref":null},"geometry":{"type":"LineString","coordinates":[[121.499089,31.221106],[121.499065,31.220845]]}},{"type":"Feature","properties":{"osm_id":1085107741,"highway":"secondary","name":"人民路","ref":null},"geometry":{"type":"LineString","coordinates":[[121.487161,31.228774],[121.487297,31.228821]]}},{"type":"Feature","properties":{"osm_id":1085107742,"highway":"secondary","name":"河南南路","ref":null},"geometry":{"type":"LineString","coordinates":[[121.487161,31.228774],[121.487202,31.228549],[121.487344,31.227926],[121.487375,31.227736]]}},{"type":"Feature","properties":{"osm_id":1085107743,"highway":"primary","name":"延安东路","ref":null},"geometry":{"type":"LineString","coordinates":[[121.486865,31.230861],[121.487024,31.23086],[121.487168,31.230874]]}},{"type":"Feature","properties":{"osm_id":1091862741,"highway":"secondary","name":"中山东一路","ref":null},"geometry":{"type":"LineString","coordinates":[[121.490012,31.242618],[121.489958,31.242498],[121.489937,31.242405],[121.489927,31.242312],[121.489933,31.242215],[121.489984,31.24211]]}},{"type":"Feature","properties":{"osm_id":1091862750,"highway":"secondary","name":"四川北路","ref":null},"geometry":{"type":"LineString","coordinates":[[121.484375,31.251756],[121.484282,31.252179],[121.484178,31.252577],[121.484096,31.252983],[121.484055,31.253151],[121.48402,31.253298],[121.484008,31.253343],[121.483927,31.253651],[121.483879,31.253813],[121.483795,31.254066],[121.483647,31.254458],[121.483541,31.254709]]}},{"type":"Feature","properties":{"osm_id":1091984824,"highway":"secondary","name":"河南南路","ref":null},"geometry":{"type":"LineString","coordinates":[[121.493248,31.212783],[121.49313,31.213288],[121.493101,31.213392],[121.493045,31.213588],[121.493004,31.213766],[121.49286,31.214397],[121.492814,31.214528],[121.492697,31.21499],[121.492674,31.215089]]}},{"type":"Feature","properties":{"osm_id":1091984825,"highway":"tertiary","name":"中华路","ref":null},"geometry":{"type":"LineString","coordinates":[[121.492674,31.215089],[121.492566,31.21507],[121.492404,31.215041],[121.492137,31.214982],[121.491755,31.214897],[121.491321,31.214776],[121.490429,31.21452],[121.490333,31.214493],[121.490257,31.214475],[121.489916,31.214413],[121.489812,31.214397],[121.489575,31.214441],[121.489279,31.214556],[121.489181,31.214599]]}},{"type":"Feature","properties":{"osm_id":1091984826,"highway":"tertiary","name":"中华路","ref":null},"geometry":{"type":"LineString","coordinates":[[121.489181,31.214599],[121.489092,31.214646],[121.48883,31.214832],[121.488401,31.215118],[121.488294,31.215201],[121.48822,31.215258],[121.487721,31.215644],[121.487164,31.216094]]}},{"type":"Feature","properties":{"osm_id":1092405311,"highway":"secondary","name":"杨树浦路","ref":null},"geometry":{"type":"LineString","coordinates":[[121.531705,31.252973],[121.532024,31.253],[121.5327,31.253118],[121.53291,31.253159],[121.533585,31.253334],[121.533748,31.253406],[121.533903,31.253466],[121.533962,31.253491],[121.534511,31.253708]]}},{"type":"Feature","properties":{"osm_id":1092405312,"highway":"secondary","name":"杨树浦路","ref":null},"geometry":{"type":"LineString","coordinates":[[121.534511,31.253708],[121.535013,31.2539],[121.53558,31.254208],[121.535623,31.254228],[121.535667,31.254249],[121.535747,31.254292]]}},{"type":"Feature","properties":{"osm_id":1092600144,"highway":"secondary","name":"江浦路","ref":null},"geometry":{"type":"LineString","coordinates":[[121.52762,31.257767],[121.528442,31.256901],[121.528915,31.256363],[121.529118,31.256123]]}},{"type":"Feature","properties":{"osm_id":1100626100,"highway":"primary","name":"延安东路","ref":null},"geometry":{"type":"LineString","coordinates":[[121.486788,31.231075],[121.486645,31.231152],[121.486565,31.231208]]}},{"type":"Feature","properties":{"osm_id":1100626101,"highway":"primary","name":"延安东路","ref":null},"geometry":{"type":"LineString","coordinates":[[121.487696,31.231397],[121.487535,31.231235],[121.487412,31.23113],[121.487307,31.231066],[121.487193,31.231035],[121.487064,31.231025],[121.486943,31.231035],[121.486788,31.231075]]}},{"type":"Feature","properties":{"osm_id":1100626102,"highway":"primary","name":"延安东路","ref":null},"geometry":{"type":"LineString","coordinates":[[121.487168,31.230874],[121.487255,31.230878],[121.487339,31.230887]]}},{"type":"Feature","properties":{"osm_id":1100626103,"highway":"primary","name":"延安东路","ref":null},"geometry":{"type":"LineString","coordinates":[[121.480679,31.229665],[121.480817,31.229729],[121.481671,31.230156],[121.481793,31.230213],[121.482061,31.230346],[121.4826,31.230547],[121.482934,31.230665],[121.483023,31.230697],[121.483336,31.23079]]}},{"type":"Feature","properties":{"osm_id":1101656547,"highway":"secondary","name":"河南北路","ref":null},"geometry":{"type":"LineString","coordinates":[[121.481745,31.246477],[121.48187,31.246124],[121.481943,31.245918],[121.481991,31.245779],[121.482035,31.245609],[121.48208,31.245397],[121.482116,31.245172],[121.482149,31.244901],[121.482231,31.244141],[121.482273,31.243778]]}},{"type":"Feature","properties":{"osm_id":1101656569,"highway":"secondary","name":"天潼路","ref":null},"geometry":{"type":"LineString","coordinates":[[121.480262,31.243495],[121.481043,31.243565],[121.48196,31.243655],[121.482189,31.243705],[121.482273,31.243778]]}},{"type":"Feature","properties":{"osm_id":1101656571,"highway":"primary","name":"海宁路","ref":null},"geometry":{"type":"LineString","coordinates":[[121.481216,31.247865],[121.481125,31.247842],[121.481047,31.247819],[121.480646,31.247685],[121.480464,31.247604],[121.479897,31.247356],[121.47977,31.247302]]}},{"type":"Feature","properties":{"osm_id":1101727269,"highway":"secondary","name":"杨树浦路","ref":null},"geometry":{"type":"LineString","coordinates":[[121.517489,31.251816],[121.51759,31.251834]]}},{"type":"Feature","properties":{"osm_id":1101727290,"highway":"secondary","name":"杨树浦路","ref":null},"geometry":{"type":"LineString","coordinates":[[121.51759,31.251834],[121.517712,31.251854]]}},{"type":"Feature","properties":{"osm_id":1101727291,"highway":"tertiary","name":"秦皇岛路","ref":null},"geometry":{"type":"LineString","coordinates":[[121.516009,31.251633],[121.516015,31.251494],[121.516038,31.251422],[121.516341,31.250988],[121.51636,31.250958],[121.516399,31.250889]]}},{"type":"Feature","properties":{"osm_id":1101727292,"highway":"tertiary","name":"天章路","ref":null},"geometry":{"type":"LineString","coordinates":[[121.51726,31.250912],[121.517738,31.250914]]}},{"type":"Feature","properties":{"osm_id":1101727304,"highway":"secondary","name":"东大名路","ref":null},"geometry":{"type":"LineString","coordinates":[[121.50644,31.251448],[121.506649,31.251507],[121.507761,31.251823],[121.507909,31.251866],[121.508324,31.251985],[121.508874,31.252141],[121.508911,31.252152],[121.509166,31.252221]]}},{"type":"Feature","properties":{"osm_id":1101727305,"highway":"tertiary","name":"海门路","ref":null},"geometry":{"type":"LineString","coordinates":[[121.507995,31.254033],[121.50805,31.253935]]}},{"type":"Feature","properties":{"osm_id":1101727306,"highway":"secondary","name":"东长治路","ref":null},"geometry":{"type":"LineString","coordinates":[[121.506179,31.253257],[121.507405,31.253701]]}},{"type":"Feature","properties":{"osm_id":1101727307,"highway":"secondary","name":"东长治路","ref":null},"geometry":{"type":"LineString","coordinates":[[121.505558,31.253032],[121.506179,31.253257]]}},{"type":"Feature","properties":{"osm_id":1101727308,"highway":"tertiary","name":"公平路","ref":null},"geometry":{"type":"LineString","coordinates":[[121.505558,31.253032],[121.505514,31.253116]]}},{"type":"Feature","properties":{"osm_id":1101727310,"highway":"secondary","name":"东长治路","ref":null},"geometry":{"type":"LineString","coordinates":[[121.507405,31.253701],[121.50805,31.253935]]}},{"type":"Feature","properties":{"osm_id":1101731468,"highway":"tertiary","name":"许昌路","ref":null},"geometry":{"type":"LineString","coordinates":[[121.52323,31.259234],[121.523475,31.258618],[121.523606,31.258314],[121.523645,31.258215],[121.52407,31.257136],[121.524221,31.256762],[121.524268,31.256646],[121.524772,31.255364],[121.524795,31.255311],[121.524819,31.255272],[121.524857,31.255217],[121.525083,31.254933],[121.525454,31.2545],[121.525649,31.25429],[121.525851,31.254077],[121.525961,31.253969],[121.526008,31.253919]]}},{"type":"Feature","properties":{"osm_id":1101731483,"highway":"secondary","name":"杨树浦路","ref":null},"geometry":{"type":"LineString","coordinates":[[121.525416,31.252602],[121.526207,31.252668],[121.526556,31.2527],[121.527351,31.252789],[121.528017,31.252867],[121.528842,31.252877],[121.529366,31.252915]]}},{"type":"Feature","properties":{"osm_id":1101731484,"highway":"secondary","name":"杨树浦路","ref":null},"geometry":{"type":"LineString","coordinates":[[121.529366,31.252915],[121.529773,31.252925],[121.530414,31.252941],[121.531643,31.252973],[121.531705,31.252973]]}},{"type":"Feature","properties":{"osm_id":1108441223,"highway":"secondary","name":"世纪大道","ref":null},"geometry":{"type":"LineString","coordinates":[[121.50077,31.23804],[121.500896,31.238037],[121.501077,31.238011],[121.501173,31.237987]]}},{"type":"Feature","properties":{"osm_id":1108441224,"highway":"secondary","name":"世纪大道","ref":null},"geometry":{"type":"LineString","coordinates":[[121.501554,31.238189],[121.501494,31.238204]]}},{"type":"Feature","properties":{"osm_id":1108460994,"highway":"primary","name":"陆家嘴东路","ref":null},"geometry":{"type":"LineString","coordinates":[[121.508483,31.236796],[121.508413,31.236772],[121.508343,31.236748],[121.508266,31.236721],[121.508132,31.236674],[121.507776,31.236574]]}},{"type":"Feature","properties":{"osm_id":1108460995,"highway":"tertiary_link","name":null,"ref":null},"geometry":{"type":"LineString","coordinates":[[121.503697,31.237716],[121.503454,31.237818]]}},{"type":"Feature","properties":{"osm_id":1108464058,"highway":"secondary","name":"银城中路","ref":null},"geometry":{"type":"LineString","coordinates":[[121.505304,31.239361],[121.505565,31.239557],[121.506177,31.24001],[121.506205,31.240038],[121.50639,31.24022]]}},{"type":"Feature","properties":{"osm_id":1108464059,"highway":"secondary","name":"陆家嘴环路","ref":null},"geometry":{"type":"LineString","coordinates":[[121.506316,31.240377],[121.50639,31.24022]]}},{"type":"Feature","properties":{"osm_id":1108464060,"highway":"secondary","name":"陆家嘴环路","ref":null},"geometry":{"type":"LineString","coordinates":[[121.505043,31.242051],[121.506168,31.240572],[121.506316,31.240377]]}},{"type":"Feature","properties":{"osm_id":1108464061,"highway":"secondary","name":"陆家嘴环路","ref":null},"geometry":{"type":"LineString","coordinates":[[121.505043,31.242051],[121.505224,31.24214]]}},{"type":"Feature","properties":{"osm_id":1108464062,"highway":"secondary","name":"陆家嘴环岛","ref":null},"geometry":{"type":"LineString","coordinates":[[121.50077,31.23804],[121.500835,31.238096],[121.50088,31.238165],[121.500901,31.238242],[121.500896,31.238321],[121.500866,31.238396],[121.500831,31.238441]]}},{"type":"Feature","properties":{"osm_id":1108472459,"highway":"secondary","name":"陆家嘴环岛","ref":null},"geometry":{"type":"LineString","coordinates":[[121.500245,31.238243],[121.500274,31.238149],[121.500332,31.238075],[121.500414,31.23802],[121.500471,31.237999],[121.500531,31.237987]]}},{"type":"Feature","properties":{"osm_id":1108472460,"highway":"secondary","name":"陆家嘴环岛","ref":null},"geometry":{"type":"LineString","coordinates":[[121.500831,31.238441],[121.500752,31.238504],[121.500653,31.238541]]}},{"type":"Feature","properties":{"osm_id":1108472461,"highway":"secondary","name":"陆家嘴环路","ref":null},"geometry":{"type":"LineString","coordinates":[[121.506476,31.240489],[121.506363,31.240645],[121.506333,31.240683],[121.505782,31.241407],[121.505224,31.24214],[121.505093,31.242201]]}},{"type":"Feature","properties":{"osm_id":1108472462,"highway":"secondary","name":"银城中路","ref":null},"geometry":{"type":"LineString","coordinates":[[121.506476,31.240489],[121.506316,31.240377]]}},{"type":"Feature","properties":{"osm_id":1109881964,"highway":"tertiary_link","name":null,"ref":null},"geometry":{"type":"LineString","coordinates":[[121.502535,31.23816],[121.50246,31.238182],[121.502355,31.238205]]}},{"type":"Feature","properties":{"osm_id":1109881965,"highway":"tertiary","name":null,"ref":null},"geometry":{"type":"LineString","coordinates":[[121.503454,31.237818],[121.503268,31.237815],[121.503183,31.237843],[121.502892,31.237949],[121.502385,31.238138]]}},{"type":"Feature","properties":{"osm_id":1110490129,"highway":"primary","name":"杨高南路","ref":"X001"},"geometry":{"type":"LineString","coordinates":[[121.534679,31.21556],[121.534388,31.214708],[121.534315,31.214528],[121.534284,31.214442]]}},{"type":"Feature","properties":{"osm_id":1110490140,"highway":"primary","name":"杨高南路","ref":"X001"},"geometry":{"type":"LineString","coordinates":[[121.537682,31.22127],[121.537887,31.221451],[121.538107,31.221579],[121.538399,31.221718],[121.538437,31.221736],[121.538663,31.221888]]}},{"type":"Feature","properties":{"osm_id":1117667176,"highway":"tertiary","name":"金陵东路","ref":null},"geometry":{"type":"LineString","coordinates":[[121.488709,31.230703],[121.488066,31.230486],[121.487991,31.230459],[121.487492,31.230286],[121.487031,31.230129],[121.486897,31.230086]]}},{"type":"Feature","properties":{"osm_id":1118948860,"highway":"primary","name":"中山南路","ref":null},"geometry":{"type":"LineString","coordinates":[[121.506846,31.213997],[121.50688,31.214236],[121.506882,31.214389],[121.506869,31.214592],[121.506833,31.214787],[121.506817,31.214976],[121.506809,31.215017],[121.506696,31.215273]]}},{"type":"Feature","properties":{"osm_id":1121010573,"highway":"tertiary","name":"东余杭路","ref":null},"geometry":{"type":"LineString","coordinates":[[121.491898,31.25143],[121.491875,31.251468],[121.491913,31.251476],[121.491981,31.25151],[121.492036,31.251545],[121.492091,31.251575],[121.492156,31.251599],[121.492292,31.251626],[121.492426,31.251645],[121.492597,31.251664],[121.49286,31.251687],[121.493008,31.251703],[121.493129,31.251721],[121.493428,31.251778],[121.493498,31.251797],[121.493561,31.251822]]}},{"type":"Feature","properties":{"osm_id":1123874558,"highway":"primary","name":"陆家嘴东路","ref":null},"geometry":{"type":"LineString","coordinates":[[121.50872,31.236892],[121.508627,31.236852],[121.508483,31.236796]]}},{"type":"Feature","properties":{"osm_id":1123874559,"highway":"trunk","name":"延安东路隧道","ref":null},"geometry":{"type":"LineString","coordinates":[[121.501234,31.238246],[121.50112,31.238276],[121.501028,31.2383],[121.500929,31.238331],[121.500856,31.238349],[121.500768,31.238368],[121.500647,31.238388],[121.500514,31.2384],[121.500342,31.238404],[121.500092,31.238412],[121.499637,31.238415]]}},{"type":"Feature","properties":{"osm_id":1123874560,"highway":"primary","name":null,"ref":null},"geometry":{"type":"LineString","coordinates":[[121.529213,31.240996],[121.529098,31.241024],[121.528984,31.241051],[121.528846,31.241064],[121.528309,31.241004],[121.527233,31.240943],[121.526913,31.240887],[121.526777,31.240829]]}},{"type":"Feature","properties":{"osm_id":1123874561,"highway":"primary_link","name":"民生路入口","ref":null},"geometry":{"type":"LineString","coordinates":[[121.539269,31.243748],[121.539103,31.243709],[121.538793,31.24362],[121.537624,31.243282]]}},{"type":"Feature","properties":{"osm_id":1123874562,"highway":"primary_link","name":"民生路入口","ref":null},"geometry":{"type":"LineString","coordinates":[[121.537624,31.243282],[121.537389,31.243219],[121.536868,31.24308],[121.53656,31.242979],[121.536396,31.242895]]}},{"type":"Feature","properties":{"osm_id":1123874563,"highway":"primary","name":null,"ref":null},"geometry":{"type":"LineString","coordinates":[[121.539269,31.243748],[121.538912,31.243591],[121.537756,31.243248],[121.537062,31.243055],[121.536812,31.243023]]}},{"type":"Feature","properties":{"osm_id":1123874564,"highway":"primary_link","name":"荣成路入口","ref":null},"geometry":{"type":"LineString","coordinates":[[121.516313,31.239648],[121.515994,31.239628],[121.515873,31.239628],[121.515757,31.239584],[121.514655,31.239289]]}},{"type":"Feature","properties":{"osm_id":1123874565,"highway":"primary_link","name":"荣成路入口","ref":null},"geometry":{"type":"LineString","coordinates":[[121.514655,31.239289],[121.514392,31.239204],[121.514051,31.239074],[121.513686,31.238867]]}},{"type":"Feature","properties":{"osm_id":1123874566,"highway":"primary","name":null,"ref":null},"geometry":{"type":"LineString","coordinates":[[121.516313,31.239648],[121.516084,31.239675],[121.515948,31.239686],[121.515856,31.239683],[121.514558,31.23932],[121.514359,31.239244],[121.514238,31.239155],[121.514133,31.239054]]}},{"type":"Feature","properties":{"osm_id":1123874567,"highway":"primary_link","name":"福山路出口","ref":null},"geometry":{"type":"LineString","coordinates":[[121.529461,31.24102],[121.528609,31.240956]]}},{"type":"Feature","properties":{"osm_id":1123874568,"highway":"primary_link","name":"福山路出口","ref":null},"geometry":{"type":"LineString","coordinates":[[121.528609,31.240956],[121.528452,31.240932],[121.527595,31.240899],[121.52723,31.240884],[121.526917,31.240855],[121.526777,31.240829]]}},{"type":"Feature","properties":{"osm_id":1123874569,"highway":"primary_link","name":"源深路入口","ref":null},"geometry":{"type":"LineString","coordinates":[[121.533497,31.241901],[121.534357,31.242111],[121.534734,31.242238],[121.535151,31.242424]]}},{"type":"Feature","properties":{"osm_id":1123874570,"highway":"primary_link","name":"源深路入口","ref":null},"geometry":{"type":"LineString","coordinates":[[121.531546,31.241397],[121.53168,31.241413],[121.531802,31.241438],[121.5321,31.24152],[121.533497,31.241901]]}},{"type":"Feature","properties":{"osm_id":1123874576,"highway":"trunk","name":"银城中路出口","ref":null},"geometry":{"type":"LineString","coordinates":[[121.501214,31.238053],[121.501295,31.238022],[121.501368,31.237988],[121.501434,31.237952],[121.501493,31.237917],[121.501561,31.237878],[121.501627,31.237844],[121.501716,31.237805],[121.501902,31.237734]]}},{"type":"Feature","properties":{"osm_id":1123874577,"highway":"secondary","name":"人民路隧道","ref":null},"geometry":{"type":"LineString","coordinates":[[121.490565,31.229553],[121.489364,31.229453],[121.488838,31.229361],[121.488215,31.229253],[121.487345,31.229043],[121.486972,31.22893],[121.486396,31.228655]]}},{"type":"Feature","properties":{"osm_id":1123874578,"highway":"secondary","name":"东昌路","ref":null},"geometry":{"type":"LineString","coordinates":[[121.510001,31.232],[121.509595,31.231863]]}},{"type":"Feature","properties":{"osm_id":1123874579,"highway":"secondary","name":"东昌路","ref":null},"geometry":{"type":"LineString","coordinates":[[121.510213,31.232006],[121.510001,31.232]]}},{"type":"Feature","properties":{"osm_id":1123874580,"highway":"secondary","name":"浦城路","ref":null},"geometry":{"type":"LineString","coordinates":[[121.510001,31.232],[121.510101,31.231865]]}},{"type":"Feature","properties":{"osm_id":1123874581,"highway":"secondary","name":"陆家嘴环路","ref":null},"geometry":{"type":"LineString","coordinates":[[121.508999,31.234986],[121.509015,31.234922]]}},{"type":"Feature","properties":{"osm_id":1123874582,"highway":"secondary","name":"陆家嘴环路","ref":null},"geometry":{"type":"LineString","coordinates":[[121.508959,31.235195],[121.508999,31.234986]]}},{"type":"Feature","properties":{"osm_id":1123874583,"highway":"secondary","name":"东昌路","ref":null},"geometry":{"type":"LineString","coordinates":[[121.509772,31.231738],[121.510101,31.231865]]}},{"type":"Feature","properties":{"osm_id":1123874584,"highway":"secondary","name":"人民路隧道","ref":null},"geometry":{"type":"LineString","coordinates":[[121.486424,31.228579],[121.487013,31.228859],[121.487365,31.228967],[121.488229,31.229179],[121.488759,31.229278],[121.489377,31.229372],[121.490089,31.229446]]}},{"type":"Feature","properties":{"osm_id":1123874585,"highway":"secondary","name":"人民路","ref":null},"geometry":{"type":"LineString","coordinates":[[121.487297,31.228821],[121.487484,31.228885]]}},{"type":"Feature","properties":{"osm_id":1123874586,"highway":"primary","name":"世纪大道","ref":null},"geometry":{"type":"LineString","coordinates":[[121.509643,31.234988],[121.510994,31.234581],[121.511914,31.234316],[121.512802,31.234027],[121.512889,31.233999],[121.513112,31.233926]]}},{"type":"Feature","properties":{"osm_id":1125801626,"highway":"trunk_link","name":null,"ref":null},"geometry":{"type":"LineString","coordinates":[[121.482599,31.230979],[121.482463,31.230926],[121.482234,31.230823]]}},{"type":"Feature","properties":{"osm_id":1126658978,"highway":"secondary","name":"陆家嘴环路","ref":null},"geometry":{"type":"LineString","coordinates":[[121.504331,31.232502],[121.504493,31.232513],[121.505877,31.232632],[121.506942,31.232706]]}},{"type":"Feature","properties":{"osm_id":1126658992,"highway":"secondary","name":"陆家嘴环岛","ref":null},"geometry":{"type":"LineString","coordinates":[[121.500531,31.237987],[121.500615,31.237987],[121.500653,31.237995],[121.500696,31.238005],[121.50077,31.23804]]}},{"type":"Feature","properties":{"osm_id":1126658993,"highway":"secondary","name":"陆家嘴环路","ref":null},"geometry":{"type":"LineString","coordinates":[[121.508974,31.233417],[121.508893,31.233355],[121.508816,31.233313],[121.508735,31.23328],[121.508379,31.233187],[121.508111,31.23312],[121.50704,31.232851]]}},{"type":"Feature","properties":{"osm_id":1126658994,"highway":"secondary","name":"银城中路","ref":null},"geometry":{"type":"LineString","coordinates":[[121.504923,31.230522],[121.504799,31.230701]]}},{"type":"Feature","properties":{"osm_id":1126658995,"highway":"secondary","name":"东昌路","ref":null},"geometry":{"type":"LineString","coordinates":[[121.504799,31.230701],[121.504674,31.23066]]}},{"type":"Feature","properties":{"osm_id":1126658996,"highway":"secondary","name":"东昌路","ref":null},"geometry":{"type":"LineString","coordinates":[[121.50479,31.230479],[121.504923,31.230522]]}},{"type":"Feature","properties":{"osm_id":1126659001,"highway":"secondary","name":"浦明路","ref":null},"geometry":{"type":"LineString","coordinates":[[121.505195,31.230149],[121.505457,31.229872]]}},{"type":"Feature","properties":{"osm_id":1151664211,"highway":"tertiary","name":"商城路","ref":null},"geometry":{"type":"LineString","coordinates":[[121.516503,31.230274],[121.516541,31.230286]]}},{"type":"Feature","properties":{"osm_id":1151664212,"highway":"tertiary","name":"南泉北路","ref":null},"geometry":{"type":"LineString","coordinates":[[121.517603,31.230627],[121.517526,31.231165],[121.517518,31.231219],[121.5175,31.231326],[121.517483,31.231464]]}},{"type":"Feature","properties":{"osm_id":1151664220,"highway":"tertiary","name":"南泉北路","ref":null},"geometry":{"type":"LineString","coordinates":[[121.518061,31.227987],[121.518048,31.228061],[121.517951,31.228591],[121.517898,31.228899],[121.517858,31.229131],[121.517838,31.229242],[121.517819,31.229358],[121.517805,31.229438],[121.517742,31.22981],[121.51764,31.230413],[121.517603,31.230627]]}},{"type":"Feature","properties":{"osm_id":1151664221,"highway":"tertiary","name":"商城路","ref":null},"geometry":{"type":"LineString","coordinates":[[121.517603,31.230627],[121.51839,31.230869],[121.518832,31.230998],[121.518882,31.231014],[121.519462,31.231194],[121.519928,31.231339],[121.520087,31.23139]]}},{"type":"Feature","properties":{"osm_id":1152808616,"highway":"secondary","name":"东方路","ref":null},"geometry":{"type":"LineString","coordinates":[[121.519504,31.241725],[121.519512,31.241655]]}},{"type":"Feature","properties":{"osm_id":1152808617,"highway":"secondary","name":"昌邑路","ref":null},"geometry":{"type":"LineString","coordinates":[[121.517287,31.241557],[121.518532,31.241657],[121.519265,31.241657],[121.519394,31.241654],[121.519512,31.241655]]}},{"type":"Feature","properties":{"osm_id":1152808618,"highway":"secondary","name":"银城中路","ref":null},"geometry":{"type":"LineString","coordinates":[[121.50639,31.24022],[121.506592,31.24038]]}},{"type":"Feature","properties":{"osm_id":1152808619,"highway":"secondary","name":"陆家嘴环路","ref":null},"geometry":{"type":"LineString","coordinates":[[121.506592,31.24038],[121.506476,31.240489]]}},{"type":"Feature","properties":{"osm_id":1152808620,"highway":"secondary","name":"浦东南路","ref":null},"geometry":{"type":"LineString","coordinates":[[121.508379,31.241442],[121.508435,31.241357],[121.508706,31.240946],[121.509063,31.240439]]}},{"type":"Feature","properties":{"osm_id":1152808621,"highway":"secondary","name":"昌邑路","ref":null},"geometry":{"type":"LineString","coordinates":[[121.519624,31.241725],[121.519504,31.241725],[121.519235,31.241728],[121.51844,31.241715],[121.517266,31.241622],[121.517133,31.241626]]}},{"type":"Feature","properties":{"osm_id":1153936294,"highway":"secondary","name":"大连路隧道","ref":null},"geometry":{"type":"LineString","coordinates":[[121.521789,31.236429],[121.520451,31.239056]]}},{"type":"Feature","properties":{"osm_id":1155731214,"highway":"secondary","name":"浦明路","ref":null},"geometry":{"type":"LineString","coordinates":[[121.514855,31.214693],[121.514901,31.2145],[121.514922,31.214334],[121.514943,31.214174],[121.514967,31.213733],[121.514962,31.213559],[121.51493,31.213283],[121.514842,31.212903],[121.514673,31.212437],[121.514387,31.211972],[121.514111,31.211504]]}},{"type":"Feature","properties":{"osm_id":1155731215,"highway":"tertiary","name":"潍坊路","ref":null},"geometry":{"type":"LineString","coordinates":[[121.533113,31.22793],[121.5323,31.227668],[121.531958,31.227563],[121.53132,31.227366],[121.530768,31.227189]]}},{"type":"Feature","properties":{"osm_id":1155731217,"highway":"primary","name":"世纪大道","ref":null},"geometry":{"type":"LineString","coordinates":[[121.532471,31.225758],[121.530845,31.226688],[121.530654,31.226798],[121.530217,31.227027]]}},{"type":"Feature","properties":{"osm_id":1155731218,"highway":"primary","name":"世纪大道","ref":null},"geometry":{"type":"LineString","coordinates":[[121.535508,31.22402],[121.535424,31.224068]]}},{"type":"Feature","properties":{"osm_id":1155731219,"highway":"primary","name":"世纪大道","ref":null},"geometry":{"type":"LineString","coordinates":[[121.535424,31.224068],[121.535307,31.224135],[121.534262,31.224733],[121.532471,31.225758]]}},{"type":"Feature","properties":{"osm_id":1155731220,"highway":"tertiary","name":"浦电路","ref":null},"geometry":{"type":"LineString","coordinates":[[121.535477,31.223973],[121.535508,31.22402]]}},{"type":"Feature","properties":{"osm_id":1155731222,"highway":"secondary","name":"浦明路","ref":null},"geometry":{"type":"LineString","coordinates":[[121.514198,31.216983],[121.513989,31.217615],[121.513757,31.21829],[121.513703,31.218448],[121.51353,31.218875],[121.513283,31.219298],[121.51314,31.219544],[121.513127,31.219566],[121.512682,31.220347],[121.512496,31.220702]]}},{"type":"Feature","properties":{"osm_id":1155731223,"highway":"secondary","name":"浦明路","ref":null},"geometry":{"type":"LineString","coordinates":[[121.514257,31.211463],[121.514673,31.212219],[121.514908,31.212756],[121.515026,31.213182],[121.515074,31.213581],[121.515074,31.214061],[121.515045,31.214316],[121.515002,31.214573],[121.514967,31.214683]]}},{"type":"Feature","properties":{"osm_id":1155731229,"highway":"secondary","name":"浦明路","ref":null},"geometry":{"type":"LineString","coordinates":[[121.514625,31.21537],[121.514855,31.214693]]}},{"type":"Feature","properties":{"osm_id":1155731230,"highway":"secondary","name":"浦明路","ref":null},"geometry":{"type":"LineString","coordinates":[[121.514967,31.214683],[121.514764,31.215365]]}},{"type":"Feature","properties":{"osm_id":1155731231,"highway":"secondary","name":"浦明路","ref":null},"geometry":{"type":"LineString","coordinates":[[121.514764,31.215365],[121.514445,31.216389],[121.51431,31.216822],[121.514198,31.216983]]}},{"type":"Feature","properties":{"osm_id":1155731232,"highway":"secondary","name":"浦明路","ref":null},"geometry":{"type":"LineString","coordinates":[[121.514198,31.216983],[121.514176,31.216793],[121.514291,31.216383],[121.514492,31.215776],[121.514625,31.21537]]}},{"type":"Feature","properties":{"osm_id":1155935720,"highway":"primary","name":"杨高南路","ref":"X001"},"geometry":{"type":"LineString","coordinates":[[121.534284,31.214442],[121.534225,31.214294],[121.533579,31.212735],[121.533065,31.211467]]}},{"type":"Feature","properties":{"osm_id":1192341082,"highway":"secondary","name":"银城中路","ref":null},"geometry":{"type":"LineString","coordinates":[[121.50383,31.234811],[121.503843,31.234633],[121.503859,31.234528],[121.503895,31.234326],[121.504021,31.233627],[121.504086,31.2331],[121.504132,31.232692],[121.504151,31.2326]]}},{"type":"Feature","properties":{"osm_id":1192341083,"highway":"secondary","name":"陆家嘴环路","ref":null},"geometry":{"type":"LineString","coordinates":[[121.504162,31.232489],[121.504331,31.232502]]}},{"type":"Feature","properties":{"osm_id":1192341084,"highway":"secondary","name":"陆家嘴环路","ref":null},"geometry":{"type":"LineString","coordinates":[[121.505093,31.242201],[121.504843,31.242033],[121.504519,31.241817],[121.504314,31.241685],[121.503731,31.241296],[121.503647,31.24124],[121.503131,31.2409],[121.502981,31.240817]]}},{"type":"Feature","properties":{"osm_id":1192341088,"highway":"secondary","name":"银城中路","ref":null},"geometry":{"type":"LineString","coordinates":[[121.506592,31.24038],[121.506791,31.240515],[121.507404,31.240933]]}},{"type":"Feature","properties":{"osm_id":1192341089,"highway":"secondary","name":"陆家嘴环路","ref":null},"geometry":{"type":"LineString","coordinates":[[121.503016,31.232531],[121.502505,31.233112],[121.502188,31.23349],[121.50194,31.233788],[121.501632,31.234154]]}},{"type":"Feature","properties":{"osm_id":1192341090,"highway":"tertiary","name":"花园石桥路","ref":null},"geometry":{"type":"LineString","coordinates":[[121.501546,31.234238],[121.501471,31.234183]]}},{"type":"Feature","properties":{"osm_id":1192341091,"highway":"tertiary","name":"花园石桥路","ref":null},"geometry":{"type":"LineString","coordinates":[[121.506646,31.234297],[121.506485,31.234328],[121.505861,31.234393],[121.504898,31.234504],[121.504289,31.234585],[121.504065,31.23461]]}},{"type":"Feature","properties":{"osm_id":1192341092,"highway":"secondary","name":"银城中路","ref":null},"geometry":{"type":"LineString","coordinates":[[121.504065,31.23461],[121.504044,31.234799]]}},{"type":"Feature","properties":{"osm_id":1192341093,"highway":"secondary","name":"银城中路","ref":null},"geometry":{"type":"LineString","coordinates":[[121.504331,31.232502],[121.50432,31.23261]]}},{"type":"Feature","properties":{"osm_id":1192341094,"highway":"secondary","name":"陆家嘴环路","ref":null},"geometry":{"type":"LineString","coordinates":[[121.502963,31.232423],[121.50324,31.232438],[121.503595,31.23246],[121.504043,31.232483],[121.504162,31.232489]]}},{"type":"Feature","properties":{"osm_id":1192341095,"highway":"secondary","name":"陆家嘴环路","ref":null},"geometry":{"type":"LineString","coordinates":[[121.504151,31.2326],[121.504033,31.232592],[121.50377,31.232575],[121.503529,31.232561]]}},{"type":"Feature","properties":{"osm_id":1192417689,"highway":"primary_link","name":null,"ref":null},"geometry":{"type":"LineString","coordinates":[[121.539246,31.222092],[121.539154,31.22209],[121.53908,31.222081],[121.538986,31.222066],[121.538887,31.222051]]}},{"type":"Feature","properties":{"osm_id":1192417690,"highway":"primary","name":"世纪大道","ref":null},"geometry":{"type":"LineString","coordinates":[[121.538111,31.222455],[121.537993,31.222516],[121.535679,31.223921],[121.535617,31.223958],[121.535508,31.22402]]}},{"type":"Feature","properties":{"osm_id":1192417691,"highway":"primary","name":"杨高南路","ref":"X001"},"geometry":{"type":"LineString","coordinates":[[121.537081,31.220483],[121.537312,31.220815],[121.537682,31.22127]]}},{"type":"Feature","properties":{"osm_id":1192417694,"highway":"secondary","name":"花木路","ref":null},"geometry":{"type":"LineString","coordinates":[[121.539023,31.213199],[121.538047,31.213486],[121.536996,31.213796],[121.535845,31.214136],[121.53463,31.214494],[121.534582,31.214498]]}},{"type":"Feature","properties":{"osm_id":1192417700,"highway":"secondary","name":"花木路","ref":null},"geometry":{"type":"LineString","coordinates":[[121.534284,31.214442],[121.53454,31.214391],[121.534584,31.214373],[121.535947,31.213968],[121.536946,31.213671],[121.537408,31.213531],[121.538979,31.213056]]}},{"type":"Feature","properties":{"osm_id":1192417701,"highway":"primary","name":"世纪大道","ref":null},"geometry":{"type":"LineString","coordinates":[[121.508959,31.235195],[121.509061,31.235164],[121.509129,31.235145]]}},{"type":"Feature","properties":{"osm_id":1192417702,"highway":"primary","name":"陆家嘴环路","ref":null},"geometry":{"type":"LineString","coordinates":[[121.508567,31.236625],[121.508612,31.236525],[121.508648,31.236437],[121.508669,31.236384],[121.508742,31.236189],[121.508828,31.235894],[121.50885,31.235802],[121.508883,31.235618],[121.508892,31.23557],[121.508937,31.235316],[121.508954,31.235222],[121.508959,31.235195]]}},{"type":"Feature","properties":{"osm_id":1192417709,"highway":"primary","name":"陆家嘴东路","ref":null},"geometry":{"type":"LineString","coordinates":[[121.508803,31.236722],[121.509001,31.236841],[121.509491,31.237157],[121.509716,31.237313],[121.510379,31.237752],[121.510466,31.23781],[121.510644,31.237902]]}},{"type":"Feature","properties":{"osm_id":1192417710,"highway":"tertiary_link","name":null,"ref":null},"geometry":{"type":"LineString","coordinates":[[121.502355,31.238205],[121.502291,31.238215],[121.502228,31.23822],[121.502154,31.238223]]}},{"type":"Feature","properties":{"osm_id":1192417711,"highway":"tertiary","name":null,"ref":null},"geometry":{"type":"LineString","coordinates":[[121.502385,31.238138],[121.502154,31.238223]]}},{"type":"Feature","properties":{"osm_id":1192417712,"highway":"tertiary","name":"南泉北路","ref":null},"geometry":{"type":"LineString","coordinates":[[121.51732,31.232509],[121.517287,31.232683]]}},{"type":"Feature","properties":{"osm_id":1192417713,"highway":"primary","name":"世纪大道","ref":null},"geometry":{"type":"LineString","coordinates":[[121.51732,31.232509],[121.517534,31.23243],[121.518143,31.232217],[121.520327,31.231473]]}},{"type":"Feature","properties":{"osm_id":1192417714,"highway":"tertiary","name":"东泰路","ref":null},"geometry":{"type":"LineString","coordinates":[[121.50707,31.232713],[121.50704,31.232851]]}},{"type":"Feature","properties":{"osm_id":1192417715,"highway":"secondary","name":"陆家嘴环路","ref":null},"geometry":{"type":"LineString","coordinates":[[121.50707,31.232713],[121.507461,31.232768],[121.508784,31.233086]]}},{"type":"Feature","properties":{"osm_id":1192417716,"highway":"secondary","name":"浦东南路","ref":null},"geometry":{"type":"LineString","coordinates":[[121.509747,31.239577],[121.509453,31.240007],[121.508549,31.241406],[121.508494,31.241491]]}},{"type":"Feature","properties":{"osm_id":1192417717,"highway":"primary","name":"浦东南路","ref":null},"geometry":{"type":"LineString","coordinates":[[121.515425,31.229935],[121.515065,31.230712]]}},{"type":"Feature","properties":{"osm_id":1192417718,"highway":"tertiary","name":"商城路","ref":null},"geometry":{"type":"LineString","coordinates":[[121.515253,31.22989],[121.515425,31.229935]]}},{"type":"Feature","properties":{"osm_id":1192417719,"highway":"primary","name":"浦东南路","ref":null},"geometry":{"type":"LineString","coordinates":[[121.515253,31.22989],[121.515537,31.229184]]}},{"type":"Feature","properties":{"osm_id":1192417720,"highway":"tertiary","name":"商城路","ref":null},"geometry":{"type":"LineString","coordinates":[[121.515425,31.229935],[121.515539,31.229968],[121.516236,31.230187],[121.516503,31.230274]]}},{"type":"Feature","properties":{"osm_id":1192417721,"highway":"secondary","name":"陆家嘴环路","ref":null},"geometry":{"type":"LineString","coordinates":[[121.501471,31.234183],[121.501549,31.234087]]}},{"type":"Feature","properties":{"osm_id":1192417722,"highway":"tertiary","name":"东泰路","ref":null},"geometry":{"type":"LineString","coordinates":[[121.50704,31.232851],[121.506972,31.233087],[121.506895,31.233356],[121.506806,31.233669],[121.506646,31.234297]]}},{"type":"Feature","properties":{"osm_id":1192417723,"highway":"secondary","name":"陆家嘴环路","ref":null},"geometry":{"type":"LineString","coordinates":[[121.50692,31.232829],[121.505877,31.232731],[121.505205,31.232676],[121.504482,31.232623],[121.50432,31.23261]]}},{"type":"Feature","properties":{"osm_id":1192417724,"highway":"primary","name":"世纪大道","ref":null},"geometry":{"type":"LineString","coordinates":[[121.516246,31.233078],[121.515721,31.233245],[121.515327,31.233376],[121.513519,31.233979],[121.513449,31.234003],[121.513226,31.234077]]}},{"type":"Feature","properties":{"osm_id":1192417725,"highway":"tertiary","name":"南泉北路","ref":null},"geometry":{"type":"LineString","coordinates":[[121.517483,31.231464],[121.517455,31.231654],[121.517446,31.231728],[121.517381,31.232172]]}},{"type":"Feature","properties":{"osm_id":1192417726,"highway":"tertiary","name":"南泉北路","ref":null},"geometry":{"type":"LineString","coordinates":[[121.518177,31.227727],[121.518077,31.227898]]}},{"type":"Feature","properties":{"osm_id":1192417727,"highway":"secondary","name":"张杨路","ref":null},"geometry":{"type":"LineString","coordinates":[[121.516363,31.227112],[121.516584,31.227185]]}},{"type":"Feature","properties":{"osm_id":1192417728,"highway":"secondary","name":"张杨路","ref":null},"geometry":{"type":"LineString","coordinates":[[121.510929,31.22501],[121.511013,31.225013],[121.511146,31.225021],[121.511375,31.22511],[121.512175,31.225451],[121.512817,31.225719],[121.513442,31.22599]]}},{"type":"Feature","properties":{"osm_id":1192417729,"highway":"primary","name":"浦东南路","ref":null},"geometry":{"type":"LineString","coordinates":[[121.516363,31.227112],[121.516382,31.227058],[121.516481,31.226789],[121.516497,31.226747],[121.516614,31.226427],[121.517086,31.225141],[121.517237,31.224728]]}},{"type":"Feature","properties":{"osm_id":1192417730,"highway":"primary","name":"世纪大道","ref":null},"geometry":{"type":"LineString","coordinates":[[121.505417,31.236414],[121.506047,31.236195],[121.507263,31.235764]]}},{"type":"Feature","properties":{"osm_id":1192417731,"highway":"tertiary","name":"东泰路","ref":null},"geometry":{"type":"LineString","coordinates":[[121.507575,31.231324],[121.507284,31.232124],[121.50707,31.232713]]}},{"type":"Feature","properties":{"osm_id":1192417732,"highway":"tertiary","name":"花园石桥路","ref":null},"geometry":{"type":"LineString","coordinates":[[121.503859,31.234528],[121.504074,31.234501]]}},{"type":"Feature","properties":{"osm_id":1192417733,"highway":"secondary","name":"银城中路","ref":null},"geometry":{"type":"LineString","coordinates":[[121.504074,31.234501],[121.504065,31.23461]]}},{"type":"Feature","properties":{"osm_id":1196008691,"highway":"primary","name":"延安东路隧道","ref":null},"geometry":{"type":"LineString","coordinates":[[121.483336,31.23079],[121.483561,31.230862],[121.483644,31.230886],[121.483899,31.23096],[121.484285,31.231068]]}},{"type":"Feature","properties":{"osm_id":1196008692,"highway":"primary","name":"延安东路","ref":null},"geometry":{"type":"LineString","coordinates":[[121.484147,31.231235],[121.483525,31.231115],[121.483419,31.231092],[121.483166,31.231053]]}},{"type":"Feature","properties":{"osm_id":1196008693,"highway":"primary","name":"世纪大道","ref":null},"geometry":{"type":"LineString","coordinates":[[121.505614,31.236633],[121.5053,31.236729],[121.505014,31.236833],[121.504713,31.236945],[121.504152,31.237179]]}},{"type":"Feature","properties":{"osm_id":1196008694,"highway":"primary","name":"世纪大道","ref":null},"geometry":{"type":"LineString","coordinates":[[121.509189,31.235228],[121.508959,31.235195]]}},{"type":"Feature","properties":{"osm_id":1196008695,"highway":"primary","name":"陆家嘴环路","ref":null},"geometry":{"type":"LineString","coordinates":[[121.509189,31.235228],[121.509185,31.235256],[121.509154,31.235406],[121.50912,31.235563]]}},{"type":"Feature","properties":{"osm_id":1196008696,"highway":"primary","name":"世纪大道","ref":null},"geometry":{"type":"LineString","coordinates":[[121.537973,31.222361],[121.538015,31.222339],[121.538231,31.2222]]}},{"type":"Feature","properties":{"osm_id":1201643769,"highway":"tertiary","name":"福州路","ref":null},"geometry":{"type":"LineString","coordinates":[[121.490535,31.235651],[121.490462,31.235631]]}},{"type":"Feature","properties":{"osm_id":1201643770,"highway":"secondary","name":"中山东一路","ref":null},"geometry":{"type":"LineString","coordinates":[[121.490462,31.235631],[121.490544,31.235441],[121.490611,31.23532],[121.490789,31.235029],[121.491134,31.234514],[121.491185,31.234442],[121.491257,31.23433],[121.491358,31.234169],[121.491435,31.234031],[121.491518,31.233869],[121.491603,31.233688],[121.491722,31.233452],[121.491758,31.233379],[121.491824,31.23324]]}},{"type":"Feature","properties":{"osm_id":1202688147,"highway":"secondary","name":"张杨路","ref":null},"geometry":{"type":"LineString","coordinates":[[121.52236,31.229233],[121.522274,31.229207],[121.522128,31.229166]]}},{"type":"Feature","properties":{"osm_id":1202688148,"highway":"tertiary","name":"崂山路","ref":null},"geometry":{"type":"LineString","coordinates":[[121.52236,31.229233],[121.522413,31.229111]]}},{"type":"Feature","properties":{"osm_id":1202688149,"highway":"tertiary","name":"崂山路","ref":null},"geometry":{"type":"LineString","coordinates":[[121.52453,31.223222],[121.524539,31.223198],[121.524629,31.222948],[121.524706,31.222736],[121.525221,31.221315],[121.525242,31.221257],[121.525615,31.220225],[121.525764,31.219813]]}},{"type":"Feature","properties":{"osm_id":1202688150,"highway":"tertiary","name":"潍坊路","ref":null},"geometry":{"type":"LineString","coordinates":[[121.526563,31.225895],[121.526466,31.225864],[121.525888,31.225689],[121.52583,31.225671],[121.525228,31.22549],[121.524962,31.225405],[121.524725,31.22533],[121.524625,31.225297],[121.524483,31.225252],[121.523859,31.225052]]}},{"type":"Feature","properties":{"osm_id":1202688151,"highway":"secondary","name":"源深路","ref":null},"geometry":{"type":"LineString","coordinates":[[121.538905,31.223108],[121.538869,31.223149],[121.538841,31.223198],[121.538455,31.224051],[121.53807,31.224856],[121.537952,31.225105],[121.53773,31.225591],[121.537632,31.225804]]}},{"type":"Feature","properties":{"osm_id":1202688170,"highway":"tertiary","name":"羽山路","ref":null},"geometry":{"type":"LineString","coordinates":[[121.539973,31.231132],[121.539864,31.231086],[121.53976,31.231032],[121.539117,31.230638],[121.539005,31.230569],[121.538301,31.230136]]}},{"type":"Feature","properties":{"osm_id":1202688171,"highway":"tertiary","name":"潍坊路","ref":null},"geometry":{"type":"LineString","coordinates":[[121.5362,31.228891],[121.536095,31.228859]]}},{"type":"Feature","properties":{"osm_id":1202688172,"highway":"secondary","name":"源深路","ref":null},"geometry":{"type":"LineString","coordinates":[[121.537506,31.225813],[121.537546,31.225734],[121.537856,31.225073],[121.537863,31.225058],[121.538172,31.224408],[121.538362,31.22401],[121.53871,31.223278],[121.53879,31.223098],[121.53881,31.223043]]}},{"type":"Feature","properties":{"osm_id":1202688173,"highway":"secondary","name":"源深路","ref":null},"geometry":{"type":"LineString","coordinates":[[121.531923,31.236283],[121.532238,31.235672],[121.53242,31.235319],[121.532576,31.235016],[121.532824,31.234535],[121.533275,31.233661],[121.533597,31.232999],[121.533622,31.232949]]}},{"type":"Feature","properties":{"osm_id":1202688174,"highway":"secondary","name":"张杨路","ref":null},"geometry":{"type":"LineString","coordinates":[[121.5338,31.232577],[121.533917,31.232612]]}},{"type":"Feature","properties":{"osm_id":1202688175,"highway":"secondary","name":"张杨路","ref":null},"geometry":{"type":"LineString","coordinates":[[121.521821,31.228931],[121.522321,31.22908],[121.522413,31.229111]]}},{"type":"Feature","properties":{"osm_id":1202688176,"highway":"tertiary","name":"崂山路","ref":null},"geometry":{"type":"LineString","coordinates":[[121.521577,31.231026],[121.521669,31.230835],[121.521732,31.230716],[121.521821,31.230527],[121.521991,31.230134],[121.522014,31.230074],[121.522157,31.229713],[121.52233,31.229297],[121.52236,31.229233]]}},{"type":"Feature","properties":{"osm_id":1202688177,"highway":"primary","name":"世纪大道","ref":null},"geometry":{"type":"LineString","coordinates":[[121.520327,31.231473],[121.521577,31.231026]]}},{"type":"Feature","properties":{"osm_id":1202688178,"highway":"primary","name":"世纪大道","ref":null},"geometry":{"type":"LineString","coordinates":[[121.521577,31.231026],[121.522035,31.230895],[121.523727,31.230299]]}},{"type":"Feature","properties":{"osm_id":1202688179,"highway":"tertiary","name":"商城路","ref":null},"geometry":{"type":"LineString","coordinates":[[121.520327,31.231473],[121.520617,31.231572]]}},{"type":"Feature","properties":{"osm_id":1202688180,"highway":"tertiary","name":"浦城路","ref":null},"geometry":{"type":"LineString","coordinates":[[121.51253,31.227765],[121.51279,31.227263],[121.513015,31.226833],[121.513316,31.226254],[121.513341,31.226201]]}},{"type":"Feature","properties":{"osm_id":1202688182,"highway":"secondary","name":"张杨路","ref":null},"geometry":{"type":"LineString","coordinates":[[121.513442,31.22599],[121.514058,31.226237],[121.515065,31.226639],[121.515137,31.226668],[121.515467,31.226784],[121.515657,31.226855],[121.515741,31.226887],[121.516363,31.227112]]}},{"type":"Feature","properties":{"osm_id":1202688183,"highway":"secondary","name":"浦明路","ref":null},"geometry":{"type":"LineString","coordinates":[[121.511062,31.224739],[121.510981,31.224917],[121.510929,31.22501]]}},{"type":"Feature","properties":{"osm_id":1211152323,"highway":"tertiary_link","name":"银城中路","ref":null},"geometry":{"type":"LineString","coordinates":[[121.50402,31.236698],[121.503998,31.236773],[121.503973,31.236818],[121.503936,31.236842],[121.503894,31.236856],[121.503847,31.236849],[121.5038,31.236827],[121.503768,31.236803],[121.503749,31.23678],[121.503714,31.236724]]}},{"type":"Feature","properties":{"osm_id":1211152324,"highway":"tertiary_link","name":null,"ref":null},"geometry":{"type":"LineString","coordinates":[[121.504825,31.236574],[121.505067,31.236421],[121.505495,31.236262],[121.505865,31.23612],[121.505903,31.236107],[121.506372,31.235947],[121.5067,31.235858],[121.506904,31.235817]]}},{"type":"Feature","properties":{"osm_id":1211152408,"highway":"secondary","name":"世纪大道","ref":null},"geometry":{"type":"LineString","coordinates":[[121.501314,31.237944],[121.501578,31.237886],[121.501875,31.237828],[121.502071,31.237772],[121.502875,31.237453],[121.503499,31.237209]]}},{"type":"Feature","properties":{"osm_id":1211152409,"highway":"tertiary_link","name":null,"ref":null},"geometry":{"type":"LineString","coordinates":[[121.501198,31.237944],[121.501256,31.237941],[121.501314,31.237944]]}},{"type":"Feature","properties":{"osm_id":1211152410,"highway":"tertiary_link","name":null,"ref":null},"geometry":{"type":"LineString","coordinates":[[121.501411,31.237863],[121.501786,31.237713],[121.502092,31.237589],[121.502191,31.237549],[121.503499,31.23705],[121.503535,31.237034],[121.503577,31.23701],[121.503611,31.236985],[121.50364,31.236958],[121.503668,31.236926],[121.503707,31.236865]]}},{"type":"Feature","properties":{"osm_id":1211164730,"highway":"secondary","name":"陆家嘴环路","ref":null},"geometry":{"type":"LineString","coordinates":[[121.500577,31.236436],[121.500616,31.235921],[121.500657,31.235533],[121.500684,31.235411],[121.500699,31.235342],[121.500769,31.235159],[121.50084,31.235004],[121.500927,31.234846],[121.500959,31.234803],[121.501117,31.234597],[121.501246,31.234427],[121.501471,31.234183]]}},{"type":"Feature","properties":{"osm_id":1211164732,"highway":"secondary","name":"陆家嘴环路","ref":null},"geometry":{"type":"LineString","coordinates":[[121.50068,31.236438],[121.500683,31.236943],[121.500667,31.237555],[121.500666,31.237581],[121.500662,31.237748],[121.500673,31.237843],[121.500709,31.23792],[121.500758,31.238008],[121.50077,31.23804]]}},{"type":"Feature","properties":{"osm_id":1211164733,"highway":"secondary","name":"陆家嘴环路","ref":null},"geometry":{"type":"LineString","coordinates":[[121.500706,31.236087],[121.50068,31.236438]]}},{"type":"Feature","properties":{"osm_id":1211164734,"highway":"secondary","name":"陆家嘴环路","ref":null},"geometry":{"type":"LineString","coordinates":[[121.501632,31.234154],[121.501546,31.234238]]}},{"type":"Feature","properties":{"osm_id":1211164735,"highway":"secondary","name":"陆家嘴环路","ref":null},"geometry":{"type":"LineString","coordinates":[[121.501549,31.234087],[121.501602,31.234025],[121.501862,31.233715],[121.502586,31.232843],[121.502682,31.232728],[121.502963,31.232423]]}},{"type":"Feature","properties":{"osm_id":1211164736,"highway":"secondary","name":"陆家嘴环路","ref":null},"geometry":{"type":"LineString","coordinates":[[121.503529,31.232561],[121.503016,31.232531]]}},{"type":"Feature","properties":{"osm_id":1211177921,"highway":"tertiary","name":"商城路","ref":null},"geometry":{"type":"LineString","coordinates":[[121.516541,31.230286],[121.516603,31.230304],[121.516829,31.230371],[121.517603,31.230627]]}},{"type":"Feature","properties":{"osm_id":1213283170,"highway":"tertiary","name":"中华路","ref":null},"geometry":{"type":"LineString","coordinates":[[121.498446,31.216733],[121.49838,31.216549],[121.498327,31.216362],[121.498273,31.216172]]}},{"type":"Feature","properties":{"osm_id":1213521705,"highway":"secondary","name":"陆家嘴环路","ref":null},"geometry":{"type":"LineString","coordinates":[[121.500572,31.237524],[121.500573,31.237385],[121.500572,31.236702],[121.500577,31.236436]]}},{"type":"Feature","properties":{"osm_id":1213521706,"highway":"tertiary","name":"陆家嘴西路","ref":null},"geometry":{"type":"LineString","coordinates":[[121.49999,31.237843],[121.50022,31.237928],[121.500531,31.237987]]}},{"type":"Feature","properties":{"osm_id":1213743238,"highway":"secondary","name":"张杨路","ref":null},"geometry":{"type":"LineString","coordinates":[[121.525123,31.229867],[121.525215,31.229896]]}},{"type":"Feature","properties":{"osm_id":1213743239,"highway":"primary","name":"世纪大道","ref":null},"geometry":{"type":"LineString","coordinates":[[121.525215,31.229896],[121.525091,31.229943]]}},{"type":"Feature","properties":{"osm_id":1213743240,"highway":"tertiary","name":"浦电路","ref":null},"geometry":{"type":"LineString","coordinates":[[121.519039,31.218245],[121.519121,31.218263],[121.519633,31.218374],[121.519738,31.218396],[121.520195,31.218495],[121.520507,31.218562],[121.521127,31.218702],[121.521552,31.218807],[121.522654,31.21906]]}},{"type":"Feature","properties":{"osm_id":1213743241,"highway":"secondary","name":"东方路","ref":null},"geometry":{"type":"LineString","coordinates":[[121.529154,31.219766],[121.529016,31.220252],[121.528906,31.220516],[121.52881,31.220749]]}},{"type":"Feature","properties":{"osm_id":1213743247,"highway":"secondary","name":"源深路","ref":null},"geometry":{"type":"LineString","coordinates":[[121.533622,31.232949],[121.5338,31.232577]]}},{"type":"Feature","properties":{"osm_id":1213743248,"highway":"secondary","name":"张杨路","ref":null},"geometry":{"type":"LineString","coordinates":[[121.533622,31.232949],[121.533538,31.232921],[121.532102,31.232426],[121.531926,31.232366],[121.530524,31.2319],[121.529288,31.231477],[121.528236,31.231117]]}},{"type":"Feature","properties":{"osm_id":1217052980,"highway":"secondary","name":"陆家嘴环路","ref":null},"geometry":{"type":"LineString","coordinates":[[121.509207,31.23512],[121.509204,31.235142],[121.509199,31.235167],[121.509189,31.235228]]}},{"type":"Feature","properties":{"osm_id":1217052981,"highway":"primary","name":"世纪大道","ref":null},"geometry":{"type":"LineString","coordinates":[[121.509207,31.23512],[121.509246,31.235107],[121.509372,31.235072],[121.509428,31.235054],[121.509643,31.234988]]}},{"type":"Feature","properties":{"osm_id":1217052982,"highway":"primary","name":"世纪大道","ref":null},"geometry":{"type":"LineString","coordinates":[[121.512926,31.23416],[121.512788,31.234201],[121.50999,31.235038]]}},{"type":"Feature","properties":{"osm_id":1217052983,"highway":"primary","name":"浦东南路","ref":null},"geometry":{"type":"LineString","coordinates":[[121.512809,31.234312],[121.512926,31.23416]]}},{"type":"Feature","properties":{"osm_id":1217052985,"highway":"primary","name":"世纪大道","ref":null},"geometry":{"type":"LineString","coordinates":[[121.513382,31.233853],[121.513569,31.233797],[121.513822,31.233722],[121.515661,31.233081],[121.517089,31.232584],[121.51732,31.232509]]}},{"type":"Feature","properties":{"osm_id":1217052986,"highway":"primary","name":"浦东南路","ref":null},"geometry":{"type":"LineString","coordinates":[[121.513382,31.233853],[121.513226,31.234077]]}},{"type":"Feature","properties":{"osm_id":1217052989,"highway":"secondary","name":"张杨路","ref":null},"geometry":{"type":"LineString","coordinates":[[121.524704,31.229908],[121.524567,31.229866],[121.524499,31.229846]]}},{"type":"Feature","properties":{"osm_id":1217052990,"highway":"primary","name":"世纪大道","ref":null},"geometry":{"type":"LineString","coordinates":[[121.524704,31.229908],[121.524858,31.229844]]}},{"type":"Feature","properties":{"osm_id":1217052991,"highway":"secondary","name":"张杨路","ref":null},"geometry":{"type":"LineString","coordinates":[[121.524928,31.229812],[121.525123,31.229867]]}},{"type":"Feature","properties":{"osm_id":1217052992,"highway":"primary","name":"世纪大道","ref":null},"geometry":{"type":"LineString","coordinates":[[121.524928,31.229812],[121.525194,31.229708]]}},{"type":"Feature","properties":{"osm_id":1217052993,"highway":"secondary","name":"东方路","ref":null},"geometry":{"type":"LineString","coordinates":[[121.524858,31.229844],[121.524878,31.2298]]}},{"type":"Feature","properties":{"osm_id":1217052994,"highway":"primary","name":"世纪大道","ref":null},"geometry":{"type":"LineString","coordinates":[[121.524858,31.229844],[121.524928,31.229812]]}},{"type":"Feature","properties":{"osm_id":1217052995,"highway":"secondary","name":"东方路","ref":null},"geometry":{"type":"LineString","coordinates":[[121.524738,31.230072],[121.524805,31.229945]]}},{"type":"Feature","properties":{"osm_id":1217052996,"highway":"primary","name":"世纪大道","ref":null},"geometry":{"type":"LineString","coordinates":[[121.524738,31.230072],[121.524396,31.230189]]}},{"type":"Feature","properties":{"osm_id":1217052997,"highway":"primary","name":"世纪大道","ref":null},"geometry":{"type":"LineString","coordinates":[[121.525091,31.229943],[121.524952,31.229993]]}},{"type":"Feature","properties":{"osm_id":1217052998,"highway":"secondary","name":"东方路","ref":null},"geometry":{"type":"LineString","coordinates":[[121.525091,31.229943],[121.525055,31.230028]]}},{"type":"Feature","properties":{"osm_id":1217052999,"highway":"secondary","name":"张杨路","ref":null},"geometry":{"type":"LineString","coordinates":[[121.524878,31.2298],[121.524928,31.229812]]}},{"type":"Feature","properties":{"osm_id":1217053000,"highway":"secondary","name":"东方路","ref":null},"geometry":{"type":"LineString","coordinates":[[121.524878,31.2298],[121.524924,31.229684]]}},{"type":"Feature","properties":{"osm_id":1217053001,"highway":"secondary","name":"张杨路","ref":null},"geometry":{"type":"LineString","coordinates":[[121.524805,31.229945],[121.524704,31.229908]]}},{"type":"Feature","properties":{"osm_id":1217053002,"highway":"secondary","name":"东方路","ref":null},"geometry":{"type":"LineString","coordinates":[[121.524805,31.229945],[121.524858,31.229844]]}},{"type":"Feature","properties":{"osm_id":1217053003,"highway":"secondary","name":"张杨路","ref":null},"geometry":{"type":"LineString","coordinates":[[121.524952,31.229993],[121.524805,31.229945]]}},{"type":"Feature","properties":{"osm_id":1217053004,"highway":"primary","name":"世纪大道","ref":null},"geometry":{"type":"LineString","coordinates":[[121.524952,31.229993],[121.524738,31.230072]]}},{"type":"Feature","properties":{"osm_id":1217053005,"highway":"secondary","name":"张杨路","ref":null},"geometry":{"type":"LineString","coordinates":[[121.525055,31.230028],[121.524952,31.229993]]}},{"type":"Feature","properties":{"osm_id":1217053006,"highway":"secondary","name":"东方路","ref":null},"geometry":{"type":"LineString","coordinates":[[121.525055,31.230028],[121.524961,31.230255],[121.524835,31.230498]]}},{"type":"Feature","properties":{"osm_id":1217053007,"highway":"secondary","name":"东方路","ref":null},"geometry":{"type":"LineString","coordinates":[[121.524704,31.230758],[121.524491,31.231183],[121.524465,31.231234],[121.524435,31.231285]]}},{"type":"Feature","properties":{"osm_id":1217053008,"highway":"secondary","name":"张杨路","ref":null},"geometry":{"type":"LineString","coordinates":[[121.525599,31.230006],[121.525641,31.230018],[121.525798,31.230063]]}},{"type":"Feature","properties":{"osm_id":1218767007,"highway":"tertiary","name":"峨山路","ref":null},"geometry":{"type":"LineString","coordinates":[[121.52903,31.214559],[121.528922,31.214536]]}},{"type":"Feature","properties":{"osm_id":1218767008,"highway":"secondary","name":"东方路","ref":null},"geometry":{"type":"LineString","coordinates":[[121.52903,31.214559],[121.529008,31.214488]]}},{"type":"Feature","properties":{"osm_id":1218767009,"highway":"tertiary","name":"峨山路","ref":null},"geometry":{"type":"LineString","coordinates":[[121.529008,31.214488],[121.52916,31.214479]]}},{"type":"Feature","properties":{"osm_id":1218767010,"highway":"tertiary","name":"峨山路","ref":null},"geometry":{"type":"LineString","coordinates":[[121.52916,31.214479],[121.529243,31.214477],[121.530914,31.214469],[121.532276,31.214463],[121.534161,31.214452]]}},{"type":"Feature","properties":{"osm_id":1218767011,"highway":"tertiary","name":"峨山路","ref":null},"geometry":{"type":"LineString","coordinates":[[121.529179,31.214552],[121.52903,31.214559]]}},{"type":"Feature","properties":{"osm_id":1218767012,"highway":"secondary","name":"东方路","ref":null},"geometry":{"type":"LineString","coordinates":[[121.529179,31.214552],[121.529321,31.215269],[121.52936,31.21551],[121.529439,31.216004],[121.52947,31.216247],[121.529505,31.216523],[121.529525,31.216687],[121.529524,31.21675],[121.529519,31.217224],[121.529517,31.217317],[121.529505,31.217694],[121.529489,31.21785],[121.529441,31.218321]]}},{"type":"Feature","properties":{"osm_id":1223689722,"highway":"secondary","name":"河南南路","ref":null},"geometry":{"type":"LineString","coordinates":[[121.488517,31.224348],[121.488732,31.223908],[121.488977,31.223509],[121.489424,31.222616]]}},{"type":"Feature","properties":{"osm_id":1223689723,"highway":"secondary","name":"河南南路","ref":null},"geometry":{"type":"LineString","coordinates":[[121.487862,31.22567],[121.487907,31.225566]]}},{"type":"Feature","properties":{"osm_id":1223689725,"highway":"secondary","name":"河南南路","ref":null},"geometry":{"type":"LineString","coordinates":[[121.488035,31.225594],[121.4878,31.226333],[121.487706,31.226738],[121.487592,31.227252],[121.487571,31.227342],[121.487495,31.227755],[121.487336,31.228577],[121.487297,31.228821]]}},{"type":"Feature","properties":{"osm_id":1223689726,"highway":"secondary","name":"河南南路","ref":null},"geometry":{"type":"LineString","coordinates":[[121.488166,31.225333],[121.488035,31.225594]]}},{"type":"Feature","properties":{"osm_id":1223689727,"highway":"secondary","name":"河南南路","ref":null},"geometry":{"type":"LineString","coordinates":[[121.488229,31.225215],[121.488166,31.225333]]}},{"type":"Feature","properties":{"osm_id":1223691440,"highway":"tertiary","name":"福山路","ref":null},"geometry":{"type":"LineString","coordinates":[[121.530338,31.226767],[121.530217,31.227027]]}},{"type":"Feature","properties":{"osm_id":1223691441,"highway":"primary","name":"世纪大道","ref":null},"geometry":{"type":"LineString","coordinates":[[121.530338,31.226767],[121.532365,31.225609],[121.533886,31.224721],[121.535137,31.223992],[121.535186,31.223963],[121.535307,31.223893]]}},{"type":"Feature","properties":{"osm_id":1223691442,"highway":"tertiary","name":"潍坊路","ref":null},"geometry":{"type":"LineString","coordinates":[[121.530626,31.227148],[121.53036,31.227071]]}},{"type":"Feature","properties":{"osm_id":1223691443,"highway":"tertiary","name":"潍坊路","ref":null},"geometry":{"type":"LineString","coordinates":[[121.530003,31.226967],[121.529787,31.226904]]}},{"type":"Feature","properties":{"osm_id":1223691444,"highway":"primary","name":"世纪大道","ref":null},"geometry":{"type":"LineString","coordinates":[[121.530003,31.226967],[121.530338,31.226767]]}},{"type":"Feature","properties":{"osm_id":1223691445,"highway":"tertiary","name":"福山路","ref":null},"geometry":{"type":"LineString","coordinates":[[121.529977,31.227467],[121.529954,31.22751],[121.529934,31.227548],[121.529771,31.227857],[121.529537,31.228358],[121.529386,31.228684],[121.529263,31.228947],[121.529191,31.229101],[121.529124,31.229226],[121.528822,31.229891],[121.528445,31.2307],[121.528403,31.230791],[121.52837,31.230861]]}},{"type":"Feature","properties":{"osm_id":1223691447,"highway":"primary","name":"世纪大道","ref":null},"geometry":{"type":"LineString","coordinates":[[121.535392,31.223853],[121.5355,31.223791],[121.537973,31.222361]]}},{"type":"Feature","properties":{"osm_id":1223691448,"highway":"tertiary","name":"浦电路","ref":null},"geometry":{"type":"LineString","coordinates":[[121.535392,31.223853],[121.535477,31.223973]]}},{"type":"Feature","properties":{"osm_id":1223691449,"highway":"tertiary","name":"浦电路","ref":null},"geometry":{"type":"LineString","coordinates":[[121.535424,31.224068],[121.535398,31.224032],[121.535307,31.223893]]}},{"type":"Feature","properties":{"osm_id":1223691450,"highway":"primary","name":"世纪大道","ref":null},"geometry":{"type":"LineString","coordinates":[[121.535307,31.223893],[121.535392,31.223853]]}},{"type":"Feature","properties":{"osm_id":1223691451,"highway":"primary","name":"杨高中路","ref":null},"geometry":{"type":"LineString","coordinates":[[121.538314,31.222287],[121.538231,31.2222]]}},{"type":"Feature","properties":{"osm_id":1223691452,"highway":"primary_link","name":null,"ref":null},"geometry":{"type":"LineString","coordinates":[[121.538314,31.222287],[121.538244,31.222356]]}},{"type":"Feature","properties":{"osm_id":1223691453,"highway":"primary_link","name":null,"ref":null},"geometry":{"type":"LineString","coordinates":[[121.538244,31.222356],[121.538386,31.222363]]}},{"type":"Feature","properties":{"osm_id":1223691454,"highway":"primary_link","name":null,"ref":null},"geometry":{"type":"LineString","coordinates":[[121.538244,31.222356],[121.538111,31.222455]]}},{"type":"Feature","properties":{"osm_id":1223691455,"highway":"primary","name":"世纪大道","ref":null},"geometry":{"type":"LineString","coordinates":[[121.538772,31.222393],[121.538696,31.22243],[121.538619,31.222439],[121.538537,31.222447],[121.538455,31.222442]]}},{"type":"Feature","properties":{"osm_id":1223691456,"highway":"primary_link","name":null,"ref":null},"geometry":{"type":"LineString","coordinates":[[121.538772,31.222393],[121.538949,31.222422],[121.539148,31.22248],[121.539327,31.222557]]}},{"type":"Feature","properties":{"osm_id":1223691457,"highway":"primary","name":"世纪大道","ref":null},"geometry":{"type":"LineString","coordinates":[[121.538474,31.221976],[121.538579,31.221933],[121.538663,31.221888]]}},{"type":"Feature","properties":{"osm_id":1223691458,"highway":"primary_link","name":null,"ref":null},"geometry":{"type":"LineString","coordinates":[[121.538474,31.221976],[121.53827,31.221971]]}},{"type":"Feature","properties":{"osm_id":1223691459,"highway":"primary","name":"杨高南路","ref":"X001"},"geometry":{"type":"LineString","coordinates":[[121.538068,31.221977],[121.537945,31.221837]]}},{"type":"Feature","properties":{"osm_id":1223691460,"highway":"primary_link","name":null,"ref":null},"geometry":{"type":"LineString","coordinates":[[121.538328,31.222056],[121.538367,31.222144],[121.53837,31.222193]]}},{"type":"Feature","properties":{"osm_id":1223691461,"highway":"primary","name":"世纪大道","ref":null},"geometry":{"type":"LineString","coordinates":[[121.538328,31.222056],[121.538387,31.222013],[121.538474,31.221976]]}},{"type":"Feature","properties":{"osm_id":1223691462,"highway":"primary_link","name":null,"ref":null},"geometry":{"type":"LineString","coordinates":[[121.53827,31.221971],[121.538328,31.222056]]}},{"type":"Feature","properties":{"osm_id":1223691463,"highway":"primary_link","name":null,"ref":null},"geometry":{"type":"LineString","coordinates":[[121.53827,31.221971],[121.538068,31.221977]]}},{"type":"Feature","properties":{"osm_id":1223691464,"highway":"primary","name":"杨高中路","ref":null},"geometry":{"type":"LineString","coordinates":[[121.538386,31.222363],[121.538314,31.222287]]}},{"type":"Feature","properties":{"osm_id":1223691465,"highway":"primary_link","name":null,"ref":null},"geometry":{"type":"LineString","coordinates":[[121.538386,31.222363],[121.538579,31.22237],[121.538772,31.222393]]}},{"type":"Feature","properties":{"osm_id":1223691467,"highway":"primary","name":"杨高中路","ref":"X001"},"geometry":{"type":"LineString","coordinates":[[121.538887,31.222051],[121.538936,31.222129],[121.538991,31.222256]]}},{"type":"Feature","properties":{"osm_id":1223691468,"highway":"primary_link","name":null,"ref":null},"geometry":{"type":"LineString","coordinates":[[121.538887,31.222051],[121.538474,31.221976]]}},{"type":"Feature","properties":{"osm_id":1223691470,"highway":"tertiary","name":"世纪大道","ref":null},"geometry":{"type":"LineString","coordinates":[[121.539246,31.222092],[121.539146,31.222156],[121.539094,31.222189],[121.538991,31.222256]]}},{"type":"Feature","properties":{"osm_id":1223691471,"highway":"primary","name":"杨高中路","ref":"X001"},"geometry":{"type":"LineString","coordinates":[[121.538991,31.222256],[121.53903,31.222334],[121.539053,31.222362],[121.539088,31.222405]]}},{"type":"Feature","properties":{"osm_id":1230544610,"highway":"tertiary","name":"浦城路","ref":null},"geometry":{"type":"LineString","coordinates":[[121.513341,31.226201],[121.513442,31.22599]]}},{"type":"Feature","properties":{"osm_id":1230544611,"highway":"secondary","name":"张杨路","ref":null},"geometry":{"type":"LineString","coordinates":[[121.513341,31.226201],[121.511156,31.225266],[121.511066,31.225201],[121.511002,31.225133],[121.510929,31.22501]]}},{"type":"Feature","properties":{"osm_id":1231301700,"highway":"tertiary","name":"浦电路","ref":null},"geometry":{"type":"LineString","coordinates":[[121.528701,31.22071],[121.52881,31.220749]]}},{"type":"Feature","properties":{"osm_id":1232879430,"highway":"secondary","name":"世纪大道","ref":null},"geometry":{"type":"LineString","coordinates":[[121.504173,31.236906],[121.504494,31.236777],[121.504925,31.236618],[121.50524,31.236508],[121.50539,31.236457],[121.505611,31.236382]]}},{"type":"Feature","properties":{"osm_id":1232879431,"highway":"primary","name":"陆家嘴东路","ref":null},"geometry":{"type":"LineString","coordinates":[[121.505417,31.236414],[121.505611,31.236382]]}},{"type":"Feature","properties":{"osm_id":1232879432,"highway":"secondary","name":"世纪大道","ref":null},"geometry":{"type":"LineString","coordinates":[[121.503499,31.237209],[121.504173,31.236906]]}},{"type":"Feature","properties":{"osm_id":1232943988,"highway":"primary","name":"浦东南路","ref":null},"geometry":{"type":"LineString","coordinates":[[121.513112,31.233926],[121.513203,31.23381]]}},{"type":"Feature","properties":{"osm_id":1232943989,"highway":"tertiary","name":"东昌路","ref":null},"geometry":{"type":"LineString","coordinates":[[121.513683,31.233086],[121.513852,31.233142]]}},{"type":"Feature","properties":{"osm_id":1234889326,"highway":"tertiary","name":"中华路","ref":null},"geometry":{"type":"LineString","coordinates":[[121.497274,31.225309],[121.497425,31.225066],[121.497494,31.224957]]}},{"type":"Feature","properties":{"osm_id":1234889334,"highway":"secondary","name":"新开河路","ref":null},"geometry":{"type":"LineString","coordinates":[[121.494503,31.229593],[121.494718,31.229688]]}},{"type":"Feature","properties":{"osm_id":1235501857,"highway":"secondary","name":"张杨路","ref":null},"geometry":{"type":"LineString","coordinates":[[121.522128,31.229166],[121.521518,31.228982],[121.521361,31.228933],[121.521214,31.228886],[121.521044,31.228831]]}},{"type":"Feature","properties":{"osm_id":1235501858,"highway":"secondary","name":"复兴东路","ref":null},"geometry":{"type":"LineString","coordinates":[[121.494829,31.222118],[121.494699,31.222131],[121.494534,31.222143],[121.494127,31.222156],[121.493274,31.222082],[121.492905,31.222054],[121.492439,31.222018]]}},{"type":"Feature","properties":{"osm_id":1235501859,"highway":"secondary","name":"复兴东路","ref":null},"geometry":{"type":"LineString","coordinates":[[121.48303,31.218937],[121.482873,31.218862]]}},{"type":"Feature","properties":{"osm_id":1235501861,"highway":"primary","name":"延安东路","ref":null},"geometry":{"type":"LineString","coordinates":[[121.480042,31.229689],[121.479736,31.229516],[121.479322,31.229284],[121.478841,31.229021],[121.478695,31.228951],[121.478382,31.228779]]}},{"type":"Feature","properties":{"osm_id":1235501862,"highway":"primary","name":"延安东路","ref":null},"geometry":{"type":"LineString","coordinates":[[121.480203,31.229452],[121.480583,31.229624],[121.480679,31.229665]]}},{"type":"Feature","properties":{"osm_id":1235501863,"highway":"secondary","name":"淮海东路","ref":null},"geometry":{"type":"LineString","coordinates":[[121.483642,31.226974],[121.483781,31.227061]]}},{"type":"Feature","properties":{"osm_id":1235754999,"highway":"secondary","name":"复兴东路","ref":null},"geometry":{"type":"LineString","coordinates":[[121.494637,31.221961],[121.494851,31.221927]]}},{"type":"Feature","properties":{"osm_id":1235755001,"highway":"secondary","name":"张杨路","ref":null},"geometry":{"type":"LineString","coordinates":[[121.52109,31.228677],[121.521167,31.228711],[121.521821,31.228931]]}},{"type":"Feature","properties":{"osm_id":1235755002,"highway":"tertiary","name":"浦电路","ref":null},"geometry":{"type":"LineString","coordinates":[[121.525764,31.219813],[121.526359,31.219963],[121.526439,31.219988],[121.526828,31.22011],[121.527036,31.220177],[121.52705,31.220181],[121.527367,31.220283],[121.528004,31.220486],[121.528624,31.220685],[121.528701,31.22071]]}},{"type":"Feature","properties":{"osm_id":1236283454,"highway":"tertiary","name":"人民路","ref":null},"geometry":{"type":"LineString","coordinates":[[121.483715,31.221663],[121.48365,31.221849]]}},{"type":"Feature","properties":{"osm_id":1237953489,"highway":"primary","name":"中山东二路","ref":null},"geometry":{"type":"LineString","coordinates":[[121.495154,31.229884],[121.495328,31.229737],[121.495454,31.229633]]}},{"type":"Feature","properties":{"osm_id":1237953490,"highway":"secondary","name":"新开河路","ref":null},"geometry":{"type":"LineString","coordinates":[[121.495154,31.229884],[121.495362,31.229982]]}},{"type":"Feature","properties":{"osm_id":1237953491,"highway":"secondary","name":"河南中路","ref":null},"geometry":{"type":"LineString","coordinates":[[121.485117,31.23662],[121.485147,31.236519],[121.485332,31.235898]]}},{"type":"Feature","properties":{"osm_id":1237953492,"highway":"secondary","name":"九江路","ref":null},"geometry":{"type":"LineString","coordinates":[[121.485224,31.236648],[121.485142,31.236627],[121.485117,31.23662]]}},{"type":"Feature","properties":{"osm_id":1237953496,"highway":"secondary","name":"淮海中路","ref":null},"geometry":{"type":"LineString","coordinates":[[121.480291,31.225599],[121.480427,31.225654]]}},{"type":"Feature","properties":{"osm_id":1237953497,"highway":"secondary","name":"西藏南路","ref":null},"geometry":{"type":"LineString","coordinates":[[121.479684,31.226561],[121.479833,31.226374],[121.479989,31.226146],[121.480151,31.22589],[121.480291,31.225599]]}},{"type":"Feature","properties":{"osm_id":1254633077,"highway":"tertiary","name":"中华路","ref":null},"geometry":{"type":"LineString","coordinates":[[121.484319,31.220233],[121.484122,31.220665],[121.484038,31.220853],[121.483971,31.221002]]}},{"type":"Feature","properties":{"osm_id":1254633078,"highway":"secondary","name":"复兴东路","ref":null},"geometry":{"type":"LineString","coordinates":[[121.483084,31.218837],[121.483257,31.218853],[121.484694,31.219011],[121.484987,31.219107]]}},{"type":"Feature","properties":{"osm_id":1254633089,"highway":"primary","name":"中山南路","ref":null},"geometry":{"type":"LineString","coordinates":[[121.504792,31.21986],[121.504579,31.220361],[121.504476,31.22056],[121.504451,31.220615],[121.504128,31.221268],[121.503984,31.221515],[121.503656,31.221922],[121.503522,31.222089],[121.503248,31.222369]]}},{"type":"Feature","properties":{"osm_id":1254633091,"highway":"primary","name":"中山南路","ref":null},"geometry":{"type":"LineString","coordinates":[[121.50385,31.221176],[121.503908,31.221056],[121.504013,31.220818],[121.504108,31.220615],[121.504285,31.220276],[121.504545,31.219798]]}},{"type":"Feature","properties":{"osm_id":1254633092,"highway":"primary","name":"中山南路","ref":null},"geometry":{"type":"LineString","coordinates":[[121.503057,31.222294],[121.503194,31.22215],[121.503247,31.222098],[121.503358,31.221966],[121.503432,31.221882],[121.503727,31.221431],[121.50385,31.221176]]}},{"type":"Feature","properties":{"osm_id":1255099056,"highway":"primary","name":"延安东路","ref":null},"geometry":{"type":"LineString","coordinates":[[121.49192,31.233273],[121.491824,31.23324]]}},{"type":"Feature","properties":{"osm_id":1255099061,"highway":"primary","name":"中山东二路","ref":null},"geometry":{"type":"LineString","coordinates":[[121.493175,31.232111],[121.493009,31.232252],[121.492522,31.232651],[121.492247,31.232898],[121.492181,31.232962],[121.492011,31.233122]]}},{"type":"Feature","properties":{"osm_id":1255099062,"highway":"tertiary","name":"金陵东路","ref":null},"geometry":{"type":"LineString","coordinates":[[121.491498,31.23153],[121.490641,31.231304],[121.489764,31.23104]]}},{"type":"Feature","properties":{"osm_id":1255099063,"highway":"primary","name":"延安东路","ref":null},"geometry":{"type":"LineString","coordinates":[[121.488328,31.231461],[121.48838,31.231475],[121.48848,31.231499],[121.488712,31.231547],[121.488923,31.231592],[121.489143,31.231657],[121.489335,31.231721],[121.489419,31.231757]]}},{"type":"Feature","properties":{"osm_id":1255166877,"highway":"secondary","name":"陆家嘴环路","ref":null},"geometry":{"type":"LineString","coordinates":[[121.506942,31.232706],[121.50707,31.232713]]}},{"type":"Feature","properties":{"osm_id":1255166878,"highway":"tertiary","name":"东泰路","ref":null},"geometry":{"type":"LineString","coordinates":[[121.506942,31.232706],[121.507148,31.232128],[121.507158,31.232097]]}},{"type":"Feature","properties":{"osm_id":1255166879,"highway":"secondary","name":"东昌路","ref":null},"geometry":{"type":"LineString","coordinates":[[121.510101,31.231865],[121.510213,31.232006]]}},{"type":"Feature","properties":{"osm_id":1255166880,"highway":"secondary","name":"东昌路","ref":null},"geometry":{"type":"LineString","coordinates":[[121.504923,31.230522],[121.506178,31.230754],[121.507519,31.231038]]}},{"type":"Feature","properties":{"osm_id":1255166881,"highway":"tertiary","name":"东泰路","ref":null},"geometry":{"type":"LineString","coordinates":[[121.506493,31.234238],[121.506725,31.233503],[121.506854,31.233059],[121.50692,31.232829]]}},{"type":"Feature","properties":{"osm_id":1255166882,"highway":"tertiary","name":"花园石桥路","ref":null},"geometry":{"type":"LineString","coordinates":[[121.506493,31.234238],[121.506646,31.234297]]}},{"type":"Feature","properties":{"osm_id":1255166883,"highway":"secondary","name":"新建路隧道","ref":null},"geometry":{"type":"LineString","coordinates":[[121.496489,31.255285],[121.496826,31.254822],[121.497004,31.254569],[121.498016,31.253019],[121.498412,31.252438],[121.498844,31.251833],[121.499047,31.251575]]}},{"type":"Feature","properties":{"osm_id":1255166884,"highway":"secondary","name":"新建路","ref":null},"geometry":{"type":"LineString","coordinates":[[121.496775,31.254705],[121.497734,31.253267]]}},{"type":"Feature","properties":{"osm_id":1255166885,"highway":"primary","name":"周家嘴路","ref":null},"geometry":{"type":"LineString","coordinates":[[121.493475,31.253413],[121.494144,31.253414],[121.494428,31.253427],[121.494552,31.253439],[121.494637,31.253449],[121.494738,31.253462],[121.494922,31.2535],[121.495118,31.253556],[121.495307,31.253611],[121.495469,31.253673],[121.495795,31.253863],[121.495983,31.253975],[121.49615,31.254095],[121.496329,31.254245],[121.496544,31.254455],[121.496629,31.254537],[121.496775,31.254705]]}},{"type":"Feature","properties":{"osm_id":1255166887,"highway":"secondary","name":"四川北路","ref":null},"geometry":{"type":"LineString","coordinates":[[121.484932,31.249803],[121.484832,31.249912]]}},{"type":"Feature","properties":{"osm_id":1255166888,"highway":"primary","name":"海宁路","ref":null},"geometry":{"type":"LineString","coordinates":[[121.488089,31.251678],[121.487734,31.251425],[121.487297,31.251183],[121.486724,31.250866],[121.486472,31.250724],[121.486165,31.250562],[121.485672,31.250332],[121.485212,31.250127],[121.485049,31.25004],[121.484832,31.249912]]}},{"type":"Feature","properties":{"osm_id":1255166889,"highway":"tertiary","name":"海拉尔路","ref":null},"geometry":{"type":"LineString","coordinates":[[121.494685,31.25663],[121.494769,31.256741]]}},{"type":"Feature","properties":{"osm_id":1255166890,"highway":"secondary","name":"海伦路","ref":null},"geometry":{"type":"LineString","coordinates":[[121.495411,31.256443],[121.495315,31.256489],[121.495145,31.256568],[121.494963,31.256651],[121.494769,31.256741]]}},{"type":"Feature","properties":{"osm_id":1255166891,"highway":"secondary","name":"海伦路","ref":null},"geometry":{"type":"LineString","coordinates":[[121.496927,31.255064],[121.496785,31.255252],[121.496539,31.25556],[121.496307,31.255821],[121.496093,31.256023],[121.495898,31.256175],[121.495675,31.256317],[121.495566,31.256373],[121.495411,31.256443]]}},{"type":"Feature","properties":{"osm_id":1255166892,"highway":"secondary","name":"陆家嘴环路","ref":null},"geometry":{"type":"LineString","coordinates":[[121.50872,31.236892],[121.50869,31.236955]]}},{"type":"Feature","properties":{"osm_id":1255166893,"highway":"primary","name":"陆家嘴环路","ref":null},"geometry":{"type":"LineString","coordinates":[[121.508803,31.236722],[121.50872,31.236892]]}},{"type":"Feature","properties":{"osm_id":1255166894,"highway":"primary","name":"陆家嘴东路","ref":null},"geometry":{"type":"LineString","coordinates":[[121.508567,31.236625],[121.508709,31.236678],[121.508803,31.236722]]}},{"type":"Feature","properties":{"osm_id":1255166895,"highway":"tertiary","name":"东泰路","ref":null},"geometry":{"type":"LineString","coordinates":[[121.507691,31.231075],[121.507575,31.231324]]}},{"type":"Feature","properties":{"osm_id":1255166896,"highway":"secondary","name":"东昌路","ref":null},"geometry":{"type":"LineString","coordinates":[[121.509595,31.231863],[121.507575,31.231324]]}},{"type":"Feature","properties":{"osm_id":1256479007,"highway":"tertiary","name":"商城路","ref":null},"geometry":{"type":"LineString","coordinates":[[121.521211,31.231783],[121.5215,31.23191],[121.521883,31.232095],[121.522198,31.232248],[121.522578,31.232432],[121.523359,31.23281],[121.523484,31.232846]]}},{"type":"Feature","properties":{"osm_id":1256479008,"highway":"secondary","name":"东方路","ref":null},"geometry":{"type":"LineString","coordinates":[[121.52409,31.231891],[121.523752,31.232564],[121.52358,31.232888]]}},{"type":"Feature","properties":{"osm_id":1256479010,"highway":"secondary","name":"东方路","ref":null},"geometry":{"type":"LineString","coordinates":[[121.522135,31.235529],[121.522628,31.234525],[121.523484,31.232846]]}},{"type":"Feature","properties":{"osm_id":1256479012,"highway":"tertiary","name":"桃林路","ref":null},"geometry":{"type":"LineString","coordinates":[[121.535259,31.240173],[121.535301,31.24007],[121.535483,31.239607],[121.536319,31.237583]]}},{"type":"Feature","properties":{"osm_id":1256479013,"highway":"tertiary","name":"桃林路","ref":null},"geometry":{"type":"LineString","coordinates":[[121.533904,31.244239],[121.534403,31.242765],[121.534501,31.24249],[121.534527,31.242406],[121.534557,31.242307],[121.534588,31.24223],[121.534828,31.241499],[121.535259,31.240173]]}},{"type":"Feature","properties":{"osm_id":1256479014,"highway":"tertiary","name":"商城路","ref":null},"geometry":{"type":"LineString","coordinates":[[121.536319,31.237583],[121.538361,31.238105],[121.540553,31.238991],[121.541266,31.239273],[121.541424,31.239335],[121.542174,31.23965],[121.542241,31.239671]]}},{"type":"Feature","properties":{"osm_id":1256479023,"highway":"secondary","name":"陆家嘴环路","ref":null},"geometry":{"type":"LineString","coordinates":[[121.508483,31.236796],[121.508567,31.236625]]}},{"type":"Feature","properties":{"osm_id":1260481150,"highway":"secondary","name":"西藏南路","ref":null},"geometry":{"type":"LineString","coordinates":[[121.483421,31.217978],[121.483689,31.217486]]}},{"type":"Feature","properties":{"osm_id":1260485932,"highway":"secondary","name":"复兴中路","ref":null},"geometry":{"type":"LineString","coordinates":[[121.479765,31.217856],[121.479677,31.217826],[121.478399,31.217423]]}},{"type":"Feature","properties":{"osm_id":1262056991,"highway":"primary","name":"浦东南路","ref":null},"geometry":{"type":"LineString","coordinates":[[121.513203,31.23381],[121.513303,31.23365],[121.513683,31.233086]]}},{"type":"Feature","properties":{"osm_id":1262056993,"highway":"primary","name":"浦东南路","ref":null},"geometry":{"type":"LineString","coordinates":[[121.513465,31.233737],[121.513382,31.233853]]}},{"type":"Feature","properties":{"osm_id":1262056995,"highway":"primary","name":"浦东南路","ref":null},"geometry":{"type":"LineString","coordinates":[[121.51311,31.234232],[121.513029,31.234355],[121.51301,31.234384],[121.512859,31.234625],[121.512764,31.234752]]}},{"type":"Feature","properties":{"osm_id":1262056997,"highway":"primary","name":"浦东南路","ref":null},"geometry":{"type":"LineString","coordinates":[[121.512764,31.234752],[121.512673,31.234897],[121.512013,31.23595],[121.511605,31.236604],[121.511531,31.236722],[121.511424,31.236894],[121.511314,31.237073],[121.510991,31.237596],[121.510925,31.237704],[121.510773,31.237959]]}},{"type":"Feature","properties":{"osm_id":1262056998,"highway":"tertiary","name":"南泉北路","ref":null},"geometry":{"type":"LineString","coordinates":[[121.51735,31.232348],[121.51732,31.232509]]}},{"type":"Feature","properties":{"osm_id":1262057000,"highway":"tertiary","name":"南泉北路","ref":null},"geometry":{"type":"LineString","coordinates":[[121.517381,31.232172],[121.517373,31.232224],[121.51735,31.232348]]}},{"type":"Feature","properties":{"osm_id":1262057002,"highway":"tertiary","name":"南泉北路","ref":null},"geometry":{"type":"LineString","coordinates":[[121.517068,31.233643],[121.516914,31.234143],[121.516835,31.234408],[121.516787,31.234566],[121.516687,31.234902],[121.51661,31.235155],[121.516585,31.235224],[121.516554,31.235308],[121.516485,31.235458],[121.516377,31.235674],[121.516271,31.235883],[121.516171,31.236082]]}},{"type":"Feature","properties":{"osm_id":1262057004,"highway":"tertiary_link","name":null,"ref":null},"geometry":{"type":"LineString","coordinates":[[121.521267,31.231483],[121.521238,31.231598],[121.521251,31.231623],[121.521284,31.231692],[121.5215,31.23191]]}},{"type":"Feature","properties":{"osm_id":1262057006,"highway":"primary","name":"世纪大道","ref":null},"geometry":{"type":"LineString","coordinates":[[121.520617,31.231572],[121.519699,31.231874],[121.517471,31.232619],[121.517287,31.232683]]}},{"type":"Feature","properties":{"osm_id":1262057007,"highway":"tertiary","name":"商城路","ref":null},"geometry":{"type":"LineString","coordinates":[[121.520617,31.231572],[121.520816,31.231642]]}},{"type":"Feature","properties":{"osm_id":1262057008,"highway":"tertiary","name":"商城路","ref":null},"geometry":{"type":"LineString","coordinates":[[121.520087,31.23139],[121.520327,31.231473]]}},{"type":"Feature","properties":{"osm_id":1262057012,"highway":"secondary","name":"张杨路","ref":null},"geometry":{"type":"LineString","coordinates":[[121.524733,31.229757],[121.524878,31.2298]]}},{"type":"Feature","properties":{"osm_id":1262057014,"highway":"secondary","name":"东方路","ref":null},"geometry":{"type":"LineString","coordinates":[[121.524924,31.229684],[121.524984,31.229537],[121.525055,31.229358]]}},{"type":"Feature","properties":{"osm_id":1262057017,"highway":"secondary","name":"东方路","ref":null},"geometry":{"type":"LineString","coordinates":[[121.524698,31.230148],[121.524738,31.230072]]}},{"type":"Feature","properties":{"osm_id":1262057020,"highway":"secondary","name":"张杨路","ref":null},"geometry":{"type":"LineString","coordinates":[[121.524499,31.229846],[121.524267,31.229779],[121.524118,31.229736],[121.523862,31.229663]]}},{"type":"Feature","properties":{"osm_id":1262057022,"highway":"secondary_link","name":null,"ref":null},"geometry":{"type":"LineString","coordinates":[[121.523941,31.230506],[121.523933,31.230504],[121.523498,31.2305]]}},{"type":"Feature","properties":{"osm_id":1262057023,"highway":"primary","name":"世纪大道","ref":null},"geometry":{"type":"LineString","coordinates":[[121.523498,31.2305],[121.522283,31.230953],[121.521396,31.231283],[121.520617,31.231572]]}},{"type":"Feature","properties":{"osm_id":1262057025,"highway":"secondary","name":"东方路","ref":null},"geometry":{"type":"LineString","coordinates":[[121.525257,31.229557],[121.525194,31.229708]]}},{"type":"Feature","properties":{"osm_id":1262057027,"highway":"secondary","name":"张杨路","ref":null},"geometry":{"type":"LineString","coordinates":[[121.525422,31.229955],[121.525599,31.230006]]}},{"type":"Feature","properties":{"osm_id":1262057029,"highway":"primary","name":"世纪大道","ref":null},"geometry":{"type":"LineString","coordinates":[[121.525612,31.229672],[121.525565,31.2297],[121.525215,31.229896]]}},{"type":"Feature","properties":{"osm_id":1262057030,"highway":"secondary","name":"东方路","ref":null},"geometry":{"type":"LineString","coordinates":[[121.525055,31.229358],[121.525106,31.229231],[121.525133,31.229166],[121.525417,31.228451],[121.525719,31.227746],[121.525985,31.227093],[121.52608,31.226848],[121.526222,31.226624],[121.526293,31.226512]]}},{"type":"Feature","properties":{"osm_id":1262057031,"highway":"secondary_link","name":null,"ref":null},"geometry":{"type":"LineString","coordinates":[[121.52398,31.230035],[121.524006,31.229986],[121.524025,31.229883],[121.523999,31.229813],[121.523992,31.229794],[121.523862,31.229663]]}},{"type":"Feature","properties":{"osm_id":1262057033,"highway":"secondary","name":"张杨路","ref":null},"geometry":{"type":"LineString","coordinates":[[121.523862,31.229663],[121.523142,31.229458],[121.522833,31.229367],[121.522542,31.229283],[121.52236,31.229233]]}},{"type":"Feature","properties":{"osm_id":1262057034,"highway":"tertiary","name":"潍坊路","ref":null},"geometry":{"type":"LineString","coordinates":[[121.529787,31.226904],[121.529605,31.226851],[121.529376,31.226784],[121.528388,31.226468],[121.528113,31.22638],[121.527818,31.226285],[121.527779,31.226273],[121.52711,31.226059],[121.527055,31.226041],[121.526815,31.225964],[121.526696,31.225934]]}},{"type":"Feature","properties":{"osm_id":1262057036,"highway":"tertiary","name":"福山路","ref":null},"geometry":{"type":"LineString","coordinates":[[121.530104,31.227236],[121.530081,31.227269]]}},{"type":"Feature","properties":{"osm_id":1262057041,"highway":"tertiary","name":"潍坊路","ref":null},"geometry":{"type":"LineString","coordinates":[[121.53036,31.227071],[121.530217,31.227027]]}},{"type":"Feature","properties":{"osm_id":1262057042,"highway":"tertiary","name":"福山路","ref":null},"geometry":{"type":"LineString","coordinates":[[121.530409,31.226586],[121.530338,31.226767]]}},{"type":"Feature","properties":{"osm_id":1262057044,"highway":"tertiary","name":"浦电路","ref":null},"geometry":{"type":"LineString","coordinates":[[121.535307,31.223893],[121.535253,31.223788]]}},{"type":"Feature","properties":{"osm_id":1262057046,"highway":"tertiary","name":"浦电路","ref":null},"geometry":{"type":"LineString","coordinates":[[121.535253,31.223788],[121.535392,31.223853]]}},{"type":"Feature","properties":{"osm_id":1262057047,"highway":"tertiary","name":"浦电路","ref":null},"geometry":{"type":"LineString","coordinates":[[121.535463,31.224124],[121.535424,31.224068]]}},{"type":"Feature","properties":{"osm_id":1262057049,"highway":"tertiary","name":"浦电路","ref":null},"geometry":{"type":"LineString","coordinates":[[121.535558,31.224097],[121.535602,31.224158],[121.53606,31.224785],[121.536197,31.224973],[121.536456,31.225327],[121.536651,31.22546],[121.53669,31.225472],[121.537453,31.225705],[121.537546,31.225734],[121.537632,31.225804]]}},{"type":"Feature","properties":{"osm_id":1262057051,"highway":"primary","name":"杨高南路","ref":"X001"},"geometry":{"type":"LineString","coordinates":[[121.537945,31.221837],[121.537766,31.221634],[121.537222,31.220998],[121.537102,31.220846],[121.537044,31.220761],[121.536921,31.220566],[121.536691,31.220179],[121.5366,31.219999],[121.536423,31.219619]]}},{"type":"Feature","properties":{"osm_id":1262057052,"highway":"primary_link","name":null,"ref":null},"geometry":{"type":"LineString","coordinates":[[121.53837,31.222193],[121.538374,31.222272],[121.538386,31.222363]]}},{"type":"Feature","properties":{"osm_id":1262057053,"highway":"primary_link","name":null,"ref":null},"geometry":{"type":"LineString","coordinates":[[121.538356,31.222432],[121.538193,31.222553]]}},{"type":"Feature","properties":{"osm_id":1262057054,"highway":"primary","name":"世纪大道","ref":null},"geometry":{"type":"LineString","coordinates":[[121.538356,31.222432],[121.538275,31.22243],[121.538193,31.222435],[121.538111,31.222455]]}},{"type":"Feature","properties":{"osm_id":1262057055,"highway":"primary_link","name":null,"ref":null},"geometry":{"type":"LineString","coordinates":[[121.538386,31.222363],[121.538356,31.222432]]}},{"type":"Feature","properties":{"osm_id":1267912284,"highway":"primary","name":"浦东大道","ref":null},"geometry":{"type":"LineString","coordinates":[[121.510703,31.238072],[121.510573,31.238015]]}},{"type":"Feature","properties":{"osm_id":1269024663,"highway":"primary","name":"浦东南路","ref":null},"geometry":{"type":"LineString","coordinates":[[121.516584,31.227185],[121.51651,31.22737]]}},{"type":"Feature","properties":{"osm_id":1269024664,"highway":"secondary","name":"张杨路","ref":null},"geometry":{"type":"LineString","coordinates":[[121.516584,31.227185],[121.517087,31.227358],[121.517676,31.227551],[121.518177,31.227727]]}},{"type":"Feature","properties":{"osm_id":1269024665,"highway":"primary","name":"浦东南路","ref":null},"geometry":{"type":"LineString","coordinates":[[121.5163,31.227293],[121.516363,31.227112]]}},{"type":"Feature","properties":{"osm_id":1269024666,"highway":"secondary","name":"张杨路","ref":null},"geometry":{"type":"LineString","coordinates":[[121.5163,31.227293],[121.51563,31.227056],[121.515143,31.226867],[121.514929,31.226793],[121.514614,31.226684],[121.513341,31.226201]]}},{"type":"Feature","properties":{"osm_id":1269024667,"highway":"secondary","name":"张杨路","ref":null},"geometry":{"type":"LineString","coordinates":[[121.51651,31.22737],[121.5163,31.227293]]}},{"type":"Feature","properties":{"osm_id":1269024668,"highway":"primary","name":"浦东南路","ref":null},"geometry":{"type":"LineString","coordinates":[[121.51651,31.22737],[121.516469,31.227466]]}},{"type":"Feature","properties":{"osm_id":1271499736,"highway":"secondary","name":"昌邑路","ref":null},"geometry":{"type":"LineString","coordinates":[[121.52417,31.241671],[121.523434,31.241671],[121.523171,31.241675],[121.522735,31.241681],[121.521492,31.241698],[121.519624,31.241725]]}},{"type":"Feature","properties":{"osm_id":1271499737,"highway":"secondary","name":"张杨路","ref":null},"geometry":{"type":"LineString","coordinates":[[121.533761,31.232997],[121.533622,31.232949]]}},{"type":"Feature","properties":{"osm_id":1271499738,"highway":"secondary","name":"源深路","ref":null},"geometry":{"type":"LineString","coordinates":[[121.533761,31.232997],[121.533735,31.233051],[121.533415,31.233705],[121.533223,31.234082],[121.532617,31.235267],[121.532073,31.236332]]}},{"type":"Feature","properties":{"osm_id":1271499754,"highway":"tertiary","name":"福山路","ref":null},"geometry":{"type":"LineString","coordinates":[[121.524175,31.241618],[121.52417,31.241671]]}},{"type":"Feature","properties":{"osm_id":1271499755,"highway":"secondary","name":"昌邑路","ref":null},"geometry":{"type":"LineString","coordinates":[[121.524175,31.241618],[121.524442,31.241677],[121.52587,31.242059],[121.526227,31.242155],[121.527886,31.242599],[121.528025,31.242658]]}},{"type":"Feature","properties":{"osm_id":1271499761,"highway":"primary","name":"浦东南路","ref":null},"geometry":{"type":"LineString","coordinates":[[121.518625,31.214516],[121.518607,31.21359]]}},{"type":"Feature","properties":{"osm_id":1271499762,"highway":"primary","name":"浦东南路","ref":null},"geometry":{"type":"LineString","coordinates":[[121.518744,31.213587],[121.518782,31.214501]]}},{"type":"Feature","properties":{"osm_id":1271499763,"highway":"tertiary","name":"峨山路","ref":null},"geometry":{"type":"LineString","coordinates":[[121.518744,31.213587],[121.518607,31.21359]]}},{"type":"Feature","properties":{"osm_id":1271795991,"highway":"tertiary","name":"南泉路","ref":null},"geometry":{"type":"LineString","coordinates":[[121.522943,31.214517],[121.522963,31.214886],[121.522995,31.215469]]}},{"type":"Feature","properties":{"osm_id":1271795992,"highway":"tertiary","name":"峨山路","ref":null},"geometry":{"type":"LineString","coordinates":[[121.528922,31.214536],[121.528762,31.214538],[121.527888,31.214536],[121.527222,31.214534],[121.525659,31.214536],[121.525212,31.214536],[121.52519,31.214536],[121.524675,31.214539],[121.523085,31.214545],[121.523056,31.214543],[121.523026,31.21454],[121.522988,31.214532],[121.522943,31.214517]]}},{"type":"Feature","properties":{"osm_id":1271913700,"highway":"primary","name":"浦东大道","ref":null},"geometry":{"type":"LineString","coordinates":[[121.510644,31.237902],[121.510773,31.237959]]}},{"type":"Feature","properties":{"osm_id":1271913701,"highway":"primary","name":"浦东南路","ref":null},"geometry":{"type":"LineString","coordinates":[[121.510773,31.237959],[121.510703,31.238072]]}},{"type":"Feature","properties":{"osm_id":1272337498,"highway":"secondary","name":"复兴东路","ref":null},"geometry":{"type":"LineString","coordinates":[[121.484898,31.219233],[121.484685,31.219185],[121.483465,31.219043],[121.483202,31.218999],[121.48303,31.218937]]}},{"type":"Feature","properties":{"osm_id":1272337499,"highway":"tertiary","name":"中华路","ref":null},"geometry":{"type":"LineString","coordinates":[[121.484987,31.219107],[121.484898,31.219233]]}},{"type":"Feature","properties":{"osm_id":1272337500,"highway":"tertiary","name":"中华路","ref":null},"geometry":{"type":"LineString","coordinates":[[121.484898,31.219233],[121.484748,31.219465],[121.484406,31.220091]]}},{"type":"Feature","properties":{"osm_id":1272337501,"highway":"secondary","name":"西藏南路","ref":null},"geometry":{"type":"LineString","coordinates":[[121.481663,31.220878],[121.481784,31.22063]]}},{"type":"Feature","properties":{"osm_id":1273251150,"highway":"tertiary","name":"中华路","ref":null},"geometry":{"type":"LineString","coordinates":[[121.487164,31.216094],[121.48651,31.216614],[121.486295,31.216929],[121.486197,31.217114],[121.486014,31.217432],[121.485665,31.218036],[121.485055,31.219001],[121.484987,31.219107]]}},{"type":"Feature","properties":{"osm_id":1273251151,"highway":"tertiary","name":"中华路","ref":null},"geometry":{"type":"LineString","coordinates":[[121.483767,31.221527],[121.483715,31.221663]]}},{"type":"Feature","properties":{"osm_id":1273251152,"highway":"tertiary","name":"中华路","ref":null},"geometry":{"type":"LineString","coordinates":[[121.483971,31.221002],[121.483767,31.221527]]}},{"type":"Feature","properties":{"osm_id":1273359341,"highway":"secondary","name":"西藏南路","ref":null},"geometry":{"type":"LineString","coordinates":[[121.485932,31.212648],[121.485762,31.213389],[121.48571,31.213649],[121.485616,31.213958],[121.485378,31.214496],[121.485074,31.215162]]}},{"type":"Feature","properties":{"osm_id":1273405488,"highway":"secondary","name":"人民路","ref":null},"geometry":{"type":"LineString","coordinates":[[121.487252,31.229031],[121.487111,31.229001]]}},{"type":"Feature","properties":{"osm_id":1273405489,"highway":"secondary","name":"河南南路","ref":null},"geometry":{"type":"LineString","coordinates":[[121.487111,31.229001],[121.487161,31.228774]]}},{"type":"Feature","properties":{"osm_id":1273405490,"highway":"tertiary","name":"人民路","ref":null},"geometry":{"type":"LineString","coordinates":[[121.48365,31.221849],[121.4835,31.222382]]}},{"type":"Feature","properties":{"osm_id":1287567550,"highway":"tertiary","name":"福山路","ref":null},"geometry":{"type":"LineString","coordinates":[[121.530081,31.227269],[121.529977,31.227467]]}},{"type":"Feature","properties":{"osm_id":1287567552,"highway":"secondary","name":"张杨路","ref":null},"geometry":{"type":"LineString","coordinates":[[121.544123,31.236244],[121.544003,31.236206],[121.541104,31.235296],[121.538006,31.234361],[121.536525,31.233864],[121.535972,31.233699],[121.534277,31.233147],[121.533848,31.233022],[121.533761,31.232997]]}},{"type":"Feature","properties":{"osm_id":1287567566,"highway":"secondary","name":"张杨路","ref":null},"geometry":{"type":"LineString","coordinates":[[121.538189,31.234032],[121.541468,31.235006],[121.544166,31.235862],[121.544279,31.235901],[121.54439,31.235928]]}},{"type":"Feature","properties":{"osm_id":1287567567,"highway":"tertiary","name":"桃林路","ref":null},"geometry":{"type":"LineString","coordinates":[[121.538189,31.234032],[121.538228,31.23397],[121.538642,31.23328],[121.538916,31.232844],[121.539342,31.232169],[121.539872,31.231297],[121.539973,31.231132]]}},{"type":"Feature","properties":{"osm_id":1287567568,"highway":"secondary","name":"张杨路","ref":null},"geometry":{"type":"LineString","coordinates":[[121.533917,31.232612],[121.534018,31.232642],[121.5345,31.232804],[121.536498,31.233474],[121.536831,31.233572],[121.538189,31.234032]]}},{"type":"Feature","properties":{"osm_id":1290439818,"highway":"primary","name":"延安东路","ref":null},"geometry":{"type":"LineString","coordinates":[[121.481434,31.230475],[121.480892,31.230182],[121.480042,31.229689]]}},{"type":"Feature","properties":{"osm_id":1290439819,"highway":"tertiary","name":null,"ref":null},"geometry":{"type":"LineString","coordinates":[[121.481434,31.230475],[121.481496,31.230392]]}},{"type":"Feature","properties":{"osm_id":1290439820,"highway":"primary","name":"延安东路","ref":null},"geometry":{"type":"LineString","coordinates":[[121.481496,31.230392],[121.481033,31.230163],[121.480432,31.229825],[121.480042,31.229689]]}},{"type":"Feature","properties":{"osm_id":1290439821,"highway":"primary","name":"浦东大道地道","ref":null},"geometry":{"type":"LineString","coordinates":[[121.552541,31.251741],[121.552434,31.251624],[121.551703,31.250766],[121.55024,31.24939],[121.548977,31.248393],[121.548108,31.247796],[121.545717,31.246394],[121.54324,31.245355],[121.540381,31.244152],[121.539951,31.24396],[121.539281,31.24372],[121.538713,31.243538],[121.536396,31.242895],[121.529695,31.241071],[121.529461,31.24102],[121.528982,31.240916],[121.527982,31.240819],[121.526286,31.240765],[121.523611,31.240681],[121.521975,31.240622],[121.520053,31.24046],[121.518546,31.240221],[121.516006,31.23954],[121.51501,31.239254],[121.513686,31.238867]]}},{"type":"Feature","properties":{"osm_id":1290439822,"highway":"primary","name":"浦东大道","ref":null},"geometry":{"type":"LineString","coordinates":[[121.516313,31.239648],[121.516182,31.239614],[121.514133,31.239054],[121.512926,31.238724],[121.512265,31.238521],[121.511108,31.23819],[121.511021,31.238166],[121.510703,31.238072]]}},{"type":"Feature","properties":{"osm_id":1290456020,"highway":"primary","name":"浦东大道","ref":null},"geometry":{"type":"LineString","coordinates":[[121.51969,31.240463],[121.519533,31.240438],[121.518733,31.240301],[121.518387,31.240243],[121.51778,31.240069],[121.517059,31.239842],[121.516313,31.239648]]}},{"type":"Feature","properties":{"osm_id":1290456021,"highway":"secondary","name":"东方路","ref":null},"geometry":{"type":"LineString","coordinates":[[121.519753,31.240471],[121.51973,31.240558],[121.519653,31.241041],[121.519628,31.24165],[121.519624,31.241725]]}},{"type":"Feature","properties":{"osm_id":1292568599,"highway":"tertiary","name":"崂山路","ref":null},"geometry":{"type":"LineString","coordinates":[[121.523859,31.225052],[121.524323,31.223787],[121.52453,31.223222]]}},{"type":"Feature","properties":{"osm_id":1292568600,"highway":"primary","name":"浦东南路","ref":null},"geometry":{"type":"LineString","coordinates":[[121.51887,31.218204],[121.518853,31.217572]]}},{"type":"Feature","properties":{"osm_id":1292568611,"highway":"tertiary","name":"福建中路","ref":null},"geometry":{"type":"LineString","coordinates":[[121.483104,31.231152],[121.483027,31.231326]]}},{"type":"Feature","properties":{"osm_id":1292568612,"highway":"primary","name":"延安东路","ref":null},"geometry":{"type":"LineString","coordinates":[[121.483646,31.231217],[121.483313,31.231164]]}},{"type":"Feature","properties":{"osm_id":1292578228,"highway":"secondary","name":"人民路","ref":null},"geometry":{"type":"LineString","coordinates":[[121.484536,31.227932],[121.484444,31.227863],[121.484351,31.227788],[121.484083,31.227471],[121.483878,31.227199],[121.483781,31.227061]]}},{"type":"Feature","properties":{"osm_id":1292578229,"highway":"secondary","name":"东方路","ref":null},"geometry":{"type":"LineString","coordinates":[[121.524435,31.231285],[121.524191,31.231715],[121.52409,31.231891]]}},{"type":"Feature","properties":{"osm_id":1292578231,"highway":"secondary","name":"东方路","ref":null},"geometry":{"type":"LineString","coordinates":[[121.524835,31.230498],[121.524704,31.230758]]}},{"type":"Feature","properties":{"osm_id":1292578232,"highway":"secondary","name":"张杨路","ref":null},"geometry":{"type":"LineString","coordinates":[[121.525795,31.23031],[121.525602,31.230219],[121.525564,31.230201],[121.525527,31.230184],[121.525055,31.230028]]}},{"type":"Feature","properties":{"osm_id":1292578233,"highway":"tertiary","name":"商城路","ref":null},"geometry":{"type":"LineString","coordinates":[[121.523484,31.232846],[121.52358,31.232888]]}},{"type":"Feature","properties":{"osm_id":1292578234,"highway":"secondary","name":"东方路","ref":null},"geometry":{"type":"LineString","coordinates":[[121.523484,31.232846],[121.523639,31.232509],[121.523928,31.231866]]}},{"type":"Feature","properties":{"osm_id":1292578235,"highway":"secondary","name":"东方路","ref":null},"geometry":{"type":"LineString","coordinates":[[121.519512,31.241655],[121.519551,31.241038],[121.519597,31.240722],[121.519645,31.240549],[121.519665,31.240509],[121.51969,31.240463]]}},{"type":"Feature","properties":{"osm_id":1292578236,"highway":"primary","name":"浦东大道","ref":null},"geometry":{"type":"LineString","coordinates":[[121.519788,31.240356],[121.519871,31.240368],[121.520207,31.240361],[121.520873,31.240428],[121.521559,31.240473],[121.521815,31.240486],[121.521945,31.240517],[121.522071,31.240534],[121.523077,31.240563],[121.523273,31.240555],[121.52345,31.240546],[121.524289,31.240575],[121.525159,31.240589],[121.526049,31.240603],[121.526539,31.240636],[121.527014,31.240647],[121.527447,31.240657],[121.527877,31.240667],[121.528275,31.240696],[121.528542,31.240722],[121.528613,31.240731],[121.528887,31.240766],[121.52919,31.24081],[121.52928,31.240816],[121.529403,31.240827]]}},{"type":"Feature","properties":{"osm_id":1292578237,"highway":"secondary","name":"浦城路","ref":null},"geometry":{"type":"LineString","coordinates":[[121.509446,31.233321],[121.509399,31.233411]]}},{"type":"Feature","properties":{"osm_id":1292578238,"highway":"secondary","name":"人民路隧道","ref":null},"geometry":{"type":"LineString","coordinates":[[121.506584,31.230915],[121.507867,31.231209]]}},{"type":"Feature","properties":{"osm_id":1292578240,"highway":"primary","name":"世纪大道","ref":null},"geometry":{"type":"LineString","coordinates":[[121.517287,31.232683],[121.51705,31.232765],[121.516246,31.233078]]}},{"type":"Feature","properties":{"osm_id":1292578257,"highway":"primary","name":"浦东南路","ref":null},"geometry":{"type":"LineString","coordinates":[[121.510573,31.238015],[121.510644,31.237902]]}},{"type":"Feature","properties":{"osm_id":1297720370,"highway":"secondary","name":"河南南路","ref":null},"geometry":{"type":"LineString","coordinates":[[121.487907,31.225566],[121.48823,31.224884],[121.488517,31.224348]]}},{"type":"Feature","properties":{"osm_id":1297720372,"highway":"tertiary","name":"福建中路","ref":null},"geometry":{"type":"LineString","coordinates":[[121.479892,31.237068],[121.479661,31.237644],[121.479633,31.237714],[121.479493,31.238089],[121.479448,31.238195],[121.479396,31.238321],[121.479155,31.239004],[121.479107,31.239147]]}},{"type":"Feature","properties":{"osm_id":1297720373,"highway":"tertiary","name":"福建中路","ref":null},"geometry":{"type":"LineString","coordinates":[[121.481092,31.234576],[121.480697,31.235216]]}},{"type":"Feature","properties":{"osm_id":1297720374,"highway":"secondary","name":"九江路","ref":null},"geometry":{"type":"LineString","coordinates":[[121.480697,31.235216],[121.479893,31.23492],[121.479575,31.234806]]}},{"type":"Feature","properties":{"osm_id":1298040455,"highway":"secondary","name":"银城中路","ref":null},"geometry":{"type":"LineString","coordinates":[[121.504151,31.2326],[121.504162,31.232489]]}},{"type":"Feature","properties":{"osm_id":1298040456,"highway":"secondary","name":"陆家嘴环路","ref":null},"geometry":{"type":"LineString","coordinates":[[121.50432,31.23261],[121.504151,31.2326]]}},{"type":"Feature","properties":{"osm_id":1298040457,"highway":"secondary","name":"陆家嘴环岛","ref":null},"geometry":{"type":"LineString","coordinates":[[121.500245,31.238243],[121.500245,31.238243]]}},{"type":"Feature","properties":{"osm_id":1298040459,"highway":"secondary","name":"陆家嘴环岛","ref":null},"geometry":{"type":"LineString","coordinates":[[121.500293,31.238417],[121.500254,31.238337],[121.500245,31.238243]]}},{"type":"Feature","properties":{"osm_id":1298040460,"highway":"secondary","name":"浦明路","ref":null},"geometry":{"type":"LineString","coordinates":[[121.507394,31.227411],[121.508536,31.226978],[121.509636,31.226561]]}},{"type":"Feature","properties":{"osm_id":1298040461,"highway":"tertiary","name":"浦城路","ref":null},"geometry":{"type":"LineString","coordinates":[[121.51184,31.22912],[121.511905,31.228994],[121.51221,31.228408],[121.51253,31.227765]]}},{"type":"Feature","properties":{"osm_id":1298040462,"highway":"primary","name":"中山南路","ref":null},"geometry":{"type":"LineString","coordinates":[[121.50651,31.214037],[121.506397,31.213768],[121.506217,31.213428],[121.506103,31.213241],[121.505969,31.213044]]}},{"type":"Feature","properties":{"osm_id":1298040463,"highway":"secondary","name":"北京东路","ref":null},"geometry":{"type":"LineString","coordinates":[[121.490289,31.240689],[121.490369,31.240683]]}},{"type":"Feature","properties":{"osm_id":1298040464,"highway":"secondary","name":"中山东一路","ref":null},"geometry":{"type":"LineString","coordinates":[[121.490289,31.240689],[121.490253,31.240476],[121.4902,31.240204],[121.490154,31.239977]]}},{"type":"Feature","properties":{"osm_id":1298040465,"highway":"secondary","name":"中山东一路","ref":null},"geometry":{"type":"LineString","coordinates":[[121.490206,31.239853],[121.490232,31.23997],[121.490267,31.240136],[121.490329,31.240465],[121.490369,31.240683]]}},{"type":"Feature","properties":{"osm_id":1298040466,"highway":"secondary","name":"中山东一路","ref":null},"geometry":{"type":"LineString","coordinates":[[121.490369,31.240683],[121.490378,31.2408],[121.490385,31.240903],[121.490386,31.241009],[121.490378,31.241139],[121.490361,31.241318],[121.490335,31.241457],[121.490319,31.241531],[121.490272,31.241714],[121.490193,31.241947],[121.490123,31.242144]]}},{"type":"Feature","properties":{"osm_id":1298040467,"highway":"primary","name":"中山东二路","ref":null},"geometry":{"type":"LineString","coordinates":[[121.50009,31.225604],[121.499989,31.225817],[121.499813,31.226038],[121.499572,31.226303],[121.499507,31.226371],[121.499288,31.226599],[121.499088,31.226794],[121.498761,31.227079]]}},{"type":"Feature","properties":{"osm_id":1298040468,"highway":"primary","name":"中山东二路","ref":null},"geometry":{"type":"LineString","coordinates":[[121.498565,31.226902],[121.498682,31.226791],[121.498865,31.226617],[121.499226,31.226239],[121.499459,31.225985],[121.499753,31.22563],[121.499872,31.225468]]}},{"type":"Feature","properties":{"osm_id":1298040469,"highway":"secondary","name":"中山东一路","ref":null},"geometry":{"type":"LineString","coordinates":[[121.490109,31.237893],[121.490124,31.237773],[121.490173,31.23742],[121.490224,31.23705],[121.490235,31.236952]]}},{"type":"Feature","properties":{"osm_id":1298040472,"highway":"secondary","name":"中山东一路","ref":null},"geometry":{"type":"LineString","coordinates":[[121.490123,31.242144],[121.490085,31.242267],[121.490033,31.242458],[121.490012,31.242618]]}},{"type":"Feature","properties":{"osm_id":1298040474,"highway":"primary","name":"中山南路","ref":null},"geometry":{"type":"LineString","coordinates":[[121.506696,31.215273],[121.506637,31.215364],[121.506446,31.215676],[121.506032,31.216364],[121.505821,31.216816],[121.505637,31.217302],[121.505259,31.218589]]}},{"type":"Feature","properties":{"osm_id":1298040475,"highway":"primary","name":"中山南路","ref":null},"geometry":{"type":"LineString","coordinates":[[121.506346,31.212861],[121.506388,31.212935],[121.506461,31.213066],[121.506552,31.213226],[121.506755,31.213677],[121.506796,31.213815],[121.506846,31.213997]]}},{"type":"Feature","properties":{"osm_id":1298040482,"highway":"secondary","name":"中山东一路","ref":null},"geometry":{"type":"LineString","coordinates":[[121.490154,31.239977],[121.490094,31.23972],[121.490025,31.23935]]}},{"type":"Feature","properties":{"osm_id":1298040483,"highway":"tertiary","name":"福州路","ref":null},"geometry":{"type":"LineString","coordinates":[[121.485817,31.23474],[121.485683,31.234705]]}},{"type":"Feature","properties":{"osm_id":1298040484,"highway":"secondary","name":"河南中路","ref":null},"geometry":{"type":"LineString","coordinates":[[121.485817,31.23474],[121.485442,31.235921]]}},{"type":"Feature","properties":{"osm_id":1298040488,"highway":"secondary","name":"河南南路","ref":null},"geometry":{"type":"LineString","coordinates":[[121.48866,31.224363],[121.488326,31.224994],[121.488229,31.225215]]}},{"type":"Feature","properties":{"osm_id":1298040489,"highway":"secondary","name":"东大名路","ref":null},"geometry":{"type":"LineString","coordinates":[[121.502979,31.250215],[121.50383,31.250518],[121.504646,31.250809],[121.504888,31.250895],[121.505104,31.250977],[121.505508,31.251126],[121.506159,31.251359],[121.50644,31.251448]]}},{"type":"Feature","properties":{"osm_id":1298040491,"highway":"tertiary","name":"唐山路","ref":null},"geometry":{"type":"LineString","coordinates":[[121.500913,31.253087],[121.50116,31.253138],[121.501282,31.253167],[121.501356,31.253186]]}},{"type":"Feature","properties":{"osm_id":1298040492,"highway":"tertiary","name":"唐山路","ref":null},"geometry":{"type":"LineString","coordinates":[[121.501356,31.253186],[121.502199,31.253383],[121.503332,31.253628],[121.503647,31.253684],[121.503952,31.253772],[121.504194,31.253919],[121.504335,31.254066],[121.504387,31.254169]]}},{"type":"Feature","properties":{"osm_id":1298040493,"highway":"secondary","name":"新建路隧道","ref":null},"geometry":{"type":"LineString","coordinates":[[121.49924,31.251437],[121.498866,31.251941],[121.498749,31.252101],[121.498601,31.25231],[121.497115,31.254561],[121.497003,31.254726],[121.496574,31.255335]]}},{"type":"Feature","properties":{"osm_id":1298040494,"highway":"secondary","name":"新建路隧道","ref":null},"geometry":{"type":"LineString","coordinates":[[121.507631,31.23882],[121.507552,31.238928],[121.5072,31.239393],[121.506732,31.240013]]}},{"type":"Feature","properties":{"osm_id":1298040495,"highway":"secondary","name":"陆家嘴环路地道","ref":null},"geometry":{"type":"LineString","coordinates":[[121.509243,31.233701],[121.509206,31.234522],[121.509186,31.234681],[121.509164,31.234868],[121.50902,31.23571],[121.508959,31.235972],[121.508843,31.236383],[121.508726,31.236757],[121.508534,31.237186]]}},{"type":"Feature","properties":{"osm_id":1298040496,"highway":"secondary","name":"东昌路","ref":null},"geometry":{"type":"LineString","coordinates":[[121.507519,31.231038],[121.507606,31.231057],[121.507691,31.231075]]}},{"type":"Feature","properties":{"osm_id":1298040497,"highway":"secondary","name":"陆家嘴环路","ref":null},"geometry":{"type":"LineString","coordinates":[[121.50704,31.232851],[121.50692,31.232829]]}},{"type":"Feature","properties":{"osm_id":1298040498,"highway":"tertiary","name":"东泰路","ref":null},"geometry":{"type":"LineString","coordinates":[[121.50692,31.232829],[121.506942,31.232706]]}},{"type":"Feature","properties":{"osm_id":1298040499,"highway":"secondary","name":"陆家嘴环路","ref":null},"geometry":{"type":"LineString","coordinates":[[121.507968,31.238503],[121.507732,31.238846],[121.507427,31.239268]]}},{"type":"Feature","properties":{"osm_id":1298040500,"highway":"secondary","name":"人民路隧道","ref":null},"geometry":{"type":"LineString","coordinates":[[121.506584,31.230915],[121.506897,31.230942],[121.50741,31.230975],[121.507683,31.231015]]}},{"type":"Feature","properties":{"osm_id":1298335697,"highway":"secondary","name":"陆家嘴环路","ref":null},"geometry":{"type":"LineString","coordinates":[[121.50639,31.24022],[121.506563,31.239996],[121.507279,31.239062],[121.507424,31.238877]]}},{"type":"Feature","properties":{"osm_id":1298335699,"highway":"primary","name":"中山东二路","ref":null},"geometry":{"type":"LineString","coordinates":[[121.491915,31.233078],[121.492082,31.232889],[121.492333,31.232644],[121.49287,31.232152],[121.493019,31.232004]]}},{"type":"Feature","properties":{"osm_id":1298335701,"highway":"secondary","name":"四川北路","ref":null},"geometry":{"type":"LineString","coordinates":[[121.483541,31.254709],[121.483486,31.254832],[121.483414,31.254995],[121.483392,31.255058],[121.483379,31.255095],[121.483369,31.255137]]}},{"type":"Feature","properties":{"osm_id":1298335707,"highway":"secondary","name":"新建路","ref":null},"geometry":{"type":"LineString","coordinates":[[121.498047,31.253329],[121.497946,31.253471],[121.497124,31.254747],[121.497026,31.25491]]}},{"type":"Feature","properties":{"osm_id":1298335708,"highway":"secondary","name":"东大名路","ref":null},"geometry":{"type":"LineString","coordinates":[[121.50063,31.249395],[121.501624,31.24973],[121.502979,31.250215]]}},{"type":"Feature","properties":{"osm_id":1298335710,"highway":"secondary","name":"人民路","ref":null},"geometry":{"type":"LineString","coordinates":[[121.494026,31.229391],[121.493377,31.229396]]}},{"type":"Feature","properties":{"osm_id":1322916813,"highway":"tertiary","name":"唐山路","ref":null},"geometry":{"type":"LineString","coordinates":[[121.505786,31.25507],[121.505841,31.255159],[121.505916,31.255285],[121.506173,31.255736],[121.506778,31.256745]]}},{"type":"Feature","properties":{"osm_id":1322916814,"highway":"tertiary","name":"唐山路","ref":null},"geometry":{"type":"LineString","coordinates":[[121.505384,31.254728],[121.505498,31.254816],[121.505667,31.25495],[121.505723,31.255002],[121.505786,31.25507]]}},{"type":"Feature","properties":{"osm_id":1323097566,"highway":"primary","name":"大连路","ref":null},"geometry":{"type":"LineString","coordinates":[[121.516924,31.252701],[121.517009,31.25259],[121.517242,31.252248]]}},{"type":"Feature","properties":{"osm_id":1323097575,"highway":"secondary","name":"西藏南路","ref":null},"geometry":{"type":"LineString","coordinates":[[121.481917,31.220668],[121.481854,31.220804],[121.48179,31.220926],[121.481746,31.221113],[121.481569,31.221872],[121.48147,31.22248]]}},{"type":"Feature","properties":{"osm_id":1323097576,"highway":"tertiary","name":"人民路","ref":null},"geometry":{"type":"LineString","coordinates":[[121.483344,31.222864],[121.483231,31.223192]]}},{"type":"Feature","properties":{"osm_id":1323097577,"highway":"tertiary","name":"人民路","ref":null},"geometry":{"type":"LineString","coordinates":[[121.4835,31.222382],[121.483433,31.222575],[121.483344,31.222864]]}},{"type":"Feature","properties":{"osm_id":1323097578,"highway":"secondary","name":"人民路","ref":null},"geometry":{"type":"LineString","coordinates":[[121.485012,31.228226],[121.484743,31.228066],[121.484536,31.227932]]}},{"type":"Feature","properties":{"osm_id":1323097579,"highway":"tertiary","name":"福建南路","ref":null},"geometry":{"type":"LineString","coordinates":[[121.48446,31.229052],[121.484137,31.229537],[121.48404,31.229682],[121.483911,31.229902],[121.483847,31.229999]]}},{"type":"Feature","properties":{"osm_id":1323097580,"highway":"tertiary","name":"金陵东路","ref":null},"geometry":{"type":"LineString","coordinates":[[121.48567,31.229649],[121.485095,31.229374],[121.484776,31.229215],[121.48446,31.229052]]}},{"type":"Feature","properties":{"osm_id":1323097581,"highway":"tertiary","name":"金陵东路","ref":null},"geometry":{"type":"LineString","coordinates":[[121.493175,31.232111],[121.493019,31.232004]]}},{"type":"Feature","properties":{"osm_id":1323097582,"highway":"primary","name":"中山东二路","ref":null},"geometry":{"type":"LineString","coordinates":[[121.493019,31.232004],[121.493143,31.231887],[121.493526,31.231521],[121.493705,31.231339]]}},{"type":"Feature","properties":{"osm_id":1324039615,"highway":"primary","name":"世纪大道","ref":null},"geometry":{"type":"LineString","coordinates":[[121.528092,31.228246],[121.525752,31.229592],[121.525712,31.229615],[121.525612,31.229672]]}},{"type":"Feature","properties":{"osm_id":1324039624,"highway":"tertiary","name":"浦电路","ref":null},"geometry":{"type":"LineString","coordinates":[[121.522654,31.21906],[121.523565,31.219281],[121.525082,31.219648],[121.52547,31.219742],[121.525764,31.219813]]}},{"type":"Feature","properties":{"osm_id":1324039625,"highway":"tertiary","name":"南泉路","ref":null},"geometry":{"type":"LineString","coordinates":[[121.523014,31.215873],[121.523019,31.215921],[121.523048,31.21621],[121.52309,31.216821],[121.523123,31.217504],[121.523096,31.217698],[121.523094,31.217717],[121.523069,31.217917],[121.523023,31.218049],[121.522654,31.21906]]}},{"type":"Feature","properties":{"osm_id":1324039627,"highway":"tertiary","name":"南泉北路","ref":null},"geometry":{"type":"LineString","coordinates":[[121.516171,31.236082],[121.515832,31.236767],[121.515551,31.237332],[121.51549,31.237493],[121.515474,31.23758],[121.515489,31.237615],[121.515524,31.237645],[121.515597,31.237685],[121.515812,31.237792]]}},{"type":"Feature","properties":{"osm_id":1324039628,"highway":"tertiary","name":"潍坊路","ref":null},"geometry":{"type":"LineString","coordinates":[[121.523859,31.225052],[121.523188,31.224855],[121.523011,31.224803],[121.522637,31.224687],[121.522469,31.224637],[121.521356,31.224273],[121.520202,31.223879]]}},{"type":"Feature","properties":{"osm_id":1324096344,"highway":"tertiary","name":"崂山路","ref":null},"geometry":{"type":"LineString","coordinates":[[121.518581,31.236981],[121.519732,31.234678]]}},{"type":"Feature","properties":{"osm_id":1324096351,"highway":"tertiary","name":"南泉北路","ref":null},"geometry":{"type":"LineString","coordinates":[[121.517255,31.232843],[121.517242,31.232914],[121.517227,31.232977],[121.517182,31.233165],[121.517102,31.233501],[121.517068,31.233643]]}},{"type":"Feature","properties":{"osm_id":1324096354,"highway":"tertiary","name":"浦电路","ref":null},"geometry":{"type":"LineString","coordinates":[[121.51887,31.218204],[121.519039,31.218245]]}},{"type":"Feature","properties":{"osm_id":1324096355,"highway":"primary","name":"浦东南路","ref":null},"geometry":{"type":"LineString","coordinates":[[121.519001,31.217607],[121.519039,31.218245]]}},{"type":"Feature","properties":{"osm_id":1324096359,"highway":"primary","name":"浦东南路","ref":null},"geometry":{"type":"LineString","coordinates":[[121.517237,31.224728],[121.517766,31.223153]]}},{"type":"Feature","properties":{"osm_id":1324096360,"highway":"tertiary","name":"潍坊西路","ref":null},"geometry":{"type":"LineString","coordinates":[[121.517906,31.223182],[121.517766,31.223153]]}},{"type":"Feature","properties":{"osm_id":1324096361,"highway":"primary","name":"世纪大道","ref":null},"geometry":{"type":"LineString","coordinates":[[121.529453,31.227456],[121.528092,31.228246]]}},{"type":"Feature","properties":{"osm_id":1324405511,"highway":"secondary","name":"西藏南路","ref":null},"geometry":{"type":"LineString","coordinates":[[121.480291,31.225599],[121.480413,31.225305]]}},{"type":"Feature","properties":{"osm_id":1324405519,"highway":"secondary","name":"人民路","ref":null},"geometry":{"type":"LineString","coordinates":[[121.483781,31.227061],[121.48395,31.227171],[121.484226,31.227419]]}},{"type":"Feature","properties":{"osm_id":1324746583,"highway":"tertiary","name":"南泉北路","ref":null},"geometry":{"type":"LineString","coordinates":[[121.518077,31.227898],[121.518061,31.227987]]}},{"type":"Feature","properties":{"osm_id":1325293221,"highway":"primary","name":"大连路","ref":null},"geometry":{"type":"LineString","coordinates":[[121.517115,31.252847],[121.51708,31.252969],[121.51706,31.253018],[121.517037,31.253076],[121.516322,31.254057],[121.515558,31.255158],[121.515209,31.255553]]}},{"type":"Feature","properties":{"osm_id":1325293222,"highway":"secondary","name":"东方路","ref":null},"geometry":{"type":"LineString","coordinates":[[121.52358,31.232888],[121.522815,31.234407],[121.522685,31.234673],[121.522245,31.23556]]}},{"type":"Feature","properties":{"osm_id":1325293228,"highway":"secondary","name":"东方路","ref":null},"geometry":{"type":"LineString","coordinates":[[121.521608,31.236525],[121.522135,31.235529]]}},{"type":"Feature","properties":{"osm_id":1325293229,"highway":"primary","name":"大连路","ref":null},"geometry":{"type":"LineString","coordinates":[[121.515042,31.255506],[121.51529,31.255019]]}},{"type":"Feature","properties":{"osm_id":1326193800,"highway":"tertiary","name":"浦电路","ref":null},"geometry":{"type":"LineString","coordinates":[[121.537632,31.225804],[121.537506,31.225813]]}},{"type":"Feature","properties":{"osm_id":1326193801,"highway":"secondary","name":"源深路","ref":null},"geometry":{"type":"LineString","coordinates":[[121.536095,31.228859],[121.536708,31.227536],[121.537506,31.225813]]}},{"type":"Feature","properties":{"osm_id":1326193806,"highway":"secondary","name":"源深路","ref":null},"geometry":{"type":"LineString","coordinates":[[121.533917,31.232612],[121.533761,31.232997]]}},{"type":"Feature","properties":{"osm_id":1326193807,"highway":"secondary","name":"源深路","ref":null},"geometry":{"type":"LineString","coordinates":[[121.537632,31.225804],[121.537166,31.226814],[121.53676,31.227693],[121.5362,31.228891]]}},{"type":"Feature","properties":{"osm_id":1326193808,"highway":"tertiary","name":"东门路","ref":null},"geometry":{"type":"LineString","coordinates":[[121.50009,31.225604],[121.499872,31.225468]]}},{"type":"Feature","properties":{"osm_id":1326193809,"highway":"tertiary","name":"中华路","ref":null},"geometry":{"type":"LineString","coordinates":[[121.484369,31.220155],[121.484319,31.220233]]}},{"type":"Feature","properties":{"osm_id":1326193810,"highway":"tertiary","name":"中华路","ref":null},"geometry":{"type":"LineString","coordinates":[[121.484406,31.220091],[121.484369,31.220155]]}},{"type":"Feature","properties":{"osm_id":1327265169,"highway":"secondary","name":"长治路","ref":null},"geometry":{"type":"LineString","coordinates":[[121.490811,31.24584],[121.491027,31.245889],[121.491155,31.24593],[121.491284,31.245967],[121.491437,31.24602],[121.491619,31.246127],[121.491819,31.246257],[121.49197,31.24635]]}},{"type":"Feature","properties":{"osm_id":1327290522,"highway":"secondary","name":"复兴东路","ref":null},"geometry":{"type":"LineString","coordinates":[[121.489977,31.221824],[121.489834,31.221807]]}},{"type":"Feature","properties":{"osm_id":1327290523,"highway":"secondary","name":"河南南路","ref":null},"geometry":{"type":"LineString","coordinates":[[121.490001,31.22176],[121.489977,31.221824]]}},{"type":"Feature","properties":{"osm_id":1327290524,"highway":"secondary","name":"平凉路","ref":null},"geometry":{"type":"LineString","coordinates":[[121.51588,31.252057],[121.516165,31.252233],[121.516376,31.252363]]}},{"type":"Feature","properties":{"osm_id":1327290528,"highway":"secondary","name":"平凉路","ref":null},"geometry":{"type":"LineString","coordinates":[[121.516376,31.252363],[121.516924,31.252701]]}},{"type":"Feature","properties":{"osm_id":1327579127,"highway":"primary","name":"延安东路","ref":null},"geometry":{"type":"LineString","coordinates":[[121.491442,31.233121],[121.491321,31.233084],[121.491174,31.233037],[121.490904,31.232934],[121.490583,31.232795],[121.490324,31.232676]]}},{"type":"Feature","properties":{"osm_id":1327579133,"highway":"tertiary","name":"福州路","ref":null},"geometry":{"type":"LineString","coordinates":[[121.487339,31.235044],[121.485898,31.234757],[121.485817,31.23474]]}},{"type":"Feature","properties":{"osm_id":1327579134,"highway":"tertiary","name":"江西南路","ref":null},"geometry":{"type":"LineString","coordinates":[[121.489113,31.229525],[121.488955,31.230001],[121.488709,31.230703]]}},{"type":"Feature","properties":{"osm_id":1327579135,"highway":"tertiary","name":"金陵东路","ref":null},"geometry":{"type":"LineString","coordinates":[[121.489764,31.23104],[121.489467,31.230946],[121.489309,31.230896],[121.488709,31.230703]]}},{"type":"Feature","properties":{"osm_id":1327579141,"highway":"secondary","name":"河南南路","ref":null},"geometry":{"type":"LineString","coordinates":[[121.486897,31.230086],[121.487062,31.229223],[121.487111,31.229001]]}},{"type":"Feature","properties":{"osm_id":1327579142,"highway":"tertiary","name":"金陵东路","ref":null},"geometry":{"type":"LineString","coordinates":[[121.486897,31.230086],[121.486564,31.229992],[121.486316,31.229917],[121.486063,31.229827],[121.48567,31.229649]]}},{"type":"Feature","properties":{"osm_id":1327579143,"highway":"primary","name":"延安东路","ref":null},"geometry":{"type":"LineString","coordinates":[[121.491915,31.233078],[121.492011,31.233122]]}},{"type":"Feature","properties":{"osm_id":1327579144,"highway":"primary","name":"延安东路","ref":null},"geometry":{"type":"LineString","coordinates":[[121.490835,31.232655],[121.491067,31.232763],[121.491227,31.232832],[121.491375,31.23289],[121.491533,31.232945]]}},{"type":"Feature","properties":{"osm_id":1327579145,"highway":"primary","name":"延安东路","ref":null},"geometry":{"type":"LineString","coordinates":[[121.486726,31.230863],[121.486865,31.230861]]}},{"type":"Feature","properties":{"osm_id":1329381034,"highway":"secondary","name":"东长治路","ref":null},"geometry":{"type":"LineString","coordinates":[[121.507995,31.254033],[121.506691,31.253557]]}},{"type":"Feature","properties":{"osm_id":1329527618,"highway":"primary","name":"中山南路","ref":null},"geometry":{"type":"LineString","coordinates":[[121.505867,31.216356],[121.506212,31.215854],[121.506321,31.215674],[121.506517,31.215338],[121.506645,31.215057]]}},{"type":"Feature","properties":{"osm_id":1329527619,"highway":"primary","name":"中山南路","ref":null},"geometry":{"type":"LineString","coordinates":[[121.505259,31.218589],[121.505107,31.219016],[121.505047,31.219172],[121.504906,31.2195],[121.504792,31.21986]]}},{"type":"Feature","properties":{"osm_id":1329527620,"highway":"tertiary","name":"中华路","ref":null},"geometry":{"type":"LineString","coordinates":[[121.498535,31.218842],[121.498533,31.218642],[121.498568,31.217969],[121.498565,31.217435],[121.498556,31.217212],[121.498525,31.21703]]}},{"type":"Feature","properties":{"osm_id":1329527621,"highway":"tertiary","name":"中华路","ref":null},"geometry":{"type":"LineString","coordinates":[[121.498525,31.21703],[121.498446,31.216733]]}},{"type":"Feature","properties":{"osm_id":1329967880,"highway":"tertiary","name":"东汉阳路","ref":null},"geometry":{"type":"LineString","coordinates":[[121.492605,31.250283],[121.492677,31.250321]]}},{"type":"Feature","properties":{"osm_id":1330708623,"highway":"secondary","name":"花木路","ref":null},"geometry":{"type":"LineString","coordinates":[[121.534582,31.214498],[121.534315,31.214528]]}},{"type":"Feature","properties":{"osm_id":1330708624,"highway":"primary","name":"杨高南路","ref":"X001"},"geometry":{"type":"LineString","coordinates":[[121.53454,31.214391],[121.534582,31.214498]]}},{"type":"Feature","properties":{"osm_id":1330708633,"highway":"secondary","name":"张杨路","ref":null},"geometry":{"type":"LineString","coordinates":[[121.523994,31.229549],[121.524254,31.229619],[121.524322,31.229637],[121.524386,31.229654],[121.524733,31.229757]]}},{"type":"Feature","properties":{"osm_id":1332638348,"highway":"secondary","name":"复兴东路","ref":null},"geometry":{"type":"LineString","coordinates":[[121.489874,31.221738],[121.490001,31.22176]]}},{"type":"Feature","properties":{"osm_id":1332638349,"highway":"secondary","name":"河南南路","ref":null},"geometry":{"type":"LineString","coordinates":[[121.489834,31.221807],[121.489874,31.221738]]}},{"type":"Feature","properties":{"osm_id":1332638350,"highway":"primary","name":"浦东大道","ref":null},"geometry":{"type":"LineString","coordinates":[[121.519753,31.240471],[121.51969,31.240463]]}},{"type":"Feature","properties":{"osm_id":1332638351,"highway":"secondary","name":"东方路","ref":null},"geometry":{"type":"LineString","coordinates":[[121.51969,31.240463],[121.519744,31.240348]]}},{"type":"Feature","properties":{"osm_id":1332638353,"highway":"secondary","name":"东方路","ref":null},"geometry":{"type":"LineString","coordinates":[[121.519788,31.240356],[121.519753,31.240471]]}},{"type":"Feature","properties":{"osm_id":1332638354,"highway":"primary","name":"浦东大道","ref":null},"geometry":{"type":"LineString","coordinates":[[121.519744,31.240348],[121.519788,31.240356]]}},{"type":"Feature","properties":{"osm_id":1332638355,"highway":"trunk","name":"杨高路地道","ref":"X001"},"geometry":{"type":"LineString","coordinates":[[121.535706,31.217714],[121.535428,31.217066],[121.534196,31.213986],[121.533041,31.211119]]}},{"type":"Feature","properties":{"osm_id":1332638362,"highway":"trunk","name":"杨高路地道","ref":"X001"},"geometry":{"type":"LineString","coordinates":[[121.533168,31.211086],[121.533354,31.211542],[121.533468,31.211856],[121.533724,31.212547],[121.534383,31.214235],[121.534411,31.214303],[121.53444,31.214373],[121.534496,31.214515],[121.534541,31.214623],[121.535753,31.2177]]}},{"type":"Feature","properties":{"osm_id":1332752598,"highway":"secondary","name":"东方路","ref":null},"geometry":{"type":"LineString","coordinates":[[121.522245,31.23556],[121.521789,31.236429]]}},{"type":"Feature","properties":{"osm_id":1332905238,"highway":"secondary","name":"河南南路","ref":null},"geometry":{"type":"LineString","coordinates":[[121.487606,31.226585],[121.487665,31.226302],[121.487862,31.22567]]}},{"type":"Feature","properties":{"osm_id":1335304374,"highway":"secondary","name":"西藏南路","ref":null},"geometry":{"type":"LineString","coordinates":[[121.480619,31.224808],[121.480771,31.224443],[121.480898,31.224161],[121.481132,31.223601]]}},{"type":"Feature","properties":{"osm_id":1335304375,"highway":"secondary","name":"西藏南路","ref":null},"geometry":{"type":"LineString","coordinates":[[121.480413,31.225305],[121.480619,31.224808]]}},{"type":"Feature","properties":{"osm_id":1335304385,"highway":"secondary","name":"淮海中路","ref":null},"geometry":{"type":"LineString","coordinates":[[121.479622,31.225327],[121.479883,31.225433],[121.480291,31.225599]]}},{"type":"Feature","properties":{"osm_id":1336867576,"highway":"secondary","name":"花木路","ref":null},"geometry":{"type":"LineString","coordinates":[[121.541175,31.212543],[121.539023,31.213199]]}},{"type":"Feature","properties":{"osm_id":1337174722,"highway":"secondary","name":"长阳路","ref":null},"geometry":{"type":"LineString","coordinates":[[121.513173,31.258059],[121.513048,31.257949],[121.511694,31.256706]]}},{"type":"Feature","properties":{"osm_id":1338279238,"highway":"trunk_link","name":null,"ref":null},"geometry":{"type":"LineString","coordinates":[[121.499608,31.256476],[121.498787,31.256134],[121.498563,31.256069]]}},{"type":"Feature","properties":{"osm_id":1338279239,"highway":"trunk_link","name":null,"ref":null},"geometry":{"type":"LineString","coordinates":[[121.504425,31.260093],[121.503961,31.259871],[121.502517,31.258809],[121.501632,31.258096],[121.500859,31.25736],[121.500117,31.256786],[121.499824,31.256577],[121.499608,31.256476]]}},{"type":"Feature","properties":{"osm_id":1338279240,"highway":"trunk_link","name":null,"ref":null},"geometry":{"type":"LineString","coordinates":[[121.495691,31.254038],[121.495386,31.253851],[121.494961,31.253659],[121.49462,31.25355],[121.494258,31.253474],[121.493853,31.25347],[121.493165,31.253492],[121.492796,31.253519]]}},{"type":"Feature","properties":{"osm_id":1338279241,"highway":"trunk_link","name":null,"ref":null},"geometry":{"type":"LineString","coordinates":[[121.496676,31.254867],[121.49649,31.254678],[121.496199,31.254445],[121.495691,31.254038]]}},{"type":"Feature","properties":{"osm_id":1338279242,"highway":"primary","name":"周家嘴路","ref":null},"geometry":{"type":"LineString","coordinates":[[121.494056,31.253563],[121.493672,31.253559],[121.493467,31.253566]]}},{"type":"Feature","properties":{"osm_id":1338279243,"highway":"trunk_link","name":null,"ref":null},"geometry":{"type":"LineString","coordinates":[[121.495183,31.253636],[121.495624,31.253834],[121.496201,31.254222],[121.496544,31.254455]]}},{"type":"Feature","properties":{"osm_id":1338279244,"highway":"trunk_link","name":null,"ref":null},"geometry":{"type":"LineString","coordinates":[[121.492975,31.253398],[121.493872,31.25338],[121.494069,31.253387],[121.494312,31.253393],[121.494609,31.25344],[121.494857,31.253524],[121.495183,31.253636]]}},{"type":"Feature","properties":{"osm_id":1338279253,"highway":"trunk","name":"北横通道","ref":null},"geometry":{"type":"LineString","coordinates":[[121.496316,31.254465],[121.497241,31.255176]]}},{"type":"Feature","properties":{"osm_id":1338279254,"highway":"trunk","name":"北横通道","ref":null},"geometry":{"type":"LineString","coordinates":[[121.497241,31.255176],[121.497765,31.255627],[121.498166,31.255836],[121.499701,31.256536],[121.500144,31.256797],[121.500816,31.257228],[121.501488,31.257834],[121.502726,31.258655],[121.504308,31.259774],[121.50483,31.260107],[121.507996,31.262098],[121.509373,31.26283],[121.511695,31.263644],[121.512471,31.263985],[121.513369,31.264547],[121.517789,31.268569],[121.518976,31.269577],[121.519403,31.269871],[121.523866,31.272285],[121.524776,31.272778],[121.525734,31.273271],[121.527995,31.274434],[121.529337,31.275079],[121.53023,31.275416],[121.530657,31.275548],[121.530978,31.275634]]}},{"type":"Feature","properties":{"osm_id":1338279262,"highway":"trunk","name":"北横通道","ref":null},"geometry":{"type":"LineString","coordinates":[[121.49719,31.255325],[121.49614,31.254461]]}},{"type":"Feature","properties":{"osm_id":1338279263,"highway":"trunk","name":"北横通道","ref":null},"geometry":{"type":"LineString","coordinates":[[121.49614,31.254461],[121.495531,31.253988],[121.494943,31.253714],[121.494645,31.253609],[121.494318,31.253538],[121.494106,31.253526],[121.492796,31.253519],[121.492192,31.253486],[121.491591,31.253339],[121.490696,31.253027],[121.488734,31.252097],[121.485005,31.249969],[121.484801,31.249844],[121.484005,31.249177],[121.483069,31.248432],[121.4825,31.248175],[121.481869,31.247978],[121.4808,31.247672],[121.47946,31.247095],[121.478468,31.246742],[121.47564,31.245928],[121.474263,31.245595]]}},{"type":"Feature","properties":{"osm_id":1338279266,"highway":"trunk","name":"北横通道","ref":null},"geometry":{"type":"LineString","coordinates":[[121.474292,31.245517],[121.475645,31.245867],[121.4785,31.246678],[121.47949,31.247031],[121.480816,31.24758],[121.482532,31.248116],[121.483104,31.248374],[121.483426,31.248557],[121.484347,31.249364],[121.484761,31.249707],[121.485325,31.250035],[121.488693,31.2519],[121.490388,31.252721],[121.49155,31.253169],[121.492033,31.253294],[121.492528,31.253369],[121.492975,31.253398],[121.49429,31.253441],[121.494734,31.253531],[121.495279,31.253745],[121.495731,31.254001],[121.496316,31.254465]]}},{"type":"Feature","properties":{"osm_id":1338279267,"highway":"trunk","name":"北横通道","ref":null},"geometry":{"type":"LineString","coordinates":[[121.533204,31.276174],[121.531759,31.27588],[121.530965,31.275707],[121.530614,31.275594],[121.530234,31.275456],[121.529807,31.275293],[121.52954,31.2752],[121.529059,31.275004],[121.528021,31.274619],[121.527276,31.274387],[121.526736,31.274162],[121.526335,31.273922],[121.525773,31.273571],[121.524586,31.272891],[121.519268,31.269961],[121.5189,31.269709],[121.517901,31.26889],[121.516183,31.267267],[121.513323,31.264591],[121.512438,31.264043],[121.511617,31.263688],[121.509355,31.262922],[121.508194,31.262386],[121.504912,31.260382],[121.504425,31.260093],[121.502987,31.259101],[121.501368,31.257826],[121.500766,31.257294],[121.499687,31.256618],[121.498217,31.25598],[121.497663,31.255681],[121.49719,31.255325]]}},{"type":"Feature","properties":{"osm_id":1409120612,"highway":"primary","name":"外滩隧道","ref":null},"geometry":{"type":"LineString","coordinates":[[121.491305,31.234534],[121.491668,31.233987],[121.491866,31.233605],[121.492028,31.233321],[121.492214,31.23303],[121.492567,31.232525]]}},{"type":"Feature","properties":{"osm_id":1421720180,"highway":"primary_link","name":"浦东大道","ref":null},"geometry":{"type":"LineString","coordinates":[[121.521815,31.240486],[121.52195,31.240458],[121.52208,31.240438],[121.522943,31.240457],[121.523137,31.240461],[121.523295,31.240492],[121.52345,31.240546]]}},{"type":"Feature","properties":{"osm_id":1421720189,"highway":"primary_link","name":null,"ref":null},"geometry":{"type":"LineString","coordinates":[[121.5321,31.24152],[121.532281,31.241647]]}},{"type":"Feature","properties":{"osm_id":1427893884,"highway":"secondary","name":"源深路","ref":null},"geometry":{"type":"LineString","coordinates":[[121.5362,31.228891],[121.535682,31.22966],[121.535458,31.230002],[121.535096,31.230555]]}},{"type":"Feature","properties":{"osm_id":1434592082,"highway":"tertiary","name":"浦电路","ref":null},"geometry":{"type":"LineString","coordinates":[[121.514198,31.216983],[121.515184,31.217244]]}},{"type":"Feature","properties":{"osm_id":1464967964,"highway":"tertiary","name":"西安路","ref":null},"geometry":{"type":"LineString","coordinates":[[121.493546,31.250805],[121.493759,31.250091],[121.493811,31.249914],[121.493831,31.24985],[121.493876,31.24975],[121.493947,31.249658],[121.494016,31.249595],[121.494105,31.249532],[121.494178,31.249493],[121.494257,31.24946],[121.494342,31.249436],[121.494438,31.249418],[121.494546,31.249417],[121.494676,31.249429],[121.494826,31.249457],[121.494983,31.2495],[121.495087,31.249533],[121.495175,31.249568],[121.495261,31.249619],[121.495336,31.249712]]}},{"type":"Feature","properties":{"osm_id":1512152114,"highway":"secondary_link","name":null,"ref":null},"geometry":{"type":"LineString","coordinates":[[121.498947,31.252307],[121.498915,31.252466],[121.498842,31.252584],[121.498466,31.253192],[121.498172,31.253352]]}},{"type":"Feature","properties":{"osm_id":1518246206,"highway":"primary_link","name":null,"ref":null},"geometry":{"type":"LineString","coordinates":[[121.53837,31.222193],[121.53835,31.222239],[121.538314,31.222287]]}},{"type":"Feature","properties":{"osm_id":1533388565,"highway":"secondary","name":"东大名路","ref":null},"geometry":{"type":"LineString","coordinates":[[121.500418,31.249302],[121.50063,31.249395]]}},{"type":"Feature","properties":{"osm_id":1533388566,"highway":"secondary","name":"东长治路","ref":null},"geometry":{"type":"LineString","coordinates":[[121.505514,31.253116],[121.504321,31.252652],[121.503945,31.252487],[121.502124,31.251722],[121.501599,31.251496],[121.500655,31.251138],[121.499774,31.250821],[121.499589,31.25076]]}},{"type":"Feature","properties":{"osm_id":1533388567,"highway":"secondary","name":"新建路","ref":null},"geometry":{"type":"LineString","coordinates":[[121.499589,31.25076],[121.499669,31.250628],[121.500418,31.249302]]}}]}